t_s,telemetry_age_s,airborne,phase,pos_x,pos_y,pos_z,ref_x,ref_y,ref_z,vel_x,vel_y,vel_z,qw,qx,qy,qz,gyro_x,gyro_y,gyro_z,roll_meas_deg,pitch_meas_deg,yaw_meas_deg,pos_err,obs_0,obs_1,obs_2,obs_3,obs_4,obs_5,obs_6,obs_7,obs_8,obs_9,obs_10,obs_11,obs_12,act_roll_rad,act_pitch_rad,act_yaw_rad,act_thrust_N,cmd_roll_deg,cmd_pitch_deg,cmd_yaw,cmd_pwm
0.0,0.009,0,1,0.15207646787166595,0.3916933834552765,0.0023516654036939144,0.15257860720157623,0.3922390043735504,0.8004478812217712,0.01712474785745144,0.005559716839343309,0.0014536897651851177,0.9967693090438843,-0.0036583265755325556,-0.0044084880501031876,0.0801008939743042,-9.381601803594208e-05,0.0007301084086442191,-0.004665542499588029,-0.4583443149193072,-0.46996935887289765,9.190752241157693,0.7980965375900269,0.0005021393299102783,0.0005456209182739258,0.798096239566803,0.01712474785745144,0.005559716839343309,0.0014536897651851177,-0.0036583265755325556,-0.0044084880501031876,0.0801008939743042,0.9967693090438843,-9.381601557834074e-05,0.0007301084115169942,-0.004665542393922806,0.0005021393299102783,0.0005456209182739258,0.798096239566803,-0.005656734108924866,0.07876259088516235,0.798096239566803,-0.02397562563419342,0.15505316853523254,0.798096239566803,-0.05400343984365463,0.22753873467445374,0.798096239566803,-0.09500081092119217,0.294434517621994,0.798096239566803,-0.14595824480056763,0.3540932834148407,0.798096239566803,-0.20562098920345306,0.4050460755825043,0.798096239566803,-0.27251997590065,0.44603821635246277,0.798096239566803,-0.34500789642333984,0.4760604202747345,0.798096239566803,-0.42129987478256226,0.4943733513355255,0.798096239566803,0.9319335222244263,1.5707963705062866,0.6827183961868286,0.20000000298023224,15.0,15.0,0.20583569738239496,4000.0
0.02,0.0098,0,1,0.15241846442222595,0.3918033540248871,0.0023759091272950172,0.152323380112648,0.4081931412220001,0.8004478812217712,0.017004696652293205,0.005520623177289963,0.0008456247742287815,0.996770977973938,-0.003649042919278145,-0.004424754064530134,0.0800800770521164,0.011795628367395027,-0.03329275311178521,0.009319799854056846,-0.45742343768939864,-0.4719221153750634,9.188363750983212,0.7982403039932251,-9.50843095779419e-05,0.016389787197113037,0.7980719804763794,0.017004696652293205,0.005520623177289963,0.0008456247742287815,-0.003649042919278145,-0.004424754064530134,0.0800800770521164,0.996770977973938,0.011795628815889359,-0.033292751759290695,0.009319799952208996,-9.50843095779419e-05,0.016389787197113037,0.7980719804763794,-0.008746594190597534,0.09437042474746704,0.7980719804763794,-0.029490448534488678,0.17003759741783142,0.7980719804763794,-0.06181586533784866,0.24152812361717224,0.7980719804763794,-0.10492689907550812,0.3070816695690155,0.7980719804763794,-0.15776199102401733,0.36508414149284363,0.7980719804763794,-0.21902017295360565,0.41410723328590393,0.7980719804763794,-0.28719305992126465,0.45294389128685,0.7980719804763794,-0.3606020212173462,0.4806378185749054,0.7980719804763794,-0.437439501285553,0.49650707840919495,0.7980719804763794,0.7684952020645142,1.5707963705062866,0.6813138723373413,0.20000000298023224,15.0,15.0,0.2010587170334054,8000.0
0.0402,0.0084,0,1,0.15112365782260895,0.3932551443576813,0.002703098114579916,0.15157517790794373,0.4238804876804352,0.8004478812217712,0.009025996550917625,0.012781910598278046,0.0018654229352250695,0.9967609643936157,-0.004247127566486597,-0.0047114198096096516,0.08015861362218857,-0.0006231997858201637,0.01681381864824213,-0.004011610055851527,-0.5284128695578956,-0.4991345425770055,9.197844059566963,0.7983325719833374,0.00045152008533477783,0.030625343322753906,0.7977448105812073,0.009025996550917625,0.012781910598278046,0.0018654229352250695,-0.004247127566486597,-0.0047114198096096516,0.08015861362218857,0.9967609643936157,-0.0006231997977010906,0.016813818365335464,-0.004011610057204962,0.00045152008533477783,0.030625343322753906,0.7977448105812073,-0.0106448233127594,0.10829582810401917,0.7977448105812073,-0.03375488519668579,0.18327417969703674,0.7977448105812073,-0.06830962747335434,0.2537142336368561,0.7977448105812073,-0.11345820128917694,0.3178814947605133,0.7977448105812073,-0.1680888831615448,0.3741959035396576,0.7977448105812073,-0.2308564931154251,0.4212709367275238,0.7977448105812073,-0.300215482711792,0.45794734358787537,0.7977448105812073,-0.3744580149650574,0.4833221137523651,0.7977448105812073,-0.45175594091415405,0.49677035212516785,0.7977448105812073,0.6709481477737427,1.5707963705062866,0.6833504438400269,0.20000000298023224,15.0,15.0,0.2200193342009157,12000.0
0.06,0.01,0,1,0.15129588544368744,0.39351215958595276,0.0027365265414118767,0.1503291130065918,0.4395950138568878,0.8004478812217712,0.007816141471266747,0.013376438990235329,0.001450268318876624,0.99675452709198,-0.004150460474193096,-0.004858918022364378,0.08023470640182495,0.00027636843680709086,-0.0063155705319738725,0.0008427687052073025,-0.5187663190302748,-0.5168307030394194,9.206632727772595,0.7990419268608093,-0.0009667724370956421,0.04608285427093506,0.7977113723754883,0.007816141471266747,0.013376438990235329,0.001450268318876624,-0.004150460474193096,-0.004858918022364378,0.08023470640182495,0.99675452709198,0.00027636843151412904,-0.0063155703246593475,0.0008427686989307404,-0.0009667724370956421,0.04608285427093506,0.7977113723754883,-0.01450607180595398,0.12336495518684387,0.7977113723754883,-0.03996825963258743,0.19757750630378723,0.7977113723754883,-0.07672636955976486,0.2668932378292084,0.7977113723754883,-0.12387529015541077,0.329605370759964,0.7977113723754883,-0.18025407195091248,0.38416966795921326,0.7977113723754883,-0.24447447061538696,0.4292425811290741,0.7977113723754883,-0.3149551749229431,0.4637143313884735,0.7977113723754883,-0.38996070623397827,0.4867360293865204,0.7977113723754883,-0.46764421463012695,0.49774089455604553,0.7977113723754883,0.5198761224746704,1.5707963705062866,0.6867038011550903,0.20000000298023224,15.0,15.0,0.23759667061221534,16000.0
0.0801,0.0092,0,1,0.15045301616191864,0.39479658007621765,0.00617534713819623,0.14859816431999207,0.45518454909324646,0.8004478812217712,0.0022353532258421183,0.019471298903226852,0.027842333540320396,0.9967491626739502,-0.0043799132108688354,-0.005090614780783653,0.080274797976017,0.004958169807928095,-0.0355020553760607,0.025191928902036163,-0.5471298235858499,-0.5411631739160659,9.211505638428871,0.7965670228004456,-0.0018548518419265747,0.06038796901702881,0.7942725419998169,0.0022353532258421183,0.019471298903226852,0.027842333540320396,-0.0043799132108688354,-0.005090614780783653,0.080274797976017,0.9967491626739502,0.004958170000463724,-0.035502053797245026,0.025191929191350937,-0.0018548518419265747,0.06038796901702881,0.7942725419998169,-0.01781158149242401,0.1372072994709015,0.7942725419998169,-0.04558904469013214,0.21058472990989685,0.7942725419998169,-0.08450327813625336,0.2787133753299713,0.7942725419998169,-0.13359607756137848,0.3399157226085663,0.7942725419998169,-0.191658616065979,0.3926847279071808,0.7942725419998169,-0.2572612166404724,0.43572112917900085,0.7942725419998169,-0.32878851890563965,0.46796515583992004,0.7942725419998169,-0.4044792652130127,0.4886228144168854,0.7942725419998169,-0.48246967792510986,0.4971855580806732,0.7942725419998169,0.3779258728027344,1.5707963705062866,0.6892198324203491,0.20000000298023224,15.0,15.0,0.24734249192474775,20000.0
0.0999,0.0098,0,1,0.15186084806919098,0.39201340079307556,0.0017168602207675576,0.1463754028081894,0.4707353115081787,0.8004478812217712,0.01714109256863594,0.006756178103387356,-0.004721838049590588,0.9967467188835144,-0.00316917197778821,-0.004549788776785135,0.08039457350969315,0.010504234507085783,-0.033693398650057806,0.020151424244086637,-0.403912149081237,-0.4904811029902039,9.22435443958622,0.8026198148727417,-0.005485445261001587,0.07872191071510315,0.7987310290336609,0.01714109256863594,0.006756178103387356,-0.004721838049590588,-0.00316917197778821,-0.004549788776785135,0.08039457350969315,0.9967467188835144,0.010504234582185745,-0.03369339928030968,0.020151425153017044,-0.005485445261001587,0.07872191071510315,0.7987310290336609,-0.023847490549087524,0.15500208735466003,0.7987310290336609,-0.05391629785299301,0.22747066617012024,0.7987310290336609,-0.09495151042938232,0.2943432629108429,0.7987310290336609,-0.14594267308712006,0.3539731800556183,0.7987310290336609,-0.2056342363357544,0.404892235994339,0.7987310290336609,-0.2725563943386078,0.4458465278148651,0.7987310290336609,-0.3450612723827362,0.47582772374153137,0.7987310290336609,-0.42136359214782715,0.494097501039505,0.7987310290336609,-0.4995845556259155,0.5002059936523438,0.7987310290336609,0.17078685760498047,1.5347691774368286,0.7012325525283813,0.20000000298023224,12.392683068533575,15.0,0.2730400942394217,24000.0
0.1198,0.0094,0,1,0.1529744416475296,0.39111101627349854,0.0012956717982888222,0.14365845918655396,0.4862439036369324,0.8004478812217712,0.01795482076704502,0.0035428276751190424,-0.006515059620141983,0.9967414736747742,-0.0028871262911707163,-0.004353940486907959,0.0804811641573906,0.038396574424651365,0.05548364900519514,0.011181657384023274,-0.3699313543302841,-0.47067794976793664,9.234084149331697,0.8048486113548279,-0.009315982460975647,0.09513288736343384,0.7991521954536438,0.01795482076704502,0.0035428276751190424,-0.006515059620141983,-0.0028871262911707163,-0.004353940486907959,0.0804811641573906,0.9967414736747742,0.038396574556827545,0.05548365041613579,0.011181657202541828,-0.009315982460975647,0.09513288736343384,0.7991521954536438,-0.030070647597312927,0.17079710960388184,0.7991521954536438,-0.062406279146671295,0.24228298664093018,0.7991521954536438,-0.10552666336297989,0.3078303933143616,0.7991521954536438,-0.1583700329065323,0.3658252954483032,0.7991521954536438,-0.2196352183818817,0.4148396849632263,0.7991521954536438,-0.287813663482666,0.4536665678024292,0.7991521954536438,-0.3612265884876251,0.48135000467300415,0.7991521954536438,-0.438066303730011,0.49720829725265503,0.7991521954536438,-0.5164408087730408,0.5008509755134583,0.7991521954536438,-0.004564762115478516,1.4161440134048462,0.7149804830551147,0.20000000298023224,6.065570732417723,15.0,0.2924995137303835,28000.0
0.1403,0.0097,0,1,0.15224114060401917,0.39148178696632385,0.001060343929566443,0.14044851064682007,0.5016862154006958,0.8004478812217712,0.017696628347039223,0.007326736580580473,-0.005199945531785488,0.996730387210846,-0.002889784285798669,-0.003762844018638134,0.08064742386341095,0.07398721735766003,-0.08199840539078189,0.04719861727179668,-0.3648480408991569,-0.4030776803957456,9.252939767903767,0.8070343732833862,-0.011792629957199097,0.11020442843437195,0.799387514591217,0.017696628347039223,0.007326736580580473,-0.005199945531785488,-0.002889784285798669,-0.003762844018638134,0.08064742386341095,0.996730387210846,0.07398721575737,-0.08199840784072876,0.047198615968227386,-0.011792629957199097,0.11020442843437195,0.799387514591217,-0.0349234864115715,0.18517640233039856,0.799387514591217,-0.06949775665998459,0.25560685992240906,0.799387514591217,-0.11466411501169205,0.31976160407066345,0.799387514591217,-0.16931040585041046,0.3760608732700348,0.799387514591217,-0.23209106922149658,0.4231185019016266,0.799387514591217,-0.3014602065086365,0.4597756564617157,0.799387514591217,-0.37570977210998535,0.48512986302375793,0.799387514591217,-0.4530114531517029,0.49855664372444153,0.799387514591217,-0.5314618349075317,0.49972549080848694,0.799387514591217,-0.16246819496154785,1.3584569692611694,0.7173367738723755,0.20000000298023224,-1.6215855719937968,15.0,0.3302107508745557,32000.0
0.1596,0.0094,0,1,0.15212108194828033,0.3919232189655304,-0.000416723225498572,0.13683471083641052,0.5167025327682495,0.8004478812217712,0.014617602340877056,0.009803990833461285,-0.013696900568902493,0.9966831803321838,-0.002584405243396759,-0.004371763207018375,0.08120890706777573,-0.004783295831661563,-0.10045979592948265,0.03578777094913417,-0.3358652201181478,-0.4752608927244998,9.31761862211611,0.8106710910797119,-0.015286371111869812,0.12477931380271912,0.800864577293396,0.014617602340877056,0.009803990833461285,-0.013696900568902493,-0.002584405243396759,-0.004371763207018375,0.08120890706777573,0.9966831803321838,-0.004783296026289463,-0.10045979917049408,0.03578777238726616,-0.015286371111869812,0.12477931380271912,0.800864577293396,-0.040721796452999115,0.19900104403495789,0.800864577293396,-0.07745490968227386,0.26833006739616394,0.800864577293396,-0.1245812252163887,0.33105912804603577,0.800864577293396,-0.18094033002853394,0.38564375042915344,0.800864577293396,-0.24514448642730713,0.4307398498058319,0.800864577293396,-0.3156127333641052,0.46523699164390564,0.800864577293396,-0.3906099796295166,0.48828575015068054,0.800864577293396,-0.46828949451446533,0.49931856989860535,0.800864577293396,-0.5467385649681091,0.4980638325214386,0.800864577293396,-0.24482274055480957,1.2796980142593384,0.7295709848403931,0.20000000298023224,-7.824447667305361,15.0,0.45956845929921325,36000.0
0.1795,0.0092,0,1,0.1529093086719513,0.3915408253669739,0.002362444531172514,0.13271234929561615,0.5317601561546326,0.8004478812217712,0.01782434992492199,0.008641823194921017,0.00013171677710488439,0.9966574907302856,-0.002750845393165946,-0.003448262345045805,0.08156273514032364,0.00812988283425263,0.2866299361442349,0.07784686182410622,-0.346408126644182,-0.36811302146802144,9.357990126352547,0.8105613589286804,-0.020196959376335144,0.1402193307876587,0.7980854511260986,0.01782434992492199,0.008641823194921017,0.00013171677710488439,-0.002750845393165946,-0.003448262345045805,0.08156273514032364,0.9966574907302856,0.008129882626235485,0.28662994503974915,0.07784686237573624,-0.020196959376335144,0.1402193307876587,0.7980854511260986,-0.04793717712163925,0.21361082792282104,0.7980854511260986,-0.08681681752204895,0.28175920248031616,0.7980854511260986,-0.1358785331249237,0.34298646450042725,0.7980854511260986,-0.1939142942428589,0.39578497409820557,0.7980854511260986,-0.2594950199127197,0.4388546347618103,0.7980854511260986,-0.33100593090057373,0.4711349606513977,0.7980854511260986,-0.4066861867904663,0.49183112382888794,0.7980854511260986,-0.48467227816581726,0.5004334449768066,0.7980854511260986,-0.5630439519882202,0.49673014879226685,0.7980854511260986,-0.3887237310409546,1.1009525060653687,0.7397128343582153,0.20000000298023224,-11.41222383365268,15.0,0.5403114677721159,38675.0
0.1999,0.0092,0,1,0.1523124873638153,0.39161965250968933,0.0004695796815212816,0.1280093938112259,0.5470276474952698,0.8004478812217712,0.013403963297605515,0.011460427194833755,-0.0010446072556078434,0.9966104626655579,-0.003382160561159253,0.001510521280579269,0.08217012137174606,0.0015410323131020342,1.3663422541162054,-0.011680139762545361,-0.3720352873241831,0.2043531482636184,9.426023000031869,0.8152959942817688,-0.024303093552589417,0.15540799498558044,0.7999783158302307,0.013403963297605515,0.011460427194833755,-0.0010446072556078434,-0.003382160561159253,0.001510521280579269,0.08217012137174606,0.9966104626655579,0.0015410323394462466,1.366342306137085,-0.011680140160024166,-0.024303093552589417,0.15540799498558044,0.7999783158302307,-0.05437375605106354,0.22787579894065857,0.7999783158302307,-0.09541067481040955,0.29474732279777527,0.7999783158302307,-0.14640337228775024,0.3543759882450104,0.7999783158302307,-0.20609623193740845,0.4052934944629669,0.7999783158302307,-0.2730194330215454,0.44624611735343933,0.7999783158302307,-0.3455250859260559,0.4762254059314728,0.7999783158302307,-0.42182788252830505,0.4944932162761688,0.7999783158302307,-0.5000489950180054,0.50059974193573,0.7999783158302307,-0.5782623291015625,0.4943946301937103,0.7999783158302307,-0.3923414945602417,0.7565759420394897,0.7511559724807739,0.20000000298023224,-13.206111916826341,15.0,0.6763772151307424,38675.0
0.2202,0.0092,0,1,0.15317341685295105,0.39133507013320923,0.003279798896983266,0.1229192242026329,0.5618653297424316,0.8004478812217712,0.018620092421770096,0.010415450669825077,0.04121725633740425,0.9964783191680908,-0.004570026881992817,0.015621332451701164,0.08224352449178696,0.03709596977204073,1.8499541985791825,0.017147762404181255,-0.374813589772373,1.8271482710121174,9.43033695009913,0.8157651424407959,-0.030254192650318146,0.1705302596092224,0.7971680760383606,0.018620092421770096,0.010415450669825077,0.04121725633740425,-0.004570026881992817,0.015621332451701164,0.08224352449178696,0.9964783191680908,0.037095971405506134,1.8499542474746704,0.017147762700915337,-0.030254192650318146,0.1705302596092224,0.7971680760383606,-0.0625833198428154,0.24201911687850952,0.7971680760383606,-0.10569774359464645,0.3075704574584961,0.7971680760383606,-0.15853583812713623,0.3655701279640198,0.7971680760383606,-0.2197965681552887,0.414590060710907,0.7971680760383606,-0.28797149658203125,0.4534232020378113,0.7971680760383606,-0.3613818883895874,0.4811133146286011,0.7971680760383606,-0.43822017312049866,0.4969785809516907,0.7971680760383606,-0.5165942907333374,0.5006284117698669,0.7971680760383606,-0.5945745706558228,0.4919728636741638,0.7971680760383606,-0.5287461280822754,0.4384859800338745,0.759583592414856,0.20000000298023224,-14.10305595841317,15.0,0.6850051152652635,38675.0
0.2398,0.0096,0,1,0.15359024703502655,0.3915654718875885,0.004385884385555983,0.11738434433937073,0.576490044593811,0.8004478812217712,0.024145644158124924,0.012801271863281727,0.068467877805233,0.9959417581558228,-0.005955755710601807,0.03643714636564255,0.08206641674041748,-0.18890134507068296,2.670753229714836,-0.08730579416006559,-0.3379679023666631,4.2182629663022055,9.40868857874394,0.8180602788925171,-0.03620590269565582,0.18492457270622253,0.7960619926452637,0.024145644158124924,0.012801271863281727,0.068467877805233,-0.005955755710601807,0.03643714636564255,0.08206641674041748,0.9959417581558228,-0.18890134990215302,2.670753240585327,-0.08730579167604446,-0.03620590269565582,0.18492457270622253,0.7960619926452637,-0.07075469195842743,0.25536754727363586,0.7960619926452637,-0.11589783430099487,0.3195386230945587,0.7960619926452637,-0.1705237627029419,0.3758576810359955,0.7960619926452637,-0.23328739404678345,0.42293795943260193,0.7960619926452637,-0.3026432991027832,0.45962026715278625,0.7960619926452637,-0.37688368558883667,0.4850012958049774,0.7960619926452637,-0.4541804790496826,0.49845603108406067,0.7960619926452637,-0.532630443572998,0.49965330958366394,0.7960619926452637,-0.6103018522262573,0.48856350779533386,0.7960619926452637,-0.4757239818572998,-0.00631403923034668,0.7861813306808472,0.20000000298023224,-14.551527979206586,7.319116100210552,0.641708372554905,38675.0
0.2601,0.0099,0,1,0.15584903955459595,0.3911083936691284,0.00503866421058774,0.11129719763994217,0.5911598801612854,0.8004478812217712,0.07124539464712143,0.005697319284081459,0.08139710873365402,0.9945611357688904,-0.010483932681381702,0.06339873373508453,0.08195636421442032,-1.1643912865460797,2.451984932493078,-0.007430652204998212,-0.6043956579039663,7.343999535623914,9.382771546951108,0.8213898539543152,-0.04455184191465378,0.20005148649215698,0.7954092025756836,0.07124539464712143,0.005697319284081459,0.08139710873365402,-0.010483932681381702,0.06339873373508453,0.08195636421442032,0.9945611357688904,-1.164391279220581,2.4519848823547363,-0.007430652156472206,-0.04455184191465378,0.20005148649215698,0.7954092025756836,-0.08132056146860123,0.26936155557632446,0.7954092025756836,-0.12847907841205597,0.33206647634506226,0.7954092025756836,-0.18486620485782623,0.3866221308708191,0.7954092025756836,-0.24909350275993347,0.43168526887893677,0.7954092025756836,-0.31957948207855225,0.46614623069763184,0.7954092025756836,-0.39458853006362915,0.48915642499923706,0.7954092025756836,-0.47227367758750916,0.5001493692398071,0.7954092025756836,-0.5507221221923828,0.4988543391227722,0.7954092025756836,-0.6280020475387573,0.48530322313308716,0.7954092025756836,-0.26446735858917236,-0.22137689590454102,0.8600255250930786,0.20000000298023224,-14.775763989603293,-2.682422858413304,0.5898743089692335,38675.0
0.2796,0.009,0,1,0.15616363286972046,0.3894486725330353,0.006622491404414177,0.10494811832904816,0.6052026748657227,0.8004478812217712,0.0855865404009819,-0.012422031722962856,0.1058589294552803,0.9925553202629089,-0.0228462815284729,0.08665896207094193,0.08246342837810516,-1.562677413895681,1.973873081471387,-0.047121772590780285,-1.808060209669512,10.124960025032246,9.338470337119269,0.8242157101631165,-0.0512155145406723,0.21575400233268738,0.7938253879547119,0.0855865404009819,-0.012422031722962856,0.1058589294552803,-0.0228462815284729,0.08665896207094193,0.08246342837810516,0.9925553202629089,-1.5626773834228516,1.9738731384277344,-0.04712177440524101,-0.0512155145406723,0.21575400233268738,0.7938253879547119,-0.09010284394025803,0.2838980257511139,0.7938253879547119,-0.13917148113250732,0.34511974453926086,0.7938253879547119,-0.19721317291259766,0.3979116976261139,0.7938253879547119,-0.2627987563610077,0.4409739673137665,0.7938253879547119,-0.3343133330345154,0.4732462465763092,0.7938253879547119,-0.4099958837032318,0.4939338266849518,0.7938253879547119,-0.48798295855522156,0.5025273561477661,0.7938253879547119,-0.5663541555404663,0.4988152086734772,0.7938253879547119,-0.6431798338890076,0.4828888475894928,0.7938253879547119,-0.32372915744781494,-0.36255860328674316,0.9253736734390259,0.20000000298023224,-14.887881994801646,-8.841211429206652,0.5012718893055128,38675.0
0.2996,0.0097,0,1,0.15817803144454956,0.38971978425979614,0.0068253460340201855,0.09804192930459976,0.6192931532859802,0.8004478812217712,0.14270834624767303,-0.006047382019460201,0.10570579022169113,0.9903504252433777,-0.03889518603682518,0.10371135175228119,0.08327760547399521,-1.5097032782304243,0.5033021591405324,0.02550968563197465,-3.506099630612562,12.233682771715884,9.237404500278405,0.8283459544181824,-0.0601361021399498,0.22957336902618408,0.7936225533485413,0.14270834624767303,-0.006047382019460201,0.10570579022169113,-0.03889518603682518,0.10371135175228119,0.08327760547399521,0.9903504252433777,-1.509703278541565,0.5033021569252014,0.025509685277938843,-0.0601361021399498,0.22957336902618408,0.7936225533485413,-0.10114263743162155,0.2964634895324707,0.7936225533485413,-0.15210823714733124,0.35611534118652344,0.7936225533485413,-0.2117779701948166,0.407059907913208,0.7936225533485413,-0.27868255972862244,0.44804292917251587,0.7936225533485413,-0.35117459297180176,0.4780551791191101,0.7936225533485413,-0.42746907472610474,0.49635767936706543,0.7936225533485413,-0.5056873559951782,0.5024996995925903,0.7936225533485413,-0.5839035511016846,0.4963301420211792,0.7936225533485413,-0.6601915955543518,0.47800081968307495,0.7936225533485413,-0.4753614664077759,-0.5063934326171875,1.0068246126174927,0.20000000298023224,-14.943940997400823,-11.920605714603326,0.29914021562383764,38675.0
0.3195,0.0094,0,1,0.15983043611049652,0.3894711136817932,0.009282724000513554,0.09070330113172531,0.6331484317779541,0.8004478812217712,0.18609419465065002,0.005710237193852663,0.12312506139278412,0.9895038604736328,-0.0526348240673542,0.10458724200725555,0.08468283712863922,-1.1073925818414951,-0.9751770866263396,-0.013366093421917453,-5.079577827277187,12.467951780390168,9.227787830721674,0.8307222723960876,-0.06912713497877121,0.2436773180961609,0.7911651730537415,0.18609419465065002,0.005710237193852663,0.12312506139278412,-0.0526348240673542,0.10458724200725555,0.08468283712863922,0.9895038604736328,-1.1073925495147705,-0.9751771092414856,-0.0133660938590765,-0.06912713497877121,0.2436773180961609,0.7911651730537415,-0.11221076548099518,0.3092489242553711,0.7911651730537415,-0.165021613240242,0.36727339029312134,0.7911651730537415,-0.22625932097434998,0.41632211208343506,0.7911651730537415,-0.29441598057746887,0.45518726110458374,0.7911651730537415,-0.3678133487701416,0.4829118251800537,0.7911651730537415,-0.4446442127227783,0.4988132119178772,0.7911651730537415,-0.523016631603241,0.5024998188018799,0.7911651730537415,-0.6010009050369263,0.49388086795806885,0.7911651730537415,-0.6766767501831055,0.47316867113113403,0.7911651730537415,-0.779722273349762,-0.7504534721374512,1.0334278345108032,0.20000000298023224,-14.971970498700411,-13.460302857301663,0.27990687651035556,38675.0
0.3397,0.0083,0,1,0.16386649012565613,0.3905352056026459,0.010612957179546356,0.0828327164053917,0.6469377875328064,0.8004478812217712,0.22708311676979065,0.03525935113430023,0.1351507604122162,0.9902989268302917,-0.06148219108581543,0.08951891213655472,0.086673803627491,-0.8133236045348284,-2.318897451758003,-0.02621570628171147,-6.210511626831236,10.833683436715244,9.414388342538645,0.834354817867279,-0.08103377372026443,0.2564025819301605,0.7898349165916443,0.22708311676979065,0.03525935113430023,0.1351507604122162,-0.06148219108581543,0.08951891213655472,0.086673803627491,0.9902989268302917,-0.8133236169815063,-2.3188974857330322,-0.026215706020593643,-0.08103377372026443,0.2564025819301605,0.7898349165916443,-0.12617763876914978,0.32057318091392517,0.7898349165916443,-0.18080419301986694,0.3768916428089142,0.7898349165916443,-0.24356834590435028,0.4239712655544281,0.7898349165916443,-0.31292465329170227,0.46065273880958557,0.7898349165916443,-0.3871653079986572,0.4860329329967499,0.7898349165916443,-0.4644622802734375,0.4994868338108063,0.7898349165916443,-0.5429122447967529,0.5006831884384155,0.7898349165916443,-0.6205835342407227,0.489592581987381,0.7898349165916443,-0.695563554763794,0.46648797392845154,0.7898349165916443,-0.9915080666542053,-0.9737810492515564,0.9829481840133667,0.20000000298023224,-14.985985249350206,-14.230151428650831,0.6531079001443074,38675.0
0.3599,0.0097,0,1,0.16701249778270721,0.39238181710243225,0.013723627664148808,0.0746186301112175,0.6603280901908875,0.8004478812217712,0.232294499874115,0.07060907036066055,0.1608808934688568,0.9918451905250549,-0.06823042035102844,0.060928311198949814,0.0887327566742897,-0.7917152480821436,-2.7271216973474535,-0.032886556547115475,-7.2183608515814806,7.641335069227448,9.741690677851958,0.8362217545509338,-0.09239386767148972,0.2679462730884552,0.7867242693901062,0.232294499874115,0.07060907036066055,0.1608808934688568,-0.06823042035102844,0.060928311198949814,0.0887327566742897,0.9918451905250549,-0.7917152643203735,-2.727121591567993,-0.0328865572810173,-0.09239386767148972,0.2679462730884552,0.7867242693901062,-0.13953129947185516,0.33066704869270325,0.7867242693901062,-0.1959000825881958,0.38524165749549866,0.7867242693901062,-0.2601122260093689,0.430326372385025,0.7867242693901062,-0.33058661222457886,0.4648109972476959,0.7867242693901062,-0.40558794140815735,0.4878464639186859,0.7867242693901062,-0.4832693934440613,0.4988655149936676,0.7867242693901062,-0.561718225479126,0.4975968897342682,0.7867242693901062,-0.639002799987793,0.4840717017650604,0.7867242693901062,-0.7132200598716736,0.45862314105033875,0.7867242693901062,-0.9881916046142578,-1.0518096685409546,0.9534989595413208,0.20000000298023224,-14.992992624675104,-14.615075714325416,1.307712570770925,38675.0
0.3798,0.0087,0,1,0.16928038001060486,0.39535290002822876,0.018814120441675186,0.0659652054309845,0.6734872460365295,0.8004478812217712,0.20882073044776917,0.10841131955385208,0.19616523385047913,0.9927250146865845,-0.0728074386715889,0.0309994388371706,0.0907367467880249,-0.6966031129110536,-2.0809796947180303,-0.14716991039476393,-8.008490351307783,4.287458861558473,10.144552217089196,0.836052656173706,-0.10331517457962036,0.2781343460083008,0.781633734703064,0.20882073044776917,0.10841131955385208,0.19616523385047913,-0.0728074386715889,0.0309994388371706,0.0907367467880249,0.9927250146865845,-0.6966031193733215,-2.080979585647583,-0.14716991782188416,-0.10331517457962036,0.2781343460083008,0.781633734703064,-0.15240460634231567,0.33933937549591064,0.781633734703064,-0.2104642540216446,0.392111599445343,0.781633734703064,-0.2760644853115082,0.4351515769958496,0.781633734703064,-0.34758999943733215,0.467399537563324,0.781633734703064,-0.42327961325645447,0.4880613684654236,0.781633734703064,-0.5012695789337158,0.49662840366363525,0.781633734703064,-0.5796395540237427,0.4928896427154541,0.781633734703064,-0.6564598083496094,0.47693711519241333,0.781633734703064,-0.7298387289047241,0.44916367530822754,0.781633734703064,-0.8989986181259155,-1.1136969327926636,1.0064884424209595,0.20000000298023224,-14.996496312337552,-14.807537857162707,2.1134356492453965,38675.0
0.3995,0.0094,0,1,0.1721874475479126,0.39751383662223816,0.023788893595337868,0.05703848600387573,0.6861790418624878,0.8004478812217712,0.2250078022480011,0.1352100819349289,0.22781914472579956,0.9926726222038269,-0.07791107147932053,0.009804489091038704,0.09182986617088318,-0.6252250027957226,-1.7389529785544073,-0.13441666443513337,-8.798905576484156,1.935499948261543,10.421571376558445,0.8365321755409241,-0.11514896154403687,0.28866520524024963,0.7766590118408203,0.2250078022480011,0.1352100819349289,0.22781914472579956,-0.07791107147932053,0.009804489091038704,0.09182986617088318,0.9926726222038269,-0.6252250075340271,-1.7389529943466187,-0.13441666960716248,-0.11514896154403687,0.28866520524024963,0.7766590118408203,-0.1661139279603958,0.34831753373146057,0.7766590118408203,-0.22578312456607819,0.39926275610923767,0.7766590118408203,-0.2926872968673706,0.44024649262428284,0.7766590118408203,-0.36517900228500366,0.4702594578266144,0.7766590118408203,-0.4414733052253723,0.48856279253959656,0.7766590118408203,-0.5196915864944458,0.4947056472301483,0.7766590118408203,-0.5979077816009521,0.48853692412376404,0.7766590118408203,-0.6741960048675537,0.47020837664604187,0.7766590118408203,-0.7466777563095093,0.44017139077186584,0.7766590118408203,-0.8864043354988098,-1.3168001174926758,1.0255240201950073,0.20000000298023224,-14.998248156168776,-14.903768928581353,2.6674739681838924,38675.0
0.4202,0.0097,0,1,0.17633026838302612,0.4000779092311859,0.02965729683637619,0.04742754250764847,0.698967456817627,0.8004478812217712,0.2185608446598053,0.1772034615278244,0.24978581070899963,0.9922954440116882,-0.08233454078435898,-0.008785780519247055,0.09214992076158524,-0.4650345982259386,-1.5721088657381421,-0.11781111434681113,-9.498397704593827,-0.12959956240144402,10.621904405508072,0.8367012739181519,-0.12890273332595825,0.29888954758644104,0.7707905769348145,0.2185608446598053,0.1772034615278244,0.24978581070899963,-0.08233454078435898,-0.008785780519247055,0.09214992076158524,0.9922954440116882,-0.4650346040725708,-1.5721088647842407,-0.11781111359596252,-0.12890273332595825,0.29888954758644104,0.7707905769348145,-0.18174992501735687,0.3568809926509857,0.7707905769348145,-0.24301834404468536,0.4058912694454193,0.7707905769348145,-0.3111993670463562,0.4447137415409088,0.7707905769348145,-0.38461410999298096,0.4723922908306122,0.7707905769348145,-0.4614548683166504,0.48824551701545715,0.7707905769348145,-0.5398296117782593,0.4918830096721649,0.7707905769348145,-0.61780846118927,0.48321524262428284,0.7707905769348145,-0.6934713125228882,0.4624556005001068,0.7707905769348145,-0.7649551033973694,0.4301152527332306,0.7707905769348145,-0.8733264207839966,-1.470094919204712,1.0283421277999878,0.20000000298023224,-14.999124078084389,-14.951884464290677,3.06814002608313,38675.0
0.4399,0.0093,0,1,0.1799449622631073,0.403236985206604,0.038307495415210724,0.03769371286034584,0.7111024856567383,0.8004478812217712,0.19081003963947296,0.180883526802063,0.2915933132171631,0.9918999075889587,-0.08295206725597382,-0.026491740718483925,0.09246525913476944,-0.4581885098802128,-1.2030541271454684,-0.17177179307075244,-9.763219709899671,-2.132694236616782,10.833630836467732,0.8341909646987915,-0.14225125312805176,0.3078655004501343,0.7621403932571411,0.19081003963947296,0.180883526802063,0.2915933132171631,-0.08295206725597382,-0.026491740718483925,0.09246525913476944,0.9918999075889587,-0.4581885039806366,-1.2030540704727173,-0.1717717945575714,-0.14225125312805176,0.3078655004501343,0.7621403932571411,-0.19687694311141968,0.36418479681015015,0.7621403932571411,-0.2596403956413269,0.41126537322998047,0.7621403932571411,-0.32899612188339233,0.4479479193687439,0.7621403932571411,-0.40323638916015625,0.47332924604415894,0.7621403932571411,-0.4805331826210022,0.48678433895111084,0.7621403932571411,-0.5589830875396729,0.487981915473938,0.7621403932571411,-0.6366546154022217,0.47689247131347656,0.7621403932571411,-0.7116349935531616,0.45378899574279785,0.7621403932571411,-0.7820780277252197,0.4192405343055725,0.7621403932571411,-0.9340527653694153,-1.5707963705062866,1.0473159551620483,0.20000000298023224,-14.999562039042194,-14.97594223214534,3.4915928880024416,38675.0
0.4599,0.0091,0,1,0.18231497704982758,0.40764153003692627,0.0411679744720459,0.027450166642665863,0.723084032535553,0.8004478812217712,0.1655883938074112,0.22009488940238953,0.28011319041252136,0.9911943078041077,-0.08573281019926071,-0.04090658575296402,0.09224086999893188,-0.4856568859955081,-1.1517604461280517,-0.13017665398599662,-10.246396512977665,-3.7427355673174283,10.968958975933665,0.836655855178833,-0.1548648178577423,0.3154425024986267,0.7592799067497253,0.1655883938074112,0.22009488940238953,0.28011319041252136,-0.08573281019926071,-0.04090658575296402,0.09224086999893188,0.9911943078041077,-0.48565688729286194,-1.151760458946228,-0.13017664849758148,-0.1548648178577423,0.3154425024986267,0.7592799067497253,-0.21123871207237244,0.3700118064880371,0.7592799067497253,-0.2754550874233246,0.41509050130844116,0.7592799067497253,-0.3459327220916748,0.449568510055542,0.7592799067497253,-0.4209361672401428,0.4725969433784485,0.7592799067497253,-0.4986186623573303,0.4836087226867676,0.7592799067497253,-0.5770673751831055,0.482332706451416,0.7592799067497253,-0.6543506383895874,0.46880030632019043,0.7592799067497253,-0.728565514087677,0.44334477186203003,0.7592799067497253,-0.7978845834732056,0.40659284591674805,0.7592799067497253,-0.8178905248641968,-1.5707963705062866,1.040136456489563,0.20000000298023224,-14.999781019521098,-14.98797111607267,3.7622491669343208,38675.0
0.4798,0.0094,0,1,0.18352551758289337,0.41366592049598694,0.04780419543385506,0.016838431358337402,0.7347319722175598,0.8004478812217712,0.11054746061563492,0.23990601301193237,0.2942422032356262,0.9903163909912109,-0.08946410566568375,-0.05273217707872391,0.09212473779916763,-0.34145463587196034,-1.1094507393109356,-0.11356705922176882,-10.815013402101727,-5.046221625173591,11.10731496922381,0.8350691795349121,-0.16668708622455597,0.3210660517215729,0.7526437044143677,0.11054746061563492,0.23990601301193237,0.2942422032356262,-0.08946410566568375,-0.05273217707872391,0.09212473779916763,0.9903163909912109,-0.3414546251296997,-1.1094506978988647,-0.1135670617222786,-0.16668708622455597,0.3210660517215729,0.7526437044143677,-0.2247524857521057,0.37383195757865906,0.7526437044143677,-0.29035741090774536,0.4168647825717926,0.7526437044143677,-0.3618864417076111,0.4491049349308014,0.7526437044143677,-0.43757832050323486,0.469758540391922,0.7526437044143677,-0.5155692100524902,0.4783170521259308,0.7526437044143677,-0.5939387679100037,0.47456976771354675,0.7526437044143677,-0.6707572340965271,0.4586088955402374,0.7526437044143677,-0.7441331148147583,0.43082746863365173,0.7526437044143677,-0.8122596740722656,0.39190950989723206,0.7526437044143677,-0.825710117816925,-1.5707963705062866,1.0317937135696411,0.20000000298023224,-14.999890509760549,-14.993985558036336,4.038961153514628,38675.0
0.4996,0.0091,0,1,0.18858428299427032,0.4157382845878601,0.05175981670618057,0.006000908557325602,0.7459039688110352,0.8004478812217712,0.0672900602221489,0.25781118869781494,0.2874995172023773,0.9895364046096802,-0.09125734120607376,-0.06440707296133041,0.09132135659456253,-0.3691460184390361,-0.9144676664168933,-0.21241121518644127,-11.160626292485462,-6.361364834112866,11.167586446672479,0.8383793234825134,-0.18258337676525116,0.33016568422317505,0.7486880421638489,0.0672900602221489,0.25781118869781494,0.2874995172023773,-0.09125734120607376,-0.06440707296133041,0.09132135659456253,0.9895364046096802,-0.3691460192203522,-0.9144676923751831,-0.21241120994091034,-0.18258337676525116,0.33016568422317505,0.7486880421638489,-0.24226301908493042,0.3810986280441284,0.7486880421638489,-0.30917561054229736,0.42206859588623047,0.7486880421638489,-0.3816734552383423,0.45206671953201294,0.7486880421638489,-0.4579715132713318,0.4703543782234192,0.7486880421638489,-0.5361910462379456,0.47648119926452637,0.7486880421638489,-0.6144059896469116,0.47029638290405273,0.7486880421638489,-0.6906904578208923,0.45195215940475464,0.7486880421638489,-0.763166069984436,0.42190033197402954,0.7486880421638489,-0.8300482034683228,0.38088077306747437,0.7486880421638489,-0.7887116074562073,-1.5707963705062866,1.0509990453720093,0.20000000298023224,-14.999945254880274,-14.996992779018168,4.159504108411948,38675.0
0.5196,0.0095,0,1,0.19144588708877563,0.4199003279209137,0.057054489850997925,-0.005262591876089573,0.7568115592002869,0.8004478812217712,0.05099448934197426,0.26268088817596436,0.2950894832611084,0.9889662861824036,-0.09334847331047058,-0.07136725634336472,0.09020248800516129,-0.25577381938527705,-0.6630197194587729,-0.22283830644718533,-11.481775094757925,-7.141435904760272,11.141786227533006,0.8395457863807678,-0.19670848548412323,0.33691123127937317,0.7433934211730957,0.05099448934197426,0.26268088817596436,0.2950894832611084,-0.09334847331047058,-0.07136725634336472,0.09020248800516129,0.9889662861824036,-0.2557738125324249,-0.6630197167396545,-0.22283831238746643,-0.19670848548412323,0.33691123127937317,0.7433934211730957,-0.25795578956604004,0.38594791293144226,0.7433934211730957,-0.3261200785636902,0.42479971051216125,0.7433934211730957,-0.3995228707790375,0.45250990986824036,0.7433934211730957,-0.4763568043708801,0.46839621663093567,0.7433934211730957,-0.5547299385070801,0.4720675051212311,0.7433934211730957,-0.6327125430107117,0.46343329548835754,0.7433934211730957,-0.7083843350410461,0.44270625710487366,0.7433934211730957,-0.77988201379776,0.41039666533470154,0.7433934211730957,-0.8454451560974121,0.3673001825809479,0.7433934211730957,-0.8370100259780884,-1.5707963705062866,1.0539108514785767,0.20000000298023224,-14.999972627440137,-14.998496389509084,4.107903670133027,38675.0
0.5397,0.0087,0,1,0.19528499245643616,0.42875367403030396,0.06534191966056824,-0.016831979155540466,0.7673336863517761,0.8004478812217712,0.04834155738353729,0.3281210958957672,0.31305113434791565,0.9883712530136108,-0.09530896693468094,-0.07832647860050201,0.08889053016901016,-0.24176034895306414,-0.6800141493228955,-0.20481433179515168,-11.787209766628369,-7.925603136339416,11.09770945915014,0.8366665244102478,-0.21211697161197662,0.33858001232147217,0.7351059913635254,0.04834155738353729,0.3281210958957672,0.31305113434791565,-0.09530896693468094,-0.07832647860050201,0.08889053016901016,0.9883712530136108,-0.24176034331321716,-0.6800141334533691,-0.20481432974338531,-0.21211697161197662,0.33858001232147217,0.7351059913635254,-0.27486786246299744,0.3856773376464844,0.7351059913635254,-0.3442138433456421,0.4223783612251282,0.7351059913635254,-0.4184473156929016,0.44777947664260864,0.7351059913635254,-0.49574050307273865,0.46125513315200806,0.7351059913635254,-0.5741901397705078,0.46247363090515137,0.7351059913635254,-0.6518645286560059,0.451404869556427,0.7351059913635254,-0.7268511056900024,0.4283214211463928,0.7351059913635254,-0.7973034381866455,0.39379173517227173,0.7351059913635254,-0.8614866733551025,0.3486659526824951,0.7351059913635254,-0.6560391187667847,-1.5707963705062866,1.0529073476791382,0.20000000298023224,-14.999986313720068,-14.999248194754543,4.019750133367256,38675.0
0.5596,0.0083,0,1,0.19550643861293793,0.4350276589393616,0.07187280058860779,-0.028856899589300156,0.7775980830192566,0.8004478812217712,0.006320808548480272,0.35228535532951355,0.3157079517841339,0.9877433776855469,-0.09609194844961166,-0.0863523855805397,0.08758212625980377,-0.1962225247101221,-0.6119678534683354,-0.21010426853691694,-11.971242049291229,-8.844662404273386,11.063379366873036,0.8357721567153931,-0.22436334192752838,0.342570424079895,0.7285751104354858,0.006320808548480272,0.35228535532951355,0.3157079517841339,-0.09609194844961166,-0.0863523855805397,0.08758212625980377,0.9877433776855469,-0.19622252881526947,-0.6119678616523743,-0.21010427176952362,-0.22436334192752838,0.342570424079895,0.7285751104354858,-0.28857189416885376,0.38766026496887207,0.7285751104354858,-0.35904353857040405,0.42215055227279663,0.7285751104354858,-0.4340429902076721,0.44519197940826416,0.7285751104354858,-0.5117235779762268,0.4562172293663025,0.7285751104354858,-0.590172529220581,0.4549548029899597,0.7285751104354858,-0.667458176612854,0.4414358139038086,0.7285751104354858,-0.741677463054657,0.4159930944442749,0.7285751104354858,-0.8110028505325317,0.37925320863723755,0.7285751104354858,-0.8737273216247559,0.33212077617645264,0.7285751104354858,-0.6067873239517212,-1.5707963705062866,1.051505208015442,0.20000000298023224,-14.999993156860034,-14.999624097377271,3.951089948813062,38675.0
0.5799,0.0096,0,1,0.19824665784835815,0.4440479278564453,0.08025164157152176,-0.041252609342336655,0.7875177264213562,0.8004478812217712,-0.044701725244522095,0.3814694583415985,0.3238758146762848,0.987192690372467,-0.09710367769002914,-0.09319364279508591,0.08564083278179169,-0.2547646977139756,-0.41716677434528626,-0.25442100013054403,-12.160671807506297,-9.634829140219251,10.944909211040313,0.8330750465393066,-0.2394992709159851,0.3434697985649109,0.7201962471008301,-0.044701725244522095,0.3814694583415985,0.3238758146762848,-0.09710367769002914,-0.09319364279508591,0.08564083278179169,0.987192690372467,-0.25476470589637756,-0.4171667695045471,-0.2544209957122803,-0.2394992709159851,0.3434697985649109,0.7201962471008301,-0.3051069676876068,0.3864983916282654,0.7201962471008301,-0.37663811445236206,0.4187338948249817,0.7201962471008301,-0.4523313045501709,0.4393826127052307,0.7201962471008301,-0.530322790145874,0.4479360580444336,0.7201962471008301,-0.6086920499801636,0.4441836476325989,0.7201962471008301,-0.6855095624923706,0.4282177686691284,0.7201962471008301,-0.7588835954666138,0.4004315733909607,0.7201962471008301,-0.8270076513290405,0.3615092635154724,0.7201962471008301,-0.8882041573524475,0.3124091625213623,0.7201962471008301,-0.4680213928222656,-1.5707963705062866,1.0613867044448853,0.20000000298023224,-14.999996578430018,-14.999812048688636,3.7141496371476106,38675.0
0.5999,0.0094,0,1,0.19670596718788147,0.4494342505931854,0.08090337365865707,-0.053805552423000336,0.7969289422035217,0.8004478812217712,-0.0719769075512886,0.40464138984680176,0.274956077337265,0.986737072467804,-0.09843481332063675,-0.09775547683238983,0.0842757597565651,-0.14837291019342316,-0.3630553690260249,-0.25761110093180906,-12.362135041084668,-10.155865451984026,10.866124198249269,0.8374084234237671,-0.2505115270614624,0.3474946916103363,0.719544529914856,-0.0719769075512886,0.40464138984680176,0.274956077337265,-0.09843481332063675,-0.09775547683238983,0.0842757597565651,0.986737072467804,-0.14837290346622467,-0.36305537819862366,-0.25761109590530396,-0.2505115270614624,0.3474946916103363,0.719544529914856,-0.31743693351745605,0.3884436786174774,0.719544529914856,-0.3899441957473755,0.41841909289360046,0.719544529914856,-0.4662479758262634,0.4366828501224518,0.719544529914856,-0.5444693565368652,0.4427851736545563,0.719544529914856,-0.6226823925971985,0.4365758001804352,0.719544529914856,-0.6989611387252808,0.41820773482322693,0.719544529914856,-0.7714272737503052,0.38813313841819763,0.719544529914856,-0.83829665184021,0.3470925986766815,0.719544529914856,-0.8979225158691406,0.29609671235084534,0.719544529914856,-0.39533543586730957,-1.5707963705062866,1.060994029045105,0.20000000298023224,-14.999998289215009,-14.999906024344318,3.5565796115655193,38675.0
0.62,0.0093,0,1,0.19806735217571259,0.4577528238296509,0.08895468711853027,-0.06672102957963943,0.805991530418396,0.8004478812217712,-0.10219384729862213,0.44101738929748535,0.28522244095802307,0.9864983558654785,-0.09912211447954178,-0.1012251153588295,0.0821419432759285,-0.13583111922434488,-0.35022182875952845,-0.2405609277771197,-12.465982374733166,-10.569766386655175,10.677271850669687,0.835227906703949,-0.2647883892059326,0.3482387065887451,0.711493194103241,-0.10219384729862213,0.44101738929748535,0.28522244095802307,-0.09912211447954178,-0.1012251153588295,0.0821419432759285,0.9864983558654785,-0.13583111763000488,-0.3502218425273895,-0.24056093394756317,-0.2647883892059326,0.3482387065887451,0.711493194103241,-0.3329724669456482,0.38705575466156006,0.711493194103241,-0.40638941526412964,0.41472846269607544,0.711493194103241,-0.48323148488998413,0.4305756092071533,0.711493194103241,-0.5616064667701721,0.43420684337615967,0.711493194103241,-0.6395846605300903,0.42553281784057617,0.711493194103241,-0.7152458429336548,0.40476715564727783,0.711493194103241,-0.7867270708084106,0.37242114543914795,0.711493194103241,-0.8522681593894958,0.3292912244796753,0.711493194103241,-0.9102553725242615,0.276439368724823,0.711493194103241,-0.285372257232666,-1.5707963705062866,1.0593425035476685,0.20000000298023224,-14.999999144607504,-14.99995301217216,3.1788749164063823,38675.0
0.6402,0.009,0,1,0.19562730193138123,0.4665850102901459,0.09529055655002594,-0.079678975045681,0.8144919276237488,0.8004478812217712,-0.14264725148677826,0.4674178957939148,0.28540006279945374,0.9863157272338867,-0.09901557117700577,-0.1047993153333664,0.0799517035484314,-0.09035271676322525,-0.22507055142813293,-0.2671500446137685,-12.47726616416769,-11.005165818923345,10.475340110168915,0.8331144452095032,-0.2753062844276428,0.3479069173336029,0.7051573395729065,-0.14264725148677826,0.4674178957939148,0.28540006279945374,-0.09901557117700577,-0.1047993153333664,0.0799517035484314,0.9863157272338867,-0.09035271406173706,-0.2250705510377884,-0.26715004444122314,-0.2753062844276428,0.3479069173336029,0.7051573395729065,-0.34466058015823364,0.384592205286026,0.7051573395729065,-0.41889989376068115,0.40997639298439026,0.7051573395729065,-0.49619612097740173,0.4234345257282257,0.7051573395729065,-0.57464599609375,0.4246351420879364,0.7051573395729065,-0.6523178815841675,0.41354867815971375,0.7051573395729065,-0.7272992134094238,0.3904481828212738,0.7051573395729065,-0.7977436780929565,0.35590240359306335,0.7051573395729065,-0.8619166612625122,0.3107620179653168,0.7051573395729065,-0.9182380437850952,0.25613853335380554,0.7051573395729065,-0.17124617099761963,-1.5707963705062866,1.0653961896896362,0.20000000298023224,-12.405841000273355,-14.99997650608608,2.77501143540483,38675.0
0.6599,0.009,0,1,0.19122014939785004,0.47797879576683044,0.10344245284795761,-0.0930076390504837,0.8226537704467773,0.8004478812217712,-0.18393674492835999,0.5121243596076965,0.2967725396156311,0.986102819442749,-0.09990347921848297,-0.10731952637434006,0.0781092420220375,-0.14706261829234737,-0.30663720014956414,-0.2530671489008886,-12.593148385045984,-11.306033428129659,10.309401390927954,0.8278906345367432,-0.28422778844833374,0.3446749746799469,0.6970054507255554,-0.18393674492835999,0.5121243596076965,0.2967725396156311,-0.09990347921848297,-0.10731952637434006,0.0781092420220375,0.986102819442749,-0.14706261456012726,-0.3066371977329254,-0.25306713581085205,-0.28422778844833374,0.3446749746799469,0.6970054507255554,-0.35469478368759155,0.37917467951774597,0.6970054507255554,-0.4296911954879761,0.40222617983818054,0.6970054507255554,-0.5073702931404114,0.41326186060905457,0.6970054507255554,-0.5858194231987,0.41200998425483704,0.6970054507255554,-0.6631067991256714,0.39850136637687683,0.6970054507255554,-0.7373295426368713,0.3730686604976654,0.6970054507255554,-0.8066598773002625,0.336338073015213,0.6970054507255554,-0.8693906664848328,0.28921404480934143,0.6970054507255554,-0.9239773750305176,0.23285695910453796,0.6970054507255554,0.0364001989364624,-1.5707963705062866,1.073525071144104,0.20000000298023224,-5.160131613888736,-14.999988253043039,2.443133996922929,38675.0
0.6801,0.0098,0,1,0.19283635914325714,0.4849172532558441,0.10133485496044159,-0.10679022967815399,0.8305078148841858,0.8004478812217712,-0.20154747366905212,0.5304777026176453,0.2440219670534134,0.9861367344856262,-0.09900452196598053,-0.10924449563026428,0.0761319175362587,0.01305603905319418,-0.13288210940313766,-0.2765149007842208,-12.490918284183449,-11.559486088951271,10.098489779772445,0.8354447484016418,-0.29962658882141113,0.3455905616283417,0.6991130113601685,-0.20154747366905212,0.5304777026176453,0.2440219670534134,-0.09900452196598053,-0.10924449563026428,0.0761319175362587,0.9861367344856262,0.01305603887885809,-0.13288210332393646,-0.2765148878097534,-0.29962658882141113,0.3455905616283417,0.6991130113601685,-0.3711525499820709,0.37783750891685486,0.6991130113601685,-0.4468424320220947,0.3984983265399933,0.6991130113601685,-0.524832546710968,0.407064288854599,0.6991130113601685,-0.6032024621963501,0.4033243954181671,0.6991130113601685,-0.6800224781036377,0.3873707950115204,0.6991130113601685,-0.753400981426239,0.3595963418483734,0.6991130113601685,-0.8215312361717224,0.32068493962287903,0.6991130113601685,-0.882735550403595,0.2715946137905121,0.6991130113601685,-0.9355069994926453,0.21353426575660706,0.6991130113601685,0.11493003368377686,-1.5707963705062866,1.0754934549331665,0.20000000298023224,0.7124371277440336,-14.99999412652152,2.0213107746118952,38675.0
0.6996,0.0096,0,1,0.1909424215555191,0.4943821430206299,0.10455406457185745,-0.12055841088294983,0.8377901315689087,0.8004478812217712,-0.23304533958435059,0.5510551333427429,0.2339547872543335,0.9862624406814575,-0.09667210280895233,-0.11134828627109528,0.07443466782569885,0.5855171377845867,-0.25199351215217997,-0.21820948280127542,-12.226277223642692,-11.843885596214623,9.904990854820841,0.8361997604370117,-0.3115008473396301,0.3434079885482788,0.6958938241004944,-0.23304533958435059,0.5510551333427429,0.2339547872543335,-0.09667210280895233,-0.11134828627109528,0.07443466782569885,0.9862624406814575,0.5855171084403992,-0.2519935071468353,-0.21820949018001556,-0.3115008473396301,0.3434079885482788,0.6958938241004944,-0.38399648666381836,0.37341147661209106,0.6958938241004944,-0.460293173789978,0.3917047381401062,0.6958938241004944,-0.5385122299194336,0.3978373408317566,0.6958938241004944,-0.6167276501655579,0.39165830612182617,0.6958938241004944,-0.6930134892463684,0.37331974506378174,0.6958938241004944,-0.7654913067817688,0.34327322244644165,0.6958938241004944,-0.8323764801025391,0.30225861072540283,0.6958938241004944,-0.8920221328735352,0.2512857913970947,0.6958938241004944,-0.9429595470428467,0.1916099190711975,0.6958938241004944,0.021193742752075195,-1.5707963705062866,1.0493358373641968,0.20000000298023224,0.9633745697619602,-14.99999706326076,1.634312924708669,38675.0
0.7196,0.0096,0,1,0.18454773724079132,0.5069619417190552,0.11577027291059494,-0.13468341529369354,0.8447043895721436,0.8004478812217712,-0.28180867433547974,0.5949850082397461,0.2568216323852539,0.9871676564216614,-0.08796752244234085,-0.1116158738732338,0.07281187921762466,1.3366824958979384,-0.21794895906763842,-0.24244151898087915,-11.19563118228381,-11.979224502670428,9.615160582979058,0.8275033831596375,-0.31923115253448486,0.3377424478530884,0.6846776008605957,-0.28180867433547974,0.5949850082397461,0.2568216323852539,-0.08796752244234085,-0.1116158738732338,0.07281187921762466,0.9871676564216614,1.3366824388504028,-0.21794895827770233,-0.24244152009487152,-0.31923115253448486,0.3377424478530884,0.6846776008605957,-0.3926345407962799,0.3654511570930481,0.6846776008605957,-0.46946877241134644,0.38133591413497925,0.6846776008605957,-0.5478420257568359,0.38500553369522095,0.6846776008605957,-0.6258243918418884,0.37636977434158325,0.6846776008605957,-0.7014957666397095,0.35564112663269043,0.6846776008605957,-0.7729927897453308,0.3233301639556885,0.6846776008605957,-0.8385550379753113,0.280232310295105,0.6846776008605957,-0.8965681195259094,0.22740894556045532,0.6846776008605957,-0.945603609085083,0.16616064310073853,0.6846776008605957,-0.0474475622177124,-1.5707963705062866,1.032788872718811,0.20000000298023224,-0.8775852467486724,-14.99999853163038,1.0546523810251163,38675.0
0.7395,0.0055,0,1,0.1830032914876938,0.5166807174682617,0.11537639051675797,-0.14887836575508118,0.8511102199554443,0.8004478812217712,-0.30626311898231506,0.6173064708709717,0.2253233939409256,0.9883111715316772,-0.07328765094280243,-0.11247604340314865,0.07222865521907806,1.7266584953820565,-0.22235652396123318,-0.20951109933837223,-9.488381620279771,-12.224089496312637,9.378140809417626,0.831451416015625,-0.33188164234161377,0.3344295024871826,0.6850714683532715,-0.30626311898231506,0.6173064708709717,0.2253233939409256,-0.07328765094280243,-0.11247604340314865,0.07222865521907806,0.9883111715316772,1.7266584634780884,-0.22235652804374695,-0.20951110124588013,-0.33188164234161377,0.3344295024871826,0.6850714683532715,-0.4061123728752136,0.3598387837409973,0.6850714683532715,-0.48340409994125366,0.3733229637145996,0.6850714683532715,-0.5618535876274109,0.3745500445365906,0.6850714683532715,-0.6395291686058044,0.3634898066520691,0.6850714683532715,-0.7145183086395264,0.3404146432876587,0.6850714683532715,-0.7849743962287903,0.3058926463127136,0.6850714683532715,-0.8491626381874084,0.2607739567756653,0.6850714683532715,-0.9055024981498718,0.20616942644119263,0.6850714683532715,-0.952606737613678,0.14342373609542847,0.6850714683532715,-0.09421205520629883,-1.5707963705062866,1.0176888704299927,0.20000000298023224,-3.1377691946615545,-14.999999265815191,0.580612833902245,38675.0
0.76,0.0089,0,1,0.179206982254982,0.5294460654258728,0.12520959973335266,-0.16361254453659058,0.8572080135345459,0.8004478812217712,-0.3412167727947235,0.6338080167770386,0.23678411543369293,0.9894402027130127,-0.055813487619161606,-0.11270999163389206,0.07202329486608505,1.5364880208938962,-0.15793638824692496,-0.23131478201225766,-7.453254922267256,-12.415518586139518,9.138478347485842,0.8251665234565735,-0.3428195118904114,0.3277619481086731,0.6752382516860962,-0.3412167727947235,0.6338080167770386,0.23678411543369293,-0.055813487619161606,-0.11270999163389206,0.07202329486608505,0.9894402027130127,1.5364880561828613,-0.15793639421463013,-0.2313147783279419,-0.3428195118904114,0.3277619481086731,0.6752382516860962,-0.4178227186203003,0.35079121589660645,0.6752382516860962,-0.49550509452819824,0.3618038296699524,0.6752382516860962,-0.5739538669586182,0.36052870750427246,0.6752382516860962,-0.6512372493743896,0.3469972014427185,0.6752382516860962,-0.7254524230957031,0.3215424418449402,0.6752382516860962,-0.7947718501091003,0.2847912907600403,0.6752382516860962,-0.8574886918067932,0.23764872550964355,0.6752382516860962,-0.9120586514472961,0.18127542734146118,0.6752382516860962,-0.9571380615234375,0.11705952882766724,0.6752382516860962,-0.0015232563018798828,-1.5707963705062866,1.0304301977157593,0.20000000298023224,-1.6125226759379887,-14.999999632907596,0.10128791003869549,38675.0
0.7798,0.0094,0,1,0.17080126702785492,0.5415089130401611,0.128106489777565,-0.17816881835460663,0.8627017736434937,0.8004478812217712,-0.3841603100299835,0.6569172143936157,0.22147810459136963,0.9901034832000732,-0.04108836501836777,-0.113299660384655,0.07188868522644043,0.9184004895566679,-0.12668205400359464,-0.2028900148152445,-5.743216650291791,-12.617963350032792,8.941080579154383,0.8227927684783936,-0.34897008538246155,0.3211928606033325,0.6723414063453674,-0.3841603100299835,0.6569172143936157,0.22147810459136963,-0.04108836501836777,-0.113299660384655,0.07188868522644043,0.9901034832000732,0.9184004664421082,-0.12668205797672272,-0.20289000868797302,-0.34897008538246155,0.3211928606033325,0.6723414063453674,-0.4246535301208496,0.34187740087509155,0.6723414063453674,-0.5026409029960632,0.3504677414894104,0.6723414063453674,-0.5810120105743408,0.346752405166626,0.6723414063453674,-0.6578369736671448,0.3308229446411133,0.6723414063453674,-0.7312242388725281,0.30307143926620483,0.6723414063453674,-0.7993666529655457,0.26418131589889526,0.6723414063453674,-0.860586404800415,0.21511024236679077,0.6723414063453674,-0.913375973701477,0.15706640481948853,0.6723414063453674,-0.9564356207847595,0.09147900342941284,0.6723414063453674,0.2929980754852295,-1.5707963705062866,1.0606156587600708,0.20000000298023224,6.693738662031006,-14.999999816453798,-0.29350762662421365,38675.0
0.7997,0.0099,0,1,0.1656232327222824,0.5528258085250854,0.13285401463508606,-0.19311466813087463,0.8678132891654968,0.8004478812217712,-0.41679519414901733,0.667464554309845,0.21003232896327972,0.99056476354599,-0.032654765993356705,-0.11291811615228653,0.07044555991888046,0.4878648795657792,-0.15682756448231366,-0.18503909569979554,-4.73859247907823,-12.656450088411669,8.661449173321518,0.820726215839386,-0.35873788595199585,0.3149874806404114,0.6675938367843628,-0.41679519414901733,0.667464554309845,0.21003232896327972,-0.032654765993356705,-0.11291811615228653,0.07044555991888046,0.99056476354599,0.4878648817539215,-0.15682756900787354,-0.18503910303115845,-0.35873788595199585,0.3149874806404114,0.6675938367843628,-0.43503689765930176,0.3332710266113281,0.6675938367843628,-0.5132567882537842,0.339393675327301,0.6675938367843628,-0.5914713740348816,0.33320462703704834,0.6675938367843628,-0.6677548885345459,0.3148563504219055,0.6675938367843628,-0.7402288913726807,0.28480064868927,0.6675938367843628,-0.8071088790893555,0.24377745389938354,0.6675938367843628,-0.8667479753494263,0.19279706478118896,0.6675938367843628,-0.9176778197288513,0.13311469554901123,0.6675938367843628,-0.9586441516876221,0.0661998987197876,0.6675938367843628,0.502576470375061,-1.5707963705062866,1.0819305181503296,0.20000000298023224,10.846869331015503,-14.999999908226899,-0.8527704382899608,38675.0
0.8204,0.0091,0,1,0.15700936317443848,0.5660141110420227,0.13800044357776642,-0.20809727907180786,0.8724161386489868,0.8004478812217712,-0.4515593647956848,0.6653429269790649,0.21194016933441162,0.9908568263053894,-0.025367598980665207,-0.11282380670309067,0.06948450952768326,0.8399521528003672,-0.025049447703122323,-0.2002417674272697,-3.8765890178037625,-12.71250822273143,8.454657658057565,0.8161015510559082,-0.36510664224624634,0.3064020276069641,0.662447452545166,-0.4515593647956848,0.6653429269790649,0.21194016933441162,-0.025367598980665207,-0.11282380670309067,0.06948450952768326,0.9908568263053894,0.8399521708488464,-0.025049448013305664,-0.20024177432060242,-0.36510664224624634,0.3064020276069641,0.662447452545166,-0.4419412612915039,0.32228511571884155,0.662447452545166,-0.5203145742416382,0.32595306634902954,0.662447452545166,-0.5982967615127563,0.3173155188560486,0.662447452545166,-0.6739676594734192,0.2965852618217468,0.662447452545166,-0.745464026927948,0.26427268981933594,0.662447452545166,-0.8110253214836121,0.2211734652519226,0.662447452545166,-0.8690372705459595,0.1683487892150879,0.662447452545166,-0.9180713891983032,0.10709941387176514,0.662447452545166,-0.9569202661514282,0.038933515548706055,0.662447452545166,0.49444806575775146,-1.5707963705062866,1.0759981870651245,0.20000000298023224,12.923434665507752,-14.999999954113449,-1.2663534688178606,38675.0
0.8401,0.0088,0,1,0.14618156850337982,0.5806102156639099,0.14998063445091248,-0.22348979115486145,0.8766170144081116,0.8004478812217712,-0.5012750625610352,0.6813061833381653,0.27035054564476013,0.9912117719650269,-0.014369415119290352,-0.11201605200767517,0.0688704177737236,1.6231151916739393,-0.04965519196269143,-0.18563452858526683,-2.5802871288973317,-12.713966973319978,8.236660860082933,0.8046021461486816,-0.3696713447570801,0.29600679874420166,0.6504672765731812,-0.5012750625610352,0.6813061833381653,0.27035054564476013,-0.014369415119290352,-0.11201605200767517,0.0688704177737236,0.9912117719650269,1.6231151819229126,-0.04965519160032272,-0.1856345236301422,-0.3696713447570801,0.29600679874420166,0.6504672765731812,-0.44697362184524536,0.30943024158477783,0.6504672765731812,-0.525424063205719,0.31059569120407104,0.6504672765731812,-0.6030910015106201,0.29947441816329956,0.6504672765731812,-0.6780619025230408,0.2763403058052063,0.6504672765731812,-0.7484908699989319,0.2417629361152649,0.6504672765731812,-0.8126436471939087,0.1965937614440918,0.6504672765731812,-0.868940532207489,0.1419450044631958,0.6504672765731812,-0.9159954190254211,0.07916229963302612,0.6504672765731812,-0.9526495933532715,0.009791553020477295,0.6504672765731812,0.36200034618377686,-1.5707963705062866,1.055573582649231,0.20000000298023224,13.961717332753876,-14.999999977056724,-1.702347064767125,38675.0
0.8599,0.0099,0,1,0.14494207501411438,0.5909779667854309,0.1465587317943573,-0.238633394241333,0.8802412152290344,0.8004478812217712,-0.4959932863712311,0.6760532259941101,0.20905634760856628,0.9916689395904541,0.003448274452239275,-0.10902248322963715,0.06850510835647583,2.069265780663317,-0.1580356908660713,-0.10650368189822776,-0.47528606013964375,-12.51533273236663,7.955601222430004,0.8114027380943298,-0.3835754692554474,0.2892632484436035,0.6538891792297363,-0.4959932863712311,0.6760532259941101,0.20905634760856628,0.003448274452239275,-0.10902248322963715,0.06850510835647583,0.9916689395904541,2.069265842437744,-0.15803569555282593,-0.1065036803483963,-0.3835754692554474,0.2892632484436035,0.6538891792297363,-0.4612582325935364,0.300273060798645,0.6538891792297363,-0.5397069454193115,0.29899507761001587,0.6538891792297363,-0.6169898509979248,0.28546077013015747,0.6538891792297363,-0.6912040710449219,0.26000338792800903,0.6538891792297363,-0.7605221271514893,0.22324973344802856,0.6538891792297363,-0.8232372999191284,0.1761048436164856,0.6538891792297363,-0.877805233001709,0.11972957849502563,0.6538891792297363,-0.9228823184967041,0.055512070655822754,0.6538891792297363,-0.9573585987091064,-0.014966368675231934,0.6538891792297363,0.1979597806930542,-1.5707963705062866,1.0280627012252808,0.20000000298023224,12.651988639900619,-14.999999988528362,-2.2644663400730103,38675.0
0.8798,0.0092,1,1,0.135586678981781,0.606224000453949,0.16019181907176971,-0.2539604902267456,0.883406937122345,0.8004478812217712,-0.5314891934394836,0.6753620505332947,0.2836311459541321,0.9914461374282837,0.0253248680382967,-0.10760863870382309,0.06936559826135635,2.137451359842888,-0.16936948860944645,-0.10001304233424345,2.0715952734420666,-12.526414778005337,7.7768465147050385,0.7990652322769165,-0.3895471692085266,0.277182936668396,0.6402560472488403,-0.5314891934394836,0.6753620505332947,0.2836311459541321,0.0253248680382967,-0.10760863870382309,0.06936559826135635,0.9914461374282837,2.137451410293579,-0.16936948895454407,-0.10001304000616074,-0.3895471692085266,0.277182936668396,0.6402560472488403,-0.46753647923469543,0.28575611114501953,0.6402560472488403,-0.5459067225456238,0.28202348947525024,0.6402560472488403,-0.6227282285690308,0.26607704162597656,0.6402560472488403,-0.6961093544960022,0.23830938339233398,0.6402560472488403,-0.7642431855201721,0.1994042992591858,0.6402560472488403,-0.8254520893096924,0.15031969547271729,0.6402560472488403,-0.8782289028167725,0.09226417541503906,0.6402560472488403,-0.9212740659713745,0.026667356491088867,0.6402560472488403,-0.9535276293754578,-0.044855594635009766,0.6402560472488403,0.17525207996368408,-1.5707963705062866,1.0303376913070679,0.20000000298023224,11.346596586354467,-14.999999994264181,-2.621975755522941,38675.0
0.8999,0.0095,1,1,0.1304997056722641,0.6207597851753235,0.1596602350473404,-0.2696055471897125,0.8861271142959595,0.8004478812217712,-0.5364699959754944,0.6703996658325195,0.2333069145679474,0.99083411693573,0.0455152653157711,-0.10632377862930298,0.0697806254029274,1.718240243176316,-0.019646605414705302,-0.12032089400285861,4.427516075694582,-12.535860653577638,7.570387692659925,0.8006952404975891,-0.40010523796081543,0.265367329120636,0.640787661075592,-0.5364699959754944,0.6703996658325195,0.2333069145679474,0.0455152653157711,-0.10632377862930298,0.0697806254029274,0.99083411693573,1.7182402610778809,-0.019646605476737022,-0.1203208938241005,-0.40010523796081543,0.265367329120636,0.640787661075592,-0.4783274531364441,0.27145957946777344,0.640787661075592,-0.5565396547317505,0.2652401924133301,0.640787661075592,-0.6328160166740417,0.2468622326850891,0.640787661075592,-0.7052783370018005,0.21677833795547485,0.640787661075592,-0.7721424102783203,0.17572921514511108,0.640787661075592,-0.8317617177963257,0.12472563982009888,0.640787661075592,-0.8826683163642883,0.06502348184585571,0.640787661075592,-0.9236087203025818,-0.0019071698188781738,0.640787661075592,-0.9535747766494751,-0.07441830635070801,0.640787661075592,0.3613330125808716,-1.5707963705062866,1.0484892129898071,0.20000000298023224,13.173298293177233,-14.99999999713209,-3.034893399613133,38675.0
0.9203,0.0097,1,1,0.11525087058544159,0.6255966424942017,0.15810319781303406,-0.2850522994995117,0.8883143663406372,0.8004478812217712,-0.5746512413024902,0.6136347055435181,0.193590447306633,0.9898508191108704,0.0641314834356308,-0.10575301945209503,0.06997688859701157,1.1423605527445082,0.04748347563989428,-0.09071181906908721,6.5997936915546385,-12.611250657677852,7.357428128463883,0.8011678457260132,-0.4003031849861145,0.26271772384643555,0.6423447132110596,-0.5746512413024902,0.6136347055435181,0.193590447306633,0.0641314834356308,-0.10575301945209503,0.06997688859701157,0.9898508191108704,1.1423605680465698,0.047483474016189575,-0.0907118171453476,-0.4003031849861145,0.26271772384643555,0.6423447132110596,-0.47867733240127563,0.2663666605949402,0.6423447132110596,-0.5566574335098267,0.25771021842956543,0.6423447132110596,-0.6323233246803284,0.23696160316467285,0.6423447132110596,-0.7038118243217468,0.20463168621063232,0.6423447132110596,-0.7693626880645752,0.1615164875984192,0.6423447132110596,-0.8273618221282959,0.10867774486541748,0.6423447132110596,-0.8763810396194458,0.047416508197784424,0.6423447132110596,-0.915213406085968,-0.020758867263793945,0.6423447132110596,-0.942902684211731,-0.09416955709457397,0.6423447132110596,0.3679896593093872,-1.5707963705062866,1.0662387609481812,0.20000000298023224,14.086649146588616,-14.999999998566045,-3.4608125280052495,38675.0
0.9401,0.0093,1,1,0.10642515122890472,0.6376860737800598,0.16459064185619354,-0.3006463944911957,0.8900268077850342,0.8004478812217712,-0.5972005128860474,0.5806261301040649,0.20819252729415894,0.9892130494117737,0.07608812302350998,-0.10401469469070435,0.0696217492222786,0.9732577464287195,-0.05217811265424278,-0.026518973750844242,8.010394279066277,-12.49651103721857,7.173319464230399,0.7960511445999146,-0.4070715308189392,0.25234073400497437,0.6358572244644165,-0.5972005128860474,0.5806261301040649,0.20819252729415894,0.07608812302350998,-0.10401469469070435,0.0696217492222786,0.9892130494117737,0.9732577204704285,-0.05217811092734337,-0.02651897445321083,-0.4070715308189392,0.25234073400497437,0.6358572244644165,-0.4855216145515442,0.2535291314125061,0.6358572244644165,-0.5631917715072632,0.24243056774139404,0.6358572244644165,-0.638169527053833,0.21931838989257812,0.6358572244644165,-0.7086085677146912,0.184761643409729,0.6358572244644165,-0.7727745175361633,0.13961130380630493,0.6358572244644165,-0.8290874361991882,0.08497899770736694,0.6358572244644165,-0.8761606812477112,0.02221006155014038,0.6358572244644165,-0.9128351807594299,-0.04714995622634888,0.6358572244644165,-0.9382078051567078,-0.12139320373535156,0.6358572244644165,0.3600674867630005,-1.5707963705062866,1.06489098072052,0.20000000298023224,14.543324573294308,-14.999999999283023,-3.8290298564722005,38675.0
0.96,0.0093,1,1,0.09604854136705399,0.649351954460144,0.16661740839481354,-0.3161851763725281,0.8912428617477417,0.8004478812217712,-0.6221774220466614,0.5522215962409973,0.19501946866512299,0.988595187664032,0.08505827933549881,-0.10311427712440491,0.06935463100671768,0.790709771612584,0.04270897708235703,-0.05941997586627879,9.066585039035026,-12.455126816413067,7.034566950048414,0.7938444018363953,-0.41223371028900146,0.24189090728759766,0.6338304877281189,-0.6221774220466614,0.5522215962409973,0.19501946866512299,0.08505827933549881,-0.10311427712440491,0.06935463100671768,0.988595187664032,0.7907097935676575,0.042708978056907654,-0.05941997468471527,-0.41223371028900146,0.24189090728759766,0.6338304877281189,-0.4906827211380005,0.2406335473060608,0.6338304877281189,-0.5679692029953003,0.22711950540542603,0.6338304877281189,-0.6421900987625122,0.20168155431747437,0.6338304877281189,-0.711517870426178,0.16494613885879517,0.6338304877281189,-0.7742453813552856,0.1178176999092102,0.6338304877281189,-0.8288280963897705,0.06145673990249634,0.6338304877281189,-0.8739220499992371,-0.0027489066123962402,0.6338304877281189,-0.9084168076515198,-0.07321834564208984,0.6338304877281189,-0.9314630627632141,-0.1482163667678833,0.6338304877281189,0.4495145082473755,-1.5707963705062866,1.0818573236465454,0.20000000298023224,14.771662286647153,-14.999999999641512,-4.106534884836148,38675.0
0.9799,0.0092,1,1,0.0810525193810463,0.657242476940155,0.17343801259994507,-0.33193203806877136,0.8919795155525208,0.8004478812217712,-0.6561470031738281,0.5107581615447998,0.21014496684074402,0.9881044030189514,0.09424314647912979,-0.10078472644090652,0.06788482517004013,0.8268933423951637,-0.05514588943875664,-0.041935807322447394,10.17020659809893,-12.237649770848527,6.767208653472776,0.7866378426551819,-0.41298454999923706,0.23473703861236572,0.6270098686218262,-0.6561470031738281,0.5107581615447998,0.21014496684074402,0.09424314647912979,-0.10078472644090652,0.06788482517004013,0.9881044030189514,0.8268933296203613,-0.05514588952064514,-0.04193580895662308,-0.41298454999923706,0.23473703861236572,0.6270098686218262,-0.49135494232177734,0.23100727796554565,0.6270098686218262,-0.5681770443916321,0.21506351232528687,0.6270098686218262,-0.6415591239929199,0.1872984766960144,0.6270098686218262,-0.7096943855285645,0.14839577674865723,0.6270098686218262,-0.7709050178527832,0.09931337833404541,0.6270098686218262,-0.8236838579177856,0.041259765625,0.6270098686218262,-0.8667313456535339,-0.02433556318283081,0.6270098686218262,-0.8989874720573425,-0.09585738182067871,0.6270098686218262,-0.9196580052375793,-0.1715446412563324,0.6270098686218262,0.35429859161376953,-1.5707963705062866,1.0859373807907104,0.20000000298023224,14.885831143323577,-14.999999999820755,-4.641251477987448,38675.0
1.0,0.0101,1,1,0.0691394954919815,0.6655005216598511,0.17470166087150574,-0.3478614389896393,0.8922193050384521,0.8004478812217712,-0.6786054372787476,0.46924862265586853,0.1968732625246048,0.987315833568573,0.10181959718465805,-0.1010160744190216,0.06807371228933334,0.8355295077570999,-0.21136034846505283,0.04535843537638998,11.052974033659192,-12.317688689551629,6.692012738165929,0.7853977084159851,-0.417000949382782,0.22671878337860107,0.6257462501525879,-0.6786054372787476,0.46924862265586853,0.1968732625246048,0.10181959718465805,-0.1010160744190216,0.06807371228933334,0.987315833568573,0.8355295062065125,-0.21136035025119781,0.045358434319496155,-0.417000949382782,0.22671878337860107,0.6257462501525879,-0.49521273374557495,0.22049415111541748,0.6257462501525879,-0.5714878439903259,0.20211106538772583,0.6257462501525879,-0.6439481377601624,0.17202228307724,0.6257462501525879,-0.7108094096183777,0.13096868991851807,0.6257462501525879,-0.7704253196716309,0.07996106147766113,0.6257462501525879,-0.8213278651237488,0.02025550603866577,0.6257462501525879,-0.8622637391090393,-0.04667794704437256,0.6257462501525879,-0.892224907875061,-0.11919111013412476,0.6257462501525879,-0.9104737043380737,-0.19549843668937683,0.6257462501525879,0.28571438789367676,-1.5707963705062866,1.0796221494674683,0.20000000298023224,14.94291557166179,-14.999999999910377,-4.791643308601145,38675.0
1.0197,0.0093,1,1,0.055127907544374466,0.6748007535934448,0.18287865817546844,-0.3632563054561615,0.8919687271118164,0.8004478812217712,-0.6986663341522217,0.4238985776901245,0.19874568283557892,0.9865624308586121,0.10994793474674225,-0.10034031420946121,0.06734862923622131,0.7560077173444156,-0.21289737524343524,0.07380564802796548,12.016518470505947,-12.286117942336281,6.512529838933262,0.7769163250923157,-0.41838422417640686,0.21716797351837158,0.6175692081451416,-0.6986663341522217,0.4238985776901245,0.19874568283557892,0.10994793474674225,-0.10034031420946121,0.06734862923622131,0.9865624308586121,0.756007730960846,-0.2128973752260208,0.07380564510822296,-0.41838422417640686,0.21716797351837158,0.6175692081451416,-0.49636727571487427,0.20853811502456665,0.6175692081451416,-0.5720402002334595,0.18781524896621704,0.6175692081451416,-0.6435397267341614,0.15550965070724487,0.6175692081451416,-0.7091052532196045,0.11241680383682251,0.6175692081451416,-0.7671223282814026,0.05959784984588623,0.6175692081451416,-0.8161624073982239,-0.0016467571258544922,0.6175692081451416,-0.8550180196762085,-0.06980884075164795,0.6175692081451416,-0.8827322721481323,-0.14321011304855347,0.6175692081451416,-0.8986228704452515,-0.22004318237304688,0.6175692081451416,0.2448030710220337,-1.5707963705062866,1.0781499147415161,0.20000000298023224,14.484549176532832,-14.99999999995519,-5.150609107066454,38675.0
1.0411,0.0098,1,1,0.04280547797679901,0.6827408671379089,0.1836613267660141,-0.37909796833992004,0.8912150859832764,0.8004478812217712,-0.7180049419403076,0.3833521008491516,0.18526217341423035,0.9858897924423218,0.11674171686172485,-0.09957379847764969,0.06690139323472977,0.5322418984685829,0.020512070351143007,0.028061000198054364,12.821107063719927,-12.237117844865734,6.384056853691094,0.7758154273033142,-0.42190343141555786,0.20847421884536743,0.616786539554596,-0.7180049419403076,0.3833521008491516,0.18526217341423035,0.11674171686172485,-0.09957379847764969,0.06690139323472977,0.9858897924423218,0.5322418808937073,0.020512070506811142,0.028061000630259514,-0.42190343141555786,0.20847421884536743,0.616786539554596,-0.49957358837127686,0.19737547636032104,0.616786539554596,-0.5745512247085571,0.17426306009292603,0.616786539554596,-0.6449902057647705,0.1397060751914978,0.616786539554596,-0.7091560363769531,0.0945555567741394,0.616786539554596,-0.7654687762260437,0.03992307186126709,0.616786539554596,-0.8125418424606323,-0.022845983505249023,0.616786539554596,-0.8492160439491272,-0.09220612049102783,0.616786539554596,-0.8745884895324707,-0.1664494276046753,0.616786539554596,-0.8880343437194824,-0.24374783039093018,0.616786539554596,0.3406001329421997,-1.5707963705062866,1.091910481452942,0.20000000298023224,14.742274588266415,-14.999999999977595,-5.407555077550824,38675.0
1.0601,0.0098,1,1,0.03160141408443451,0.6935381889343262,0.19585520029067993,-0.3948659300804138,0.8899634480476379,0.8004478812217712,-0.7425583004951477,0.3431812524795532,0.23379692435264587,0.9855542182922363,0.12118873000144958,-0.0978575274348259,0.06646880507469177,0.44318525898411515,-0.07916224702076678,0.05079805009379611,13.354062816118262,-12.06365876256407,6.2992827275952665,0.7654995918273926,-0.4264673590660095,0.19642525911331177,0.6045926809310913,-0.7425583004951477,0.3431812524795532,0.23379692435264587,0.12118873000144958,-0.0978575274348259,0.06646880507469177,0.9855542182922363,0.4431852698326111,-0.07916224747896194,0.05079805105924606,-0.4264673590660095,0.19642525911331177,0.6045926809310913,-0.5037475228309631,0.18287521600723267,0.6045926809310913,-0.5779566168785095,0.15740275382995605,0.6045926809310913,-0.64726722240448,0.1206350326538086,0.6045926809310913,-0.7099727988243103,0.07347738742828369,0.6045926809310913,-0.764529287815094,0.017091035842895508,0.6045926809310913,-0.8095933198928833,-0.04713559150695801,0.6045926809310913,-0.8440552949905396,-0.11762106418609619,0.6045926809310913,-0.8670666217803955,-0.19262981414794922,0.6045926809310913,-0.8780606389045715,-0.2703148126602173,0.6045926809310913,0.3326832056045532,-1.5707963705062866,1.0929683446884155,0.20000000298023224,14.871137294133208,-14.999999999988798,-5.577103329742484,38675.0
1.08,0.0096,1,1,0.012690621428191662,0.6964161992073059,0.19651810824871063,-0.4105091392993927,0.8882234692573547,0.8004478812217712,-0.7727603912353516,0.28547024726867676,0.2053864598274231,0.9849255084991455,0.1256958544254303,-0.09805800765752792,0.0671195313334465,0.3393605257278038,-0.13406816483936126,0.0321593387995773,13.874001309619526,-12.12428377891773,6.316385077581517,0.7619837522506714,-0.42319977283477783,0.19180727005004883,0.6039297580718994,-0.7727603912353516,0.28547024726867676,0.2053864598274231,0.1256958544254303,-0.09805800765752792,0.0671195313334465,0.9849255084991455,0.3393605351448059,-0.13406816124916077,0.032159339636564255,-0.42319977283477783,0.19180727005004883,0.6039297580718994,-0.500015139579773,0.17583155632019043,0.6039297580718994,-0.5733856558799744,0.1480359435081482,0.6039297580718994,-0.64150470495224,0.10910487174987793,0.6039297580718994,-0.7026948928833008,0.05999690294265747,0.6039297580718994,-0.7554495334625244,0.0019212961196899414,0.6039297580718994,-0.7984696626663208,-0.06369191408157349,0.6039297580718994,-0.8306959867477417,-0.13522720336914062,0.6039297580718994,-0.8513349890708923,-0.21092304587364197,0.6039297580718994,-0.859878420829773,-0.28891560435295105,0.6039297580718994,0.2674189805984497,-1.5707963705062866,1.1087456941604614,0.20000000298023224,14.935568647066603,-14.9999999999944,-5.542898629769948,38675.0
1.0998,0.0092,1,1,-0.003954839427024126,0.702558696269989,0.2054663896560669,-0.4258614778518677,0.8860283493995667,0.8004478812217712,-0.7970904111862183,0.23891538381576538,0.20909233391284943,0.9845098853111267,0.12885817885398865,-0.09888537973165512,0.065996453166008,0.2972070465981344,-0.19045852864956592,0.08576269204544643,14.255978454422271,-12.22291170784786,6.135891825546818,0.7521098852157593,-0.42190665006637573,0.18346965312957764,0.5949814915657043,-0.7970904111862183,0.23891538381576538,0.20909233391284943,0.12885817885398865,-0.09888537973165512,0.065996453166008,0.9845098853111267,0.2972070574760437,-0.1904585212469101,0.08576269447803497,-0.42190665006637573,0.18346965312957764,0.5949814915657043,-0.49818962812423706,0.16511929035186768,0.5949814915657043,-0.5706628561019897,0.1350616216659546,0.5949814915657043,-0.6375417113304138,0.09403663873672485,0.5949814915657043,-0.6971794962882996,0.04305464029312134,0.5949814915657043,-0.7481076717376709,-0.016629159450531006,0.5949814915657043,-0.7890722155570984,-0.0835450291633606,0.5949814915657043,-0.8190644979476929,-0.1560453176498413,0.5949814915657043,-0.8373459577560425,-0.2323448359966278,0.5949814915657043,-0.8434665203094482,-0.3105648159980774,0.5949814915657043,0.22450709342956543,-1.5707963705062866,1.104249119758606,0.20000000298023224,13.899438785664978,-14.9999999999972,-5.903885133839377,38675.0
1.12,0.01,1,1,-0.020964745432138443,0.7083295583724976,0.20595206320285797,-0.44153302907943726,0.8832826614379883,0.8004478812217712,-0.830073356628418,0.19524042308330536,0.18376924097537994,0.983843207359314,0.13167788088321686,-0.10113140195608139,0.0669618621468544,0.2728993433540588,-0.16637251692148258,0.09252261880752977,14.56805489746712,-12.511154506886076,6.18179569699631,0.7489402890205383,-0.4205682873725891,0.17495310306549072,0.5944958329200745,-0.830073356628418,0.19524042308330536,0.18376924097537994,0.13167788088321686,-0.10113140195608139,0.0669618621468544,0.983843207359314,0.272899329662323,-0.16637252271175385,0.09252262115478516,-0.4205682873725891,0.17495310306549072,0.5944958329200745,-0.49622881412506104,0.1541849970817566,0.5944958329200745,-0.5677089691162109,0.12183666229248047,0.5944958329200745,-0.6332487463951111,0.07870465517044067,0.5944958329200745,-0.6912342309951782,0.025850951671600342,0.5944958329200745,-0.7402377128601074,-0.0354229211807251,0.5944958329200745,-0.7790524959564209,-0.10360825061798096,0.5944958329200745,-0.80672287940979,-0.17702609300613403,0.5944958329200745,-0.8225675225257874,-0.2538686692714691,0.5944958329200745,-0.8261963129043579,-0.33224380016326904,0.5944958329200745,0.25346171855926514,-1.5707963705062866,1.114327073097229,0.20000000298023224,14.21086276362178,-14.9999999999986,-5.812077390940386,38675.0
1.1397,0.0099,1,1,-0.034356772899627686,0.7099159359931946,0.2046775072813034,-0.4566970467567444,0.880132257938385,0.8004478812217712,-0.8353639245033264,0.1391250342130661,0.15748529136180878,0.9833877086639404,0.134797602891922,-0.10166138410568237,0.06664188951253891,0.03542744941483565,-0.15803645652488468,0.11881066528294512,14.937261373699945,-12.586391668358448,6.097155636554849,0.7498581409454346,-0.4223402738571167,0.17021632194519043,0.5957703590393066,-0.8353639245033264,0.1391250342130661,0.15748529136180878,0.134797602891922,-0.10166138410568237,0.06664188951253891,0.9833877086639404,0.03542745113372803,-0.15803645551204681,0.11881066858768463,-0.4223402738571167,0.17021632194519043,0.5957703590393066,-0.4973212480545044,0.1471148133277893,0.5957703590393066,-0.5677652359008789,0.11256814002990723,0.5957703590393066,-0.6319376826286316,0.06742691993713379,0.5957703590393066,-0.6882584095001221,0.012802660465240479,0.5957703590393066,-0.7353405952453613,-0.04995959997177124,0.5957703590393066,-0.772024929523468,-0.11931437253952026,0.5957703590393066,-0.7974081635475159,-0.19355398416519165,0.5957703590393066,-0.8108652234077454,-0.27085041999816895,0.5957703590393066,-0.8120648264884949,-0.3493003249168396,0.5957703590393066,0.24314475059509277,-1.5707963705062866,1.1155699491500854,0.20000000298023224,14.071015391740804,-14.9999999999993,-5.981357511823288,38675.0
1.1599,0.0093,1,1,-0.051639217883348465,0.7130118012428284,0.20982706546783447,-0.47199538350105286,0.8764522075653076,0.8004478812217712,-0.8668389320373535,0.08833079040050507,0.17157317698001862,0.9833602905273438,0.13528138399124146,-0.10175744444131851,0.0659160390496254,0.07126549169073426,-0.06039804258255641,0.12974870064357769,15.003011155689185,-12.589411621528981,6.005393627391202,0.7431318759918213,-0.4203561544418335,0.16344040632247925,0.5906208157539368,-0.8668389320373535,0.08833079040050507,0.17157317698001862,0.13528138399124146,-0.10175744444131851,0.0659160390496254,0.9833602905273438,0.07126548886299133,-0.06039804220199585,0.12974870204925537,-0.4203561544418335,0.16344040632247925,0.5906208157539368,-0.4945731461048126,0.1379910707473755,0.5906208157539368,-0.5638952255249023,0.10124492645263672,0.5906208157539368,-0.6266154646873474,0.054106831550598145,0.5906208157539368,-0.6811895370483398,-0.0022625327110290527,0.5906208157539368,-0.7262735366821289,-0.06647515296936035,0.5906208157539368,-0.7607574462890625,-0.13694989681243896,0.5906208157539368,-0.7837920784950256,-0.21195149421691895,0.5906208157539368,-0.7948103547096252,-0.28963303565979004,0.5906208157539368,-0.7935408353805542,-0.36808186769485474,0.5906208157539368,0.21471047401428223,-1.5707963705062866,1.1166661977767944,0.20000000298023224,13.186509685006255,-14.99999999999965,-6.16488153015059,38675.0
1.1799,0.0096,1,1,-0.0691327378153801,0.7150239944458008,0.2122410088777542,-0.48717811703681946,0.8722904324531555,0.8004478812217712,-0.8958342671394348,0.03901059925556183,0.1613520085811615,0.9832340478897095,0.1352846920490265,-0.10218384116888046,0.06712274253368378,0.034159277070875134,-0.06921010557330315,0.11891760784546862,14.986937349594118,-12.656331184745243,6.139266742181763,0.7385675311088562,-0.41804537177085876,0.15726643800735474,0.5882068872451782,-0.8958342671394348,0.03901059925556183,0.1613520085811615,0.1352846920490265,-0.10218384116888046,0.06712274253368378,0.9832340478897095,0.03415927663445473,-0.06921010464429855,0.11891760677099228,-0.41804537177085876,0.15726643800735474,0.5882068872451782,-0.4914243817329407,0.12949317693710327,0.5882068872451782,-0.5595552325248718,0.09058284759521484,0.5882068872451782,-0.620760440826416,0.04149359464645386,0.5882068872451782,-0.6735327839851379,-0.016565918922424316,0.5882068872451782,-0.7165729403495789,-0.08216601610183716,0.5882068872451782,-0.7488210797309875,-0.15369147062301636,0.5882068872451782,-0.7694831490516663,-0.2293809950351715,0.5882068872451782,-0.778050422668457,-0.30737096071243286,0.5882068872451782,-0.7743118405342102,-0.3857409358024597,0.5882068872451782,0.2029736042022705,-1.5707963705062866,1.1260486841201782,0.20000000298023224,12.408020279177592,-14.999999999999826,-5.897135300569475,38675.0
1.1996,0.0094,1,1,-0.08831369876861572,0.7168508768081665,0.22044402360916138,-0.5020502209663391,0.867708683013916,0.8004478812217712,-0.9211251735687256,-0.012987345457077026,0.16621728241443634,0.983309805393219,0.13533063232898712,-0.1022585779428482,0.06579221040010452,-0.10597278905729887,-0.13307842598736855,0.16267293675892858,15.008932436925683,-12.6450863393415,5.9833332730450985,0.7282447814941406,-0.4137365221977234,0.1508578062057495,0.5800038576126099,-0.9211251735687256,-0.012987345457077026,0.16621728241443634,0.13533063232898712,-0.1022585779428482,0.06579221040010452,0.983309805393219,-0.1059727892279625,-0.1330784261226654,0.16267293691635132,-0.4137365221977234,0.1508578062057495,0.5800038576126099,-0.48621565103530884,0.12081444263458252,0.5800038576126099,-0.5531026721000671,0.0798027515411377,0.5800038576126099,-0.6127505302429199,0.028832554817199707,0.5800038576126099,-0.6636905670166016,-0.03084111213684082,0.5800038576126099,-0.704668402671814,-0.09774887561798096,0.5800038576126099,-0.7346750497817993,-0.17024320363998413,0.5800038576126099,-0.7529716491699219,-0.24653911590576172,0.5800038576126099,-0.7591076493263245,-0.3247579038143158,0.5800038576126099,-0.752932071685791,-0.40297356247901917,0.5800038576126099,0.17947018146514893,-1.5707963705062866,1.1244114637374878,0.20000000298023224,11.34545211278882,-14.999999999999913,-6.209002238842806,38675.0
1.2199,0.0098,1,1,-0.10715577006340027,0.717336893081665,0.22178909182548523,-0.5171626806259155,0.8625257015228271,0.8004478812217712,-0.9463070631027222,-0.05918773636221886,0.1511322557926178,0.9833231568336487,0.1338978111743927,-0.10307716578245163,0.06723130494356155,-0.18706920675400615,-0.23489230617310197,0.19895544397600462,14.819682488131317,-12.75135947760329,6.157504870657929,0.7239001989364624,-0.41000691056251526,0.1451888084411621,0.5786588191986084,-0.9463070631027222,-0.05918773636221886,0.1511322557926178,0.1338978111743927,-0.10307716578245163,0.06723130494356155,0.9833231568336487,-0.18706920742988586,-0.23489230871200562,0.1989554464817047,-0.41000691056251526,0.1451888084411621,0.5786588191986084,-0.4814892113208771,0.11284518241882324,0.5786588191986084,-0.5470317602157593,0.06971746683120728,0.5786588191986084,-0.6050207614898682,0.01686757802963257,0.5786588191986084,-0.6540281772613525,-0.044403076171875,0.5786588191986084,-0.692847490310669,-0.11258590221405029,0.5786588191986084,-0.7205227613449097,-0.18600189685821533,0.5786588191986084,-0.7363724708557129,-0.26284343004226685,0.5786588191986084,-0.7400063276290894,-0.34121832251548767,0.5786588191986084,-0.731334924697876,-0.419196754693985,0.5786588191986084,0.18959176540374756,-1.5707963705062866,1.1263622045516968,0.20000000298023224,11.104130050428985,-14.999999999999957,-5.860659043617137,38675.0
1.24,0.0096,1,1,-0.13270153105258942,0.7121559977531433,0.23184025287628174,-0.5318677425384521,0.8569555282592773,0.8004478812217712,-0.9914553761482239,-0.1250426173210144,0.17604564130306244,0.9834744334220886,0.1316235512495041,-0.10464891791343689,0.06708159297704697,-0.3063867631385558,-0.06425593518834802,0.14859513434163346,14.549204725497349,-12.91457707246365,6.148566685584239,0.7096585035324097,-0.3991662263870239,0.14479953050613403,0.5686076283454895,-0.9914553761482239,-0.1250426173210144,0.17604564130306244,0.1316235512495041,-0.10464891791343689,0.06708159297704697,0.9834744334220886,-0.3063867688179016,-0.06425593793392181,0.14859513938426971,-0.3991662263870239,0.14479953050613403,0.5686076283454895,-0.46959608793258667,0.11022406816482544,0.5686076283454895,-0.533750057220459,0.0650566816329956,0.5686076283454895,-0.5900484919548035,0.01040947437286377,0.5686076283454895,-0.6371050477027893,-0.052371978759765625,0.5686076283454895,-0.6737611293792725,-0.12174177169799805,0.5686076283454895,-0.6991140246391296,-0.19599169492721558,0.5686076283454895,-0.712539553642273,-0.2732936441898346,0.5686076283454895,-0.7137071490287781,-0.35174402594566345,0.5686076283454895,-0.7025879621505737,-0.42941123247146606,0.5686076283454895,0.10787606239318848,-1.5707963705062866,1.1314407587051392,0.20000000298023224,8.642486568024312,-14.999999999999979,-5.878535413764541,38675.0
1.2596,0.0092,1,1,-0.15118086338043213,0.7084037661552429,0.22655586898326874,-0.5460871458053589,0.8510570526123047,0.8004478812217712,-1.0054088830947876,-0.17543430626392365,0.14017124474048615,0.9837223291397095,0.13002142310142517,-0.1040341928601265,0.06752528250217438,-0.34394409227993916,0.023135506648493433,0.13696895480008123,14.356897904616577,-12.840690928648272,6.2295820012698915,0.7110927700996399,-0.39490628242492676,0.14265328645706177,0.5738919973373413,-1.0054088830947876,-0.17543430626392365,0.14017124474048615,0.13002142310142517,-0.1040341928601265,0.06752528250217438,0.9837223291397095,-0.34394410252571106,0.023135507479310036,0.1369689553976059,-0.39490628242492676,0.14265328645706177,0.5738919973373413,-0.46423840522766113,0.10592609643936157,0.5738919973373413,-0.5269715189933777,0.058805108070373535,0.5738919973373413,-0.5815609097480774,0.0024506449699401855,0.5738919973373413,-0.6266624927520752,-0.06174969673156738,0.5738919973373413,-0.6611655950546265,-0.13221502304077148,0.5738919973373413,-0.6842207312583923,-0.20721030235290527,0.5738919973373413,-0.6952601671218872,-0.2848888635635376,0.5738919973373413,-0.6940121054649353,-0.36333802342414856,0.5738919973373413,-0.680507242679596,-0.4406261146068573,0.5738919973373413,0.1045612096786499,-1.5707963705062866,1.1368321180343628,0.20000000298023224,7.3167012916967025,-14.99999999999999,-5.716504782393215,38675.0
1.2799,0.0098,1,1,-0.169391468167305,0.7057446241378784,0.2389523983001709,-0.5606541037559509,0.8444714546203613,0.8004478812217712,-1.036191701889038,-0.22689318656921387,0.1924521028995514,0.9843128323554993,0.12596489489078522,-0.10369163751602173,0.06713585555553436,-0.47364503079384196,-0.03183673428421703,0.1690434344682367,13.886029034714126,-12.770332550917633,6.242223940619332,0.6982899308204651,-0.39126265048980713,0.1387268304824829,0.5614954829216003,-1.036191701889038,-0.22689318656921387,0.1924521028995514,0.12596489489078522,-0.10369163751602173,0.06713585555553436,0.9843128323554993,-0.47364503145217896,-0.03183673322200775,0.1690434366464615,-0.39126265048980713,0.1387268304824829,0.5614954829216003,-0.4593851566314697,0.09980189800262451,0.5614954829216003,-0.5205798149108887,0.05069953203201294,0.5614954829216003,-0.5733397603034973,-0.007371306419372559,0.5614954829216003,-0.6163658499717712,-0.07298064231872559,0.5614954829216003,-0.6485986113548279,-0.14451295137405396,0.5614954829216003,-0.6692444682121277,-0.22020694613456726,0.5614954829216003,-0.6777949929237366,-0.29819872975349426,0.5614954829216003,-0.6740396022796631,-0.37656790018081665,0.5614954829216003,-0.6580708622932434,-0.45338475704193115,0.5614954829216003,0.04959273338317871,-1.5707963705062866,1.1286739110946655,0.20000000298023224,5.079077804535194,-14.999999999999995,-5.691220903694352,38675.0
1.2999,0.0095,1,1,-0.1919034868478775,0.7017748355865479,0.233329176902771,-0.5746544599533081,0.8376015424728394,0.8004478812217712,-1.0681242942810059,-0.2620994448661804,0.1413094848394394,0.9848294854164124,0.12126632779836655,-0.10507749766111374,0.06604581326246262,-0.613339581166808,-0.20667060500920734,0.25507620433773076,13.343245037128007,-12.884423169500035,6.1599691394540255,0.6975463032722473,-0.3827509880065918,0.1358267068862915,0.5671187043190002,-1.0681242942810059,-0.2620994448661804,0.1413094848394394,0.12126632779836655,-0.10507749766111374,0.06604581326246262,0.9848294854164124,-0.6133396029472351,-0.2066706120967865,0.25507619976997375,-0.3827509880065918,0.1358267068862915,0.5671187043190002,-0.44962650537490845,0.09479618072509766,0.5671187043190002,-0.5092599987983704,0.04380923509597778,0.5671187043190002,-0.5601832866668701,-0.015878736972808838,0.5671187043190002,-0.6011422872543335,-0.08279794454574585,0.5671187043190002,-0.6311286091804504,-0.15530073642730713,0.5671187043190002,-0.6494038105010986,-0.2316017746925354,0.5671187043190002,-0.6555178761482239,-0.30982229113578796,0.5671187043190002,-0.6493202447891235,-0.38803622126579285,0.5671187043190002,-0.6309636235237122,-0.4643176794052124,0.5671187043190002,0.15222573280334473,-1.1753761768341064,1.1165162324905396,0.20000000298023224,6.900484913726508,-14.999999999999996,-5.85573050602493,38675.0
1.3199,0.0097,1,1,-0.21345917880535126,0.6971580982208252,0.23394373059272766,-0.5885323882102966,0.8302440047264099,0.8004478812217712,-1.0887203216552734,-0.30321159958839417,0.13043028116226196,0.9854846000671387,0.11416079103946686,-0.10607563704252243,0.06733071804046631,-0.7236182190088174,-0.20759024446788216,0.2461631700909672,12.488291764845798,-12.970236653331062,6.391860174298324,0.6923284530639648,-0.3750731945037842,0.13308590650558472,0.5665041208267212,-1.0887203216552734,-0.30321159958839417,0.13043028116226196,0.11416079103946686,-0.10607563704252243,0.06733071804046631,0.9854846000671387,-0.72361820936203,-0.2075902372598648,0.24616317451000214,-0.3750731945037842,0.13308590650558472,0.5665041208267212,-0.440626859664917,0.08997505903244019,0.5665041208267212,-0.4986293911933899,0.037140071392059326,0.5665041208267212,-0.5476526618003845,-0.024118006229400635,0.5665041208267212,-0.5864894390106201,-0.09229081869125366,0.5665041208267212,-0.6141835451126099,-0.16569972038269043,0.5665041208267212,-0.6300529837608337,-0.24253714084625244,0.5665041208267212,-0.6337069869041443,-0.32091110944747925,0.5665041208267212,-0.6250556707382202,-0.39889177680015564,0.5665041208267212,-0.604312002658844,-0.4745590090751648,0.5665041208267212,0.22227370738983154,-0.8929940462112427,1.1133226156234741,0.20000000298023224,9.817915121944836,-14.999999999999998,-5.391948436336366,38675.0
1.3398,0.0097,1,1,-0.2368636131286621,0.6928947567939758,0.23988546431064606,-0.6021632552146912,0.8224596381187439,0.8004478812217712,-1.1216026544570923,-0.34288737177848816,0.13950727880001068,0.9860869646072388,0.10706333070993423,-0.10795969516038895,0.06717611104249954,-0.6504586538613051,0.09570089350907918,0.18298666402669872,11.649749288328678,-13.138133540848845,6.448237085203915,0.6815138459205627,-0.36529964208602905,0.12956488132476807,0.5605624318122864,-1.1216026544570923,-0.34288737177848816,0.13950727880001068,0.10706333070993423,-0.10795969516038895,0.06717611104249954,0.9860869646072388,-0.6504586338996887,0.09570088982582092,0.18298666179180145,-0.36529964208602905,0.12956488132476807,0.5605624318122864,-0.42946773767471313,0.08441752195358276,0.5605624318122864,-0.4857832193374634,0.029787898063659668,0.5605624318122864,-0.5328593850135803,-0.032978832721710205,0.5605624318122864,-0.5695371031761169,-0.10233718156814575,0.5605624318122864,-0.5949131846427917,-0.17657923698425293,0.5605624318122864,-0.6083628535270691,-0.2538769245147705,0.5605624318122864,-0.6095549464225769,-0.3323269784450531,0.5605624318122864,-0.5984600186347961,-0.4099976420402527,0.5605624318122864,-0.575351357460022,-0.4849764108657837,0.5605624318122864,0.2657792568206787,-0.6571173667907715,1.1166785955429077,0.20000000298023224,12.408957560972418,-15.0,-5.279194614525195,38675.0
1.3597,0.0093,1,1,-0.2591902017593384,0.6863996982574463,0.24042922258377075,-0.61549311876297,0.8142829537391663,0.8004478812217712,-1.1499043703079224,-0.38057973980903625,0.12982220947742462,0.9871285557746887,0.09656456112861633,-0.10798730701208115,0.06774327158927917,-0.541409530915558,-0.001204492755323059,0.16832651150278735,10.410494544199748,-13.078035092450794,6.655140017376557,0.6759635806083679,-0.3563029170036316,0.12788325548171997,0.5600186586380005,-1.1499043703079224,-0.38057973980903625,0.12982220947742462,0.09656456112861633,-0.10798730701208115,0.06774327158927917,0.9871285557746887,-0.5414095520973206,-0.0012044927570968866,0.1683265119791031,-0.3563029170036316,0.12788325548171997,0.5600186586380005,-0.41902780532836914,0.08075129985809326,0.5600186586380005,-0.4736073613166809,0.02438730001449585,0.5600186586380005,-0.5186976194381714,-0.03982090950012207,0.5600186586380005,-0.5531884431838989,-0.11029231548309326,0.5600186586380005,-0.5762304663658142,-0.185291588306427,0.5600186586380005,-0.5872563123703003,-0.2629721164703369,0.5600186586380005,-0.5859944820404053,-0.34142106771469116,0.5600186586380005,-0.5724760890007019,-0.4187067747116089,0.5600186586380005,-0.547033965587616,-0.4929262399673462,0.5600186586380005,0.26337170600891113,-0.3400866985321045,1.1074191331863403,0.20000000298023224,13.704478780486209,-15.0,-4.865388750179861,38675.0
1.3801,0.01,1,1,-0.286983847618103,0.6841173768043518,0.25140491127967834,-0.6288570165634155,0.8054918050765991,0.8004478812217712,-1.191325068473816,-0.40653935074806213,0.18025988340377808,0.9874671697616577,0.09200470894575119,-0.10794835537672043,0.06920164823532104,0.04268052287058522,-0.019593652201499362,0.22085982742860866,9.85695692162539,-13.057257970311458,6.886642181524273,0.6580708026885986,-0.3418731689453125,0.12137442827224731,0.5490429401397705,-1.191325068473816,-0.40653935074806213,0.18025988340377808,0.09200470894575119,-0.10794835537672043,0.06920164823532104,0.9874671697616577,0.042680524289608,-0.019593652337789536,0.2208598256111145,-0.3418731689453125,0.12137442827224731,0.5490429401397705,-0.4030582308769226,0.07226014137268066,0.5490429401397705,-0.4558068513870239,0.014179050922393799,0.5490429401397705,-0.4988201856613159,-0.05143862962722778,0.5490429401397705,-0.5310391187667847,-0.12297725677490234,0.5490429401397705,-0.5516701936721802,-0.1986752450466156,0.5490429401397705,-0.5602055788040161,-0.2766686677932739,0.5490429401397705,-0.5564349293708801,-0.355037122964859,0.5490429401397705,-0.5404512286186218,-0.4318508505821228,0.5490429401397705,-0.5126479864120483,-0.505218505859375,0.5490429401397705,0.10989439487457275,-0.039246320724487305,1.0882173776626587,0.20000000298023224,10.000481899471666,-8.624324269464969,-4.402384421884439,38675.0
1.3998,0.0095,1,1,-0.3108249604701996,0.675935685634613,0.2557745575904846,-0.6414880156517029,0.7966015338897705,0.8004478812217712,-1.2151991128921509,-0.44042742252349854,0.18525350093841553,0.9871978759765625,0.0935717523097992,-0.10770069062709808,0.07129690051078796,0.4147342762951215,-0.06285513742210157,0.19274560145945555,10.013991461007425,-13.060896911740032,7.112379818008229,0.6485116481781006,-0.3306630551815033,0.12066584825515747,0.5446733236312866,-1.2151991128921509,-0.44042742252349854,0.18525350093841553,0.0935717523097992,-0.10770069062709808,0.07129690051078796,0.9871978759765625,0.41473427414894104,-0.06285513937473297,0.19274559617042542,-0.3306630551815033,0.12066584825515747,0.5446733236312866,-0.390301913022995,0.06968510150909424,0.5446733236312866,-0.4412313401699066,0.010002374649047852,0.5446733236312866,-0.4821973145008087,-0.05691260099411011,0.5446733236312866,-0.5121911764144897,-0.12941229343414307,0.5446733236312866,-0.5304741859436035,-0.20571142435073853,0.5446733236312866,-0.536596417427063,-0.28393128514289856,0.5446733236312866,-0.5304069519042969,-0.36214587092399597,0.5446733236312866,-0.5120581388473511,-0.43842923641204834,0.5446733236312866,-0.48200199007987976,-0.5109030604362488,0.5446733236312866,-0.10678648948669434,0.20033133029937744,1.079339861869812,0.20000000298023224,1.9410333714329724,1.4269077304653148,-3.950909148916537,38675.0
1.4203,0.0104,1,1,-0.34140267968177795,0.6710290908813477,0.279021292924881,-0.6542820930480957,0.7869808077812195,0.8004478812217712,-1.274505376815796,-0.4828954339027405,0.34195229411125183,0.9872288703918457,0.09368762373924255,-0.10663273185491562,0.07231301814317703,0.3458394640277485,0.27586074519671333,0.19438719060013718,10.019606751620499,-12.94946041576059,7.238691348587285,0.6190508604049683,-0.31287941336631775,0.11595171689987183,0.5214265584945679,-1.274505376815796,-0.4828954339027405,0.34195229411125183,0.09368762373924255,-0.10663273185491562,0.07231301814317703,0.9872288703918457,0.3458394706249237,0.2758607566356659,0.19438719749450684,-0.31287941336631775,0.11595171689987183,0.5214265584945679,-0.3708557188510895,0.06308799982070923,0.5214265584945679,-0.4198485314846039,0.0018055438995361328,0.5214265584945679,-0.45865151286125183,-0.06638652086257935,0.5214265584945679,-0.48630914092063904,-0.13980919122695923,0.5214265584945679,-0.5021404027938843,-0.2166544497013092,0.5214265584945679,-0.5057555437088013,-0.29503023624420166,0.5214265584945679,-0.4970654547214508,-0.37300658226013184,0.5214265584945679,-0.4762842357158661,-0.44866350293159485,0.5214265584945679,-0.4439234435558319,-0.5201380252838135,0.5214265584945679,-0.17627882957458496,0.445043683052063,1.0658119916915894,0.20000000298023224,-4.079499790348332,8.213453865232658,-3.69828608775844,38675.0
1.4402,0.0091,1,1,-0.36722615361213684,0.661303699016571,0.2860028147697449,-0.6663133502006531,0.7773271799087524,0.8004478812217712,-1.3119128942489624,-0.5187158584594727,0.3376583456993103,0.9870361089706421,0.0963834896683693,-0.1042037308216095,0.07489746809005737,-0.4018695770438711,1.1485196453975344,0.1849610317903426,10.31450955944522,-12.7174585635835,7.526181783698474,0.6062741279602051,-0.29908719658851624,0.1160234808921814,0.5144450664520264,-1.3119128942489624,-0.5187158584594727,0.3376583456993103,0.0963834896683693,-0.1042037308216095,0.07489746809005737,0.9870361089706421,-0.4018695652484894,1.1485196352005005,0.18496103584766388,-0.29908719658851624,0.1160234808921814,0.5144450664520264,-0.35540518164634705,0.06139647960662842,0.5144450664520264,-0.40248432755470276,-0.0013680458068847656,0.5144450664520264,-0.43916526436805725,-0.07072460651397705,0.5144450664520264,-0.4645448625087738,-0.14496546983718872,0.5144450664520264,-0.47799816727638245,-0.22226256132125854,0.5144450664520264,-0.47919389605522156,-0.30071255564689636,0.5144450664520264,-0.4681026041507721,-0.3783837556838989,0.5144450664520264,-0.4449974596500397,-0.4533635973930359,0.5144450664520264,-0.4104473292827606,-0.5238059163093567,0.5144450664520264,0.07850682735443115,0.6572479009628296,1.0197046995162964,0.20000000298023224,0.2093050400113876,11.60672693261633,-3.123305217536072,38675.0
1.4597,0.009,1,1,-0.40411463379859924,0.6732087135314941,0.2869548201560974,-0.6781434416770935,0.7672167420387268,0.8004478812217712,-1.3742763996124268,-0.39338693022727966,0.2610156834125519,0.9891126751899719,0.08277913182973862,-0.09574984014034271,0.07505874335765839,-1.2310238433359713,1.9422681503929262,0.24760149346144855,8.773063207068214,-11.644657227871537,7.782796308214659,0.5895798802375793,-0.27402880787849426,0.09400802850723267,0.5134930610656738,-1.3742763996124268,-0.39338693022727966,0.2610156834125519,0.08277913182973862,-0.09574984014034271,0.07505874335765839,0.9891126751899719,-1.2310237884521484,1.9422681331634521,0.2476014941930771,-0.27402880787849426,0.09400802850723267,0.5134930610656738,-0.3286195695400238,0.037654876708984375,0.5134930610656738,-0.373722642660141,-0.02654433250427246,0.5134930610656738,-0.40822741389274597,-0.09700888395309448,0.5134930610656738,-0.4312843382358551,-0.17200356721878052,0.5134930610656738,-0.442325621843338,-0.24968189001083374,0.5134930610656738,-0.4410794675350189,-0.3281310796737671,0.5134930610656738,-0.4275763928890228,-0.4054194986820221,0.5134930610656738,-0.4021490514278412,-0.4796440005302429,0.5134930610656738,-0.3654234707355499,-0.5489770174026489,0.5134930610656738,1.5707963705062866,1.184888482093811,0.9961174726486206,0.20000000298023224,7.604652520005694,13.303363466308165,-2.610076168503686,38675.0
1.4798,0.0097,1,1,-0.4330684244632721,0.6689652800559998,0.2871241271495819,-0.6898761987686157,0.7565335035324097,0.8004478812217712,-1.395209789276123,-0.40022948384284973,0.20516911149024963,0.9916518926620483,0.06852000206708908,-0.07759054005146027,0.07687072455883026,-1.511356169160982,2.913404755592425,0.14897754762941204,7.219883426079843,-9.463541373336357,8.266742736950375,0.5806201100349426,-0.25680777430534363,0.08756822347640991,0.5133237838745117,-1.395209789276123,-0.40022948384284973,0.20516911149024963,0.06852000206708908,-0.07759054005146027,0.07687072455883026,0.9916518926620483,-1.5113561153411865,2.913404703140259,0.14897754788398743,-0.25680777430534363,0.08756822347640991,0.5133237838745117,-0.3095828592777252,0.02951115369796753,0.5133237838745117,-0.3526260554790497,-0.03608691692352295,0.5133237838745117,-0.3848775327205658,-0.10761088132858276,0.5133237838745117,-0.40554311871528625,-0.1832994520664215,0.5133237838745117,-0.4141140282154083,-0.26128900051116943,0.5133237838745117,-0.4103790819644928,-0.3396591544151306,0.5133237838745117,-0.39443036913871765,-0.416480153799057,0.5133237838745117,-0.3666605055332184,-0.4898604452610016,0.5133237838745117,-0.3277533948421478,-0.5579931735992432,0.5133237838745117,1.5707963705062866,1.1384059190750122,1.0086549520492554,0.20000000298023224,11.302326260002847,14.151681733154081,-1.6421833110322492,38675.0
1.4998,0.009,1,1,-0.46110254526138306,0.6619822978973389,0.2880653142929077,-0.7011398077011108,0.7456077933311462,0.8004478812217712,-1.4146772623062134,-0.41709771752357483,0.17334476113319397,0.9945821762084961,0.04538945481181145,-0.05254681035876274,0.07734892517328262,-0.8169403770322378,3.185211237503656,0.09961947705940018,4.742292900700511,-6.404437205812592,8.628424999969697,0.5719676613807678,-0.24003726243972778,0.08362549543380737,0.5123825669288635,-1.4146772623062134,-0.41709771752357483,0.17334476113319397,0.04538945481181145,-0.05254681035876274,0.07734892517328262,0.9945821762084961,-0.8169403672218323,3.185211181640625,0.09961947798728943,-0.24003726243972778,0.08362549543380737,0.5123825669288635,-0.2909644842147827,0.023940980434417725,0.5123825669288635,-0.331928014755249,-0.042975544929504395,0.5123825669288635,-0.3619191646575928,-0.11547631025314331,0.5123825669288635,-0.38019949197769165,-0.1917760968208313,0.5123825669288635,-0.38631880283355713,-0.26999619603157043,0.5123825669288635,-0.3801264762878418,-0.34821054339408875,0.5123825669288635,-0.36177492141723633,-0.4244932532310486,0.5123825669288635,-0.3317161202430725,-0.49696600437164307,0.5123825669288635,-0.2906901240348816,-0.5638442039489746,0.5123825669288635,1.5707963705062866,1.1746805906295776,1.020628571510315,0.20000000298023224,13.151163130001423,14.57584086657704,-0.9188187849936187,38675.0
1.5197,0.0091,1,1,-0.5008832216262817,0.6679069995880127,0.30565154552459717,-0.7120274305343628,0.7343634366989136,0.8004478812217712,-1.4798856973648071,-0.36643582582473755,0.2728472650051117,0.9961584806442261,0.032702475786209106,-0.00911704171448946,0.08070775866508484,0.21570444690091964,2.838357941338428,0.08779891172540738,3.652189312267444,-1.3432921953418917,9.221011462732802,0.5420532822608948,-0.21114420890808105,0.06645643711090088,0.4947963356971741,-1.4798856973648071,-0.36643582582473755,0.2728472650051117,0.032702475786209106,-0.00911704171448946,0.08070775866508484,0.9961584806442261,0.21570444107055664,2.838357925415039,0.08779890835285187,-0.21114420890808105,0.06645643711090088,0.4947963356971741,-0.2601783871650696,0.0052071213722229,0.4947963356971741,-0.29902738332748413,-0.0629587173461914,0.4947963356971741,-0.32673460245132446,-0.13636267185211182,0.4947963356971741,-0.3426177501678467,-0.21319729089736938,0.4947963356971741,-0.3462858200073242,-0.29157060384750366,0.4947963356971741,-0.3376484513282776,-0.3695527911186218,0.4947963356971741,-0.3169183135032654,-0.44522374868392944,0.4947963356971741,-0.28460580110549927,-0.5167201161384583,0.4947963356971741,-0.2415066957473755,-0.5822814702987671,0.4947963356971741,1.5707963705062866,1.5519579648971558,1.0388740301132202,0.20000000298023224,14.07558156500071,14.78792043328852,0.2663541405325989,38675.0
1.5396,0.0094,1,1,-0.5302102565765381,0.6595675349235535,0.31064313650131226,-0.7225819826126099,0.7227562665939331,0.8004478812217712,-1.4864884614944458,-0.3872806131839752,0.2868032157421112,0.9960699677467346,0.03387695550918579,0.004702516365796328,0.08168741315603256,1.0662124548007363,2.236441457035297,0.0924841111626429,3.913847335267235,0.2196398365420788,9.384123193666214,0.5300079584121704,-0.19237172603607178,0.06318873167037964,0.489804744720459,-1.4864884614944458,-0.3872806131839752,0.2868032157421112,0.03387695550918579,0.004702516365796328,0.08168741315603256,0.9960699677467346,1.0662124156951904,2.2364413738250732,0.09248410910367966,-0.19237172603607178,0.06318873167037964,0.489804744720459,-0.23946022987365723,0.00043123960494995117,0.489804744720459,-0.27615153789520264,-0.06891989707946777,0.489804744720459,-0.3015422224998474,-0.1431570053100586,0.489804744720459,-0.3150070309638977,-0.22045204043388367,0.489804744720459,-0.31621450185775757,-0.29890185594558716,0.489804744720459,-0.3051348328590393,-0.37657469511032104,0.489804744720459,-0.28204089403152466,-0.45155802369117737,0.489804744720459,-0.24750125408172607,-0.5220054984092712,0.489804744720459,-0.20236647129058838,-0.5861824154853821,0.489804744720459,1.5707963705062866,1.5707963705062866,1.020227074623108,0.20000000298023224,14.537790782500355,14.89396021664426,0.5925776023994489,38675.0
1.5599,0.0091,1,1,-0.5619945526123047,0.6639119982719421,0.31985366344451904,-0.7328495979309082,0.7107239365577698,0.8004478812217712,-1.4664469957351685,-0.32300060987472534,0.3056941032409668,0.9954763650894165,0.0371025875210762,0.030306482687592506,0.08203505724668503,1.3760701157879922,1.922679934785121,0.07844977652776493,4.52868369485532,3.1099000997857593,9.544932897353844,0.512204647064209,-0.17085504531860352,0.04681193828582764,0.4805942177772522,-1.4664469957351685,-0.32300060987472534,0.3056941032409668,0.0371025875210762,0.030306482687592506,0.08203505724668503,0.9954763650894165,1.3760701417922974,1.9226799011230469,0.0784497782588005,-0.17085504531860352,0.04681193828582764,0.4805942177772522,-0.2159348726272583,-0.017403602600097656,0.4805942177772522,-0.2504141330718994,-0.08788061141967773,0.4805942177772522,-0.27344387769699097,-0.1628836989402771,0.4805942177772522,-0.2844570279121399,-0.24056601524353027,0.4805942177772522,-0.28318238258361816,-0.3190147578716278,0.4805942177772522,-0.2696513533592224,-0.39629825949668884,0.4805942177772522,-0.24419713020324707,-0.47051358222961426,0.4805942177772522,-0.20744645595550537,-0.5398332476615906,0.4805942177772522,-0.1603042483329773,-0.6025503873825073,0.4805942177772522,1.5707963705062866,1.5707963705062866,1.054613709449768,0.20000000298023224,14.768895391250178,14.94698010832213,0.9141970097747091,38675.0
1.5795,0.0094,1,1,-0.5881563425064087,0.6569709181785583,0.32334911823272705,-0.7425612807273865,0.6985926032066345,0.8004478812217712,-1.426950454711914,-0.33399251103401184,0.2996150553226471,0.9940051436424255,0.04866112768650055,0.05190868303179741,0.08300215005874634,1.3763532098118678,1.4861343025832232,0.09882455676352515,6.075319140560157,5.458056181739348,9.836403638917437,0.5031863451004028,-0.15440493822097778,0.04162168502807617,0.4770987629890442,-1.426950454711914,-0.33399251103401184,0.2996150553226471,0.04866112768650055,0.05190868303179741,0.08300215005874634,0.9940051436424255,1.3763532638549805,1.4861342906951904,0.09882455319166183,-0.15440493822097778,0.04162168502807617,0.4770987629890442,-0.19746744632720947,-0.023963749408721924,0.4770987629890442,-0.22973990440368652,-0.09547823667526245,0.4770987629890442,-0.2504277229309082,-0.1711607277393341,0.4770987629890442,-0.259021520614624,-0.24914777278900146,0.4770987629890442,-0.2553096413612366,-0.3275189995765686,0.4770987629890442,-0.23938345909118652,-0.40434470772743225,0.4770987629890442,-0.21163523197174072,-0.47773313522338867,0.4770987629890442,-0.17274808883666992,-0.5458772778511047,0.4770987629890442,-0.12367969751358032,-0.607099175453186,0.4770987629890442,1.5707963705062866,1.5707963705062866,1.056904673576355,0.20000000298023224,14.884447695625088,14.973490054161065,1.4971384929018967,38675.0
1.5998,0.0092,1,1,-0.6230034232139587,0.660538375377655,0.33817461133003235,-0.7520951628684998,0.6858845353126526,0.8004478812217712,-1.4213515520095825,-0.30725786089897156,0.3583484888076782,0.9888110756874084,0.08462049812078476,0.08349636197090149,0.09010167419910431,0.9961251788657667,1.25288213745696,0.0648456048267728,10.630665056816715,8.61970343759287,11.216401690081911,0.4806284010410309,-0.12909173965454102,0.02534615993499756,0.4622732698917389,-1.4213515520095825,-0.30725786089897156,0.3583484888076782,0.08462049812078476,0.08349636197090149,0.09010167419910431,0.9888110756874084,0.9961251616477966,1.2528821229934692,0.06484560668468475,-0.12909173965454102,0.02534615993499756,0.4622732698917389,-0.17004883289337158,-0.04157423973083496,0.4622732698917389,-0.2000330686569214,-0.1140778660774231,0.4622732698917389,-0.2183060646057129,-0.19037944078445435,0.4622732698917389,-0.22441786527633667,-0.26860010623931885,0.4622732698917389,-0.21821808815002441,-0.3468138575553894,0.4622732698917389,-0.19985926151275635,-0.42309480905532837,0.4622732698917389,-0.1697934865951538,-0.49556466937065125,0.4622732698917389,-0.12876111268997192,-0.56243896484375,0.4622732698917389,-0.07777243852615356,-0.6220710873603821,0.4622732698917389,1.5707963705062866,1.5707963705062866,1.0812550783157349,0.20000000298023224,14.942223847812544,14.986745027080532,4.25713459523084,38675.0
1.6199,0.0091,1,1,-0.6034163236618042,0.582266628742218,0.30640342831611633,-0.7611057758331299,0.6730490922927856,0.8004478812217712,-1.19771409034729,-0.6605004072189331,0.21459658443927765,0.9863489866256714,0.09556043893098831,0.09823668748140335,0.09127673506736755,0.6026567099281186,1.0132240046446204,-0.06364320423935883,12.106661122055996,10.15702122006229,11.65407098345209,0.5264858603477478,-0.15768945217132568,0.09078246355056763,0.4940444529056549,-1.19771409034729,-0.6605004072189331,0.21459658443927765,0.09556043893098831,0.09823668748140335,0.09127673506736755,0.9863489866256714,0.6026567220687866,1.0132240056991577,-0.0636432021856308,-0.15768945217132568,0.09078246355056763,0.4940444529056549,-0.19652771949768066,0.022610485553741455,0.4940444529056549,-0.22422337532043457,-0.05079782009124756,0.4940444529056549,-0.24009448289871216,-0.1276349127292633,0.4940444529056549,-0.2437502145767212,-0.20600879192352295,0.4940444529056549,-0.23510056734085083,-0.28398963809013367,0.4940444529056549,-0.21435850858688354,-0.359657347202301,0.4940444529056549,-0.18203479051589966,-0.4311486482620239,0.4940444529056549,-0.13892537355422974,-0.49670320749282837,0.4940444529056549,-0.08609163761138916,-0.5547069311141968,0.4940444529056549,-0.17976891994476318,1.5707963705062866,1.0634793043136597,0.20000000298023224,2.321111723676223,14.993372513540265,5.132473181971206,38675.0
1.6399,0.0092,1,1,-0.613762617111206,0.5584933757781982,0.3110201060771942,-0.7696987986564636,0.6599540114402771,0.8004478812217712,-1.1111325025558472,-0.7379287481307983,0.23013505339622498,0.9855728149414062,0.09711045771837234,0.10447012633085251,0.0911034643650055,0.31503897404605974,0.9041957875134304,-0.07442505768562586,12.373551515493928,10.84960237889164,11.742069569434484,0.5235932469367981,-0.15593618154525757,0.10146063566207886,0.489427775144577,-1.1111325025558472,-0.7379287481307983,0.23013505339622498,0.09711045771837234,0.10447012633085251,0.0911034643650055,0.9855728149414062,0.3150389790534973,0.9041957855224609,-0.07442505657672882,-0.15593618154525757,0.10146063566207886,0.489427775144577,-0.1926201581954956,0.03210568428039551,0.489427775144577,-0.21800297498703003,-0.042134106159210205,0.489427775144577,-0.23145967721939087,-0.11943060159683228,0.489427775144577,-0.23265880346298218,-0.19788053631782532,0.489427775144577,-0.2215709090232849,-0.2755521833896637,0.489427775144577,-0.19846898317337036,-0.35053306818008423,0.489427775144577,-0.16392195224761963,-0.4209768772125244,0.489427775144577,-0.11878031492233276,-0.4851490259170532,0.489427775144577,-0.06415581703186035,-0.5414694547653198,0.489427775144577,-0.6180552244186401,1.4126802682876587,1.0754016637802124,0.20000000298023224,-6.339444138161889,14.996686256770133,5.308470353935974,38675.0
1.6601,0.0097,1,1,-0.633563220500946,0.5439257621765137,0.30942028760910034,-0.7779775857925415,0.646426796913147,0.8004478812217712,-1.0575867891311646,-0.7688285708427429,0.1976977437734604,0.9840518832206726,0.09804835170507431,0.11860224604606628,0.08921826630830765,-0.5553378301271589,0.6946159286846637,-0.03906535243101911,12.668263410292946,12.469866347105201,11.750632441145891,0.5219866633415222,-0.14441436529159546,0.1025010347366333,0.4910275936126709,-1.0575867891311646,-0.7688285708427429,0.1976977437734604,0.09804835170507431,0.11860224604606628,0.08921826630830765,0.9840518832206726,-0.5553378462791443,0.69461590051651,-0.03906535357236862,-0.14441436529159546,0.1025010347366333,0.4910275936126709,-0.17888027429580688,0.032017529010772705,0.4910275936126709,-0.2018958330154419,-0.042989909648895264,0.4910275936126709,-0.2128942608833313,-0.12067431211471558,0.4910275936126709,-0.2116047739982605,-0.199122816324234,0.4910275936126709,-0.19805908203125,-0.2764037549495697,0.4910275936126709,-0.17259079217910767,-0.3506142497062683,0.4910275936126709,-0.1358269453048706,-0.4199269413948059,0.4910275936126709,-0.08867287635803223,-0.48263517022132874,0.4910275936126709,-0.03228956460952759,-0.5371947884559631,0.4910275936126709,-0.3938640356063843,1.5625807046890259,1.0423051118850708,0.20000000298023224,-10.669722069080944,14.998343128385066,5.325596097358779,38675.0
1.6799,0.0068,1,1,-0.6513116955757141,0.5355726480484009,0.31878742575645447,-0.785752534866333,0.63277268409729,0.8004478812217712,-1.0040912628173828,-0.7695189118385315,0.2316189855337143,0.9841399788856506,0.09169653803110123,0.12317744642496109,0.08880025148391724,-1.5076463857625018,0.5914272248756905,0.019520916694821172,11.990152350026474,13.07123780158821,11.690429313843882,0.5094300508499146,-0.1344408392906189,0.09720003604888916,0.4816604554653168,-1.0040912628173828,-0.7695189118385315,0.2316189855337143,0.09169653803110123,0.12317744642496109,0.08880025148391724,0.9841399788856506,-1.5076464414596558,0.591427206993103,0.019520916044712067,-0.1344408392906189,0.09720003604888916,0.4816604554653168,-0.16667503118515015,0.025668323040008545,0.4816604554653168,-0.18732237815856934,-0.05002525448799133,0.4816604554653168,-0.19587445259094238,-0.128016859292984,0.4816604554653168,-0.19212061166763306,-0.20638611912727356,0.4816604554653168,-0.17615336179733276,-0.28320327401161194,0.4816604554653168,-0.14836585521697998,-0.3565768599510193,0.4816604554653168,-0.10944229364395142,-0.42470020055770874,0.4816604554653168,-0.06034111976623535,-0.4858958125114441,0.4816604554653168,-0.0022713541984558105,-0.5386568903923035,0.4816604554653168,0.10972344875335693,1.5707963705062866,1.0212570428848267,0.20000000298023224,-2.1915157709468094,14.999171564192533,5.205189842754746,38675.0
1.6998,0.0067,1,1,-0.6854231357574463,0.5150509476661682,0.31149330735206604,-0.7930423617362976,0.6189835667610168,0.8004478812217712,-0.9922577142715454,-0.8128945231437683,0.18860623240470886,0.985157310962677,0.0762658417224884,0.1256566047668457,0.08863923698663712,-2.602116111572442,0.4826787062379861,0.009350149487510742,10.222655535246554,13.536381760873306,11.499039447355235,0.5113320350646973,-0.10761922597885132,0.10393261909484863,0.4889545738697052,-0.9922577142715454,-0.8128945231437683,0.18860623240470886,0.0762658417224884,0.1256566047668457,0.08863923698663712,0.985157310962677,-2.602116107940674,0.48267871141433716,0.009350149892270565,-0.10761922597885132,0.10393261909484863,0.4889545738697052,-0.13760662078857422,0.03143030405044556,0.4889545738697052,-0.15588295459747314,-0.04487043619155884,0.4889545738697052,-0.1619982123374939,-0.12309086322784424,0.4889545738697052,-0.15580177307128906,-0.20130488276481628,0.4889545738697052,-0.13744628429412842,-0.2775866389274597,0.4889545738697052,-0.10738366842269897,-0.35005778074264526,0.4889545738697052,-0.06635421514511108,-0.41693389415740967,0.4889545738697052,-0.015368163585662842,-0.47656822204589844,0.4889545738697052,0.0443190336227417,-0.527492344379425,0.4889545738697052,0.5316201448440552,1.5707963705062866,0.9393407106399536,0.20000000298023224,6.404242114526594,14.999585782096267,4.822410109777448,38675.0
1.7198,0.0066,1,1,-0.7069408297538757,0.5022707581520081,0.312768816947937,-0.7998848557472229,0.6050029993057251,0.8004478812217712,-0.9384666681289673,-0.825974702835083,0.1829858422279358,0.9861977696418762,0.049461811780929565,0.12925106287002563,0.09088215231895447,-2.3900965308690534,0.5437982865448182,0.007096512353017886,7.174260936364766,14.237617882234987,11.427465029525763,0.5069746971130371,-0.09294402599334717,0.10273224115371704,0.48767906427383423,-0.9384666681289673,-0.825974702835083,0.1829858422279358,0.049461811780929565,0.12925106287002563,0.09088215231895447,0.9861977696418762,-2.390096426010132,0.5437982678413391,0.007096512243151665,-0.09294402599334717,0.10273224115371704,0.48767906427383423,-0.12066012620925903,0.029331624507904053,0.48767906427383423,-0.136552631855011,-0.047501057386398315,0.48767906427383423,-0.14023011922836304,-0.1258738934993744,0.48767906427383423,-0.13160216808319092,-0.2038571536540985,0.48767906427383423,-0.11088120937347412,-0.2795305848121643,0.48767906427383423,-0.07857733964920044,-0.3510308861732483,0.48767906427383423,-0.03548616170883179,-0.41659748554229736,0.48767906427383423,0.017331421375274658,-0.4746158719062805,0.48767906427383423,0.0785747766494751,-0.523657500743866,0.48767906427383423,0.6787134408950806,1.5707963705062866,0.9368091821670532,0.20000000298023224,10.702121057263298,14.999792891048134,4.679261274118541,38675.0
1.7395,0.0064,1,1,-0.7251754999160767,0.4885212481021881,0.33063873648643494,-0.8063310980796814,0.5907186269760132,0.8004478812217712,-0.8794625401496887,-0.8360019326210022,0.22044502198696136,0.9865701794624329,0.02482239529490471,0.13131961226463318,0.09389525651931763,-1.2216183573141384,0.3669933187508978,0.014050776533717313,4.367008595058389,14.741034047745263,11.438457906461197,0.48759734630584717,-0.08115559816360474,0.10219737887382507,0.4698091447353363,-0.8794625401496887,-0.8360019326210022,0.22044502198696136,0.02482239529490471,0.13131961226463318,0.09389525651931763,0.9865701794624329,-1.221618413925171,0.3669933080673218,0.01405077613890171,-0.08115559816360474,0.10219737887382507,0.4698091447353363,-0.10655772686004639,0.027964264154434204,0.4698091447353363,-0.12003451585769653,-0.049328744411468506,0.4698091447353363,-0.12125414609909058,-0.12777835130691528,0.4698091447353363,-0.11018645763397217,-0.20545291900634766,0.4698091447353363,-0.08710414171218872,-0.2804397940635681,0.4698091447353363,-0.05257540941238403,-0.3508926033973694,0.4698091447353363,-0.007450520992279053,-0.4150765538215637,0.4698091447353363,0.04715931415557861,-0.47141116857528687,0.4698091447353363,0.1099095344543457,-0.5185093879699707,0.4698091447353363,0.25634050369262695,1.5707963705062866,0.9460736513137817,0.20000000298023224,12.694675018554259,14.999896445524067,4.701247027989372,38675.0
1.7596,0.0074,1,1,-0.7428247332572937,0.4734398126602173,0.3328048586845398,-0.8123507499694824,0.5761779546737671,0.8004478812217712,-0.8261739015579224,-0.8352456092834473,0.2245141565799713,0.986382782459259,0.012074274942278862,0.13364408910274506,0.09508201479911804,0.3488189753658156,0.18021531201733504,0.026199273745547837,2.9237452044021714,15.150321784530302,11.400872019164009,0.48381710052490234,-0.06952601671218872,0.1027381420135498,0.46764302253723145,-0.8261739015579224,-0.8352456092834473,0.2245141565799713,0.012074274942278862,0.13364408910274506,0.09508201479911804,0.986382782459259,0.34881898760795593,0.18021531403064728,0.026199273765087128,-0.06952601671218872,0.1027381420135498,0.46764302253723145,-0.09257936477661133,0.027742326259613037,0.46764302253723145,-0.10361701250076294,-0.049936503171920776,0.46764302253723145,-0.102367103099823,-0.12838563323020935,0.46764302253723145,-0.08886045217514038,-0.2056734263896942,0.46764302253723145,-0.06342959403991699,-0.27989673614501953,0.46764302253723145,-0.02670079469680786,-0.34922799468040466,0.46764302253723145,0.02042168378829956,-0.41196000576019287,0.46764302253723145,0.0767773985862732,-0.4665481150150299,0.46764302253723145,0.14097875356674194,-0.5116481781005859,0.46764302253723145,-0.31605589389801025,1.5707963705062866,0.959760308265686,0.20000000298023224,-1.1526624907228697,14.999948222762033,4.626075253395039,38675.0
1.78,0.0074,1,1,-0.756254255771637,0.4618082642555237,0.34938788414001465,-0.8179633021354675,0.5613061785697937,0.8004478812217712,-0.7600642442703247,-0.8173715472221375,0.3069719076156616,0.9861680269241333,0.01275529433041811,0.13555338978767395,0.0945156067609787,1.1808950289793552,0.24519337998001484,-0.07143261337151514,3.0187969861354484,15.363725663241585,11.35641390658948,0.4660074710845947,-0.061709046363830566,0.09949791431427002,0.4510599970817566,-0.7600642442703247,-0.8173715472221375,0.3069719076156616,0.01275529433041811,0.13555338978767395,0.0945156067609787,0.9861680269241333,1.1808949708938599,0.24519337713718414,-0.07143261283636093,-0.061709046363830566,0.09949791431427002,0.4510599970817566,-0.08236688375473022,0.023807168006896973,0.4510599970817566,-0.09092974662780762,-0.054183244705200195,0.4510599970817566,-0.08718681335449219,-0.13255301117897034,0.4510599970817566,-0.07123017311096191,-0.2093724012374878,0.4510599970817566,-0.04345285892486572,-0.28274983167648315,0.4510599970817566,-0.00453871488571167,-0.3508785367012024,0.4510599970817566,0.04455399513244629,-0.41208094358444214,0.4510599970817566,0.10261642932891846,-0.4648500680923462,0.4510599970817566,0.1682189702987671,-0.507886528968811,0.4510599970817566,-0.6512112021446228,1.5707963705062866,1.0304025411605835,0.20000000298023224,-8.076331245361434,14.999974111381016,4.537159028245982,38675.0
1.7999,0.0084,1,1,-0.7719157338142395,0.44870784878730774,0.35122594237327576,-0.8230559825897217,0.5464004278182983,0.8004478812217712,-0.7142627239227295,-0.7972686290740967,0.28728312253952026,0.9858987927436829,0.022195933386683464,0.13802680373191833,0.09196531027555466,0.8542896800029723,0.08228720856624418,-0.009655931355219579,4.116267045958284,15.549952785005564,11.22058097052973,0.4625575840473175,-0.05114024877548218,0.0976925790309906,0.4492219388484955,-0.7142627239227295,-0.7972686290740967,0.28728312253952026,0.022195933386683464,0.13802680373191833,0.09196531027555466,0.9858987927436829,0.8542896509170532,0.08228720724582672,-0.009655931033194065,-0.05114024877548218,0.0976925790309906,0.4492219388484955,-0.06940358877182007,0.021388709545135498,0.4492219388484955,-0.07550555467605591,-0.056832730770111084,0.4492219388484955,-0.06929582357406616,-0.13504570722579956,0.4492219388484955,-0.05092740058898926,-0.21132433414459229,0.4492219388484955,-0.02085244655609131,-0.2837904095649719,0.4492219388484955,0.02018839120864868,-0.3506595194339752,0.4492219388484955,0.07118457555770874,-0.41028517484664917,0.4492219388484955,0.1308804154396057,-0.46119916439056396,0.4492219388484955,0.1978060007095337,-0.5021478533744812,0.4492219388484955,-0.46453535556793213,1.5707963705062866,0.9976636171340942,0.20000000298023224,-11.538165622680717,14.999987055690507,4.265493156126462,38675.0
1.82,0.0084,1,1,-0.7824388146400452,0.43934956192970276,0.3668137490749359,-0.8276898860931396,0.5312955975532532,0.8004478812217712,-0.655264139175415,-0.7643307447433472,0.35971322655677795,0.9857972264289856,0.02598329447209835,0.13893522322177887,0.0906844511628151,-0.5879992039205405,0.26574362924209766,-0.04878884901533184,4.551596675859223,15.617343207212306,11.136299324674072,0.44557860493659973,-0.04525107145309448,0.09194603562355042,0.4336341321468353,-0.655264139175415,-0.7643307447433472,0.35971322655677795,0.02598329447209835,0.13893522322177887,0.0906844511628151,0.9857972264289856,-0.5879992246627808,0.2657436430454254,-0.048788849264383316,-0.04525107145309448,0.09194603562355042,0.4336341321468353,-0.061094462871551514,0.01510322093963623,0.4336341321468353,-0.06472194194793701,-0.06327196955680847,0.4336341321468353,-0.056044161319732666,-0.14124968647956848,0.4336341321468353,-0.03527486324310303,-0.21690988540649414,0.4336341321468353,-0.0029253363609313965,-0.28838953375816345,0.4336341321468353,0.040207743644714355,-0.3539285659790039,0.4336341321468353,0.0930624008178711,-0.4119132161140442,0.4336341321468353,0.1543370485305786,-0.4609156847000122,0.4336341321468353,0.222523033618927,-0.49972936511039734,0.4336341321468353,0.3651726245880127,1.5707963705062866,1.0261729955673218,0.20000000298023224,1.7309171886596406,14.999993527845254,4.0969298644151655,38675.0
1.8401,0.0087,1,1,-0.7968937754631042,0.42737245559692383,0.3682508170604706,-0.8317974805831909,0.5162348747253418,0.8004478812217712,-0.619781494140625,-0.739813506603241,0.32050299644470215,0.9858518838882446,0.017345448955893517,0.13984867930412292,0.09074991196393967,-1.8425789734143716,0.0015819967501019291,-0.0205780231194199,3.5504749339208885,15.818562677123085,11.012159728578972,0.44261619448661804,-0.03490370512008667,0.08886241912841797,0.43219706416130066,-0.619781494140625,-0.739813506603241,0.32050299644470215,0.017345448955893517,0.13984867930412292,0.09074991196393967,0.9858518838882446,-1.8425790071487427,0.001581996795721352,-0.02057802304625511,-0.03490370512008667,0.08886241912841797,0.43219706416130066,-0.04834049940109253,0.011562466621398926,0.43219706416130066,-0.049519479274749756,-0.066887766122818,0.43219706416130066,-0.03841167688369751,-0.14455658197402954,0.43219706416130066,-0.015290498733520508,-0.21953152120113373,0.43219706416130066,0.019274652004241943,-0.2899664640426636,0.43219706416130066,0.06443274021148682,-0.35412701964378357,0.43219706416130066,0.11907172203063965,-0.4104333817958832,0.43219706416130066,0.18184632062911987,-0.45749911665916443,0.43219706416130066,0.2512107491493225,-0.4941652715206146,0.43219706416130066,1.2326747179031372,1.5707963705062866,0.9861055612564087,0.20000000298023224,8.36545859432982,14.999996763922628,3.8486506722249594,38675.0
1.8601,0.0079,1,1,-0.827809751033783,0.4139026999473572,0.37108343839645386,-0.8354527950286865,0.5009640455245972,0.8004478812217712,-0.6441162824630737,-0.7094507217407227,0.2780746817588806,0.986600399017334,2.2298038402368547e-06,0.13474519550800323,0.09198525547981262,-1.6620065314948569,0.15737764040546953,-0.05628876421461813,1.4737682886225074,15.419184728051434,10.852597710978397,0.43816882371902466,-0.0076430439949035645,0.08706134557723999,0.4293644428253174,-0.6441162824630737,-0.7094507217407227,0.2780746817588806,2.2298038402368547e-06,0.13474519550800323,0.09198525547981262,0.986600399017334,-1.6620064973831177,0.15737764537334442,-0.056288763880729675,-0.0076430439949035645,0.08706134557723999,0.4293644428253174,-0.018645942211151123,0.009377598762512207,0.4293644428253174,-0.017360985279083252,-0.069070965051651,0.4293644428253174,-0.003819763660430908,-0.14635270833969116,0.4293644428253174,0.021644234657287598,-0.22056464850902557,0.4293644428253174,0.05840408802032471,-0.2898795008659363,0.4293644428253174,0.10555452108383179,-0.3525904417037964,0.4293644428253174,0.16193467378616333,-0.40715333819389343,0.4293644428253174,0.22615617513656616,-0.4522247016429901,0.4293644428253174,0.29663771390914917,-0.48669469356536865,0.4293644428253174,1.4664357900619507,1.5707963705062866,0.9213303327560425,0.20000000298023224,11.68272929716491,14.999998381961314,3.5295266370237734,38675.0
1.8797,0.0092,1,1,-0.8424788117408752,0.4004616439342499,0.3653412461280823,-0.8386108875274658,0.48566946387290955,0.8004478812217712,-0.5861128568649292,-0.7026976346969604,0.2481267750263214,0.9864404201507568,-0.016838157549500465,0.1338910460472107,0.09339702129364014,-0.4652254470075564,-0.03232454633332469,-0.0785160725941511,-0.4881442333116131,15.503446875457316,10.750908711315041,0.4433882236480713,0.003867924213409424,0.08520781993865967,0.43510663509368896,-0.5861128568649292,-0.7026976346969604,0.2481267750263214,-0.016838157549500465,0.1338910460472107,0.09339702129364014,0.9864404201507568,-0.4652254581451416,-0.032324545085430145,-0.07851607352495193,0.003867924213409424,0.08520781993865967,0.43510663509368896,-0.004703521728515625,0.0072183310985565186,0.43510663509368896,-0.0009691715240478516,-0.07115185260772705,0.43510663509368896,0.014979004859924316,-0.147972971200943,0.43510663509368896,0.04274827241897583,-0.2213534712791443,0.43510663509368896,0.08165490627288818,-0.28948646783828735,0.43510663509368896,0.13074088096618652,-0.3506942689418793,0.43510663509368896,0.18879753351211548,-0.4034697711467743,0.43510663509368896,0.25439536571502686,-0.44651347398757935,0.43510663509368896,0.3259190320968628,-0.47876545786857605,0.43510663509368896,1.1102138757705688,1.5707963705062866,0.9085806608200073,0.20000000298023224,13.341364648582456,14.999999190980656,3.326148637697073,38675.0
1.8997,0.0099,1,1,-0.853632926940918,0.3865024447441101,0.37040475010871887,-0.8412955403327942,0.4702470600605011,0.8004478812217712,-0.5299028754234314,-0.6898830533027649,0.25997474789619446,0.9864819645881653,-0.02243388257920742,0.13286681473255157,0.09324412792921066,1.0659157786553015,-0.11028867463036765,-0.06180243145508527,-1.1582085552259105,15.44570464519732,10.64222968074026,0.4382949471473694,0.01233738660812378,0.08374461531639099,0.43004313111305237,-0.5299028754234314,-0.6898830533027649,0.25997474789619446,-0.02243388257920742,0.13286681473255157,0.09324412792921066,0.9864819645881653,1.065915822982788,-0.11028867214918137,-0.06180243194103241,0.01233738660812378,0.08374461531639099,0.43004313111305237,0.006211578845977783,0.005525052547454834,0.43004313111305237,0.012397468090057373,-0.07268983125686646,0.43004313111305237,0.030742645263671875,-0.14897404611110687,0.43004313111305237,0.060795485973358154,-0.22144927084445953,0.43004313111305237,0.10181593894958496,-0.28833088278770447,0.43004313111305237,0.15279394388198853,-0.3479720950126648,0.43004313111305237,0.2124742865562439,-0.3989042639732361,0.43004313111305237,0.2793874144554138,-0.4398733377456665,0.43004313111305237,0.35188567638397217,-0.46987050771713257,0.43004313111305237,0.4573873281478882,1.5707963705062866,0.9044181108474731,0.20000000298023224,14.170682324291228,14.999999595490328,3.108790576547502,38675.0
1.9196,0.0082,1,1,-0.8670206069946289,0.38078030943870544,0.3832128942012787,-0.8434885144233704,0.4548088312149048,0.8004478812217712,-0.4666963517665863,-0.6398106217384338,0.3036666214466095,0.9867259860038757,-0.011877425946295261,0.1340435892343521,0.09089013189077377,1.8854710469828608,-0.22733105920614902,-0.014348251627479163,0.05510607441021847,15.467258402854767,10.533112890800856,0.4244043231010437,0.023532092571258545,0.07402852177619934,0.41723498702049255,-0.4666963517665863,-0.6398106217384338,0.3036666214466095,-0.011877425946295261,0.1340435892343521,0.09089013189077377,0.9867259860038757,1.8854711055755615,-0.22733105719089508,-0.01434825174510479,0.023532092571258545,0.07402852177619934,0.41723498702049255,0.019848406314849854,-0.004344046115875244,0.41723498702049255,0.028470218181610107,-0.08232799172401428,0.41723498702049255,0.049185216426849365,-0.1580030620098114,0.41723498702049255,0.08148342370986938,-0.22950591146945953,0.41723498702049255,0.12456947565078735,-0.2950758934020996,0.41723498702049255,0.1773824691772461,-0.35309845209121704,0.41723498702049255,0.23862195014953613,-0.4021448791027069,0.41723498702049255,0.30678004026412964,-0.44100749492645264,0.41723498702049255,0.3801784813404083,-0.4687293767929077,0.41723498702049255,0.27005815505981445,1.5707963705062866,0.9187513589859009,0.20000000298023224,14.585341162145614,14.999999797745165,2.890556996668725,38675.0
1.9398,0.0103,1,1,-0.8770686984062195,0.3651547133922577,0.38314953446388245,-0.8452292680740356,0.4389880299568176,0.8004478812217712,-0.41356390714645386,-0.6458551287651062,0.282499760389328,0.9870185852050781,0.006290774792432785,0.13436359167099,0.08774461597204208,1.8887173071936127,-0.13784515976585252,-0.06370585094281375,2.138952324327748,15.315546506921878,10.447929678766045,0.42497414350509644,0.03183943033218384,0.07383331656455994,0.4172983467578888,-0.41356390714645386,-0.6458551287651062,0.282499760389328,0.006290774792432785,0.13436359167099,0.08774461597204208,0.9870185852050781,1.8887172937393188,-0.13784515857696533,-0.06370585411787033,0.03183943033218384,0.07383331656455994,0.4172983467578888,0.03065204620361328,-0.004616796970367432,0.4172983467578888,0.04175156354904175,-0.08228680491447449,0.4172983467578888,0.06486475467681885,-0.15726420283317566,0.4172983467578888,0.0994223952293396,-0.2277028113603592,0.4172983467578888,0.1445736289024353,-0.2918682098388672,0.4172983467578888,0.1992066502571106,-0.3481804132461548,0.4172983467578888,0.2619761824607849,-0.3952528238296509,0.4172983467578888,0.3313366770744324,-0.4319263696670532,0.4172983467578888,0.4055802822113037,-0.45729804039001465,0.4172983467578888,0.06952345371246338,1.5707963705062866,0.9087661504745483,0.20000000298023224,9.28437081852145,14.999999898872582,2.7201905725990985,38675.0
1.9598,0.0082,1,1,-0.883359432220459,0.3552319407463074,0.4002540707588196,-0.8464404344558716,0.4235241711139679,0.8004478812217712,-0.34367936849594116,-0.6350520849227905,0.34478408098220825,0.9868940114974976,0.024316973984241486,0.1348842829465866,0.08516458421945572,1.561297630134911,-0.12096859974710111,-0.05485420255917651,4.217458649961244,15.194176409610844,10.42704671600189,0.40765416622161865,0.0369189977645874,0.06829223036766052,0.40019381046295166,-0.34367936849594116,-0.6350520849227905,0.34478408098220825,0.024316973984241486,0.1348842829465866,0.08516458421945572,0.9868940114974976,1.5612976551055908,-0.12096860259771347,-0.05485420301556587,0.0369189977645874,0.06829223036766052,0.40019381046295166,0.0381656289100647,-0.010156959295272827,0.40019381046295166,0.05166906118392944,-0.08744531869888306,0.40019381046295166,0.07709681987762451,-0.16166970133781433,0.40019381046295166,0.11382275819778442,-0.23100247979164124,0.40019381046295166,0.16094255447387695,-0.29373645782470703,0.40019381046295166,0.21729600429534912,-0.3483269214630127,0.40019381046295166,0.28149551153182983,-0.39342963695526123,0.40019381046295166,0.3519601821899414,-0.42793408036231995,0.40019381046295166,0.4269550144672394,-0.45099061727523804,0.40019381046295166,0.11631286144256592,1.5707963705062866,0.9491649866104126,0.20000000298023224,7.9743034411352,14.99999994943629,2.678424647070785,38675.0
1.9802,0.0087,1,1,-0.8951106071472168,0.3414652645587921,0.3991110622882843,-0.8471808433532715,0.407726526260376,0.8004478812217712,-0.3023250997066498,-0.64711993932724,0.30409061908721924,0.9866791367530823,0.039907727390527725,0.13454000651836395,0.08227219432592392,0.860825143897054,-0.06794056419809476,-0.08012702705991843,5.995609788425837,15.006524802886746,10.323303002356695,0.40958401560783386,0.04792976379394531,0.06626126170158386,0.40133681893348694,-0.3023250997066498,-0.64711993932724,0.30409061908721924,0.039907727390527725,0.13454000651836395,0.08227219432592392,0.9866791367530823,0.8608251214027405,-0.06794056296348572,-0.08012703061103821,0.04792976379394531,0.06626126170158386,0.40133681893348694,0.05165678262710571,-0.01210927963256836,0.40133681893348694,0.06759780645370483,-0.08893188834190369,0.40133681893348694,0.09536021947860718,-0.16231496632099152,0.40133681893348694,0.13426053524017334,-0.2304515689611435,0.40133681893348694,0.18334078788757324,-0.2916639447212219,0.40133681893348694,0.24139255285263062,-0.3444448709487915,0.40133681893348694,0.30698633193969727,-0.38749468326568604,0.40133681893348694,0.37850701808929443,-0.4197533130645752,0.40133681893348694,0.4541935324668884,-0.4404265284538269,0.40133681893348694,0.284226655960083,1.5707963705062866,0.9234682321548462,0.20000000298023224,11.4871517205676,14.999999974718145,2.470937219780414,38675.0
2.0003,0.0082,1,1,-0.90256667137146,0.33053046464920044,0.4130341708660126,-0.8474212884902954,0.3919430673122406,0.8004478812217712,-0.2444871962070465,-0.6517447829246521,0.31222155690193176,0.9865424633026123,0.047924257814884186,0.1344563513994217,0.079728864133358,0.28574247100047956,-0.1241974495422268,-0.06334115183747341,6.895101531301819,14.930780104846704,10.145376535438967,0.3961084485054016,0.05514538288116455,0.06141260266304016,0.38741371035575867,-0.2444871962070465,-0.6517447829246521,0.31222155690193176,0.047924257814884186,0.1344563513994217,0.079728864133358,0.9865424633026123,0.28574246168136597,-0.12419745326042175,-0.06334114819765091,0.05514538288116455,0.06141260266304016,0.38741371035575867,0.0613444447517395,-0.01680123805999756,0.38741371035575867,0.07970249652862549,-0.09308235347270966,0.38741371035575867,0.1097676157951355,-0.16555249691009521,0.38741371035575867,0.15079933404922485,-0.2324271947145462,0.38741371035575867,0.20178741216659546,-0.2920597791671753,0.38741371035575867,0.2614763379096985,-0.34298187494277954,0.38741371035575867,0.32839637994766235,-0.383939653635025,0.38741371035575867,0.4008997082710266,-0.41392457485198975,0.38741371035575867,0.47720110416412354,-0.43219828605651855,0.38741371035575867,0.48132073879241943,1.5707963705062866,0.9330297708511353,0.20000000298023224,13.2435758602838,14.999999987359072,2.1150842859449157,38675.0
2.0205,0.0086,1,1,-0.9119900465011597,0.3181067705154419,0.4133266806602478,-0.8471670150756836,0.3762728273868561,0.8004478812217712,-0.19591352343559265,-0.6644291281700134,0.2901701331138611,0.9866346716880798,0.05096768960356712,0.13344904780387878,0.07838163524866104,0.15860703878843416,-0.14227751702472025,-0.06290753095535967,7.218775758324616,14.793795089732571,10.022828074858698,0.3967973589897156,0.06482303142547607,0.058166056871414185,0.38712120056152344,-0.19591352343559265,-0.6644291281700134,0.2901701331138611,0.05096768960356712,0.13344904780387878,0.07838163524866104,0.9866346716880798,0.15860703587532043,-0.1422775238752365,-0.06290753185749054,0.06482303142547607,0.058166056871414185,0.38712120056152344,0.0734703540802002,-0.019815057516098022,0.38712120056152344,0.09421008825302124,-0.09548336267471313,0.38712120056152344,0.1265316605567932,-0.16697563230991364,0.38712120056152344,0.16963917016983032,-0.23253151774406433,0.38712120056152344,0.22247111797332764,-0.2905367910861969,0.38712120056152344,0.28372669219970703,-0.33956319093704224,0.38712120056152344,0.3518974781036377,-0.37840351462364197,0.38712120056152344,0.42530494928359985,-0.40610140562057495,0.38712120056152344,0.5021415948867798,-0.4219748079776764,0.38712120056152344,0.47327983379364014,1.5707963705062866,0.9104360342025757,0.20000000298023224,14.121787930141899,14.999999993679536,1.8699873647843914,38675.0
2.0403,0.0089,1,1,-0.9190444946289062,0.30814579129219055,0.43130892515182495,-0.8464091420173645,0.3604193329811096,0.8004478812217712,-0.13390283286571503,-0.6698014736175537,0.3437575697898865,0.9868416786193848,0.05184631422162056,0.13244926929473877,0.0768807977437973,0.4997135828611643,-0.14682842656398853,-0.05949858489151737,7.286730084697234,14.681223531472247,9.849295634850286,0.3798315227031708,0.07263535261154175,0.05227354168891907,0.3691389560699463,-0.13390283286571503,-0.6698014736175537,0.3437575697898865,0.05184631422162056,0.13244926929473877,0.0768807977437973,0.9868416786193848,0.49971356987953186,-0.14682842791080475,-0.059498585760593414,0.07263535261154175,0.05227354168891907,0.3691389560699463,0.08375340700149536,-0.025393813848495483,0.3691389560699463,0.10688436031341553,-0.10036574304103851,0.3691389560699463,0.14145874977111816,-0.17079614102840424,0.3691389560699463,0.18662524223327637,-0.23495079576969147,0.3691389560699463,0.24127161502838135,-0.2912500202655792,0.3691389560699463,0.30405235290527344,-0.3383074998855591,0.3691389560699463,0.3734216094017029,-0.3749645948410034,0.3691389560699463,0.44767117500305176,-0.40031859278678894,0.3691389560699463,0.5249729156494141,-0.41374528408050537,0.3691389560699463,0.24232888221740723,1.5707963705062866,0.9294947385787964,0.20000000298023224,14.00310506766108,14.999999996839769,1.522922484767584,38675.0
2.0605,0.0099,1,1,-0.9188295006752014,0.2920490503311157,0.433816522359848,-0.8451520204544067,0.34463587403297424,0.8004478812217712,-0.0778387114405632,-0.6965129375457764,0.3330807089805603,0.9868609309196472,0.05658590421080589,0.13111107051372528,0.07557398825883865,0.7137328313585523,-0.13455033847709852,-0.04850467308226357,7.806202136970931,14.49076426824234,9.752279968798792,0.37764042615890503,0.07367748022079468,0.05258682370185852,0.3666313588619232,-0.0778387114405632,-0.6965129375457764,0.3330807089805603,0.05658590421080589,0.13111107051372528,0.07557398825883865,0.9868609309196472,0.7137328386306763,-0.1345503330230713,-0.048504672944545746,0.07367748022079468,0.05258682370185852,0.3666313588619232,0.08724910020828247,-0.024689584970474243,0.3666313588619232,0.11274230480194092,-0.0988914966583252,0.3666313588619232,0.14952939748764038,-0.1681918501853943,0.3666313588619232,0.19670450687408447,-0.23088425397872925,0.3666313588619232,0.25310611724853516,-0.28542497754096985,0.3666313588619232,0.3173453211784363,-0.3304710388183594,0.3666313588619232,0.3878404498100281,-0.36491331458091736,0.3666313588619232,0.46285560727119446,-0.3879036605358124,0.3666313588619232,0.5405436754226685,-0.39887601137161255,0.3666313588619232,-0.12579452991485596,1.5707963705062866,0.9138191938400269,0.20000000298023224,3.397804708853828,14.999999998419884,1.3288911526645741,38675.0
2.0798,0.0093,1,1,-0.9200011491775513,0.2779335677623749,0.4405131936073303,-0.8434455394744873,0.3292907774448395,0.8004478812217712,-0.026846162974834442,-0.7159755229949951,0.33418405055999756,0.9869030117988586,0.06250862032175064,0.12889252603054047,0.074161097407341,0.8894762964314807,0.0008723266073966983,-0.060371893669603195,8.45208071103983,14.18995546915471,9.648737497844786,0.37155255675315857,0.07655560970306396,0.0513572096824646,0.3599346876144409,-0.026846162974834442,-0.7159755229949951,0.33418405055999756,0.06250862032175064,0.12889252603054047,0.074161097407341,0.9869030117988586,0.8894762992858887,0.00087232660735026,-0.060371894389390945,0.07655560970306396,0.0513572096824646,0.3599346876144409,0.09250670671463013,-0.02546331286430359,0.3599346876144409,0.12027877569198608,-0.09884274005889893,0.3599346876144409,0.15918803215026855,-0.16697421669960022,0.3599346876144409,0.20827633142471313,-0.2281801551580429,0.3599346876144409,0.26633501052856445,-0.28095343708992004,0.3599346876144409,0.33193445205688477,-0.32399460673332214,0.3599346876144409,0.40345942974090576,-0.35624387860298157,0.3599346876144409,0.47914862632751465,-0.3769071102142334,0.3599346876144409,0.5571384429931641,-0.3854755759239197,0.3599346876144409,-0.4443340301513672,1.5707963705062866,0.9070760011672974,0.20000000298023224,-5.801097645573085,14.999999999209942,1.1218062107565785,38675.0
2.1001,0.0101,1,1,-0.9170339107513428,0.2658330500125885,0.47019627690315247,-0.8412042856216431,0.3136163651943207,0.8004478812217712,0.04782555252313614,-0.7317920327186584,0.48865142464637756,0.9864813685417175,0.07028678804636002,0.12903352081775665,0.07254356145858765,0.29971581092401633,-0.061366567691990975,-0.05850529654513426,9.341341901798938,14.145233293325376,9.573168739464432,0.34219804406166077,0.07582962512969971,0.04778331518173218,0.3302516043186188,0.04782555252313614,-0.7317920327186584,0.48865142464637756,0.07028678804636002,0.12903352081775665,0.07254356145858765,0.9864813685417175,0.2997158169746399,-0.06136656925082207,-0.05850529670715332,0.07582962512969971,0.04778331518173218,0.3302516043186188,0.09420514106750488,-0.028493598103523254,0.3302516043186188,0.12428677082061768,-0.10095687210559845,0.3302516043186188,0.1653338074684143,-0.16782218217849731,0.3302516043186188,0.21633553504943848,-0.22744311392307281,0.3302516043186188,0.2760360836982727,-0.2783515751361847,0.3302516043186188,0.3429654836654663,-0.3192940652370453,0.3302516043186188,0.41547566652297974,-0.34926238656044006,0.3302516043186188,0.49178123474121094,-0.36751866340637207,0.3302516043186188,0.5700032711029053,-0.3736133873462677,0.3302516043186188,-0.4101383686065674,1.5707963705062866,0.9962068796157837,0.20000000298023224,-10.400548822786543,14.99999999960497,0.9706686939958467,38675.0
2.12,0.0104,1,1,-0.9156571626663208,0.25103965401649475,0.4799986481666565,-0.8385023474693298,0.29820090532302856,0.8004478812217712,0.09964330494403839,-0.7554451823234558,0.48601654171943665,0.9864861965179443,0.07189768552780151,0.12855443358421326,0.07174616307020187,-0.9292992100017081,-0.019194359049717818,-0.06138932939693275,9.512659170837296,14.082429849915592,9.497087397401911,0.33296358585357666,0.07715481519699097,0.047161251306533813,0.32044923305511475,0.09964330494403839,-0.7554451823234558,0.48601654171943665,0.07189768552780151,0.12855443358421326,0.07174616307020187,0.9864861965179443,-0.9292992353439331,-0.019194358959794044,-0.06138933077454567,0.07715481519699097,0.047161251306533813,0.32044923305511475,0.09790855646133423,-0.028503194451332092,0.32044923305511475,0.13024336099624634,-0.09998950362205505,0.32044923305511475,0.17336297035217285,-0.16553741693496704,0.32044923305511475,0.22620564699172974,-0.22353293001651764,0.32044923305511475,0.287470281124115,-0.27254799008369446,0.32044923305511475,0.3556482791900635,-0.3113757371902466,0.32044923305511475,0.4290608763694763,-0.3390600085258484,0.32044923305511475,0.5059003829956055,-0.3549192249774933,0.32044923305511475,0.5842748880386353,-0.3585628271102905,0.32044923305511475,0.054509639739990234,1.5707963705062866,0.9973107576370239,0.20000000298023224,-3.6386882614532565,14.999999999802485,0.818506009870809,38675.0
2.1398,0.0086,1,1,-0.910440981388092,0.23695750534534454,0.5134896636009216,-0.835320234298706,0.2828819453716278,0.8004478812217712,0.16867123544216156,-0.776867687702179,0.6594575643539429,0.9878242015838623,0.05553485080599785,0.12520958483219147,0.07375500351190567,-2.077733700823387,-0.06564605118190975,-0.04144678020609239,7.586264868122702,13.838040384650792,9.461935705394092,0.3001619577407837,0.07512074708938599,0.045924440026283264,0.2869582176208496,0.16867123544216156,-0.776867687702179,0.6594575643539429,0.05553485080599785,0.12520958483219147,0.07375500351190567,0.9878242015838623,-2.0777337551116943,-0.06564605236053467,-0.04144677892327309,0.07512074708938599,0.045924440026283264,0.2869582176208496,0.0982317328453064,-0.02905362844467163,0.2869582176208496,0.13278734683990479,-0.09949323534965515,0.2869582176208496,0.17793673276901245,-0.163659930229187,0.2869582176208496,0.2325681447982788,-0.21997369825839996,0.2869582176208496,0.29533636569976807,-0.2670479118824005,0.2869582176208496,0.36469578742980957,-0.30372345447540283,0.2869582176208496,0.4389386475086212,-0.32909727096557617,0.2869582176208496,0.5162367820739746,-0.3425445556640625,0.2869582176208496,0.5946868658065796,-0.34373417496681213,0.2869582176208496,0.5923198461532593,1.5707963705062866,0.9861429929733276,0.20000000298023224,5.680655869273372,14.999999999901242,0.7482026258551681,38675.0
2.1597,0.0084,1,1,-0.9408390522003174,0.22676770389080048,0.47339266538619995,-0.8316589593887329,0.2676644027233124,0.8004478812217712,0.0308823361992836,-0.7457051277160645,0.29177817702293396,0.9894925355911255,0.03821892663836479,0.11718228459358215,0.07556580752134323,-2.3080802240423193,-0.09082341384113993,-0.04200295227143101,5.498905346352771,13.069094177533213,9.364544274688976,0.34721454977989197,0.10918009281158447,0.0408966988325119,0.3270552158355713,0.0308823361992836,-0.7457051277160645,0.29177817702293396,0.03821892663836479,0.11718228459358215,0.07556580752134323,0.9894925355911255,-2.3080801963806152,-0.09082341194152832,-0.042002953588962555,0.10918009281158447,0.0408966988325119,0.3270552158355713,0.134626567363739,-0.03332127630710602,0.3270552158355713,0.1713700294494629,-0.10264478623867035,0.3270552158355713,0.21850568056106567,-0.16536687314510345,0.3270552158355713,0.27487289905548096,-0.219943106174469,0.3270552158355713,0.33908379077911377,-0.265029639005661,0.3270552158355713,0.40955716371536255,-0.2995162606239319,0.3270552158355713,0.4845578372478485,-0.3225538730621338,0.3270552158355713,0.5622389912605286,-0.33357512950897217,0.3270552158355713,0.6406878232955933,-0.33230870962142944,0.3270552158355713,1.2712103128433228,1.5707963705062866,0.8095816373825073,0.20000000298023224,10.340327934636687,14.99999999995062,0.5534197644449681,38675.0
2.1797,0.0091,1,1,-0.9435688257217407,0.2151394635438919,0.48404136300086975,-0.8275148272514343,0.2525401711463928,0.8004478812217712,0.07870841771364212,-0.7412094473838806,0.28890711069107056,0.9901579022407532,0.015012314543128014,0.11506174504756927,0.07823476940393448,-1.185006550228274,-0.10532464222700083,-0.04102687460359255,2.8083222131068264,13.032847586423198,9.356213072396303,0.3390876352787018,0.1160539984703064,0.037400707602500916,0.3164065182209015,0.07870841771364212,-0.7412094473838806,0.28890711069107056,0.015012314543128014,0.11506174504756927,0.07823476940393448,0.9901579022407532,-1.1850064992904663,-0.1053246408700943,-0.041026875376701355,0.1160539984703064,0.037400707602500916,0.3164065182209015,0.14381545782089233,-0.03598277270793915,0.3164065182209015,0.18271476030349731,-0.1041199192404747,0.3164065182209015,0.23179417848587036,-0.16533300280570984,0.3164065182209015,0.28984516859054565,-0.2181147336959839,0.3164065182209015,0.35543835163116455,-0.26116546988487244,0.3164065182209015,0.4269585609436035,-0.29342514276504517,0.3164065182209015,0.5026447772979736,-0.31409940123558044,0.3164065182209015,0.5806334018707275,-0.32267922163009644,0.3164065182209015,0.6590039730072021,-0.318953275680542,0.3164065182209015,0.8793107271194458,1.5707963705062866,0.8171874284744263,0.20000000298023224,12.670163967318343,14.99999999997531,0.5367573598596033,38675.0
2.1995,0.0083,1,1,-0.9440017938613892,0.2010994553565979,0.48049405217170715,-0.8229219913482666,0.2376258671283722,0.8004478812217712,0.12238650023937225,-0.7374057173728943,0.26328325271606445,0.9902188777923584,0.005239385645836592,0.11433674395084381,0.07977572083473206,0.2665951583558937,-0.05132560149979479,-0.034824170607121646,1.6833741503944573,13.038212988398461,9.404386445128429,0.3440420925617218,0.12107980251312256,0.03652641177177429,0.3199538290500641,0.12238650023937225,-0.7374057173728943,0.26328325271606445,0.005239385645836592,0.11433674395084381,0.07977572083473206,0.9902188777923584,0.26659515500068665,-0.05132560059428215,-0.03482417017221451,0.12107980251312256,0.03652641177177429,0.3199538290500641,0.15111780166625977,-0.03595496714115143,0.3199538290500641,0.19212454557418823,-0.10284499824047089,0.3199538290500641,0.24309033155441284,-0.1624966412782669,0.3199538290500641,0.3027602434158325,-0.21344105899333954,0.3199538290500641,0.36966490745544434,-0.2544238567352295,0.3199538290500641,0.4421570301055908,-0.28443586826324463,0.3199538290500641,0.5184515714645386,-0.30273810029029846,0.3199538290500641,0.5966699123382568,-0.30887994170188904,0.3199538290500641,0.6748861074447632,-0.3027101159095764,0.3199538290500641,0.06737124919891357,1.5707963705062866,0.7546075582504272,0.20000000298023224,8.26512610347011,14.999999999987654,0.63310410532386,38675.0
2.22,0.0105,1,1,-0.9436399936676025,0.1879909634590149,0.4970395565032959,-0.8177315592765808,0.22248932719230652,0.8004478812217712,0.17654967308044434,-0.7298250794410706,0.3134143650531769,0.9902756810188293,0.007351946551352739,0.11380710452795029,0.07966148853302002,1.3691309832516818,-0.07727042892853697,-0.017055755390005523,1.9224754333977523,12.957573073113199,9.416686433794773,0.3303024172782898,0.12590843439102173,0.034498363733291626,0.30340832471847534,0.17654967308044434,-0.7298250794410706,0.3134143650531769,0.007351946551352739,0.11380710452795029,0.07966148853302002,0.9902756810188293,1.3691309690475464,-0.07727042585611343,-0.017055755481123924,0.12590843439102173,0.034498363733291626,0.30340832471847534,0.15825039148330688,-0.03698469698429108,0.30340832471847534,0.2013765573501587,-0.10252828896045685,0.30340832471847534,0.25422507524490356,-0.16051851212978363,0.30340832471847534,0.3154945969581604,-0.20952744781970978,0.30340832471847534,0.3836764693260193,-0.24834832549095154,0.30340832471847534,0.4570918381214142,-0.27602529525756836,0.30340832471847534,0.5339329242706299,-0.29187679290771484,0.30340832471847534,0.6123077869415283,-0.29551252722740173,0.30340832471847534,0.69028639793396,-0.2868429720401764,0.30340832471847534,-0.6999671459197998,1.5707963705062866,0.7071806192398071,0.20000000298023224,-3.3674369482649453,14.999999999993827,0.65770408265655,38675.0
2.2406,0.0089,1,1,-0.9396911859512329,0.1733902096748352,0.5033553242683411,-0.8121563792228699,0.20777055621147156,0.8004478812217712,0.22149091958999634,-0.7307940721511841,0.3166697323322296,0.9901766180992126,0.02066250517964363,0.11430708318948746,0.07781518250703812,1.271286045328007,0.02142428624827921,-0.047904026226720624,3.452867758969402,12.89427336776735,9.377232983940074,0.32513245940208435,0.12753480672836304,0.03438034653663635,0.2970925569534302,0.22149091958999634,-0.7307940721511841,0.3166697323322296,0.02066250517964363,0.11430708318948746,0.07781518250703812,0.9901766180992126,1.2712860107421875,0.02142428606748581,-0.04790402576327324,0.12753480672836304,0.03438034653663635,0.2970925569534302,0.16211068630218506,-0.036049336194992065,0.2970925569534302,0.20727843046188354,-0.10020307451486588,0.2970925569534302,0.26192599534988403,-0.1565011739730835,0.2970925569534302,0.32470768690109253,-0.20355738699436188,0.2970925569534302,0.3940776586532593,-0.2402130365371704,0.2970925569534302,0.46832776069641113,-0.26556554436683655,0.2970925569534302,0.5456297397613525,-0.27899065613746643,0.2970925569534302,0.6240801811218262,-0.28015777468681335,0.2970925569534302,0.7017472982406616,-0.2690381705760956,0.2970925569534302,-0.9163665771484375,1.5707963705062866,0.7077778577804565,0.20000000298023224,-9.183718474132473,14.999999999996913,0.57879718294715,38675.0
2.2597,0.01,1,1,-0.9407735466957092,0.15947602689266205,0.5013527274131775,-0.8062214255332947,0.19346703588962555,0.8004478812217712,0.25136876106262207,-0.7302771210670471,0.26353442668914795,0.9899784326553345,0.02921583689749241,0.11491522938013077,0.07669148594141006,0.2632913905103527,0.07426125663382918,-0.03441694206752951,4.440430594256865,12.888001636434199,9.361223500501126,0.3297234773635864,0.13455212116241455,0.0339910089969635,0.29909515380859375,0.25136876106262207,-0.7302771210670471,0.26353442668914795,0.02921583689749241,0.11491522938013077,0.07669148594141006,0.9899784326553345,0.2632913887500763,0.07426125556230545,-0.03441694378852844,0.13455212116241455,0.0339910089969635,0.29909515380859375,0.1712924838066101,-0.03533414751291275,0.29909515380859375,0.21842527389526367,-0.09805835038423538,0.29909515380859375,0.27479010820388794,-0.15263710916042328,0.29909515380859375,0.3389989137649536,-0.1977265179157257,0.29909515380859375,0.409470796585083,-0.23221632838249207,0.29909515380859375,0.484470397233963,-0.2552573084831238,0.29909515380859375,0.5621510744094849,-0.2662820518016815,0.29909515380859375,0.6405999660491943,-0.26501914858818054,0.29909515380859375,0.7178854942321777,-0.2514996826648712,0.29909515380859375,-0.47879481315612793,1.5707963705062866,0.7121201753616333,0.20000000298023224,-12.091859237066236,14.999999999998456,0.5467782160692257,38675.0
2.2797,0.0082,1,1,-0.9358851909637451,0.1526021957397461,0.5250347256660461,-0.79975426197052,0.1791585385799408,0.8004478812217712,0.30622345209121704,-0.7005374431610107,0.34827178716659546,0.9896181225776672,0.03273579850792885,0.11720771342515945,0.07645086199045181,-1.1458054847725803,0.1738819321157199,-0.07132416445850008,4.8719875847323895,13.11912454365249,9.395522201463486,0.30836549401283264,0.1361309289932251,0.026556342840194702,0.2754131555557251,0.30622345209121704,-0.7005374431610107,0.34827178716659546,0.03273579850792885,0.11720771342515945,0.07645086199045181,0.9896181225776672,-1.1458054780960083,0.17388193309307098,-0.07132416218519211,0.1361309289932251,0.026556342840194702,0.2754131555557251,0.17502999305725098,-0.04158096760511398,0.2754131555557251,0.22410911321640015,-0.10279424488544464,0.2754131555557251,0.2821599245071411,-0.1555762141942978,0.2754131555557251,0.3477529287338257,-0.19862721860408783,0.2754131555557251,0.4192730188369751,-0.23088717460632324,0.2754131555557251,0.49495914578437805,-0.2515617609024048,0.2754131555557251,0.5729476809501648,-0.26014187932014465,0.2754131555557251,0.6513183116912842,-0.2564162611961365,0.2754131555557251,0.728141188621521,-0.24047666788101196,0.2754131555557251,0.5516470670700073,1.5707963705062866,0.8619383573532104,0.20000000298023224,1.4540703814668827,14.999999999999229,0.6153756179939567,38675.0
2.2997,0.01,1,1,-0.9350016117095947,0.1302073448896408,0.5160578489303589,-0.7928481698036194,0.16507424414157867,0.8004478812217712,0.3358091711997986,-0.749609649181366,0.2525380551815033,0.9898940324783325,0.02074640803039074,0.11673074215650558,0.0777905136346817,-2.0645020512634376,0.07363352459776229,-0.12470954213033542,3.4877493354272313,13.171959998244043,9.38946010710913,0.3198452591896057,0.14215344190597534,0.034866899251937866,0.28439003229141235,0.3358091711997986,-0.749609649181366,0.2525380551815033,0.02074640803039074,0.11673074215650558,0.0777905136346817,0.9898940324783325,-2.064502000808716,0.07363352179527283,-0.12470953911542892,0.14215344190597534,0.034866899251937866,0.28439003229141235,0.18317073583602905,-0.03201667219400406,0.28439003229141235,0.23414593935012817,-0.091660276055336,0.28439003229141235,0.29382383823394775,-0.14259527623653412,0.28439003229141235,0.3607349991798401,-0.18356752395629883,0.28439003229141235,0.4332318902015686,-0.2135680913925171,0.28439003229141235,0.5095292925834656,-0.23185831308364868,0.28439003229141235,0.587748646736145,-0.23798780143260956,0.28439003229141235,0.6659637689590454,-0.23180562257766724,0.28439003229141235,0.7422488331794739,-0.21346402168273926,0.28439003229141235,0.6709772348403931,1.5707963705062866,0.7704702615737915,0.20000000298023224,8.227035190733442,14.999999999999615,0.6032514292852343,38675.0
2.321,0.0083,1,1,-0.9277777671813965,0.11978628486394882,0.5393039584159851,-0.7854411602020264,0.15109990537166595,0.8004478812217712,0.3922234773635864,-0.7293326258659363,0.33518028259277344,0.9900859594345093,9.469744691159576e-05,0.11547378450632095,0.07996001839637756,-1.6047975702222108,-0.1676356875160208,-0.06868111439584014,1.097950333158516,13.217180960568426,9.361640173011637,0.2990591824054718,0.14233660697937012,0.03131362050771713,0.26114392280578613,0.3922234773635864,-0.7293326258659363,0.33518028259277344,9.469744691159576e-05,0.11547378450632095,0.07996001839637756,0.9900859594345093,-1.604797601699829,-0.1676356941461563,-0.06868111342191696,0.14233660697937012,0.03131362050771713,0.26114392280578613,0.1854487657546997,-0.03423919528722763,0.26114392280578613,0.2382848858833313,-0.09224070608615875,0.26114392280578613,0.29954391717910767,-0.1412627398967743,0.26114392280578613,0.3677175045013428,-0.18009820580482483,0.26114392280578613,0.4411269426345825,-0.20779085159301758,0.26114392280578613,0.5179646611213684,-0.22365877032279968,0.26114392280578613,0.59633868932724,-0.22731126844882965,0.26114392280578613,0.6743192076683044,-0.21865840256214142,0.26114392280578613,0.7499860525131226,-0.19791322946548462,0.26114392280578613,0.6623333692550659,1.5707963705062866,0.8319841623306274,0.20000000298023224,11.613517595366721,14.999999999999808,0.547611561090262,38675.0
2.3402,0.01,1,1,-0.9169999957084656,0.10148085653781891,0.5393068194389343,-0.7775545120239258,0.13729701936244965,0.8004478812217712,0.44517362117767334,-0.7404792308807373,0.3010995388031006,0.9901682734489441,-0.015951983630657196,0.11295229941606522,0.08094547688961029,-0.1644583365984745,-0.09871693176597232,-0.08431584655947681,-0.7826026935084157,13.077337531573532,9.257263555735868,0.29819875955581665,0.1394454836845398,0.03581616282463074,0.2611410617828369,0.44517362117767334,-0.7404792308807373,0.3010995388031006,-0.015951983630657196,0.11295229941606522,0.08094547688961029,0.9901682734489441,-0.16445833444595337,-0.09871692955493927,-0.08431584388017654,0.1394454836845398,0.03581616282463074,0.2611410617828369,0.18461978435516357,-0.028332963585853577,0.2611410617828369,0.2392730712890625,-0.0846254974603653,0.2611410617828369,0.302059531211853,-0.13167530298233032,0.2611410617828369,0.3714332580566406,-0.16832388937473297,0.2611410617828369,0.4456859529018402,-0.19366882741451263,0.2611410617828369,0.5229892730712891,-0.20708605647087097,0.2611410617828369,0.6014398336410522,-0.2082451730966568,0.2611410617828369,0.6791058778762817,-0.1971176564693451,0.2611410617828369,0.7540749311447144,-0.17397749423980713,0.2611410617828369,-0.3568603992462158,1.5707963705062866,0.7739447355270386,0.20000000298023224,-1.6932412023166403,14.999999999999904,0.3388583265387379,38675.0
2.3598,0.0091,1,1,-0.9042840600013733,0.08958692103624344,0.5679801106452942,-0.7694538831710815,0.12409905344247818,0.8004478812217712,0.5193995833396912,-0.7151806354522705,0.48022010922431946,0.990364134311676,-0.018447929993271828,0.11129547655582428,0.08031130582094193,1.2312419562292487,-0.06891089110245434,-0.07653944946595906,-1.0971512412329016,12.909354034390843,9.148101924174364,0.27094560861587524,0.13483017683029175,0.03451213240623474,0.23246777057647705,0.5193995833396912,-0.7151806354522705,0.48022010922431946,-0.018447929993271828,0.11129547655582428,0.08031130582094193,0.990364134311676,1.2312419414520264,-0.06891088932752609,-0.07653944939374924,0.13483017683029175,0.03451213240623474,0.23246777057647705,0.18196940422058105,-0.028207287192344666,0.23246777057647705,0.23833972215652466,-0.08278033137321472,0.23246777057647705,0.30255311727523804,-0.12786322832107544,0.23246777057647705,0.3730284571647644,-0.16234588623046875,0.23246777057647705,0.4480304419994354,-0.1853792369365692,0.23246777057647705,0.525712251663208,-0.1963961124420166,0.23246777057647705,0.6041610240936279,-0.1951252520084381,0.23246777057647705,0.6814451813697815,-0.18159793317317963,0.23246777057647705,0.7556617259979248,-0.15614724159240723,0.23246777057647705,-1.2765339612960815,1.5707963705062866,0.888205885887146,0.20000000298023224,-8.346620601158321,14.999999999999952,0.12053506341572728,38675.0
2.3804,0.01,1,1,-0.8934074640274048,0.07527730613946915,0.5775997638702393,-0.7607643008232117,0.11088759452104568,0.8004478812217712,0.5651874542236328,-0.7064065337181091,0.4847276508808136,0.9906300902366638,-0.0068967221304774284,0.11176563799381256,0.07817234098911285,1.2039576045452778,-0.153193015384628,-0.03480235349212901,0.22389713079649087,12.856798468074304,9.049127353796056,0.261770099401474,0.13264316320419312,0.03561028838157654,0.22284811735153198,0.5651874542236328,-0.7064065337181091,0.4847276508808136,-0.0068967221304774284,0.11176563799381256,0.07817234098911285,0.9906300902366638,1.2039575576782227,-0.15319301187992096,-0.034802354872226715,0.13264316320419312,0.03561028838157654,0.22284811735153198,0.1817421317100525,-0.02558712661266327,0.22284811735153198,0.23980993032455444,-0.07835032790899277,0.22284811735153198,0.30541688203811646,-0.12138012051582336,0.22284811735153198,0.37694740295410156,-0.15361696481704712,0.22284811735153198,0.45264020562171936,-0.17426706850528717,0.22284811735153198,0.5306315422058105,-0.18282197415828705,0.22284811735153198,0.6090009212493896,-0.17907103896141052,0.22284811735153198,0.6858186721801758,-0.16310659050941467,0.22284811735153198,0.7591932415962219,-0.13532176613807678,0.22284811735153198,-1.5707963705062866,1.5707963705062866,0.8856290578842163,0.20000000298023224,-11.67331030057916,14.999999999999975,-0.07741407734091071,38675.0
2.3998,0.0097,1,1,-0.9084506034851074,0.06339031457901001,0.57591712474823,-0.751741349697113,0.09806757420301437,0.8004478812217712,0.45879408717155457,-0.6813692450523376,0.3748626112937927,0.9915798306465149,0.001840929500758648,0.10401807725429535,0.07709989696741104,-0.10805484839752282,-0.01848690695089508,-0.07892022393432743,1.1529836865679832,11.888078545402628,9.012162242952918,0.2759970426559448,0.15670925378799438,0.034677259624004364,0.22453075647354126,0.45879408717155457,-0.6813692450523376,0.3748626112937927,0.001840929500758648,0.10401807725429535,0.07709989696741104,0.9915798306465149,-0.10805484652519226,-0.018486907705664635,-0.07892022281885147,0.15670925378799438,0.034677259624004364,0.22453075647354126,0.20770257711410522,-0.024950817227363586,0.22453075647354126,0.2673960328102112,-0.075867660343647,0.22453075647354126,0.3343196511268616,-0.11681951582431793,0.22453075647354126,0.4068256616592407,-0.1467980295419693,0.22453075647354126,0.4831286370754242,-0.16506502032279968,0.22453075647354126,0.5613498091697693,-0.1711706966161728,0.22453075647354126,0.6395630836486816,-0.1649647206068039,0.22453075647354126,0.715842604637146,-0.1465998888015747,0.22453075647354126,0.7883100509643555,-0.11652842164039612,0.22453075647354126,-0.9285028576850891,1.5707963705062866,0.8271201848983765,0.20000000298023224,-13.33665515028958,14.999999999999988,-0.15134429902716334,38675.0
2.4202,0.0098,1,1,-0.8989399075508118,0.05003407597541809,0.5834353566169739,-0.7422370910644531,0.08542874455451965,0.8004478812217712,0.49801623821258545,-0.677237868309021,0.37018007040023804,0.991671621799469,-0.0004244023293722421,0.10364977270364761,0.07643262296915054,-1.4312538762096878,0.13924396016128143,-0.1463930330152742,0.878398838669092,11.866846738449935,8.905939207439324,0.27000555396080017,0.15670281648635864,0.03539466857910156,0.21701252460479736,0.49801623821258545,-0.677237868309021,0.37018007040023804,-0.0004244023293722421,0.10364977270364761,0.07643262296915054,0.991671621799469,-1.4312539100646973,0.1392439603805542,-0.1463930308818817,0.15670281648635864,0.03539466857910156,0.21701252460479736,0.20955634117126465,-0.022591006010770798,0.21701252460479736,0.27083003520965576,-0.07159467786550522,0.21701252460479736,0.33901524543762207,-0.1104097068309784,0.21701252460479736,0.412432998418808,-0.13808034360408783,0.21701252460479736,0.4892754852771759,-0.15392524003982544,0.21701252460479736,0.5676506161689758,-0.1575542390346527,0.21701252460479736,0.6456285119056702,-0.14887800812721252,0.21701252460479736,0.7212890982627869,-0.1281101554632187,0.21701252460479736,0.7927693724632263,-0.09576205909252167,0.21701252460479736,-0.20711851119995117,1.5707963705062866,0.8984323740005493,0.20000000298023224,-12.601835850539928,14.999999999999993,-0.3637903700543331,38675.0
2.4402,0.0103,1,1,-0.8983860015869141,0.05000397190451622,0.5920067429542542,-0.7323378324508667,0.07309673726558685,0.8004478812217712,0.503894031047821,-0.5971967577934265,0.3599778115749359,0.9914212822914124,-0.021069360896945,0.10219086706638336,0.07870760560035706,-1.9833302328183673,-0.007146975094485684,-0.13259892383309976,-1.5043941248410593,11.884826311415914,8.921612163662937,0.26749387383461,0.16604816913604736,0.023092765361070633,0.2084411382675171,0.503894031047821,-0.5971967577934265,0.3599778115749359,-0.021069360896945,0.10219086706638336,0.07870760560035706,0.9914212822914124,-1.983330249786377,-0.00714697502553463,-0.13259892165660858,0.16604816913604736,0.023092765361070633,0.2084411382675171,0.220708966255188,-0.03319250047206879,0.2084411382675171,0.28350168466567993,-0.08023396879434586,0.2084411382675171,0.3528802990913391,-0.11687333881855011,0.2084411382675171,0.4271363317966461,-0.14220841228961945,0.2084411382675171,0.504441499710083,-0.15561534464359283,0.2084411382675171,0.5828921794891357,-0.15676404535770416,0.2084411382675171,0.6605566740036011,-0.1456262171268463,0.2084411382675171,0.7355226874351501,-0.12247608602046967,0.2084411382675171,0.8059442639350891,-0.08788372576236725,0.2084411382675171,1.3491345643997192,1.5707963705062866,1.0327080488204956,0.20000000298023224,1.1990820747300361,14.999999999999996,-0.33244445760713887,38675.0
2.46,0.0099,1,1,-0.8920798301696777,0.03989169001579285,0.5865723490715027,-0.7221900224685669,0.06123844161629677,0.8004478812217712,0.5317819714546204,-0.5748559832572937,0.2907743453979492,0.9907495379447937,-0.041190255433321,0.10148593783378601,0.08010796457529068,-1.765023994045738,0.0442560489714761,-0.1309242532382523,-3.8311165276596957,11.987227044321664,8.842890157129316,0.2739725708961487,0.16988980770111084,0.02134675160050392,0.21387553215026855,0.5317819714546204,-0.5748559832572937,0.2907743453979492,-0.041190255433321,0.10148593783378601,0.08010796457529068,0.9907495379447937,-1.765023946762085,0.044256050139665604,-0.130924254655838,0.16988980770111084,0.02134675160050392,0.21387553215026855,0.22628068923950195,-0.033205050975084305,0.21387553215026855,0.2905110716819763,-0.07826375961303711,0.21387553215026855,0.3609994053840637,-0.11271987110376358,0.21387553215026855,0.4360100328922272,-0.1357249617576599,0.21387553215026855,0.5136959552764893,-0.14671257138252258,0.21387553215026855,0.592144250869751,-0.1454121619462967,0.21387553215026855,0.6694233417510986,-0.13185574114322662,0.21387553215026855,0.7436302900314331,-0.10637710243463516,0.21387553215026855,0.81293785572052,-0.06960363686084747,0.21387553215026855,1.5707963705062866,1.5707963705062866,0.9710448980331421,0.20000000298023224,8.099541037365018,14.999999999999998,-0.48988847067434377,38675.0
2.4796,0.0097,1,1,-0.8810994029045105,0.028678646311163902,0.5924277901649475,-0.7118573784828186,0.04989449307322502,0.8004478812217712,0.569863498210907,-0.552873432636261,0.29247409105300903,0.9899941086769104,-0.057583004236221313,0.10062310099601746,0.08042945712804794,-0.8047566813612342,-0.142422442922291,-0.1450277634824451,-5.740655127003057,12.034187188561171,8.683667435883388,0.269008070230484,0.1692420244216919,0.02121584676206112,0.20802009105682373,0.569863498210907,-0.552873432636261,0.29247409105300903,-0.057583004236221313,0.10062310099601746,0.08042945712804794,0.9899941086769104,-0.8047567009925842,-0.14242243766784668,-0.145027756690979,0.1692420244216919,0.02121584676206112,0.20802009105682373,0.22728025913238525,-0.03157991170883179,0.20802009105682373,0.29286307096481323,-0.0746464803814888,0.20802009105682373,0.3643754720687866,-0.1069234311580658,0.20802009105682373,0.440056711435318,-0.12761598825454712,0.20802009105682373,0.5180431604385376,-0.13621462881565094,0.20802009105682373,0.5964146852493286,-0.13250762224197388,0.20802009105682373,0.673241376876831,-0.11658627539873123,0.20802009105682373,0.7466315627098083,-0.08884259313344955,0.20802009105682373,0.8147780895233154,-0.04995972663164139,0.20802009105682373,1.26569402217865,1.5707963705062866,0.9944156408309937,0.20000000298023224,11.549770518682509,15.0,-0.8083339131662041,38675.0
2.4995,0.009,1,1,-0.8787839412689209,0.03826405107975006,0.6079366207122803,-0.7009475231170654,0.03863885626196861,0.8004478812217712,0.5774903893470764,-0.42837435007095337,0.3378947973251343,0.9898481965065002,-0.05882854387164116,0.10009351372718811,0.0819692611694336,0.7915003975612014,-0.03148269614561542,-0.08634043155442549,-5.870837043637351,11.993401037920979,8.850453434875623,0.262081116437912,0.17783641815185547,0.00037480518221855164,0.19251126050949097,0.5774903893470764,-0.42837435007095337,0.3378947973251343,-0.05882854387164116,0.10009351372718811,0.0819692611694336,0.9898481965065002,0.7915003895759583,-0.031482696533203125,-0.08634043484926224,0.17783641815185547,0.00037480518221855164,0.19251126050949097,0.2375011444091797,-0.05057569965720177,0.19251126050949097,0.3044016361236572,-0.09156531095504761,0.19251126050949097,0.37689071893692017,-0.12158471345901489,0.19251126050949097,0.4531834125518799,-0.1398947387933731,0.19251126050949097,0.5314010977745056,-0.1460445374250412,0.19251126050949097,0.6096178293228149,-0.13988268375396729,0.19251126050949097,0.6859077215194702,-0.12156087905168533,0.19251126050949097,0.7583921551704407,-0.09153029322624207,0.19251126050949097,0.8252863883972168,-0.050530366599559784,0.19251126050949097,1.5707963705062866,1.5707963705062866,1.2332757711410522,0.20000000298023224,13.274885259341254,15.0,-0.4747619151817528,38675.0
2.5203,0.01,1,1,-0.8627774715423584,-0.010629445314407349,0.5992400050163269,-0.6894556879997253,0.02751065231859684,0.8004478812217712,0.6508856415748596,-0.5840867757797241,0.2843029797077179,0.9904561638832092,-0.04876530170440674,0.10036298632621765,0.08089392632246017,1.9594223699224536,-0.05030766642976084,-0.09589259949567286,-4.711357015933929,11.929028310801879,8.845827640336378,0.26829037070274353,0.17332178354263306,0.03814009577035904,0.20120787620544434,0.6508856415748596,-0.5840867757797241,0.2843029797077179,-0.04876530170440674,0.10036298632621765,0.08089392632246017,0.9904561638832092,1.9594223499298096,-0.05030766502022743,-0.09589260071516037,0.17332178354263306,0.03814009577035904,0.20120787620544434,0.23458582162857056,-0.010875681415200233,0.20120787620544434,0.3027634024620056,-0.049704186618328094,0.20120787620544434,0.3761756718158722,-0.07738932967185974,0.20120787620544434,0.4530150294303894,-0.09324941039085388,0.20120787620544434,0.5313894748687744,-0.09689390659332275,0.20120787620544434,0.6093690395355225,-0.08823307603597641,0.20120787620544434,0.6850337386131287,-0.06748016923666,0.20120787620544434,0.7565203905105591,-0.03514620289206505,0.20120787620544434,0.8220688104629517,0.0079726567491889,0.20120787620544434,-1.5707963705062866,1.5707963705062866,0.5969353914260864,0.20000000298023224,-0.8625573703293732,15.0,-0.48401350426023887,38675.0
2.5412,0.0094,1,1,-0.8498155474662781,-0.014830799773335457,0.6260684728622437,-0.6778078079223633,0.016926556825637817,0.8004478812217712,0.694938063621521,-0.5293118357658386,0.3885376751422882,0.9912461638450623,-0.027887875214219093,0.10223007947206497,0.07874208688735962,2.376965815114418,0.11455974419571745,-0.0807218024774956,-2.2956529595105244,11.950247744532614,8.843462340514924,0.24698859453201294,0.1720077395439148,0.031757354736328125,0.1743794083595276,0.694938063621521,-0.5293118357658386,0.3885376751422882,-0.027887875214219093,0.10223007947206497,0.07874208688735962,0.9912461638450623,2.3769657611846924,0.11455974727869034,-0.08072180300951004,0.1720077395439148,0.031757354736328125,0.1743794083595276,0.2347840666770935,-0.015305988490581512,0.1743794083595276,0.304149866104126,-0.05196952074766159,0.1743794083595276,0.3783971071243286,-0.07733046263456345,0.1743794083595276,0.45569756627082825,-0.09076434373855591,0.1743794083595276,0.5341478586196899,-0.09194037318229675,0.1743794083595276,0.6118162870407104,-0.08082959800958633,0.1743794083595276,0.6867903470993042,-0.0577055960893631,0.1743794083595276,0.7572239637374878,-0.023137761279940605,0.1743794083595276,0.8213828206062317,0.022022729739546776,0.1743794083595276,-1.5707963705062866,1.5707963705062866,0.8294521570205688,0.20000000298023224,-7.931278685164687,15.0,-0.488744103903165,38675.0
2.5598,0.0097,1,1,-0.8300241827964783,-0.033762868493795395,0.6255645155906677,-0.6659244298934937,0.006790130864828825,0.8004478812217712,0.7531366944313049,-0.5560675263404846,0.3504147231578827,0.9914369583129883,-0.005626830272376537,0.10596980154514313,0.07608860731124878,1.4698892862498487,0.2830180239158149,-0.15809817528314726,0.29125399118599954,12.179849342165802,8.808270069889199,0.24322307109832764,0.16409975290298462,0.04055299982428551,0.17488336563110352,0.7531366944313049,-0.5560675263404846,0.3504147231578827,-0.005626830272376537,0.10596980154514313,0.07608860731124878,0.9914369583129883,1.4698892831802368,0.28301802277565,-0.15809817612171173,0.16409975290298462,0.04055299982428551,0.17488336563110352,0.22831547260284424,-0.004526577889919281,0.17488336563110352,0.29879260063171387,-0.039005596190690994,0.17488336563110352,0.3737957775592804,-0.06203507259488106,0.17488336563110352,0.45147812366485596,-0.073047935962677,0.17488336563110352,0.5299268960952759,-0.07177300751209259,0.17488336563110352,0.6072103381156921,-0.058241698890924454,0.17488336563110352,0.6814255118370056,-0.03278718516230583,0.17488336563110352,0.7507450580596924,0.003963755443692207,0.17488336563110352,0.8134620189666748,0.051106199622154236,0.17488336563110352,-1.5707963705062866,1.5707963705062866,0.7667564153671265,0.20000000298023224,-11.465639342582342,15.0,-0.5591286451545795,38675.0
2.58,0.0099,1,1,-0.8297183513641357,-0.04851512983441353,0.6399715542793274,-0.6535560488700867,-0.003105146810412407,0.8004478812217712,0.7511690258979797,-0.5710783004760742,0.34463372826576233,0.991500973701477,0.008014335297048092,0.10569395869970322,0.07542065531015396,-0.029054490362113824,0.2673218185040786,-0.1615243320255342,1.8653080258113628,12.027575517375785,8.89640412179278,0.24258580803871155,0.17616230249404907,0.04540998488664627,0.16047632694244385,0.7511690258979797,-0.5710783004760742,0.34463372826576233,0.008014335297048092,0.10569395869970322,0.07542065531015396,0.991500973701477,-0.029054490849375725,0.2673218250274658,-0.16152432560920715,0.17616230249404907,0.04540998488664627,0.16047632694244385,0.24177372455596924,0.0023870766162872314,0.16047632694244385,0.31330764293670654,-0.029842253774404526,0.16047632694244385,0.38900265097618103,-0.05048442259430885,0.16047632694244385,0.46699485182762146,-0.05903114750981331,0.16047632694244385,0.5453638434410095,-0.05527197942137718,0.16047632694244385,0.6221799254417419,-0.039299484342336655,0.16047632694244385,0.6955515742301941,-0.011506952345371246,0.16047632694244385,0.7636722326278687,0.027421267703175545,0.16047632694244385,0.8248645067214966,0.07652663439512253,0.16047632694244385,-1.5707963705062866,1.5707963705062866,0.868061900138855,0.20000000298023224,-13.232819671291171,15.0,-0.382860541347442,38675.0
2.6004,0.0096,1,1,-0.8143140077590942,-0.05994028225541115,0.646805465221405,-0.6410306692123413,-0.012494686059653759,0.8004478812217712,0.7914762496948242,-0.571344256401062,0.337796688079834,0.9912547469139099,0.006215987727046013,0.1078953966498375,0.07571033388376236,-1.5079802130051432,0.07888211576360407,-0.1333949926171949,1.680941419511596,12.296014313039215,8.916407964139633,0.2363983690738678,0.17328333854675293,0.047445595264434814,0.1536424160003662,0.7914762496948242,-0.571344256401062,0.337796688079834,0.006215987727046013,0.1078953966498375,0.07571033388376236,0.9912547469139099,-1.507980227470398,0.0788821130990982,-0.1333949863910675,0.17328333854675293,0.047445595264434814,0.1536424160003662,0.2402094006538391,0.006497688591480255,0.1536424160003662,0.31271713972091675,-0.02347654476761818,0.1536424160003662,0.38902121782302856,-0.041739027947187424,0.1536424160003662,0.4672427475452423,-0.04784008488059044,0.1536424160003662,0.5454556345939636,-0.04162948206067085,0.1536424160003662,0.621734082698822,-0.023260150104761124,0.1536424160003662,0.694199800491333,0.006815597414970398,0.1536424160003662,0.7610684037208557,0.04785719886422157,0.1536424160003662,0.8206934928894043,0.09885407239198685,0.1536424160003662,-1.5707963705062866,1.5707963705062866,0.8637884855270386,0.20000000298023224,-14.116409835645586,15.0,-0.34285285665371135,38675.0
2.6197,0.01,1,1,-0.8060390949249268,-0.07204871624708176,0.6578032374382019,-0.6282808184623718,-0.021444562822580338,0.8004478812217712,0.8217139840126038,-0.5722697973251343,0.3155367374420166,0.991178572177887,-0.00865145493298769,0.10632903128862381,0.0786275565624237,-2.034312723462408,0.03500813054001347,-0.16745768848666262,-0.025181100436076097,12.247943722262946,9.068526556315488,0.23346580564975739,0.17775827646255493,0.05060415342450142,0.14264464378356934,0.8217139840126038,-0.5722697973251343,0.3155367374420166,-0.00865145493298769,0.10632903128862381,0.0786275565624237,0.991178572177887,-2.0343127250671387,0.035008128732442856,-0.1674576848745346,0.17775827646255493,0.05060415342450142,0.14264464378356934,0.24592739343643188,0.011760946363210678,0.14264464378356934,0.3193337321281433,-0.01594003289937973,0.14264464378356934,0.39616966247558594,-0.03181668370962143,0.14264464378356934,0.4745432734489441,-0.03547808527946472,0.14264464378356934,0.552524745464325,-0.026834063231945038,0.14264464378356934,0.6281939148902893,-0.006097480654716492,0.14264464378356934,0.6996876001358032,0.02622106298804283,0.14264464378356934,0.765245258808136,0.06932578980922699,0.14264464378356934,0.82325279712677,0.12215530872344971,0.14264464378356934,-1.5707963705062866,1.5707963705062866,0.8516916036605835,0.20000000298023224,-14.558204917822792,15.0,-0.038615672302027226,38675.0
2.6403,0.0104,1,1,-0.7866417765617371,-0.08611541986465454,0.6563126444816589,-0.6151203513145447,-0.03008045069873333,0.8004478812217712,0.8624905943870544,-0.5767907500267029,0.2865390479564667,0.9908726811408997,-0.02882121503353119,0.10532396286725998,0.0790284052491188,-1.9527068097596552,0.025990733668032423,-0.17027256653509232,-2.373997991701891,12.31467717980895,8.863935146458198,0.23094259202480316,0.17152142524719238,0.05603496730327606,0.1441352367401123,0.8624905943870544,-0.5767907500267029,0.2865390479564667,-0.02882121503353119,0.10532396286725998,0.0790284052491188,0.9908726811408997,-1.9527068138122559,0.02599073387682438,-0.1702725738286972,0.17152142524719238,0.05603496730327606,0.1441352367401123,0.24087947607040405,0.01935683935880661,0.1441352367401123,0.3151214122772217,-0.0060197338461875916,0.1441352367401123,0.3924190402030945,-0.01946987956762314,0.1441352367401123,0.4708690643310547,-0.020662419497966766,0.1441352367401123,0.5485397577285767,-0.009567990899085999,0.1441352367401123,0.623518705368042,0.013540223240852356,0.1441352367401123,0.6939595937728882,0.04809322953224182,0.1441352367401123,0.7581279873847961,0.09324021637439728,0.1441352367401123,0.8144437670707703,0.1478695124387741,0.1441352367401123,-1.5707963705062866,1.5707963705062866,0.7582699060440063,0.20000000298023224,-14.779102458911396,15.0,-0.44779849201661165,38675.0
2.6599,0.0089,1,1,-0.7683141231536865,-0.09292092174291611,0.6765658259391785,-0.6017928719520569,-0.03823971003293991,0.8004478812217712,0.9080726504325867,-0.5354300141334534,0.38611093163490295,0.9902170896530151,-0.04947702959179878,0.1028023436665535,0.08032317459583282,-1.6073763091057345,-0.048430866069365544,-0.1465805528455294,-4.781590001398228,12.212708038692098,8.763130900532099,0.21463020145893097,0.16652125120162964,0.054681211709976196,0.12388205528259277,0.9080726504325867,-0.5354300141334534,0.38611093163490295,-0.04947702959179878,0.1028023436665535,0.08032317459583282,0.9902170896530151,-1.6073763370513916,-0.04843086749315262,-0.1465805470943451,0.16652125120162964,0.054681211709976196,0.12388205528259277,0.23699164390563965,0.020188413560390472,0.12388205528259277,0.31199029088020325,-0.002855725586414337,0.12388205528259277,0.3896704614162445,-0.013883784413337708,0.12388205528259277,0.46811944246292114,-0.012624204158782959,0.12388205528259277,0.5454055666923523,0.0008919909596443176,0.12388205528259277,0.6196257472038269,0.026331990957260132,0.12388205528259277,0.6889524459838867,0.06306937336921692,0.12388205528259277,0.7516786456108093,0.11019955575466156,0.12388205528259277,0.80625981092453,0.166562020778656,0.12388205528259277,-1.5707963705062866,1.5707963705062866,0.9503136873245239,0.20000000298023224,-14.889551229455698,15.0,-0.6494069838688185,38675.0
2.6802,0.0093,1,1,-0.749817430973053,-0.10338076949119568,0.6843259930610657,-0.5881220698356628,-0.04603061452507973,0.8004478812217712,0.9461266398429871,-0.5103886723518372,0.38757896423339844,0.9893750548362732,-0.06573008000850677,0.10116983950138092,0.08111220598220825,-1.2320105445198455,0.24074400345730584,-0.20772167146767756,-6.676598633238962,12.172336374748163,8.660917064580309,0.2071683406829834,0.16169536113739014,0.05735015496611595,0.11612188816070557,0.9461266398429871,-0.5103886723518372,0.38757896423339844,-0.06573008000850677,0.10116983950138092,0.08111220598220825,0.9893750548362732,-1.2320106029510498,0.24074400961399078,-0.20772166550159454,0.16169536113739014,0.05735015496611595,0.11612188816070557,0.23321616649627686,0.025091856718063354,0.11612188816070557,0.3089028000831604,0.0044190362095832825,0.11612188816070557,0.38689154386520386,-0.004159271717071533,0.11612188816070557,0.4652620553970337,-0.0004318356513977051,0.11612188816070557,0.5420845746994019,0.015509553253650665,0.11612188816070557,0.6154675483703613,0.04327236860990524,0.11612188816070557,0.6836039423942566,0.08217299729585648,0.11612188816070557,0.7448160648345947,0.13125358521938324,0.11612188816070557,0.7975966930389404,0.18930558860301971,0.11612188816070557,-1.5707963705062866,1.5707963705062866,0.9831720590591431,0.20000000298023224,-14.944775614727849,15.0,-0.8538346557724057,38675.0
2.6997,0.0099,1,1,-0.7357050776481628,-0.10978197306394577,0.6777931451797485,-0.5742485523223877,-0.05336936190724373,0.8004478812217712,0.9344257116317749,-0.4556018114089966,0.2867087423801422,0.9884533882141113,-0.07879046350717545,0.10076681524515152,0.08121563494205475,-0.96234204833173,0.0991163976071058,-0.14038420922675565,-8.200411213747094,12.23985489548392,8.51347544276992,0.2104632407426834,0.16145652532577515,0.05641261115670204,0.1226547360420227,0.9344257116317749,-0.4556018114089966,0.2867087423801422,-0.07879046350717545,0.10076681524515152,0.08121563494205475,0.9884533882141113,-0.9623420238494873,0.09911639988422394,-0.14038421213626862,0.16145652532577515,0.05641261115670204,0.1226547360420227,0.23395460844039917,0.026414968073368073,0.1226547360420227,0.3102527856826782,0.008127838373184204,0.1226547360420227,0.3884723484516144,0.002001523971557617,0.1226547360420227,0.46668723225593567,0.008186861872673035,0.1226547360420227,0.5429716110229492,0.026531562209129333,0.1226547360420227,0.6154469847679138,0.05658390372991562,0.1226547360420227,0.6823289394378662,0.09760390222072601,0.1226547360420227,0.741970419883728,0.14858151972293854,0.1226547360420227,0.7929030656814575,0.20826150476932526,0.1226547360420227,-1.5545215606689453,1.5707963705062866,0.8885828256607056,0.20000000298023224,-14.972387807363924,15.0,-1.1487178993931515,38675.0
2.72,0.01,1,1,-0.721726655960083,-0.11000003665685654,0.7008397579193115,-0.5600535273551941,-0.0603150948882103,0.8004478812217712,0.9800594449043274,-0.4152602553367615,0.41611596941947937,0.9874938130378723,-0.09065821766853333,0.09936342388391495,0.08223076909780502,-0.8543993356608564,0.27475609926606204,-0.17959487870713062,-9.582090191749689,12.189831217033301,8.494768462806109,0.19628696143627167,0.16167312860488892,0.04968494176864624,0.09960812330245972,0.9800594449043274,-0.4152602553367615,0.41611596941947937,-0.09065821766853333,0.09936342388391495,0.08223076909780502,0.9874938130378723,-0.8543993234634399,0.2747561037540436,-0.17959487438201904,0.16167312860488892,0.04968494176864624,0.09960812330245972,0.2350829839706421,0.021993398666381836,0.09960812330245972,0.31192097067832947,0.006126619875431061,0.09960812330245972,0.3902950584888458,0.0024752914905548096,0.09960812330245972,0.46827542781829834,0.011129327118396759,0.09960812330245972,0.5439419150352478,0.03187563270330429,0.09960812330245972,0.6154314279556274,0.06420336663722992,0.09960812330245972,0.6809836030006409,0.1073165088891983,0.09960812330245972,0.7389842867851257,0.16015347838401794,0.09960812330245972,0.7880054116249084,0.221413254737854,0.09960812330245972,-1.0288851261138916,1.5707963705062866,1.2101973295211792,0.20000000298023224,-14.986193903681961,15.0,-1.186131859320759,38675.0
2.7397,0.0101,1,1,-0.7047939896583557,-0.11625882238149643,0.6991779208183289,-0.5457862019538879,-0.0667482390999794,0.8004478812217712,0.9849340319633484,-0.3636138439178467,0.3438001275062561,0.9864968657493591,-0.10083241760730743,0.09946007281541824,0.08223410695791245,-0.7183425634683976,0.20005186739679023,-0.1600821970057427,-10.769852334359372,12.287535470706501,8.367592465128526,0.19491121172904968,0.15900778770446777,0.04951058328151703,0.10126996040344238,0.9849340319633484,-0.3636138439178467,0.3438001275062561,-0.10083241760730743,0.09946007281541824,0.08223410695791245,0.9864968657493591,-0.7183425426483154,0.20005187392234802,-0.16008219122886658,0.15900778770446777,0.04951058328151703,0.10126996040344238,0.23324835300445557,0.024130143225193024,0.10126996040344238,0.31054526567459106,0.010675966739654541,0.10126996040344238,0.3889952600002289,0.009479328989982605,0.10126996040344238,0.466666579246521,0.020569711923599243,0.10126996040344238,0.5416467189788818,0.04367401450872421,0.10126996040344238,0.6120893955230713,0.0782233476638794,0.10126996040344238,0.6762601137161255,0.12336698919534683,0.10126996040344238,0.7325787544250488,0.17799334228038788,0.10126996040344238,0.7796586155891418,0.24075734615325928,0.10126996040344238,-0.49776363372802734,1.5707963705062866,1.1543532609939575,0.20000000298023224,-14.99309695184098,15.0,-1.4404838546759706,38675.0
2.7599,0.0102,1,1,-0.7048535943031311,-0.14370661973953247,0.714028537273407,-0.5311840772628784,-0.07278723269701004,0.8004478812217712,0.8889265656471252,-0.3759022355079651,0.31737640500068665,0.9870171546936035,-0.10233283042907715,0.09240712225437164,0.08236619830131531,-0.6200364992019757,0.15979643982077718,-0.18583170237447358,-10.988321621577596,11.494411986877495,8.431203610133823,0.20654046535491943,0.17366951704025269,0.07091938704252243,0.08641934394836426,0.8889265656471252,-0.3759022355079651,0.31737640500068665,-0.10233283042907715,0.09240712225437164,0.08236619830131531,0.9870171546936035,-0.6200364828109741,0.15979644656181335,-0.1858316957950592,0.17366951704025269,0.07091938704252243,0.08641934394836426,0.24867501854896545,0.0478975772857666,0.08641934394836426,0.32635849714279175,0.03689264506101608,0.08641934394836426,0.40480709075927734,0.03817557543516159,0.08641934394836426,0.48208916187286377,0.05171477049589157,0.08641934394836426,0.5563017725944519,0.07717686146497726,0.08641934394836426,0.6256175637245178,0.11393488943576813,0.08641934394836426,0.6883297562599182,0.16108372807502747,0.08641934394836426,0.7428941130638123,0.2174624502658844,0.08641934394836426,0.7879671454429626,0.2816827893257141,0.08641934394836426,-1.5707963705062866,1.5707963705062866,1.1036018133163452,0.20000000298023224,-14.996548475920491,15.0,-1.3132615646653616,38675.0
2.7798,0.0099,1,1,-0.686126708984375,-0.15149323642253876,0.7124553918838501,-0.5165868401527405,-0.07829409837722778,0.8004478812217712,0.9203844666481018,-0.33354583382606506,0.25775229930877686,0.9862263202667236,-0.10875073820352554,0.0936039388179779,0.08226251602172852,-0.49417077897389605,0.140985600935166,-0.14286312950367186,-11.731096061820917,11.684451572622216,8.331640882803246,0.20455943048000336,0.16953986883163452,0.07319913804531097,0.08799248933792114,0.9203844666481018,-0.33354583382606506,0.25775229930877686,-0.10875073820352554,0.0936039388179779,0.08226251602172852,0.9862263202667236,-0.49417078495025635,0.1409856081008911,-0.14286312460899353,0.16953986883163452,0.07319913804531097,0.08799248933792114,0.2452271282672882,0.05252864211797714,0.08799248933792114,0.32321614027023315,0.04395272582769394,0.08799248933792114,0.40158653259277344,0.04768255352973938,0.08799248933792114,0.4784085750579834,0.06362629681825638,0.08799248933792114,0.5517906546592712,0.09139136224985123,0.08799248933792114,0.619925856590271,0.1302940845489502,0.08799248933792114,0.6811364889144897,0.1793765425682068,0.08799248933792114,0.7339153289794922,0.2374301552772522,0.08799248933792114,0.7769628167152405,0.303025484085083,0.08799248933792114,-1.5707963705062866,1.5707963705062866,1.0022417306900024,0.20000000298023224,-14.998274237960246,15.0,-1.5123870193265323,38675.0
2.7998,0.0084,1,1,-0.6655793786048889,-0.15459486842155457,0.7306673526763916,-0.5017980933189392,-0.08335153758525848,0.8004478812217712,0.9647238850593567,-0.26603588461875916,0.3327777683734894,0.9854691028594971,-0.11458761990070343,0.09465648978948593,0.08220962435007095,-0.36439420668503497,0.19504139612191515,-0.11698527641515596,-12.40750117378478,11.853062172481215,8.24433066423085,0.1917530745267868,0.1637812852859497,0.07124333083629608,0.06978052854537964,0.9647238850593567,-0.26603588461875916,0.3327777683734894,-0.11458761990070343,0.09465648978948593,0.08220962435007095,0.9854691028594971,-0.3643942177295685,0.19504140317440033,-0.1169852763414383,0.1637812852859497,0.07124333083629608,0.06978052854537964,0.24007758498191833,0.05294855684041977,0.06978052854537964,0.31829652190208435,0.04681440442800522,0.06978052854537964,0.39651206135749817,0.05299190431833267,0.06978052854537964,0.472798228263855,0.07132895290851593,0.06978052854537964,0.5452766418457031,0.10137403011322021,0.06978052854537964,0.612162709236145,0.14238733053207397,0.06978052854537964,0.6718093156814575,0.19335897266864777,0.06978052854537964,0.7227479219436646,0.253033846616745,0.06978052854537964,0.763724148273468,0.3199425935745239,0.06978052854537964,-1.2695544958114624,1.5707963705062866,1.1828545331954956,0.20000000298023224,-14.999137118980123,15.0,-1.687007456471319,38675.0
2.82,0.0094,1,1,-0.6468297839164734,-0.15910355746746063,0.7290368676185608,-0.4866907298564911,-0.08799298852682114,0.8004478812217712,0.9904634356498718,-0.21696068346500397,0.2673991322517395,0.9847773909568787,-0.11886001378297806,0.09641832113265991,0.08238535374403,-0.3158475097530078,0.23924724034565406,-0.15030335244383755,-12.8950612748697,12.092221342956655,8.192758129032928,0.1892108917236328,0.1601390540599823,0.0711105689406395,0.07141101360321045,0.9904634356498718,-0.21696068346500397,0.2673991322517395,-0.11886001378297806,0.09641832113265991,0.08238535374403,0.9847773909568787,-0.3158475160598755,0.23924724757671356,-0.15030334889888763,0.1601390540599823,0.0711105689406395,0.07141101360321045,0.23697546124458313,0.05523625761270523,0.07141101360321045,0.31534919142723083,0.05157724767923355,0.07141101360321045,0.3933303952217102,0.06022363901138306,0.07141101360321045,0.4689989686012268,0.08096252381801605,0.07141101360321045,0.5404915809631348,0.11328325420618057,0.07141101360321045,0.6060479879379272,0.1563899666070938,0.07141101360321045,0.6640539169311523,0.2092212587594986,0.07141101360321045,0.7130810022354126,0.27047622203826904,0.07141101360321045,0.7519221305847168,0.3386465907096863,0.07141101360321045,-0.9070354700088501,1.5707963705062866,1.129886507987976,0.20000000298023224,-14.999568559490061,15.0,-1.7901525268671588,38675.0
2.84,0.0098,1,1,-0.6331434845924377,-0.15705262124538422,0.7560856342315674,-0.47148773074150085,-0.09214351326227188,0.8004478812217712,1.0302244424819946,-0.15985621511936188,0.438027024269104,0.9839236736297607,-0.12427312135696411,0.09883946180343628,0.08172642439603806,-0.30355179486865286,0.2074640106322124,-0.1677837426278724,-13.52409646825758,12.404601741042947,8.019837668866574,0.17976035177707672,0.1616557538509369,0.06490910798311234,0.04436224699020386,1.0302244424819946,-0.15985621511936188,0.438027024269104,-0.12427312135696411,0.09883946180343628,0.08172642439603806,0.9839236736297607,-0.3035517930984497,0.20746400952339172,-0.1677837371826172,0.1616557538509369,0.06490910798311234,0.04436224699020386,0.23895427584648132,0.05146417021751404,0.04436224699020386,0.3174043893814087,0.05027691274881363,0.04436224699020386,0.39507436752319336,0.061376579105854034,0.04436224699020386,0.47005176544189453,0.0844898447394371,0.04436224699020386,0.5404903292655945,0.11904759705066681,0.04436224699020386,0.6046556234359741,0.16419890522956848,0.04436224699020386,0.6609677672386169,0.21883200109004974,0.04436224699020386,0.7080401182174683,0.28160160779953003,0.04436224699020386,0.744713544845581,0.35096216201782227,0.04436224699020386,-0.12881863117218018,1.5707963705062866,1.40420663356781,0.021362630650401115,-11.190166224154185,15.0,-2.1359934471998576,34675.0
2.8598,0.0097,1,1,-0.6036829948425293,-0.15979717671871185,0.7458088397979736,-0.4562121629714966,-0.09580156207084656,0.8004478812217712,1.0599604845046997,-0.08068050444126129,0.272105872631073,0.983294665813446,-0.12808819115161896,0.10071127861738205,0.08111836016178131,-0.20535631836649643,0.11997439177790409,-0.13108147961110783,-13.969734430028947,12.64081193879962,7.877095070452877,0.1697896122932434,0.14747083187103271,0.0639956146478653,0.05463904142379761,1.0599604845046997,-0.08068050444126129,0.272105872631073,-0.12808819115161896,0.10071127861738205,0.08111836016178131,0.983294665813446,-0.20535631477832794,0.11997438967227936,-0.1310814768075943,0.14747083187103271,0.0639956146478653,0.05463904142379761,0.22515353560447693,0.05298534035682678,0.05463904142379761,0.3036022484302521,0.05426286906003952,0.05463904142379761,0.3808852434158325,0.0677967518568039,0.05463904142379761,0.45509961247444153,0.0932537391781807,0.05463904142379761,0.5244179368019104,0.13000699877738953,0.05463904142379761,0.5871333479881287,0.17715153098106384,0.05463904142379761,0.6417015790939331,0.23352646827697754,0.05463904142379761,0.6867790222167969,0.2977437376976013,0.05463904142379761,0.7212557196617126,0.3682219982147217,0.05463904142379761,0.7066081762313843,1.5707963705062866,1.3126369714736938,0.18338124454021454,1.9049168879229068,15.0,-2.4214786440272547,36391.0
2.8797,0.0095,1,1,-0.5931150317192078,-0.16060705482959747,0.7485227584838867,-0.44092532992362976,-0.09895969182252884,0.8004478812217712,1.0764026641845703,-0.055178429931402206,0.2680289149284363,0.9827227592468262,-0.131899893283844,0.10179134458303452,0.08059140294790268,-0.025778974910668294,0.15729273550096642,-0.1976601323560605,-14.418967652929862,12.786888333163052,7.75230388170848,0.17221590876579285,0.152189701795578,0.061647363007068634,0.05192512273788452,1.0764026641845703,-0.055178429931402206,0.2680289149284363,-0.131899893283844,0.10179134458303452,0.08059140294790268,0.9827227592468262,-0.02577897533774376,0.15729273855686188,-0.19766013324260712,0.152189701795578,0.061647363007068634,0.05192512273788452,0.23017823696136475,0.05306735634803772,0.05192512273788452,0.30854880809783936,0.056793078780174255,0.05192512273788452,0.38537168502807617,0.07273278385400772,0.05192512273788452,0.4587552547454834,0.10049399733543396,0.05192512273788452,0.5268924832344055,0.139393150806427,0.05192512273788452,0.5881057381629944,0.18847239017486572,0.05192512273788452,0.6408876180648804,0.24652324616909027,0.05192512273788452,0.6839385032653809,0.3121163249015808,0.05192512273788452,0.7161983847618103,0.3836364448070526,0.05192512273788452,0.7943834066390991,1.5707963705062866,1.364113211631775,0.16886505484580994,8.452458443961454,15.0,-2.671061021516054,34323.0
2.9,0.0092,1,1,-0.5672718286514282,-0.1738671362400055,0.7545158863067627,-0.4254262149333954,-0.10165824741125107,0.8004478812217712,1.087877869606018,-0.03296203166246414,0.26527538895606995,0.9839097261428833,-0.12415695935487747,0.10016369074583054,0.08044837415218353,0.7678119125600827,-0.04844001236323429,-0.18155265164823195,-13.51955461555029,12.537614944735584,7.856675523566553,0.16566245257854462,0.14184561371803284,0.07220888882875443,0.045931994915008545,1.087877869606018,-0.03296203166246414,0.26527538895606995,-0.12415695935487747,0.10016369074583054,0.08044837415218353,0.9839097261428833,0.7678118944168091,-0.04844001308083534,-0.18155264854431152,0.14184561371803284,0.07220888882875443,0.045931994915008545,0.22006547451019287,0.06608669459819794,0.045931994915008545,0.2982800602912903,0.07227616757154465,0.045931994915008545,0.37456345558166504,0.09062488377094269,0.045931994915008545,0.4470372796058655,0.12068105489015579,0.045931994915008545,0.5139170289039612,0.16170458495616913,0.045931994915008545,0.5735558271408081,0.21268534660339355,0.045931994915008545,0.6244853138923645,0.27236801385879517,0.045931994915008545,0.6654512882232666,0.3392830193042755,0.045931994915008545,0.6954451203346252,0.4117826819419861,0.045931994915008545,-0.6132172346115112,1.5707963705062866,1.2842568159103394,0.15382125973701477,-3.273770778019273,15.0,-2.4623177377999115,32099.0
2.9201,0.0097,1,1,-0.5652455687522888,-0.17723001539707184,0.7521070241928101,-0.40980616211891174,-0.1038733646273613,0.8004478812217712,1.0945954322814941,-0.02368350885808468,0.23944219946861267,0.9853721857070923,-0.1111992821097374,0.10068575292825699,0.0808500424027443,1.9816248776143353,0.049402961479136503,-0.19580926868796905,-11.992777510494138,12.49807509316925,8.063253816066135,0.1785481721162796,0.15543940663337708,0.07335665076971054,0.04834085702896118,1.0945954322814941,-0.02368350885808468,0.23944219946861267,-0.1111992821097374,0.10068575292825699,0.0808500424027443,0.9853721857070923,1.9816248416900635,0.049402959644794464,-0.1958092749118805,0.15543940663337708,0.07335665076971054,0.04834085702896118,0.23381349444389343,0.06970525532960892,0.04834085702896118,0.31179386377334595,0.0783592164516449,0.04834085702896118,0.3874604105949402,0.09910544753074646,0.04834085702896118,0.4589499235153198,0.13143311440944672,0.04834085702896118,0.5245020985603333,0.17454619705677032,0.04834085702896118,0.5825029015541077,0.2273831069469452,0.04834085702896118,0.6315240859985352,0.2886428236961365,0.04834085702896118,0.6703585982322693,0.35681694746017456,0.04834085702896118,0.6980502009391785,0.43022680282592773,0.04834085702896118,-1.5707963705062866,1.5707963705062866,1.1126865148544312,0.20000000298023224,-9.136885389009636,15.0,-2.049161152800707,36099.0
2.94,0.0097,1,1,-0.5448892116546631,-0.17930933833122253,0.768774151802063,-0.39417973160743713,-0.10558934509754181,0.8004478812217712,1.135799765586853,0.019934525713324547,0.28839394450187683,0.9875078797340393,-0.0893297791481018,0.10226830840110779,0.07992196828126907,2.249591081233672,0.001523872869199462,-0.07901572322654199,-9.436869215149322,12.489479438172909,8.219105200485703,0.17073725163936615,0.15070948004722595,0.07371999323368073,0.03167372941970825,1.135799765586853,0.019934525713324547,0.28839394450187683,-0.0893297791481018,0.10226830840110779,0.07992196828126907,0.9875078797340393,2.249591112136841,0.0015238728374242783,-0.07901572436094284,0.15070948004722595,0.07371999323368073,0.03167372941970825,0.22915959358215332,0.0725342333316803,0.03167372941970825,0.30682939291000366,0.0836353674530983,0.03167372941970825,0.38180631399154663,0.10675006359815598,0.03167372941970825,0.45224422216415405,0.14130915701389313,0.03167372941970825,0.5164086818695068,0.1864616870880127,0.03167372941970825,0.5727197527885437,0.24109584093093872,0.03167372941970825,0.6197909116744995,0.30386635661125183,0.03167372941970825,0.6564630270004272,0.37322762608528137,0.03167372941970825,0.6818332076072693,0.4474717080593109,0.03167372941970825,-1.5707963705062866,1.5707963705062866,1.1452025175094604,0.054195135831832886,-12.068442694504817,15.0,-1.7374583839616176,32099.0
2.9601,0.0096,1,1,-0.5241605043411255,-0.1833597719669342,0.7645590901374817,-0.378553181886673,-0.10681035369634628,0.8004478812217712,1.1659168004989624,0.039165742695331573,0.23432309925556183,0.9889487624168396,-0.06799622625112534,0.10444169491529465,0.08029220998287201,1.3371560059397545,0.2326134891625916,-0.153116382924261,-6.92701732304564,12.561892192992525,8.51990725116509,0.16837254166603088,0.14560732245445251,0.07654941827058792,0.03588879108428955,1.1659168004989624,0.039165742695331573,0.23432309925556183,-0.06799622625112534,0.10444169491529465,0.08029220998287201,0.9889487624168396,1.337156057357788,0.2326134890317917,-0.1531163901090622,0.14560732245445251,0.07654941827058792,0.03588879108428955,0.22405606508255005,0.0778232142329216,0.03588879108428955,0.301339715719223,0.0913534164428711,0.03588879108428955,0.37555527687072754,0.11680687218904495,0.03588879108428955,0.4448753595352173,0.15355682373046875,0.03588879108428955,0.507593035697937,0.2006983757019043,0.03588879108428955,0.5621639490127563,0.25707072019577026,0.03588879108428955,0.6072444319725037,0.32128584384918213,0.03588879108428955,0.6417244672775269,0.39176246523857117,0.03588879108428955,0.6647549867630005,0.46676528453826904,0.03588879108428955,-1.5707963705062866,1.5707963705062866,1.0364094972610474,0.1285051852464676,-13.534221347252409,15.0,-1.1358542826028413,29452.0
2.98,0.0091,1,1,-0.5034099817276001,-0.1832193285226822,0.7909572124481201,-0.36296403408050537,-0.1075388565659523,0.8004478812217712,1.2032792568206787,0.07006987184286118,0.25767871737480164,0.9892762303352356,-0.057707011699676514,0.107251837849617,0.08060666173696518,0.12668122176575397,0.2562561677929608,-0.15314168295461675,-5.701971837812884,12.797533980635269,8.676392714060519,0.15982075035572052,0.14044594764709473,0.07568047195672989,0.009490668773651123,1.2032792568206787,0.07006987184286118,0.25767871737480164,-0.057707011699676514,0.107251837849617,0.08060666173696518,0.9892762303352356,0.12668122351169586,0.2562561631202698,-0.15314167737960815,0.14044594764709473,0.07568047195672989,0.009490668773651123,0.21881672739982605,0.07940192520618439,0.009490668773651123,0.2956404685974121,0.09533745050430298,0.009490668773651123,0.3690255284309387,0.12309466302394867,0.009490668773651123,0.43716493248939514,0.16199009120464325,0.009490668773651123,0.4983808100223541,0.21106600761413574,0.009490668773651123,0.5511658787727356,0.2691139876842499,0.009490668773651123,0.5942203402519226,0.3347046971321106,0.009490668773651123,0.6264840960502625,0.4062230587005615,0.009490668773651123,0.647162675857544,0.4819081425666809,0.009490668773651123,-1.5707963705062866,1.1413623094558716,1.0785964727401733,0.021362630650401115,-14.267110673626204,15.0,-0.822883356811952,29452.0
3.0,0.0097,1,1,-0.48129087686538696,-0.18543356657028198,0.7794683575630188,-0.3472573161125183,-0.10778045654296875,0.8004478812217712,1.2319340705871582,0.08015847951173782,0.17506539821624756,0.988707959651947,-0.05887454375624657,0.10914835333824158,0.08411311358213425,-0.8191231038616668,0.2783633676073312,-0.24029935542380348,-5.7769429880032686,13.046157482414527,9.06418792148108,0.15631742775440216,0.13403356075286865,0.07765311002731323,0.02097952365875244,1.2319340705871582,0.08015847951173782,0.17506539821624756,-0.05887454375624657,0.10914835333824158,0.08411311358213425,0.988707959651947,-0.8191230893135071,0.2783633768558502,-0.24029935896396637,0.13403356075286865,0.07765311002731323,0.02097952365875244,0.2122487723827362,0.08383460342884064,0.02097952365875244,0.288534015417099,0.10217554867267609,0.02097952365875244,0.36101090908050537,0.13222432136535645,0.02097952365875244,0.42789483070373535,0.1732410490512848,0.02097952365875244,0.4875388741493225,0.22421571612358093,0.02097952365875244,0.5384743809700012,0.2838931977748871,0.02097952365875244,0.5794472098350525,0.35080403089523315,0.02097952365875244,0.6094484329223633,0.4233006238937378,0.02097952365875244,0.6277393102645874,0.4995979070663452,0.02097952365875244,-1.5707963705062866,0.4140690565109253,0.8558574914932251,0.0781061053276062,-14.633555336813103,15.0,-0.04729294197086168,29452.0
3.0207,0.0095,1,1,-0.4608434736728668,-0.18028675019741058,0.8059912919998169,-0.33151009678840637,-0.10752725601196289,0.8004478812217712,1.269402265548706,0.12380799651145935,0.2630011737346649,0.9877950549125671,-0.06787959486246109,0.10865011066198349,0.08858037739992142,-1.1505939815705972,0.08003059566132234,-0.200401240842295,-6.772258460375021,13.10131636122081,9.469984222235983,0.14849846065044403,0.12933337688446045,0.07275949418544769,-0.005543410778045654,1.269402265548706,0.12380799651145935,0.2630011737346649,-0.06787959486246109,0.10865011066198349,0.08858037739992142,0.9877950549125671,-1.1505939960479736,0.08003059774637222,-0.20040124654769897,0.12933337688446045,0.07275949418544769,-0.005543410778045654,0.2073150873184204,0.0814012810587883,-0.005543410778045654,0.2829848527908325,0.10213570296764374,-0.005543410778045654,0.35447943210601807,0.1344522088766098,-0.005543410778045654,0.4200383722782135,0.17755505442619324,-0.005543410778045654,0.4780474007129669,0.23038291931152344,-0.005543410778045654,0.5270781517028809,0.2916349768638611,-0.005543410778045654,0.565923273563385,0.3598030209541321,-0.005543410778045654,0.5936263799667358,0.43320852518081665,-0.005543410778045654,0.6095051765441895,0.5100440382957458,-0.005543410778045654,-1.4984135627746582,-1.0383909940719604,0.9717990159988403,0.021362630650401115,-14.816777668406552,0.0,0.7642996595389834,29452.0
3.0405,0.0096,1,1,-0.43871012330055237,-0.17796432971954346,0.7967079877853394,-0.3157809376716614,-0.10677836090326309,0.8004478812217712,1.2921316623687744,0.14453786611557007,0.1523972898721695,0.9866848587989807,-0.0782773569226265,0.10925186425447464,0.091584213078022,-1.1655556205746622,-0.10058503107974362,-0.18374588131920988,-7.941414398504041,13.293083690542412,9.679135007457532,0.14210212230682373,0.12292918562889099,0.07118596881628036,0.0037398934364318848,1.2921316623687744,0.14453786611557007,0.1523972898721695,-0.0782773569226265,0.10925186425447464,0.091584213078022,0.9866848587989807,-1.1655555963516235,-0.10058502852916718,-0.183745875954628,0.12292918562889099,0.07118596881628036,0.0037398934364318848,0.20060008764266968,0.08227911591529846,0.0037398934364318848,0.27557939291000366,0.10538609325885773,0.0037398934364318848,0.3460208773612976,0.13993793725967407,0.0037398934364318848,0.41018998622894287,0.18508386611938477,0.0037398934364318848,0.466506689786911,0.23971223831176758,0.0037398934364318848,0.5135842561721802,0.3024778962135315,0.0037398934364318848,0.550263524055481,0.3718354105949402,0.0037398934364318848,0.5756413340568542,0.4460768699645996,0.0037398934364318848,0.5890927910804749,0.5233743190765381,0.0037398934364318848,-1.385465145111084,-1.5707963705062866,0.8425592184066772,0.021362630650401115,-14.908388834203276,-7.5,1.1826012299820492,29452.0
3.0605,0.01,1,1,-0.4146064221858978,-0.17944009602069855,0.8163800835609436,-0.3000202476978302,-0.10552854835987091,0.8004478812217712,1.3315609693527222,0.15623652935028076,0.20019058883190155,0.9859655499458313,-0.08776429295539856,0.10467322170734406,0.09597340226173401,-0.9198089022991562,-0.44451114702232475,-0.2291143784510933,-9.029005541226617,12.900255148350324,10.096376160684748,0.13728344440460205,0.11458617448806763,0.07391154766082764,-0.015932202339172363,1.3315609693527222,0.15623652935028076,0.20019058883190155,-0.08776429295539856,0.10467322170734406,0.09597340226173401,0.9859655499458313,-0.9198089241981506,-0.44451114535331726,-0.2291143834590912,0.11458617448806763,0.07391154766082764,-0.015932202339172363,0.19186754524707794,0.08745483309030533,-0.015932202339172363,0.2660788297653198,0.1129208356142044,-0.015932202339172363,0.33539265394210815,0.14968252182006836,-0.015932202339172363,0.398102343082428,0.19683466851711273,-0.015932202339172363,0.45266374945640564,0.2532162666320801,-0.015932202339172363,0.49773335456848145,0.3174389898777008,-0.015932202339172363,0.5322014689445496,0.38792145252227783,-0.015932202339172363,0.555219292640686,0.4629281759262085,-0.015932202339172363,0.5662201642990112,0.5406122207641602,-0.015932202339172363,-1.5707963705062866,-1.5707963705062866,0.9381245374679565,0.021362630650401115,-14.954194417101638,-11.25,2.0170835364364943,29452.0
3.08,0.0092,1,1,-0.39187100529670715,-0.1765691339969635,0.8049829006195068,-0.28461000323295593,-0.10381952673196793,0.8004478812217712,1.3499562740325928,0.18173615634441376,0.08296937495470047,0.9859907031059265,-0.09435144066810608,0.09690578281879425,0.09760834276676178,-0.5676471271330732,-1.5621796690879453,-0.19394931698265772,-9.842217056346984,12.093953642237675,10.261986925488863,0.1296842098236084,0.10726100206375122,0.07274960726499557,-0.004535019397735596,1.3499562740325928,0.18173615634441376,0.08296937495470047,-0.09435144066810608,0.09690578281879425,0.09760834276676178,0.9859907031059265,-0.5676470994949341,-1.562179684638977,-0.19394931197166443,0.10726100206375122,0.07274960726499557,-0.004535019397735596,0.18408529460430145,0.08868253976106644,-0.004535019397735596,0.2574712932109833,0.11643727123737335,-0.004535019397735596,0.32561197876930237,0.15533040463924408,-0.004535019397735596,0.38682952523231506,0.20440424978733063,-0.004535019397735596,0.43961653113365173,0.2624504566192627,-0.004535019397735596,0.4826732277870178,0.3280397057533264,-0.004535019397735596,0.5149394273757935,0.3995569944381714,-0.004535019397735596,0.5356205701828003,0.4752413332462311,-0.004535019397735596,0.5442074537277222,0.5532290935516357,-0.004535019397735596,-1.5707963705062866,-1.5707963705062866,0.877015233039856,0.030120179057121277,-14.97709720855082,-13.125,2.3483050660447486,29452.0
3.1005,0.0089,1,1,-0.3669019937515259,-0.17707516252994537,0.8235623836517334,-0.26892250776290894,-0.10157996416091919,0.8004478812217712,1.384944200515747,0.19684530794620514,0.13291925191879272,0.9874042868614197,-0.09668895602226257,0.0756339281797409,0.09980754554271698,-0.365592329569948,-2.5322704509273697,-0.20069720126318688,-10.276596987177847,9.71009823078863,10.668539904839019,0.12583237886428833,0.09797948598861694,0.07549519836902618,-0.023114502429962158,1.384944200515747,0.19684530794620514,0.13291925191879272,-0.09668895602226257,0.0756339281797409,0.09980754554271698,0.9874042868614197,-0.3655923306941986,-2.5322704315185547,-0.20069719851016998,0.09797948598861694,0.07549519836902618,-0.023114502429962158,0.17426028847694397,0.093854621052742,-0.023114502429962158,0.24672991037368774,0.12392095476388931,-0.023114502429962158,0.31360387802124023,0.16495387256145477,-0.023114502429962158,0.3732355833053589,0.21594299376010895,-0.023114502429962158,0.42415666580200195,0.2756327986717224,-0.023114502429962158,0.46511325240135193,0.3425535559654236,-0.023114502429962158,0.49509692192077637,0.4150574207305908,-0.023114502429962158,0.5133693218231201,0.4913591146469116,-0.023114502429962158,0.5194805264472961,0.5695798397064209,-0.023114502429962158,-1.5707963705062866,-1.5707963705062866,0.9891523122787476,0.021362630650401115,-14.98854860427541,-14.0625,3.1614110247450347,29452.0
3.1202,0.01,1,1,-0.34383198618888855,-0.17352710664272308,0.8103907704353333,-0.25344112515449524,-0.09886877983808517,0.8004478812217712,1.3841367959976196,0.22309724986553192,0.012556737288832664,0.9888139963150024,-0.0976133793592453,0.047791674733161926,0.10213971883058548,-0.38601910802599204,-3.2030389704728646,-0.20260893480694345,-10.631545422828436,6.572165915118061,11.182728204429294,0.11765727400779724,0.09039086103439331,0.07465832680463791,-0.009942889213562012,1.3841367959976196,0.22309724986553192,0.012556737288832664,-0.0976133793592453,0.047791674733161926,0.10213971883058548,0.9888139963150024,-0.38601911067962646,-3.2030389308929443,-0.20260892808437347,0.09039086103439331,0.07465832680463791,-0.009942889213562012,0.16605693101882935,0.0954061895608902,-0.009942889213562012,0.23754575848579407,0.12773539125919342,-0.009942889213562012,0.30309703946113586,0.17084988951683044,-0.009942889213562012,0.36109668016433716,0.2236880511045456,-0.009942889213562012,0.4101165235042572,0.28494882583618164,-0.009942889213562012,0.44894957542419434,0.3531237840652466,-0.009942889213562012,0.47663962841033936,0.4265342354774475,-0.009942889213562012,0.4925048053264618,0.5033725500106812,-0.009942889213562012,0.4961545467376709,0.5817466974258423,-0.009942889213562012,-1.5707963705062866,-1.5707963705062866,0.8137689828872681,0.10295865684747696,-14.994274302137704,-14.53125,4.189787623925587,29452.0
3.1402,0.0098,1,1,-0.3207821249961853,-0.1694248467683792,0.802752673625946,-0.23803269863128662,-0.09566788375377655,0.8004478812217712,1.3722254037857056,0.24833492934703827,-0.07342781871557236,0.9898371696472168,-0.09635622799396515,0.014817350544035435,0.10351983457803726,-0.4158424509142171,-3.265159333427835,-0.22329958259274388,-10.831103148130762,2.824857371582769,11.673006556404616,0.11087321490049362,0.08274942636489868,0.07375696301460266,-0.0023047924041748047,1.3722254037857056,0.24833492934703827,-0.07342781871557236,-0.09635622799396515,0.014817350544035435,0.10351983457803726,0.9898371696472168,-0.4158424437046051,-3.2651593685150146,-0.22329957783222198,0.08274942636489868,0.07375696301460266,-0.0023047924041748047,0.15772506594657898,0.09687582403421402,-0.0023047924041748047,0.2281610667705536,0.13143883645534515,-0.0023047924041748047,0.2923230230808258,0.17659492790699005,-0.0023047924041748047,0.3486310541629791,0.23123222589492798,-0.0023047924041748047,0.3956986963748932,0.2940053641796112,-0.0023047924041748047,0.4323669970035553,0.3633686602115631,-0.0023047924041748047,0.45773303508758545,0.4376141428947449,-0.0023047924041748047,0.47117218375205994,0.5149136781692505,-0.0023047924041748047,0.47235357761383057,0.593363881111145,-0.0023047924041748047,-1.5707963705062866,-1.5707963705062866,0.6773964166641235,0.20000000298023224,-14.997137151068852,-14.765625,5.1703443278762276,33452.0
3.1604,0.0104,1,1,-0.29275673627853394,-0.17141155898571014,0.8067180514335632,-0.22265832126140594,-0.09196452051401138,0.8004478812217712,1.382384181022644,0.24303339421749115,-0.05136488750576973,0.9896647334098816,-0.09564857184886932,-0.018327338621020317,0.10524871200323105,-0.3706945467443763,-2.729128122912719,-0.26091631687119277,-11.13977125435,-0.9249122750543969,12.231108942608081,0.10613639652729034,0.07009841501712799,0.07944703847169876,-0.006270170211791992,1.382384181022644,0.24303339421749115,-0.05136488750576973,-0.09564857184886932,-0.018327338621020317,0.10524871200323105,0.9896647334098816,-0.3706945478916168,-2.729128122329712,-0.2609163224697113,0.07009841501712799,0.07944703847169876,-0.006270170211791992,0.14430543780326843,0.10492539405822754,-0.006270170211791992,0.21361316740512848,0.14169859886169434,-0.006270170211791992,0.27631500363349915,0.1888611912727356,-0.006270170211791992,0.3308670222759247,0.2452518492937088,-0.006270170211791992,0.3759259581565857,0.30948206782341003,-0.006270170211791992,0.41038233041763306,0.3799702823162079,-0.006270170211791992,0.43338772654533386,0.45498085021972656,-0.006270170211791992,0.4443756341934204,0.5326666831970215,-0.006270170211791992,0.4430755078792572,0.611115038394928,-0.006270170211791992,-1.5707963705062866,-1.5707963705062866,0.6161502599716187,0.20000000298023224,-14.998568575534426,-14.8828125,6.286549100283178,37452.0
3.1802,0.009,1,1,-0.27117180824279785,-0.16863910853862762,0.8007133603096008,-0.20758338272571564,-0.08782770484685898,0.8004478812217712,1.3663274049758911,0.26398560404777527,-0.1081329733133316,0.9887129068374634,-0.09660562127828598,-0.04412262514233589,0.1056666448712349,-0.38741410509448915,-2.0742341739929686,-0.2735117206019657,-11.583978870766671,-3.832118676666695,12.589258241848295,0.10283015668392181,0.06358842551708221,0.08081140369176865,-0.00026547908782958984,1.3663274049758911,0.26398560404777527,-0.1081329733133316,-0.09660562127828598,-0.04412262514233589,0.1056666448712349,0.9887129068374634,-0.3874140977859497,-2.0742342472076416,-0.27351170778274536,0.06358842551708221,0.08081140369176865,-0.00026547908782958984,0.13696271181106567,0.10859706997871399,-0.00026547908782958984,0.20508700609207153,0.14751890301704407,-0.00026547908782958984,0.26628386974334717,0.19661854207515717,-0.00026547908782958984,0.31904640793800354,0.25468698143959045,-0.00026547908782958984,0.36207544803619385,0.3202943801879883,-0.00026547908782958984,0.39431148767471313,0.39182525873184204,-0.00026547908782958984,0.41496074199676514,0.46751832962036133,-0.00026547908782958984,0.42351478338241577,0.5455096960067749,-0.00026547908782958984,0.4197629392147064,0.623879075050354,-0.00026547908782958984,-1.5707963705062866,-1.5707963705062866,0.48810064792633057,0.20000000298023224,-14.999284287767214,-14.94140625,7.002847698763596,38675.0
3.2001,0.0101,1,1,-0.24918100237846375,-0.1608467996120453,0.8211974501609802,-0.19280235469341278,-0.08327281475067139,0.8004478812217712,1.3418899774551392,0.3091564178466797,-0.05071596801280975,0.9873849153518677,-0.09845790266990662,-0.06494773179292679,0.10562598705291748,-0.3771955559918551,-1.559550862775928,-0.2979247685119108,-12.085102878390792,-6.168766169662792,12.865642795460035,0.09811636060476303,0.056378647685050964,0.0775739848613739,-0.020749568939208984,1.3418899774551392,0.3091564178466797,-0.05071596801280975,-0.09845790266990662,-0.06494773179292679,0.10562598705291748,0.9873849153518677,-0.3771955668926239,-1.5595508813858032,-0.2979247570037842,0.056378647685050964,0.0775739848613739,-0.020749568939208984,0.12885841727256775,0.10761583596467972,-0.020749568939208984,0.1957462728023529,0.1486261487007141,-0.020749568939208984,0.25539517402648926,0.1995951235294342,-0.020749568939208984,0.3063364028930664,0.25926774740219116,-0.020749568939208984,0.34731563925743103,0.32617464661598206,-0.020749568939208984,0.37732377648353577,0.3986683487892151,-0.020749568939208984,0.3956219553947449,0.474963903427124,-0.020749568939208984,0.4017595946788788,0.5531825423240662,-0.020749568939208984,0.3955855965614319,0.6313983201980591,-0.020749568939208984,-1.5707963705062866,-1.5707963705062866,0.6865643262863159,0.09316258132457733,-14.999642143883607,-14.970703125,7.555616805987065,34675.0
3.2203,0.0099,1,1,-0.22133874893188477,-0.15400265157222748,0.8199037909507751,-0.1776164472103119,-0.07806367427110672,0.8004478812217712,1.313948631286621,0.34337231516838074,-0.07213784754276276,0.9862781763076782,-0.09966123104095459,-0.08055149018764496,0.10407928377389908,-0.32110305842719744,-1.2709516854531477,-0.2895841141624325,-12.440192371082903,-7.940636125879991,12.914745803286896,0.08976023644208908,0.043722301721572876,0.07593897730112076,-0.019455909729003906,1.313948631286621,0.34337231516838074,-0.07213784754276276,-0.09966123104095459,-0.08055149018764496,0.10407928377389908,0.9862781763076782,-0.3211030662059784,-1.2709516286849976,-0.28958410024642944,0.043722301721572876,0.07593897730112076,-0.019455909729003906,0.1152002289891243,0.10829228907823563,-0.019455909729003906,0.1807369589805603,0.15142889320850372,-0.019455909729003906,0.23871877789497375,0.2042866051197052,-0.019455909729003906,0.2877179682254791,0.2655639052391052,-0.019455909729003906,0.32652801275253296,0.33375197649002075,-0.019455909729003906,0.3541933000087738,0.40717172622680664,-0.019455909729003906,0.37003257870674133,0.48401540517807007,-0.019455909729003906,0.37365585565567017,0.5623907446861267,-0.019455909729003906,0.36497393250465393,0.6403680443763733,-0.019455909729003906,-1.5707963705062866,-1.5707963705062866,0.645980954170227,0.12420696765184402,-14.999821071941803,-14.9853515625,7.653822821640813,30675.0
3.2399,0.0092,1,1,-0.19637340307235718,-0.14246180653572083,0.855670690536499,-0.16310830414295197,-0.0725693479180336,0.8004478812217712,1.2790133953094482,0.4071485102176666,0.21165074408054352,0.9851352572441101,-0.10013175010681152,-0.09541413187980652,0.10186351835727692,-0.2635734192697921,-1.0713509575450169,-0.30360086361173755,-12.6993028939031,-9.64784841558971,12.882955245869498,0.09508460015058517,0.03326509892940521,0.06989245861768723,-0.05522280931472778,1.2790133953094482,0.4071485102176666,0.21165074408054352,-0.10013175010681152,-0.09541413187980652,0.10186351835727692,0.9851352572441101,-0.26357340812683105,-1.0713509321212769,-0.30360087752342224,0.03326509892940521,0.06989245861768723,-0.05522280931472778,0.10370489209890366,0.10444770008325577,-0.05522280931472778,0.16787183284759521,0.14959672093391418,-0.05522280931472778,0.22418589890003204,0.20422780513763428,-0.05522280931472778,0.27126047015190125,0.26699575781822205,-0.05522280931472778,0.3079364001750946,0.3363550007343292,-0.05522280931472778,0.333310604095459,0.41059771180152893,-0.05522280931472778,0.34675830602645874,0.48789575695991516,-0.05522280931472778,0.3479483723640442,0.5663458108901978,-0.05522280931472778,0.33685147762298584,0.6440162658691406,-0.05522280931472778,-0.8332188129425049,-1.5707963705062866,1.039488434791565,0.021362630650401115,-14.999910535970901,-14.99267578125,7.5902417068060135,29452.0
3.26,0.0104,1,1,-0.1712733656167984,-0.1340000033378601,0.8597752451896667,-0.14857825636863708,-0.06654121726751328,0.8004478812217712,1.2394002676010132,0.4406282603740692,0.19753354787826538,0.9841545224189758,-0.1007935181260109,-0.10634403675794601,0.09984766691923141,-0.12204536571009059,-1.0359753232581401,-0.2818943363833696,-12.924597049141306,-10.905513465685033,12.825205510829836,0.09265793114900589,0.022695109248161316,0.06745878607034683,-0.05932736396789551,1.2394002676010132,0.4406282603740692,0.19753354787826538,-0.1007935181260109,-0.10634403675794601,0.09984766691923141,0.9841545224189758,-0.1220453679561615,-1.0359753370285034,-0.281894326210022,0.022695109248161316,0.06745878607034683,-0.05932736396789551,0.09201300144195557,0.10421280562877655,-0.05932736396789551,0.15472789108753204,0.15135803818702698,-0.05932736396789551,0.20929551124572754,0.20773360133171082,-0.05932736396789551,0.254372239112854,0.2719513475894928,-0.05932736396789551,0.2888481318950653,0.3424300253391266,-0.05932736396789551,0.31187427043914795,0.4174341857433319,-0.05932736396789551,0.322883665561676,0.49511703848838806,-0.05932736396789551,0.32160526514053345,0.5735657215118408,-0.05932736396789551,0.30807051062583923,0.6508485674858093,-0.05932736396789551,-0.6484538912773132,-1.5707963705062866,1.0478800535202026,0.021362630650401115,-14.99995526798545,-14.996337890625,7.474742236726666,29452.0
3.2797,0.0091,1,1,-0.10669925808906555,-0.1302342712879181,0.8808361291885376,-0.1344257891178131,-0.06014414131641388,0.8004478812217712,1.5109792947769165,0.4690999686717987,0.31832507252693176,0.9852331280708313,-0.09758861362934113,-0.1000375896692276,0.09890758991241455,-0.10792336314107856,-0.9372390253176158,-0.2951743556066178,-12.445954504430365,-10.242584558857429,12.585222232333495,0.11019826680421829,-0.02772653102874756,0.07009012997150421,-0.08038824796676636,1.5109792947769165,0.4690999686717987,0.31832507252693176,-0.09758861362934113,-0.1000375896692276,0.09890758991241455,0.9852331280708313,-0.10792336612939835,-0.9372390508651733,-0.29517436027526855,-0.02772653102874756,0.07009012997150421,-0.08038824796676636,0.04041639715433121,0.10897932946681976,-0.08038824796676636,0.10163677483797073,0.15804964303970337,-0.08038824796676636,0.15442714095115662,0.2160927951335907,-0.08038824796676636,0.19748760759830475,0.28167957067489624,-0.08038824796676636,0.2297579050064087,0.3531950116157532,-0.08038824796676636,0.25044339895248413,0.42887815833091736,-0.08038824796676636,0.25903481245040894,0.5068654417991638,-0.08038824796676636,0.2553205192089081,0.5852365493774414,-0.08038824796676636,0.23939202725887299,0.6620618104934692,-0.08038824796676636,-0.4481046199798584,-1.5707963705062866,0.8214579820632935,0.021362630650401115,-14.999977633992724,-14.9981689453125,6.994775679733998,29452.0
3.2999,0.0096,1,1,-0.11747810244560242,-0.13487768173217773,0.8368611335754395,-0.12020692229270935,-0.05317198485136032,0.8004478812217712,1.1657830476760864,0.397274374961853,-0.07304200530052185,0.9826042056083679,-0.09683069586753845,-0.12495382875204086,0.09745442122220993,-0.1717292157828248,-0.8498461957241751,-0.3316108601137277,-12.731602958676003,-13.102108886690164,12.796135479932103,0.08949409425258636,-0.0027288198471069336,0.08170569688081741,-0.03641325235366821,1.1657830476760864,0.397274374961853,-0.07304200530052185,-0.09683069586753845,-0.12495382875204086,0.09745442122220993,0.9826042056083679,-0.1717292219400406,-0.8498461842536926,-0.33161085844039917,-0.0027288198471069336,0.08170569688081741,-0.03641325235366821,0.06414836645126343,0.12273338437080383,-0.03641325235366821,0.12378405034542084,0.17371784150600433,-0.03641325235366821,0.17470979690551758,0.23340368270874023,-0.03641325235366821,0.2156716287136078,0.30032122135162354,-0.03641325235366821,0.2456609457731247,0.37282273173332214,-0.03641325235366821,0.2639393210411072,0.44912299513816833,-0.03641325235366821,0.27005666494369507,0.5273432731628418,-0.03641325235366821,0.2638623118400574,0.6055574417114258,-0.03641325235366821,0.24550886452198029,0.6818397045135498,-0.03641325235366821,-1.5707963705062866,-1.5707963705062866,0.59459388256073,0.035528700798749924,-14.999988816996362,-14.99908447265625,7.416602174931215,29452.0
3.3212,0.0105,1,1,-0.10666519403457642,-0.11621022969484329,0.8317712545394897,-0.1060977354645729,-0.04568788781762123,0.8004478812217712,1.0643008947372437,0.48767417669296265,-0.1092379242181778,0.9803968071937561,-0.10164757072925568,-0.1361776888370514,0.09971722960472107,-0.11848565143903617,-0.7317806080128285,-0.3076752337634498,-13.514659143066002,-14.284940749586802,13.316553115171107,0.07716784626245499,0.0005674585700035095,0.07052233815193176,-0.031323373317718506,1.0643008947372437,0.48767417669296265,-0.1092379242181778,-0.10164757072925568,-0.1361776888370514,0.09971722960472107,0.9803968071937561,-0.11848565191030502,-0.7317805886268616,-0.30767524242401123,0.0005674585700035095,0.07052233815193176,-0.031323373317718506,0.06610018014907837,0.11366505175828934,-0.031323373317718506,0.12407706677913666,0.16652816534042358,-0.031323373317718506,0.17307054996490479,0.22781004011631012,-0.031323373317718506,0.21187424659729004,0.29600170254707336,-0.031323373317718506,0.2395326942205429,0.369424045085907,-0.031323373317718506,0.2553648352622986,0.446269154548645,-0.031323373317718506,0.25898081064224243,0.5246449112892151,-0.031323373317718506,0.2502915859222412,0.6026213765144348,-0.031323373317718506,0.22951117157936096,0.6782785058021545,-0.031323373317718506,-1.235364556312561,-1.5707963705062866,0.7426871061325073,0.07807119190692902,-14.999994408498182,-14.999542236328125,8.457437445409203,29452.0
3.34,0.0105,1,1,-0.08592751622200012,-0.10623475909233093,0.8291816115379333,-0.09262964874505997,-0.03799109533429146,0.8004478812217712,1.015885591506958,0.5161329507827759,-0.14859992265701294,0.9797295928001404,-0.10205008834600449,-0.14287862181663513,0.09643387794494629,-0.15774728716477252,-0.44733203382796394,-0.40707046433668687,-13.629450562818283,-15.086834632190016,13.056175141510595,0.0743487998843193,-0.006702132523059845,0.06824366748332977,-0.02873373031616211,1.015885591506958,0.5161329507827759,-0.14859992265701294,-0.10205008834600449,-0.14287862181663513,0.09643387794494629,0.9797295928001404,-0.157747283577919,-0.4473320245742798,-0.40707045793533325,-0.006702132523059845,0.06824366748332977,-0.02873373031616211,0.0574607253074646,0.113398477435112,-0.02873373031616211,0.11376985907554626,0.1680346429347992,-0.02873373031616211,0.1608387529850006,0.2308068424463272,-0.02873373031616211,0.19750842452049255,0.3001694083213806,-0.02873373031616211,0.2228759378194809,0.3744144141674042,-0.02873373031616211,0.23631665110588074,0.4517136812210083,-0.02873373031616211,0.23749960958957672,0.5301638841629028,-0.02873373031616211,0.22639571130275726,0.6078332662582397,-0.02873373031616211,0.2032783329486847,0.6828093528747559,-0.02873373031616211,-0.9173587560653687,-1.5707963705062866,0.7430840730667114,0.13774342834949493,-14.999997204249091,-14.999771118164062,7.936681498088191,29622.0
3.3597,0.0101,1,1,-0.06600063294172287,-0.09554431587457657,0.8258302807807922,-0.07941469550132751,-0.029885226860642433,0.8004478812217712,0.9682607650756836,0.5455341339111328,-0.18857607245445251,0.9795902967453003,-0.10109914839267731,-0.14680849015712738,0.09288255125284195,-0.06046968161587954,-0.1351746999499108,-0.3871216567172848,-13.530138088720847,-15.59546895055748,12.694258143300166,0.07166114449501038,-0.013414062559604645,0.06565909087657928,-0.025382399559020996,0.9682607650756836,0.5455341339111328,-0.18857607245445251,-0.10109914839267731,-0.14680849015712738,0.09288255125284195,0.9795902967453003,-0.06046968325972557,-0.1351747065782547,-0.38712164759635925,-0.013414062559604645,0.06565909087657928,-0.025382399559020996,0.04931805655360222,0.11278138309717178,-0.025382399559020996,0.1039062887430191,0.16913698613643646,-0.025382399559020996,0.14900648593902588,0.23333823680877686,-0.025382399559020996,0.18350815773010254,0.30380430817604065,-0.025382399559020996,0.20656171441078186,0.37880003452301025,-0.025382399559020996,0.2175995409488678,0.45647886395454407,-0.025382399559020996,0.21634981036186218,0.534928023815155,-0.025382399559020996,0.2028433382511139,0.6122158169746399,-0.025382399559020996,0.17741265892982483,0.6864392161369324,-0.025382399559020996,-0.6670557260513306,-1.5707963705062866,0.6840494871139526,0.20000000298023224,-14.999998602124545,-14.999885559082031,7.212847501667307,33622.0
3.3798,0.0099,1,1,-0.0625138059258461,-0.09433349967002869,0.8175360560417175,-0.06613745540380478,-0.021156039088964462,0.8004478812217712,0.8511227965354919,0.5216503739356995,-0.26447170972824097,0.9784127473831177,-0.10046539455652237,-0.15550102293491364,0.0918293297290802,0.006551002294715284,-0.00466542910718224,-0.40207570571224327,-13.588977794102181,-16.608888169153733,12.716249190849013,0.07523348182439804,-0.003623649477958679,0.07317745685577393,-0.01708817481994629,0.8511227965354919,0.5216503739356995,-0.26447170972824097,-0.10046539455652237,-0.15550102293491364,0.0918293297290802,0.9784127473831177,0.006551002152264118,-0.00466542923822999,-0.40207570791244507,-0.003623649477958679,0.07317745685577393,-0.01708817481994629,0.057579461485147476,0.12226930260658264,-0.01708817481994629,0.11034940183162689,0.1803310215473175,-0.01708817481994629,0.15338680148124695,0.245932936668396,-0.01708817481994629,0.18563196063041687,0.31745970249176025,-0.01708817481994629,0.2062908411026001,0.3931501507759094,-0.01708817481994629,0.21485480666160583,0.47114044427871704,-0.01708817481994629,0.21111297607421875,0.5495102405548096,-0.01708817481994629,0.19515743851661682,0.6263298988342285,-0.01708817481994629,0.1673811376094818,0.6997077465057373,-0.01708817481994629,-1.5707963705062866,0.0141831636428833,0.5179215669631958,0.20000000298023224,-14.999999301062273,-7.093625071100712,7.256829596765044,37622.0
3.3998,0.0102,1,1,-0.05103221908211708,-0.08628171682357788,0.7905089259147644,-0.05328425392508507,-0.012111222371459007,0.8004478812217712,0.7850669622421265,0.5329867601394653,-0.4269578456878662,0.9788016080856323,-0.09972772747278214,-0.1557830572128296,0.087928406894207,0.1018682752509983,0.05874389081167015,-0.36689155270774315,-13.440214226303912,-16.703774218425504,12.248543784331302,0.07486732304096222,-0.002252034842967987,0.07417049258947372,0.009938955307006836,0.7850669622421265,0.5329867601394653,-0.4269578456878662,-0.09972772747278214,-0.1557830572128296,0.087928406894207,0.9788016080856323,0.10186827182769775,0.05874389037489891,-0.3668915629386902,-0.002252034842967987,0.07417049258947372,0.009938955307006836,0.05737791210412979,0.12516166269779205,0.009938955307006836,0.1082969382405281,0.1848532259464264,0.009938955307006836,0.14925125241279602,0.2517753839492798,0.009938955307006836,0.1792324036359787,0.3242802619934082,0.009938955307006836,0.19750219583511353,0.40058258175849915,0.009938955307006836,0.20361073315143585,0.47880351543426514,0.009938955307006836,0.19740761816501617,0.5570170283317566,0.009938955307006836,0.17904557287693024,0.6332972049713135,0.009938955307006836,0.14897677302360535,0.7057657837867737,0.009938955307006836,-1.5498096942901611,1.0696126222610474,0.28422796726226807,0.20000000298023224,-14.999999650531137,3.953187464449643,6.321418783729611,38675.0
3.4199,0.0101,1,1,-0.031154626980423927,-0.08010529726743698,0.7786181569099426,-0.04073594510555267,-0.002677986165508628,0.8004478812217712,0.7480115294456482,0.5358496904373169,-0.43992871046066284,0.979269802570343,-0.09775293618440628,-0.1519368290901184,0.09158729761838913,-0.00218007394127471,0.6926802100463396,-0.41385989393022127,-13.202763966597152,-16.240417337800977,12.578190439337343,0.08101436495780945,-0.009581318125128746,0.07742731273174286,0.021829724311828613,0.7480115294456482,0.5358496904373169,-0.43992871046066284,-0.09775293618440628,-0.1519368290901184,0.09158729761838913,0.979269802570343,-0.0021800738759338856,0.6926802396774292,-0.41385990381240845,-0.009581318125128746,0.07742731273174286,0.021829724311828613,0.04841845482587814,0.13026532530784607,0.021829724311828613,0.09743846207857132,0.19152599573135376,0.021829724311828613,0.13627168536186218,0.25970083475112915,0.021829724311828613,0.16396190226078033,0.3331112265586853,0.021829724311828613,0.17982730269432068,0.40994948148727417,0.021829724311828613,0.18347720801830292,0.4883236289024353,0.021829724311828613,0.17482176423072815,0.5663038492202759,0.021829724311828613,0.15407408773899078,0.6419699788093567,0.021829724311828613,0.12174506485462189,0.7134588956832886,0.021829724311828613,-1.5707963705062866,0.5355578660964966,0.20251357555389404,0.20000000298023224,-14.999999825265569,9.47659373222482,6.980712093741674,38675.0
3.44,0.0097,1,1,-0.016566842794418335,-0.07310003787279129,0.7602539658546448,-0.028566056862473488,0.007081518415361643,0.8004478812217712,0.6945940256118774,0.5501921772956848,-0.4942845106124878,0.980300784111023,-0.0976472944021225,-0.1443696916103363,0.09290201961994171,0.12245608340682965,1.6306645875740413,-0.42977950526790154,-13.082800336698693,-15.361497033592471,12.599312836401548,0.09049095958471298,-0.011999214068055153,0.0801815539598465,0.040193915367126465,0.6945940256118774,0.5501921772956848,-0.4942845106124878,-0.0976472944021225,-0.1443696916103363,0.09290201961994171,0.980300784111023,0.12245608121156693,1.630664587020874,-0.4297794997692108,-0.011999214068055153,0.0801815539598465,0.040193915367126465,0.04432400315999985,0.13480320572853088,0.040193915367126465,0.09140907973051071,0.1975632607936859,0.040193915367126465,0.12809662520885468,0.2669163644313812,0.040193915367126465,0.15348327159881592,0.3411548137664795,0.040193915367126465,0.16694390773773193,0.41845062375068665,0.040193915367126465,0.16814710199832916,0.4969004988670349,0.040193915367126465,0.15706321597099304,0.574572741985321,0.040193915367126465,0.1339651644229889,0.6495547890663147,0.040193915367126465,0.09942172467708588,0.7200003862380981,0.040193915367126465,-1.5707963705062866,0.2903178930282593,0.11833357810974121,0.20000000298023224,-14.999999912632784,12.23829686611241,7.022956887870113,38675.0
3.4601,0.0098,1,1,-0.006804133765399456,-0.06026678532361984,0.7754455208778381,-0.01647493802011013,0.01742030866444111,0.8004478812217712,0.6281397938728333,0.5926779508590698,-0.45733457803726196,0.983223021030426,-0.09801074862480164,-0.12689337134361267,0.08696236461400986,0.09762059156897077,2.2672505024219873,-0.32907576378256764,-12.75919973786995,-13.44326961038542,11.618772293306948,0.08218227326869965,-0.009670804254710674,0.0776870921254158,0.025002360343933105,0.6281397938728333,0.5926779508590698,-0.45733457803726196,-0.09801074862480164,-0.12689337134361267,0.08696236461400986,0.983223021030426,0.09762059152126312,2.2672505378723145,-0.32907575368881226,-0.009670804254710674,0.0776870921254158,0.025002360343933105,0.044886209070682526,0.1340729296207428,0.025002360343933105,0.08995084464550018,0.19829913973808289,0.025002360343933105,0.12441346794366837,0.2687843143939972,0.025002360343933105,0.14742550253868103,0.3437928259372711,0.025002360343933105,0.15842029452323914,0.421477735042572,0.025002360343933105,0.15712711215019226,0.4999261796474457,0.025002360343933105,0.14357782900333405,0.5772064924240112,0.025002360343933105,0.11810604482889175,0.6514157652854919,0.025002360343933105,0.08133897185325623,0.720726728439331,0.025002360343933105,-1.3939673900604248,0.3151581287384033,0.10859465599060059,0.20000000298023224,-14.999999956316392,13.619148433056205,5.061875801680893,38675.0
3.4797,0.0105,1,1,0.010315150022506714,-0.05130405351519585,0.7562642097473145,-0.00496970908716321,0.02790255844593048,0.8004478812217712,0.5980483889579773,0.6126616597175598,-0.5230658650398254,0.9864237904548645,-0.09967240691184998,-0.09954021871089935,0.08439916372299194,0.011883885109801333,3.2510048985501725,-0.35065322756660766,-12.530940285687608,-10.343732802807423,10.919408234933908,0.09197559952735901,-0.015284858644008636,0.07920661568641663,0.04418367147445679,0.5980483889579773,0.6126616597175598,-0.5230658650398254,-0.09967240691184998,-0.09954021871089935,0.08439916372299194,0.9864237904548645,0.01188388466835022,3.251004934310913,-0.3506532311439514,-0.015284858644008636,0.07920661568641663,0.04418367147445679,0.03749072179198265,0.1372632086277008,0.04418367147445679,0.08053449541330338,0.20286095142364502,0.04418367147445679,0.11278657615184784,0.27438458800315857,0.04418367147445679,0.13345281779766083,0.3500730097293854,0.04418367147445679,0.14202435314655304,0.42806246876716614,0.04418367147445679,0.13829012215137482,0.5064326524734497,0.04418367147445679,0.122342050075531,0.583253800868988,0.04418367147445679,0.09457286447286606,0.6566343307495117,0.04418367147445679,0.05566631257534027,0.7247673869132996,0.04418367147445679,-1.1195694208145142,-0.7422782182693481,0.09717059135437012,0.20000000298023224,-14.999999978158197,-0.6904257834718965,3.6631476849348195,38675.0
3.5,0.0096,1,1,0.023464534431695938,-0.03895372897386551,0.7538072466850281,0.006307947915047407,0.03884216025471687,0.8004478812217712,0.554487407207489,0.6533257961273193,-0.47158879041671753,0.9893516302108765,-0.10143497586250305,-0.06673773378133774,0.08023945242166519,0.05507968075734375,3.1818428713569236,-0.30815603420874993,-12.289485226902936,-6.648385413553281,9.98996652656489,0.09231413155794144,-0.017156586050987244,0.07779589295387268,0.046640634536743164,0.554487407207489,0.6533257961273193,-0.47158879041671753,-0.10143497586250305,-0.06673773378133774,0.08023945242166519,0.9893516302108765,0.05507967993617058,3.181842803955078,-0.3081560432910919,-0.017156586050987244,0.07779589295387268,0.046640634536743164,0.03376881405711174,0.13748201727867126,0.046640634536743164,0.0747302770614624,0.20439979434013367,0.046640634536743164,0.10471919178962708,0.2769014835357666,0.046640634536743164,0.12299712002277374,0.35320183634757996,0.046640634536743164,0.12911401689052582,0.4314221143722534,0.046640634536743164,0.1229192465543747,0.5096362829208374,0.046640634536743164,0.10456536710262299,0.5859184265136719,0.046640634536743164,0.07450428605079651,0.65839022397995,0.046640634536743164,0.03347622603178024,0.7252671718597412,0.046640634536743164,-0.8013468384742737,-1.075333595275879,0.11794149875640869,0.20000000298023224,-14.999999989079098,-7.845212891735948,1.804264268196793,38675.0
3.5196,0.0102,1,1,0.033314723521471024,-0.025399668142199516,0.7367134690284729,0.017192251980304718,0.05008373782038689,0.8004478812217712,0.5250645875930786,0.692274272441864,-0.49723049998283386,0.9910315871238708,-0.10397465527057648,-0.03804720193147659,0.07480694353580475,-0.00026863548434937526,2.0090936532037937,-0.3154132480477568,-12.248795439619714,-3.4315418955872756,9.001743392647839,0.10009872168302536,-0.016122471541166306,0.07548340409994125,0.06373441219329834,0.5250645875930786,0.692274272441864,-0.49723049998283386,-0.10397465527057648,-0.03804720193147659,0.07480694353580475,0.9910315871238708,-0.000268635485554114,2.009093761444092,-0.315413236618042,-0.016122471541166306,0.07548340409994125,0.06373441219329834,0.03291035816073418,0.1367338001728058,0.06373441219329834,0.07175783812999725,0.20490053296089172,0.06373441219329834,0.09946341812610626,0.2783050835132599,0.06373441219329834,0.11534488201141357,0.3551400303840637,0.06373441219329834,0.11901119351387024,0.43351343274116516,0.06373441219329834,0.11037206649780273,0.5114954710006714,0.06373441219329834,0.08964022994041443,0.5871659517288208,0.06373441219329834,0.05732615664601326,0.6586616039276123,0.06373441219329834,0.014225542545318604,0.7242220044136047,0.06373441219329834,-0.3284355401992798,-0.6630063056945801,0.2045961618423462,0.20000000298023224,-14.99999999453955,-11.422606445867974,-0.17218199963733183,38675.0
3.5397,0.0103,1,1,0.04134778678417206,-0.007150145713239908,0.7490687370300293,0.027784207835793495,0.061733875423669815,0.8004478812217712,0.4904037415981293,0.7551670670509338,-0.37188005447387695,0.9917453527450562,-0.10456770658493042,-0.021707208827137947,0.07094742357730865,-0.0007527662138930714,0.5019789009738993,-0.30646482704800876,-12.15593824741821,-1.6170114881247013,8.355878114127938,0.0869988203048706,-0.013563578948378563,0.06888402253389359,0.05137914419174194,0.4904037415981293,0.7551670670509338,-0.37188005447387695,-0.10456770658493042,-0.021707208827137947,0.07094742357730865,0.9917453527450562,-0.0007527662091888487,0.501978874206543,-0.306464821100235,-0.013563578948378563,0.06888402253389359,0.05137914419174194,0.03351636230945587,0.13164792954921722,0.05137914419174194,0.07019823044538498,0.2010040432214737,0.05137914419174194,0.09557880461215973,0.2752445638179779,0.05137914419174194,0.10903310775756836,0.3525414764881134,0.05137914419174194,0.11022987961769104,0.43099144101142883,0.05137914419174194,0.09913963079452515,0.5086628198623657,0.05137914419174194,0.07603545486927032,0.5836429595947266,0.05137914419174194,0.04148624837398529,0.6540857553482056,0.05137914419174194,-0.0036572813987731934,0.7182565331459045,0.05137914419174194,0.3330843448638916,-0.13148140907287598,0.3909846544265747,0.20000000298023224,2.730224935021397e-09,-9.477968135088428,-1.4639125566771263,38675.0
3.5601,0.0106,1,1,0.0509270615875721,0.008361682295799255,0.7417019605636597,0.03810418024659157,0.0738329067826271,0.8004478812217712,0.47517967224121094,0.7965736389160156,-0.3672102987766266,0.9919384121894836,-0.10459337383508682,-0.02225026674568653,0.06797979772090912,-0.09794559709050131,-0.8215947836693692,-0.29383501860490335,-12.158677811607062,-1.7146210201234606,8.023572632367685,0.08889314532279968,-0.01282288134098053,0.06547122448682785,0.05874592065811157,0.47517967224121094,0.7965736389160156,-0.3672102987766266,-0.10459337383508682,-0.02225026674568653,0.06797979772090912,0.9919384121894836,-0.09794560074806213,-0.821594774723053,-0.29383501410484314,-0.01282288134098053,0.06547122448682785,0.05874592065811157,0.03223729506134987,0.12970057129859924,0.05874592065811157,0.06669503450393677,0.20018813014030457,0.05874592065811157,0.08970184624195099,0.27519822120666504,0.05874592065811157,0.10069124400615692,0.35288387537002563,0.05874592065811157,0.09939262270927429,0.43133223056793213,0.05874592065811157,0.08583797514438629,0.5086116194725037,0.05874592065811157,0.06036103889346123,0.5828191041946411,0.05874592065811157,0.023589160293340683,0.6521275639533997,0.05874592065811157,-0.023572226986289024,0.7148302793502808,0.05874592065811157,0.7604931592941284,0.5522407293319702,0.4941967725753784,0.20000000298023224,7.5000000013651125,2.761015932455786,-2.128523520197638,38675.0
3.5796,0.0101,1,1,0.0712060034275055,0.016504231840372086,0.7211905121803284,0.04773543030023575,0.08586826920509338,0.8004478812217712,0.5283936262130737,0.798244833946228,-0.4741312563419342,0.9923115372657776,-0.10080904513597488,-0.0287189744412899,0.06579200178384781,0.4993612466489468,-1.4353612695589169,-0.29814338074789265,-11.7734317922212,-2.50642866085859,7.8449716907661955,0.10790722072124481,-0.023470573127269745,0.0693640410900116,0.07925736904144287,0.5283936262130737,0.798244833946228,-0.4741312563419342,-0.10080904513597488,-0.0287189744412899,0.06579200178384781,0.9923115372657776,0.4993612468242645,-1.4353612661361694,-0.2981433868408203,-0.023470573127269745,0.0693640410900116,0.07925736904144287,0.019588284194469452,0.1349518746137619,0.07925736904144287,0.051856815814971924,0.2064681053161621,0.07925736904144287,0.07254046201705933,0.2821517586708069,0.07925736904144287,0.08112993836402893,0.36013928055763245,0.07925736904144287,0.07741372287273407,0.43851029872894287,0.07925736904144287,0.06148332357406616,0.5153351426124573,0.07925736904144287,0.03373100608587265,0.5887220501899719,0.07925736904144287,-0.005159877240657806,0.6568639874458313,0.07925736904144287,-0.05423169583082199,0.7180832028388977,0.07925736904144287,-0.16105437278747559,-0.07910597324371338,0.4175468683242798,0.20000000298023224,-0.8638679157419276,-0.8857112343419029,-2.4857254034006044,38675.0
3.5999,0.0103,1,1,0.08146747946739197,0.03542998805642128,0.7360289096832275,0.0572558157145977,0.09855923801660538,0.8004478812217712,0.5180574655532837,0.8570452332496643,-0.3184119760990143,0.9928948283195496,-0.09149564802646637,-0.04082508012652397,0.06418497860431671,1.684948998495617,-0.610270887221737,-0.2911730892268283,-10.800077774695545,-3.9752028415826253,7.773302243082645,0.09338795393705368,-0.024211663752794266,0.0631292462348938,0.0644189715385437,0.5180574655532837,0.8570452332496643,-0.3184119760990143,-0.09149564802646637,-0.04082508012652397,0.06418497860431671,0.9928948283195496,1.6849490404129028,-0.6102708578109741,-0.2911731004714966,-0.024211663752794266,0.0631292462348938,0.0644189715385437,0.016744673252105713,0.1300501674413681,0.0644189715385437,0.046728044748306274,0.2025541514158249,0.0644189715385437,0.06500013172626495,0.27885591983795166,0.0644189715385437,0.0711110383272171,0.3570766746997833,0.0644189715385437,0.06491029262542725,0.4352903664112091,0.0644189715385437,0.04655057191848755,0.5115710496902466,0.0644189715385437,0.016483955085277557,0.5840405821800232,0.0644189715385437,-0.024549219757318497,0.6509143710136414,0.0644189715385437,-0.07553858309984207,0.7105458974838257,0.0644189715385437,-0.449160099029541,-0.9586517810821533,0.43049395084381104,0.20000000298023224,-7.931933957870964,-7.9428556171709515,-2.6290642987677226,38675.0
3.62,0.0108,1,1,0.09503957629203796,0.04846544936299324,0.7054381966590881,0.0663660392165184,0.11154183000326157,0.8004478812217712,0.5163334608078003,0.8653758764266968,-0.47668251395225525,0.9943186640739441,-0.07394693046808243,-0.043662283569574356,0.06288038194179535,1.8827920400842955,0.5930436304993141,-0.3089293163207681,-8.801120429413817,-4.446536522745551,7.579438468020199,0.117590993642807,-0.028673537075519562,0.06307637691497803,0.0950096845626831,0.5163334608078003,0.8653758764266968,-0.47668251395225525,-0.07394693046808243,-0.043662283569574356,0.06288038194179535,0.9943186640739441,1.8827919960021973,0.5930436253547668,-0.30892932415008545,-0.028673537075519562,0.06307637691497803,0.0950096845626831,0.010139718651771545,0.1312626153230667,0.0950096845626831,0.037808433175086975,0.20468108355998993,0.0950096845626831,0.05365133285522461,0.2815239727497101,0.0950096845626831,0.05727829039096832,0.3598991930484772,0.0950096845626831,0.04860001802444458,0.4378768503665924,0.0950096845626831,0.027830198407173157,0.5135369300842285,0.0950096845626831,-0.004519760608673096,0.5850163698196411,0.0950096845626831,-0.047653283923864365,0.6505551338195801,0.0950096845626831,-0.10050828009843826,0.7085394263267517,0.0950096845626831,-0.8407193422317505,-1.1585609912872314,0.2699446678161621,0.20000000298023224,-11.465966978935482,-11.471427808585476,-3.016791848892613,38675.0
3.6403,0.0105,1,1,0.10125850886106491,0.06695495545864105,0.7147548794746399,0.07497963309288025,0.12468002736568451,0.8004478812217712,0.49191153049468994,0.9058516025543213,-0.41378864645957947,0.9958668351173401,-0.056819163262844086,-0.03703724592924118,0.06039063259959221,1.1965223250978856,0.4963389249963568,-0.20739583370830636,-6.771281089516744,-3.8362764937595735,7.167501594320118,0.1066116914153099,-0.026278875768184662,0.05772507190704346,0.08569300174713135,0.49191153049468994,0.9058516025543213,-0.41378864645957947,-0.056819163262844086,-0.03703724592924118,0.06039063259959221,0.9958668351173401,1.1965223550796509,0.49633893370628357,-0.20739583671092987,-0.026278875768184662,0.05772507190704346,0.08569300174713135,0.010373063385486603,0.1270970106124878,0.08569300174713135,0.03572159260511398,0.2013484686613083,0.08569300174713135,0.04914254695177078,0.2786511778831482,0.08569300174713135,0.05030546337366104,0.3571016788482666,0.08569300174713135,0.03918171674013138,0.4347681999206543,0.08569300174713135,0.016045182943344116,0.5097383856773376,0.08569300174713135,-0.018534421920776367,0.580166220664978,0.08569300174713135,-0.06370563805103302,0.6443175673484802,0.08569300174713135,-0.11835619807243347,0.7006127238273621,0.08569300174713135,-0.17814278602600098,-1.3498460054397583,0.3346973657608032,0.20000000298023224,-10.836398384463719,-13.235713904292737,-3.840665596292757,38675.0
3.66,0.0102,1,1,0.11744270473718643,0.08172934502363205,0.6902710795402527,0.08311887830495834,0.1379852294921875,0.8004478812217712,0.49550628662109375,0.9061359763145447,-0.4852208197116852,0.9966933727264404,-0.04688708856701851,-0.031062398105859756,0.0586266927421093,0.1711669558976818,0.007416583744450678,-0.19568296827327206,-5.581480319634515,-3.2344430858529654,6.890350048076535,0.1283813714981079,-0.03432382643222809,0.05625588446855545,0.11017680168151855,0.49550628662109375,0.9061359763145447,-0.4852208197116852,-0.04688708856701851,-0.031062398105859756,0.0586266927421093,0.9966933727264404,0.17116695642471313,0.007416583597660065,-0.19568297266960144,-0.03432382643222809,0.05625588446855545,0.11017680168151855,0.00014651566743850708,0.12673726677894592,0.11017680168151855,0.023166753351688385,0.2017432451248169,0.11017680168151855,0.034170038998126984,0.2794269323348999,0.11017680168151855,0.03288546949625015,0.3578755259513855,0.11017680168151855,0.01934463530778885,0.43515729904174805,0.11017680168151855,-0.0061190128326416016,0.5093693733215332,0.11017680168151855,-0.042878493666648865,0.578684389591217,0.11017680168151855,-0.09002865850925446,0.6413955688476562,0.11017680168151855,-0.14640851318836212,0.6959587931632996,0.11017680168151855,0.3879948854446411,-1.3268203735351562,0.42091429233551025,0.20000000298023224,2.0818008077681416,-14.117856952146369,-4.394968688779937,38675.0
3.6799,0.0098,1,1,0.12307916581630707,0.10033609718084335,0.6989104151725769,0.09088456630706787,0.1516205072402954,0.8004478812217712,0.4773579239845276,0.9314373731613159,-0.43543025851249695,0.9967283010482788,-0.04728183522820473,-0.03322949260473251,0.05648748576641083,-0.5393864605934794,-0.7531799063199421,-0.20516816603548232,-5.6349891356600335,-3.491466984643892,6.659166603912494,0.11822199821472168,-0.0321945995092392,0.05128441005945206,0.10153746604919434,0.4773579239845276,0.9314373731613159,-0.43543025851249695,-0.04728183522820473,-0.03322949260473251,0.05648748576641083,0.9967283010482788,-0.5393864512443542,-0.7531799077987671,-0.20516817271709442,-0.0321945995092392,0.05128441005945206,0.10153746604919434,4.7110021114349365e-05,0.12281274050474167,0.10153746604919434,0.020702362060546875,0.19850414991378784,0.10153746604919434,0.029262572526931763,0.2764948606491089,0.10153746604919434,0.02551695704460144,0.3548645079135895,0.10153746604919434,0.009557753801345825,0.43168333172798157,0.10153746604919434,-0.018222086131572723,0.5050598382949829,0.10153746604919434,-0.05713852494955063,0.5731872320175171,0.10153746604919434,-0.10623331367969513,0.6343879699707031,0.10153746604919434,-0.16429756581783295,0.6871551275253296,0.10153746604919434,1.1488901376724243,-1.0733627080917358,0.525102972984314,0.20000000298023224,8.54090040388407,-14.558928476073184,-4.8573355771080085,38675.0
3.7004,0.0103,1,1,0.13824409246444702,0.11480054259300232,0.6771007180213928,0.09822700917720795,0.16550934314727783,0.8004478812217712,0.48358339071273804,0.9281346201896667,-0.49655985832214355,0.9963198900222778,-0.05109550803899765,-0.04237310588359833,0.054207656532526016,-0.04837725746886009,-1.338871747472038,-0.1928736495736179,-6.127514368341501,-4.525041692087144,6.470853718385643,0.139238178730011,-0.040017083287239075,0.05070880055427551,0.12334716320037842,0.48358339071273804,0.9281346201896667,-0.49655985832214355,-0.05109550803899765,-0.04237310588359833,0.054207656532526016,0.9963198900222778,-0.04837725684046745,-1.338871717453003,-0.19287365674972534,-0.040017083287239075,0.05070880055427551,0.12334716320037842,-0.01003846526145935,0.1232147365808487,0.12334716320037842,0.00822862982749939,0.19951769709587097,0.12334716320037842,0.014334410429000854,0.27773886919021606,0.12334716320037842,0.008128538727760315,0.3559521436691284,0.12334716320037842,-0.010236173868179321,0.43223169445991516,0.12334716320037842,-0.04030754417181015,0.5046992301940918,0.12334716320037842,-0.0813450962305069,0.5715702772140503,0.12334716320037842,-0.13233835995197296,0.631198525428772,0.12334716320037842,-0.19203171133995056,0.6821154356002808,0.12334716320037842,0.7823094129562378,-0.8870550990104675,0.5254172086715698,0.20000000298023224,11.770450201942035,-14.779464238036592,-5.233961348161727,38675.0
3.7198,0.0105,1,1,0.1443803608417511,0.1342134177684784,0.6857165694236755,0.10513004660606384,0.17962320148944855,0.8004478812217712,0.46447449922561646,0.953921377658844,-0.4385450482368469,0.995915949344635,-0.04745958745479584,-0.056146036833524704,0.05238925665616989,1.2096518424300309,-1.3824754176837963,-0.13636534933901479,-5.796337695843699,-6.1343813398514175,6.333276796194082,0.12948323786258698,-0.039250314235687256,0.045409783720970154,0.1147313117980957,0.46447449922561646,0.953921377658844,-0.4385450482368469,-0.04745958745479584,-0.056146036833524704,0.05238925665616989,0.995915949344635,1.2096518278121948,-1.3824753761291504,-0.1363653540611267,-0.039250314235687256,0.045409783720970154,0.1147313117980957,-0.011564582586288452,0.11882182955741882,0.1147313117980957,0.00429612398147583,0.19566106796264648,0.1147313117980957,0.007941246032714844,0.2740354537963867,0.1147313117980957,-0.0007189661264419556,0.3520151376724243,0.1147313117980957,-0.021471261978149414,0.42767998576164246,0.1147313117980957,-0.053804658353328705,0.49916693568229675,0.1147313117980957,-0.09692299365997314,0.5647156238555908,0.1147313117980957,-0.1497645527124405,0.622712254524231,0.1147313117980957,-0.21102821826934814,0.6717284917831421,0.1147313117980957,0.09668326377868652,-0.992994487285614,0.49700987339019775,0.20000000298023224,8.654996583005419,-14.889732119018296,-5.509115192544827,38675.0
3.7396,0.0102,1,1,0.15295371413230896,0.1538478285074234,0.669255793094635,0.11152731627225876,0.19381064176559448,0.8004478812217712,0.44043371081352234,0.9738089442253113,-0.4681224822998047,0.9958187937736511,-0.03288431093096733,-0.06789901107549667,0.0514904223382473,2.005696791233398,-1.0330254728767139,-0.13196592373150157,-4.193454709682602,-7.576149658200565,6.197634380295762,0.14326387643814087,-0.0414263978600502,0.03996281325817108,0.13119208812713623,0.44043371081352234,0.9738089442253113,-0.4681224822998047,-0.03288431093096733,-0.06789901107549667,0.0514904223382473,0.9958187937736511,2.0056967735290527,-1.0330255031585693,-0.13196592032909393,-0.0414263978600502,0.03996281325817108,0.13119208812713623,-0.016038835048675537,0.11420096457004547,0.13119208812713623,-0.0025772303342819214,0.1914965957403183,0.13119208812713623,-0.0013730674982070923,0.26994645595550537,0.13119208812713623,-0.012455984950065613,0.34761881828308105,0.13119208812713623,-0.03555310517549515,0.4226011633872986,0.13119208812713623,-0.07009567320346832,0.49304717779159546,0.13119208812713623,-0.1152331531047821,0.5572222471237183,0.13119208812713623,-0.16985410451889038,0.6135461330413818,0.13119208812713623,-0.23261359333992004,0.6606320142745972,0.13119208812713623,-0.3949631452560425,-0.7980266809463501,0.4481593370437622,0.20000000298023224,-3.1725017084972915,-14.944866059509149,-5.780400024341473,38675.0
3.7606,0.0106,1,1,0.15825389325618744,0.17680928111076355,0.6854379773139954,0.11759063601493835,0.2084701955318451,0.8004478812217712,0.39540374279022217,1.0032236576080322,-0.2617313861846924,0.9955798983573914,-0.00897174421697855,-0.0772477388381958,0.05263969302177429,2.201741400137946,-0.7136456794118794,-0.07359299461492265,-1.5073941291594084,-8.793171146903976,6.1691004343388025,0.12602853775024414,-0.040663257241249084,0.03166091442108154,0.11500990390777588,0.39540374279022217,1.0032236576080322,-0.2617313861846924,-0.00897174421697855,-0.0772477388381958,0.05263969302177429,0.9955798983573914,2.2017414569854736,-0.7136456966400146,-0.07359299808740616,-0.040663257241249084,0.03166091442108154,0.11500990390777588,-0.017643600702285767,0.10666707158088684,0.11500990390777588,-0.006640896201133728,0.184350848197937,0.11500990390777588,-0.0079260915517807,0.2627994418144226,0.11500990390777588,-0.021467506885528564,0.340081125497818,0.11500990390777588,-0.046931736171245575,0.4142930209636688,0.11500990390777588,-0.08369174599647522,0.4836077392101288,0.11500990390777588,-0.1308424025774002,0.546318531036377,0.11500990390777588,-0.1872226744890213,0.6008813381195068,0.11500990390777588,-0.2514443099498749,0.6459524631500244,0.11500990390777588,-0.3347815275192261,-1.274411916732788,0.482685923576355,0.20000000298023224,-9.086250854248647,-14.972433029754574,-5.837467916255391,38675.0
3.78,0.01,1,1,0.16458739340305328,0.19724850356578827,0.6663927435874939,0.12311392277479172,0.22311446070671082,0.8004478812217712,0.3539423942565918,1.0100473165512085,-0.357901006937027,0.995029628276825,0.009481318295001984,-0.08401969820261002,0.05258237570524216,1.1278714916758776,-0.4561193002922485,-0.03255435632945251,0.5831365281656352,-9.683254034801507,6.0005610968762175,0.14268803596496582,-0.041473470628261566,0.025865957140922546,0.13405513763427734,0.3539423942565918,1.0100473165512085,-0.357901006937027,0.009481318295001984,-0.08401969820261002,0.05258237570524216,0.995029628276825,1.1278715133666992,-0.4561192989349365,-0.03255435451865196,-0.041473470628261566,0.025865957140922546,0.13405513763427734,-0.020812690258026123,0.10155586898326874,0.13405513763427734,-0.012246772646903992,0.17954595386981964,0.13405513763427734,-0.015986666083335876,0.2579158544540405,0.13405513763427734,-0.031940266489982605,0.3347358703613281,0.13405513763427734,-0.059714749455451965,0.40811437368392944,0.13405513763427734,-0.09862621128559113,0.47624462842941284,0.13405513763427734,-0.14771652221679688,0.5374489426612854,0.13405513763427734,-0.20577691495418549,0.5902203321456909,0.13405513763427734,-0.2713777720928192,0.6332593560218811,0.13405513763427734,0.44238603115081787,-0.7325904369354248,0.5133985280990601,0.20000000298023224,2.9568745728756767,-14.986216514877288,-6.174546591180572,38675.0
3.7998,0.0102,1,1,0.1707361936569214,0.21724992990493774,0.6531738638877869,0.12815465033054352,0.23785817623138428,0.8004478812217712,0.3153393864631653,1.0053426027297974,-0.39509302377700806,0.9945409893989563,0.015403310768306255,-0.08911576867103577,0.052032455801963806,-0.14985439341832063,-0.18811384833634653,-0.06774929929755663,1.2442636790438935,-10.303453223677067,5.877550660155092,0.15468524396419525,-0.04258154332637787,0.020608246326446533,0.14727401733398438,0.3153393864631653,1.0053426027297974,-0.39509302377700806,0.015403310768306255,-0.08911576867103577,0.052032455801963806,0.9945409893989563,-0.1498543918132782,-0.18811385333538055,-0.06774929910898209,-0.04258154332637787,0.020608246326446533,0.14727401733398438,-0.024289235472679138,0.0969051718711853,0.14727401733398438,-0.01815761625766754,0.17512431740760803,0.14727401733398438,-0.02433764934539795,0.25333961844444275,0.14727401733398438,-0.04267716407775879,0.3296252489089966,0.14727401733398438,-0.0727245882153511,0.4021027088165283,0.14727401733398438,-0.11374005675315857,0.4689873456954956,0.14727401733398438,-0.16471362113952637,0.5286323428153992,0.14727401733398438,-0.2243901491165161,0.5795689821243286,0.14727401733398438,-0.2913002073764801,0.6205430626869202,0.14727401733398438,1.4384163618087769,-0.44673991203308105,0.5851022005081177,0.20000000298023224,8.978437286437838,-14.993108257438644,-6.420567464622792,38675.0
3.8199,0.0099,1,1,0.19322414696216583,0.22415348887443542,0.6521866917610168,0.13280561566352844,0.2530001699924469,0.8004478812217712,0.3853825330734253,0.9257848858833313,-0.3721459209918976,0.994937002658844,0.01578201726078987,-0.08476710319519043,0.05161309242248535,-0.7420793182642739,-0.39019680882799934,-0.0020897043550504547,1.3173398424818694,-9.80555127451645,5.8261811624434605,0.1626773178577423,-0.06041853129863739,0.028846681118011475,0.1482611894607544,0.3853825330734253,0.9257848858833313,-0.3721459209918976,0.01578201726078987,-0.08476710319519043,0.05161309242248535,0.994937002658844,-0.7420793175697327,-0.3901968002319336,-0.0020897043868899345,-0.06041853129863739,0.028846681118011475,0.1482611894607544,-0.04455222189426422,0.10568475723266602,0.1482611894607544,-0.04090137779712677,0.18405887484550476,0.1482611894607544,-0.049555882811546326,0.2620391845703125,0.1482611894607544,-0.07030265778303146,0.3377055823802948,0.1482611894607544,-0.10263083130121231,0.40919485688209534,0.1482611894607544,-0.14574438333511353,0.4747467339038849,0.1482611894607544,-0.19858171045780182,0.5327471494674683,0.1482611894607544,-0.25984176993370056,0.5817679166793823,0.1482611894607544,-0.32801616191864014,0.6206018924713135,0.1482611894607544,0.8382250070571899,-1.5707963705062866,0.5074688196182251,0.20000000298023224,11.98921864321892,-14.996554128719321,-6.52330646004606,38675.0
3.8398,0.0099,1,1,0.20060113072395325,0.24260438978672028,0.6447468996047974,0.13693270087242126,0.26811832189559937,0.8004478812217712,0.3520181477069855,0.917526364326477,-0.3711615204811096,0.9946829080581665,0.011290613561868668,-0.08868540823459625,0.05110146477818489,0.15334012174534128,-0.4362356735405261,0.03750108650811222,0.780027443238052,-10.228929525398787,5.812100498808668,0.17013943195343018,-0.06366842985153198,0.02551393210887909,0.15570098161697388,0.3520181477069855,0.917526364326477,-0.3711615204811096,0.011290613561868668,-0.08868540823459625,0.05110146477818489,0.9946829080581665,0.15334011614322662,-0.4362356662750244,0.03750108554959297,-0.06366842985153198,0.02551393210887909,0.15570098161697388,-0.05021792650222778,0.10281150043010712,0.15570098161697388,-0.0490250289440155,0.18126152455806732,0.15570098161697388,-0.06011909246444702,0.25893235206604004,0.15570098161697388,-0.08322697132825851,0.33391135931015015,0.15570098161697388,-0.11777965724468231,0.40435242652893066,0.15570098161697388,-0.1629263460636139,0.46852099895477295,0.15570098161697388,-0.21755538880825043,0.5248370170593262,0.15570098161697388,-0.2803216278553009,0.5719138979911804,0.15570098161697388,-0.34967952966690063,0.6085923314094543,0.15570098161697388,0.38703370094299316,-1.5707963705062866,0.5053447484970093,0.20000000298023224,13.49460932160946,-14.99827706435966,-6.55146778731565,38675.0
3.8597,0.0101,1,1,0.21109682321548462,0.2642058730125427,0.6469349265098572,0.14056168496608734,0.2832584083080292,0.8004478812217712,0.34408411383628845,0.927507758140564,-0.3075702488422394,0.9945213198661804,0.016520490869879723,-0.09017573297023773,0.05020584166049957,1.1957293688833146,-0.5748753458057118,0.10595276541485284,1.3869888441591562,-10.429307363510931,5.653349930634309,0.17001304030418396,-0.07053513824939728,0.01905253529548645,0.15351295471191406,0.34408411383628845,0.927507758140564,-0.3075702488422394,0.016520490869879723,-0.09017573297023773,0.05020584166049957,0.9945213198661804,1.195729374885559,-0.5748753547668457,0.10595276206731796,-0.07053513824939728,0.01905253529548645,0.15351295471191406,-0.059497758746147156,0.09673142433166504,0.15351295471191406,-0.0607479065656662,0.1751805543899536,0.15351295471191406,-0.07425481081008911,0.2524682879447937,0.15351295471191406,-0.09968589246273041,0.32669150829315186,0.15351295471191406,-0.13641494512557983,0.3960226774215698,0.15351295471191406,-0.1835375875234604,0.4587545394897461,0.15351295471191406,-0.23989349603652954,0.5133424401283264,0.15351295471191406,-0.30409500002861023,0.5584422945976257,0.15351295471191406,-0.37456125020980835,0.592943549156189,0.15351295471191406,-0.18379449844360352,-1.5707963705062866,0.4837085008621216,0.20000000298023224,1.4819801315336,-14.999138532179831,-6.868968923664397,38675.0
3.8799,0.0101,1,1,0.2188383936882019,0.2829960286617279,0.633342981338501,0.14376887679100037,0.29877373576164246,0.8004478812217712,0.3143026530742645,0.9212421178817749,-0.34746354818344116,0.9938056468963623,0.031278591603040695,-0.09300480037927628,0.05215373635292053,1.816057217908545,-0.21193021500405934,0.03092145783242184,3.0623352183031143,-10.843088812452379,5.717397390803602,0.18387065827846527,-0.07506951689720154,0.01577770709991455,0.16710489988327026,0.3143026530742645,0.9212421178817749,-0.34746354818344116,0.031278591603040695,-0.09300480037927628,0.05215373635292053,0.9938056468963623,1.8160572052001953,-0.21193021535873413,0.030921457335352898,-0.07506951689720154,0.01577770709991455,0.16710489988327026,-0.06649874150753021,0.09376725554466248,0.16710489988327026,-0.07023374736309052,0.17213740944862366,0.16710489988327026,-0.08618254959583282,0.24895837903022766,0.16710489988327026,-0.11395245790481567,0.32233867049217224,0.16710489988327026,-0.1528596729040146,0.39047130942344666,0.16710489988327026,-0.2019461691379547,0.45167872309684753,0.16710489988327026,-0.2600032687187195,0.5044537782669067,0.16710489988327026,-0.3256014287471771,0.5474969148635864,0.16710489988327026,-0.39712539315223694,0.579748272895813,0.16710489988327026,-0.7165389657020569,-1.5707963705062866,0.4543989896774292,0.20000000298023224,-6.7590099342332,-14.999569266089916,-6.740874003325775,38675.0
3.8995,0.0103,1,1,0.21955347061157227,0.2917899191379547,0.629575252532959,0.14643575251102448,0.3140842914581299,0.8004478812217712,0.2666301429271698,0.8573299050331116,-0.3432869017124176,0.9928672313690186,0.05171811580657959,-0.09522680938243866,0.049697089940309525,1.2611215583955018,-0.2094443205740385,0.07932524080185804,5.453827709285589,-11.200075092621278,5.195827234781846,0.18719160556793213,-0.07311771810054779,0.02229437232017517,0.17087262868881226,0.2666301429271698,0.8573299050331116,-0.3432869017124176,0.05171811580657959,-0.09522680938243866,0.049697089940309525,0.9928672313690186,1.2611215114593506,-0.2094443142414093,0.07932524383068085,-0.07311771810054779,0.02229437232017517,0.17087262868881226,-0.06697486340999603,0.10051262378692627,0.17087262868881226,-0.07314369082450867,0.17872881889343262,0.17087262868881226,-0.09147226810455322,0.25501707196235657,0.17087262868881226,-0.12150929868221283,0.32749882340431213,0.17087262868881226,-0.16251516342163086,0.3943893611431122,0.17087262868881226,-0.2134801745414734,0.4540416896343231,0.17087262868881226,-0.27314940094947815,0.5049868822097778,0.17087262868881226,-0.34005358815193176,0.5459705591201782,0.17087262868881226,-0.4125453233718872,0.5759835243225098,0.17087262868881226,-1.1910796165466309,-1.5707963705062866,0.4105185270309448,0.20000000298023224,-10.879504967116599,-14.999784633044957,-7.784014315369318,38675.0
3.9197,0.0098,1,1,0.22449317574501038,0.30880066752433777,0.6227215528488159,0.14866487681865692,0.3297822177410126,0.8004478812217712,0.22794833779335022,0.8376412987709045,-0.34153544902801514,0.992382287979126,0.05810999870300293,-0.09592361748218536,0.05096333101391792,-0.42750872767493187,0.015052020033559724,0.07842811337677282,6.179991662593541,-11.321187630869401,5.266476303610094,0.1943625509738922,-0.07582829892635345,0.020981550216674805,0.17772632837295532,0.22794833779335022,0.8376412987709045,-0.34153544902801514,0.05810999870300293,-0.09592361748218536,0.05096333101391792,0.992382287979126,-0.42750874161720276,0.015052019618451595,0.07842811197042465,-0.07582829892635345,0.020981550216674805,0.17772632837295532,-0.07216860353946686,0.09935525059700012,0.17772632837295532,-0.08081430196762085,0.17733654379844666,0.17772632837295532,-0.10155253112316132,0.2530052363872528,0.17772632837295532,-0.1338726282119751,0.3244982063770294,0.17772632837295532,-0.17697876691818237,0.39005497097969055,0.17772632837295532,-0.22980955243110657,0.44806137681007385,0.17772632837295532,-0.2910640835762024,0.4970889985561371,0.17772632837295532,-0.359234094619751,0.5359307527542114,0.17772632837295532,-0.43264099955558777,0.5636301040649414,0.17772632837295532,-0.18549787998199463,-1.5707963705062866,0.4685879945755005,0.20000000298023224,-10.753875299354586,-14.999892316522478,-7.64271617771279,38675.0
3.9397,0.0094,1,1,0.22442202270030975,0.325492262840271,0.632470965385437,0.1503840684890747,0.3454251289367676,0.8004478812217712,0.17720134556293488,0.818467378616333,-0.25380393862724304,0.9928879737854004,0.04906732961535454,-0.09658016264438629,0.049358174204826355,-1.8471782526169385,-0.073273739856871,0.08574557291306426,5.143639993274512,-11.339977617737837,5.180823947989447,0.1846488118171692,-0.07403795421123505,0.019932866096496582,0.16797691583633423,0.17720134556293488,0.818467378616333,-0.25380393862724304,0.04906732961535454,-0.09658016264438629,0.049358174204826355,0.9928879737854004,-1.8471782207489014,-0.07327374070882797,0.08574557304382324,-0.07403795421123505,0.019932866096496582,0.16797691583633423,-0.07284650206565857,0.09838289022445679,0.16797691583633423,-0.08394201099872589,0.1760534644126892,0.16797691583633423,-0.10705128312110901,0.25103211402893066,0.16797691583633423,-0.14160527288913727,0.32147252559661865,0.16797691583633423,-0.18675315380096436,0.3856402635574341,0.16797691583633423,-0.24138323962688446,0.4419552683830261,0.16797691583633423,-0.3041503429412842,0.48903095722198486,0.16797691583633423,-0.37350893020629883,0.5257081389427185,0.16797691583633423,-0.4477511942386627,0.5510836243629456,0.16797691583633423,0.5460132360458374,-1.5707963705062866,0.4381774663925171,0.20000000298023224,2.123062350322707,-14.999946158261238,-7.814020888954082,38675.0
3.9596,0.0091,1,1,0.2320408970117569,0.3395325839519501,0.6093095541000366,0.15159963071346283,0.3609462082386017,0.8004478812217712,0.17097356915473938,0.7868821620941162,-0.3399096429347992,0.9939977526664734,0.029774120077490807,-0.09617602825164795,0.042779672890901566,-2.248817432937004,-0.11415005015152238,0.09447715434343096,2.9776464567896745,-11.171417330329021,4.637462890182397,0.20847830176353455,-0.08044126629829407,0.02141362428665161,0.19113832712173462,0.17097356915473938,0.7868821620941162,-0.3399096429347992,0.029774120077490807,-0.09617602825164795,0.042779672890901566,0.9939977526664734,-2.2488174438476562,-0.1141500473022461,0.09447715431451797,-0.08044126629829407,0.02141362428665161,0.19113832712173462,-0.08169282972812653,0.09986275434494019,0.19113832712173462,-0.09520111978054047,0.17715021967887878,0.19113832712173462,-0.12063352763652802,0.2513730227947235,0.19113832712173462,-0.15736383199691772,0.3207034766674042,0.19113832712173462,-0.20448759198188782,0.3834345042705536,0.19113832712173462,-0.26084446907043457,0.4380214512348175,0.19113832712173462,-0.3250467777252197,0.4831201136112213,0.19113832712173462,-0.395513653755188,0.5176202058792114,0.19113832712173462,-0.47050994634628296,0.5406719446182251,0.19113832712173462,0.8627463579177856,-1.5707963705062866,0.4816857576370239,0.20000000298023224,8.561531175161353,-14.99997307913062,-8.900743004568211,38675.0
3.9799,0.01,1,1,0.23654872179031372,0.3584250509738922,0.6182506680488586,0.1523415893316269,0.3768261671066284,0.8004478812217712,0.14152409136295319,0.7803881168365479,-0.2964038550853729,0.9944263696670532,0.00931823905557394,-0.09733711928129196,0.03940628096461296,-1.3628778810121758,-0.3397834024193947,0.16543192171398022,0.6344080814093273,-11.205212355204827,4.476318643798822,0.20155709981918335,-0.08420713245868683,0.018401116132736206,0.1821972131729126,0.14152409136295319,0.7803881168365479,-0.2964038550853729,0.00931823905557394,-0.09733711928129196,0.03940628096461296,0.9944263696670532,-1.3628778457641602,-0.3397834002971649,0.1654319167137146,-0.08420713245868683,0.018401116132736206,0.1821972131729126,-0.08795198798179626,0.09677079319953918,0.1821972131729126,-0.10391046106815338,0.1735897958278656,0.1821972131729126,-0.13168960809707642,0.24696657061576843,0.1821972131729126,-0.1706053912639618,0.31509432196617126,0.1821972131729126,-0.21969959139823914,0.3762955367565155,0.1821972131729126,-0.27776333689689636,0.42906323075294495,0.1821972131729126,-0.34336692094802856,0.47209814190864563,0.1821972131729126,-0.4148949384689331,0.5043405294418335,0.1821972131729126,-0.49058613181114197,0.5249965190887451,0.1821972131729126,0.7153478860855103,-1.5707963705062866,0.5219863653182983,0.20000000298023224,11.780765587580676,-14.99998653956531,-9.223031497335333,38675.0
3.9995,0.0103,1,1,0.23996742069721222,0.37462908029556274,0.6029590368270874,0.15257860720157623,0.3922653794288635,0.8004478812217712,0.11200380325317383,0.7780260443687439,-0.3404690623283386,0.9942397475242615,0.0018880014540627599,-0.10042157769203186,0.037379611283540726,0.126127151100963,-0.28000625503904425,0.0977111806579255,-0.21946874408070347,-11.526865666173531,4.328318625694312,0.21667876839637756,-0.08738881349563599,0.01763629913330078,0.19748884439468384,0.11200380325317383,0.7780260443687439,-0.3404690623283386,0.0018880014540627599,-0.10042157769203186,0.037379611283540726,0.9942397475242615,0.12612715363502502,-0.2800062596797943,0.09771118313074112,-0.08738881349563599,0.01763629913330078,0.19748884439468384,-0.09355181455612183,0.09585297107696533,0.19748884439468384,-0.11187472939491272,0.17214256525039673,0.19748884439468384,-0.14190638065338135,0.24462652206420898,0.19748884439468384,-0.18290728330612183,0.31152015924453735,0.19748884439468384,-0.2338678538799286,0.37117624282836914,0.19748884439468384,-0.2935332953929901,0.4221258759498596,0.19748884439468384,-0.3604344427585602,0.46311450004577637,0.19748884439468384,-0.43292394280433655,0.49313288927078247,0.19748884439468384,-0.5092169046401978,0.5114417672157288,0.19748884439468384,0.08712923526763916,-1.5707963705062866,0.5771993398666382,0.20000000298023224,8.386451520309404,-14.999993269782655,-9.519031533544387,38675.0
4.0199,0.0105,1,1,0.24206356704235077,0.39023125171661377,0.5924133062362671,0.15232178568840027,0.4082430601119995,0.8004478812217712,0.07625957578420639,0.7755737900733948,-0.3557942807674408,0.9942696690559387,0.0018572595436125994,-0.1006215438246727,0.03602319955825806,1.4747342420629754,-0.17716251381502038,0.16503298018268636,-0.20796619133149788,-11.550041111334831,4.1709546738071985,0.22728043794631958,-0.0897417813539505,0.018011808395385742,0.20803457498550415,0.07625957578420639,0.7755737900733948,-0.3557942807674408,0.0018572595436125994,-0.1006215438246727,0.03602319955825806,0.9942696690559387,1.4747341871261597,-0.1771625131368637,0.1650329828262329,-0.0897417813539505,0.018011808395385742,0.20803457498550415,-0.09840108454227448,0.0959915816783905,0.20803457498550415,-0.1191525012254715,0.17165666818618774,0.20803457498550415,-0.15148505568504333,0.2431439757347107,0.20803457498550415,-0.19460263848304749,0.3086932301521301,0.20803457498550415,-0.2474435269832611,0.36669039726257324,0.20803457498550415,-0.3087066113948822,0.41570740938186646,0.20803457498550415,-0.3768833875656128,0.45453721284866333,0.20803457498550415,-0.4502951204776764,0.4822238087654114,0.20803457498550415,-0.5271341800689697,0.4980853796005249,0.20803457498550415,-0.7227262258529663,-1.5707963705062866,0.5063475370407104,0.20000000298023224,-3.306774239845298,-14.999996634891328,-9.833759437318612,38675.0
4.0403,0.0102,1,1,0.2468644678592682,0.41342803835868835,0.5952680706977844,0.15158478915691376,0.4237288236618042,0.8004478812217712,0.050708331167697906,0.809333086013794,-0.34036415815353394,0.9940218329429626,0.014490088447928429,-0.10182693600654602,0.03660498186945915,1.6494036542682748,0.006373120818952104,0.14411907627375323,1.2496349325626,-11.741541515115127,4.089436179335479,0.22645767033100128,-0.09527967870235443,0.010300785303115845,0.20517981052398682,0.050708331167697906,0.809333086013794,-0.34036415815353394,0.014490088447928429,-0.10182693600654602,0.03660498186945915,0.9940218329429626,1.649403691291809,0.006373120937496424,0.14411906898021698,-0.09527967870235443,0.010300785303115845,0.20517981052398682,-0.10635241866111755,0.08797463774681091,0.20517981052398682,-0.12943969666957855,0.162960022687912,0.20517981052398682,-0.16397303342819214,0.2334105670452118,0.20517981052398682,-0.2091020941734314,0.29759153723716736,0.20517981052398682,-0.2637156546115875,0.353922575712204,0.20517981052398682,-0.32646894454956055,0.4010166823863983,0.20517981052398682,-0.3958168029785156,0.43771418929100037,0.20517981052398682,-0.4700515866279602,0.4631114900112152,0.20517981052398682,-0.5473454594612122,0.47658321261405945,0.20517981052398682,-0.5642327070236206,-1.5707963705062866,0.5306941270828247,0.20000000298023224,-9.153387119922648,-14.999998317445664,-9.996796426262051,38675.0
4.0603,0.0092,1,1,0.24821558594703674,0.4298391044139862,0.5848740935325623,0.15033186972141266,0.4395659267902374,0.8004478812217712,0.018551483750343323,0.8034783005714417,-0.36203905940055847,0.9936992526054382,0.030181484296917915,-0.1008710190653801,0.038392096757888794,0.6811184290688969,0.21720187580284395,0.10891463331069809,3.057936456267723,-11.7000630802998,4.11170967729846,0.236955463886261,-0.09788371622562408,0.00972682237625122,0.21557378768920898,0.018551483750343323,0.8034783005714417,-0.36203905940055847,0.030181484296917915,-0.1008710190653801,0.038392096757888794,0.9936992526054382,0.6811184287071228,0.21720187366008759,0.10891463607549667,-0.09788371622562408,0.00972682237625122,0.21557378768920898,-0.11141848564147949,0.08700969815254211,0.21557378768920898,-0.13687634468078613,0.16122373938560486,0.21557378768920898,-0.17363040149211884,0.23054161667823792,0.21557378768920898,-0.22077566385269165,0.2932564914226532,0.21557378768920898,-0.2771512567996979,0.3478241264820099,0.21557378768920898,-0.34136900305747986,0.3929007947444916,0.21557378768920898,-0.41184771060943604,0.4273766577243805,0.21557378768920898,-0.48685187101364136,0.45040276646614075,0.21557378768920898,-0.5645347237586975,0.46141210198402405,0.21557378768920898,0.0013470649719238281,-1.5707963705062866,0.5892118215560913,0.20000000298023224,-4.538102991150752,-14.999999158722833,-9.952249430336074,38675.0
4.0801,0.0105,1,1,0.2545832395553589,0.45826244354248047,0.5891561508178711,0.14860117435455322,0.45516085624694824,0.8004478812217712,0.0029895477928221226,0.8547195792198181,-0.30632802844047546,0.9939703941345215,0.03348367288708687,-0.09706772118806839,0.03843842074275017,-0.8015022985091574,0.35156789024299534,0.12231680840419691,3.455003887794193,-11.276212254611195,4.088032801383919,0.236402228474617,-0.10598206520080566,-0.0031015872955322266,0.21129173040390015,0.0029895477928221226,0.8547195792198181,-0.30632802844047546,0.03348367288708687,-0.09706772118806839,0.03843842074275017,0.9939703941345215,-0.8015022873878479,0.3515678942203522,0.12231680750846863,-0.10598206520080566,-0.0031015872955322266,0.21129173040390015,-0.12193512916564941,0.07371854782104492,0.21129173040390015,-0.149709090590477,0.14709722995758057,0.21129173040390015,-0.18862006068229675,0.21522778272628784,0.21129173040390015,-0.23770993947982788,0.27643245458602905,0.21129173040390015,-0.29576995968818665,0.329204261302948,0.21129173040390015,-0.3613705039024353,0.3722437620162964,0.21129173040390015,-0.4328962564468384,0.4044911861419678,0.21129173040390015,-0.508586049079895,0.4251525402069092,0.21129173040390015,-0.5865760445594788,0.4337189793586731,0.21129173040390015,1.525856375694275,-1.5707963705062866,0.6906224489212036,0.20000000298023224,5.230948504424624,-14.999999579361416,-9.999603182165146,38675.0
4.1003,0.0096,1,1,0.2553487718105316,0.47537970542907715,0.5795199275016785,0.14638543128967285,0.4706721603870392,0.8004478812217712,-0.023238420486450195,0.841706395149231,-0.3310466408729553,0.994634211063385,0.01955878920853138,-0.09464775025844574,0.03687812015414238,-1.5152782064983417,-0.028791628040144596,0.21491878108983264,1.8634387987143168,-10.936582102413826,4.06836092825517,0.24638248980045319,-0.10896334052085876,-0.004707545042037964,0.22092795372009277,-0.023238420486450195,0.841706395149231,-0.3310466408729553,0.01955878920853138,-0.09464775025844574,0.03687812015414238,0.994634211063385,-1.5152782201766968,-0.028791628777980804,0.21491877734661102,-0.10896334052085876,-0.004707545042037964,0.22092795372009277,-0.12731562554836273,0.07157498598098755,0.22092795372009277,-0.15737517178058624,0.14404743909835815,0.22092795372009277,-0.1984018236398697,0.21092522144317627,0.22092795372009277,-0.24938537180423737,0.27056169509887695,0.22092795372009277,-0.3090704083442688,0.3214883804321289,0.22092795372009277,-0.37598732113838196,0.3624512553215027,0.22092795372009277,-0.44848838448524475,0.39244168996810913,0.22092795372009277,-0.5247883796691895,0.41072118282318115,0.22092795372009277,-0.603008508682251,0.4168397784233093,0.22092795372009277,1.5707963705062866,-1.5707963705062866,0.7065979242324829,0.20000000298023224,10.115474252212312,-14.999999789680707,-10.03894692842268,38675.0
4.1203,0.0102,1,1,0.2619171440601349,0.5095970630645752,0.5919355750083923,0.14364366233348846,0.4863211214542389,0.8004478812217712,-0.04212268441915512,0.9135331511497498,-0.21844394505023956,0.9948176741600037,-0.0003799060941673815,-0.09461721777915955,0.037192266434431076,-0.8647350638514538,-0.2699824329463655,0.19730378475745108,-0.45469134810641126,-10.849244599768717,4.32529706582731,0.24084801971912384,-0.11827348172664642,-0.023275941610336304,0.2085123062133789,-0.04212268441915512,0.9135331511497498,-0.21844394505023956,-0.0003799060941673815,-0.09461721777915955,0.037192266434431076,0.9948176741600037,-0.8647350668907166,-0.2699824273586273,0.19730378687381744,-0.11827348172664642,-0.023275941610336304,0.2085123062133789,-0.1390400379896164,0.05238497257232666,0.2085123062133789,-0.17138689756393433,0.12386584281921387,0.2085123062133789,-0.21451759338378906,0.18940645456314087,0.2085123062133789,-0.2673701047897339,0.24739301204681396,0.2085123062133789,-0.32864296436309814,0.29639774560928345,0.2085123062133789,-0.3968275189399719,0.33521395921707153,0.2085123062133789,-0.47024479508399963,0.36288583278656006,0.2085123062133789,-0.5470870137214661,0.3787320852279663,0.2085123062133789,-0.6254620552062988,0.382362425327301,0.2085123062133789,1.5707963705062866,-1.5707963705062866,0.8340796232223511,0.20000000298023224,12.557737126106156,-14.999999894840354,-9.52507465327838,38675.0
4.1406,0.0098,1,1,0.26055845618247986,0.5275048613548279,0.5875822305679321,0.14044108986854553,0.5017192363739014,0.8004478812217712,-0.08107295632362366,0.9086048603057861,-0.2134263813495636,0.9946243762969971,-0.0030962771270424128,-0.09626983106136322,0.03798460587859154,0.5755744921708849,-0.3605878504075256,0.25747183425155473,-0.7864796658340343,-11.026875345299233,4.450022300524175,0.2457740157842636,-0.12011736631393433,-0.025785624980926514,0.2128656506538391,-0.08107295632362366,0.9086048603057861,-0.2134263813495636,-0.0030962771270424128,-0.09626983106136322,0.03798460587859154,0.9946243762969971,0.575574517250061,-0.36058786511421204,0.25747182965278625,-0.12011736631393433,-0.025785624980926514,0.2128656506538391,-0.14325329661369324,0.04918479919433594,0.2128656506538391,-0.17783233523368835,0.11961287260055542,0.2128656506538391,-0.22300302982330322,0.18376457691192627,0.2128656506538391,-0.27765312790870667,0.24006015062332153,0.2128656506538391,-0.34043699502944946,0.2871135473251343,0.2128656506538391,-0.4098086357116699,0.3237660527229309,0.2128656506538391,-0.4840599000453949,0.34911513328552246,0.2128656506538391,-0.5613625049591064,0.3625367283821106,0.2128656506538391,-0.6398129463195801,0.363700270652771,0.2128656506538391,1.5707963705062866,-1.5707963705062866,0.823400616645813,0.20000000298023224,13.778868563053077,-14.999999947420177,-9.275624183884641,38675.0
4.1599,0.0102,1,1,0.27381065487861633,0.5672651529312134,0.5913892984390259,0.1368013471364975,0.5168322920799255,0.8004478812217712,-0.01921265944838524,1.0069096088409424,-0.16220951080322266,0.9949039816856384,-0.004074613563716412,-0.09349624812602997,0.03749531880021095,1.6273076730199965,-0.24969458827543953,0.2610359593831646,-0.8816318441410278,-10.703930432799538,4.399198075293543,0.25499120354652405,-0.13700930774211884,-0.05043286085128784,0.20905858278274536,-0.01921265944838524,1.0069096088409424,-0.16220951080322266,-0.004074613563716412,-0.09349624812602997,0.03749531880021095,0.9949039816856384,1.627307653427124,-0.2496945858001709,0.2610359489917755,-0.13700930774211884,-0.05043286085128784,0.20905858278274536,-0.16246463358402252,0.023782074451446533,0.20905858278274536,-0.1992163360118866,0.09310120344161987,0.20905858278274536,-0.2463594526052475,0.1558176875114441,0.20905858278274536,-0.3027331829071045,0.21038717031478882,0.20905858278274536,-0.3669494092464447,0.255466103553772,0.20905858278274536,-0.43742692470550537,0.2899443507194519,0.20905858278274536,-0.5124303102493286,0.3129729628562927,0.20905858278274536,-0.5901128053665161,0.3239850401878357,0.20905858278274536,-0.6685615181922913,0.32270926237106323,0.20905858278274536,1.5707963705062866,-1.5707963705062866,0.8823331594467163,0.20000000298023224,14.389434281526539,-14.99999997371009,-9.377272634345935,38675.0
4.18,0.0101,1,1,0.275931715965271,0.5896432399749756,0.5822761654853821,0.13264623284339905,0.5319874882698059,0.8004478812217712,-0.030224835500121117,1.0159958600997925,-0.21350084245204926,0.9947540163993835,0.01031454186886549,-0.09457976371049881,0.03755907714366913,1.936784435392344,-0.08122092047766848,0.2933610092203829,0.7828158473193733,-10.891047496898706,4.249960719890552,0.26730847358703613,-0.14328548312187195,-0.05765575170516968,0.21817171573638916,-0.030224835500121117,1.0159958600997925,-0.21350084245204926,0.01031454186886549,-0.09457976371049881,0.03755907714366913,0.9947540163993835,1.9367843866348267,-0.08122091740369797,0.29336100816726685,-0.14328548312187195,-0.05765575170516968,0.21817171573638916,-0.1710604429244995,0.015722572803497314,0.21817171573638916,-0.2099723517894745,0.08385252952575684,0.21817171573638916,-0.25906306505203247,0.14505654573440552,0.21817171573638916,-0.31712377071380615,0.19782757759094238,0.21817171573638916,-0.38272491097450256,0.24086618423461914,0.21817171573638916,-0.45425111055374146,0.2731126546859741,0.21817171573638916,-0.5299411416053772,0.29377299547195435,0.21817171573638916,-0.6079312562942505,0.3023383617401123,0.21817171573638916,-0.6863011717796326,0.2985979914665222,0.21817171573638916,1.5707963705062866,-1.5707963705062866,0.8474041223526001,0.20000000298023224,14.69471714076327,-14.999999986855045,-9.675747345151871,38675.0
4.2,0.0088,1,1,0.29123061895370483,0.6389617919921875,0.5899426937103271,0.12799298763275146,0.5470780730247498,0.8004478812217712,0.016963161528110504,1.1329959630966187,-0.14382930099964142,0.9950108528137207,0.02240845561027527,-0.08970918506383896,0.0374373197555542,1.8249220822290917,-0.16341382817418862,0.34037172799370685,2.2068189640667026,-10.3814706441969,4.108968717381352,0.281782865524292,-0.16323763132095337,-0.09188371896743774,0.2105051875114441,0.016963161528110504,1.1329959630966187,-0.14382930099964142,0.02240845561027527,-0.08970918506383896,0.0374373197555542,0.9950108528137207,1.8249220848083496,-0.16341382265090942,0.3403717279434204,-0.16323763132095337,-0.09188371896743774,0.2105051875114441,-0.19331598281860352,-0.019419074058532715,0.2105051875114441,-0.2343599945306778,0.04744809865951538,0.2105051875114441,-0.2853590250015259,0.10707134008407593,0.2105051875114441,-0.34505727887153625,0.1579824686050415,0.2105051875114441,-0.41198480129241943,0.19892799854278564,0.2105051875114441,-0.4844936728477478,0.22889959812164307,0.2105051875114441,-0.5607984066009521,0.24715936183929443,0.2105051875114441,-0.6390200853347778,0.2532575726509094,0.2105051875114441,-0.7172328233718872,0.2470441460609436,0.2105051875114441,1.5707963705062866,-1.5707963705062866,1.005393624305725,0.20000000298023224,14.847358570381635,-14.999999993427522,-9.957731350170318,38675.0
4.2201,0.0108,1,1,0.2909798324108124,0.661167323589325,0.5870031714439392,0.12285993248224258,0.5620296597480774,0.8004478812217712,-0.02095050923526287,1.1189861297607422,-0.14017803966999054,0.9941204786300659,0.04026569798588753,-0.09105773270130157,0.04254111647605896,1.4431319741456046,-0.15617677113568235,0.3456169236291588,4.219244916830439,-10.63026932912592,4.50797646021661,0.2892252206802368,-0.1681199073791504,-0.09913766384124756,0.21344470977783203,-0.02095050923526287,1.1189861297607422,-0.14017803966999054,0.04026569798588753,-0.09105773270130157,0.04254111647605896,0.9941204786300659,1.443131923675537,-0.15617677569389343,0.3456169366836548,-0.1681199073791504,-0.09913766384124756,0.21344470977783203,-0.20047399401664734,-0.027660131454467773,0.21344470977783203,-0.24361132085323334,0.037876129150390625,0.21344470977783203,-0.29646968841552734,0.09585738182067871,0.21344470977783203,-0.35774752497673035,0.14485591650009155,0.21344470977783203,-0.4259359836578369,0.1836652159690857,0.21344470977783203,-0.49935609102249146,0.2113296389579773,0.21344470977783203,-0.5761998891830444,0.22716808319091797,0.21344470977783203,-0.6545753479003906,0.23079049587249756,0.21344470977783203,-0.7325525283813477,0.22210770845413208,0.21344470977783203,1.5707963705062866,-1.5707963705062866,1.0243719816207886,0.20000000298023224,14.923679285190818,-14.999999996713761,-9.159715864499757,38675.0
4.2401,0.01,1,1,0.28986290097236633,0.6828498244285583,0.5840796828269958,0.11730742454528809,0.5766839385032654,0.8004478812217712,-0.05928565934300423,1.0971643924713135,-0.13850130140781403,0.9931231737136841,0.05472099408507347,-0.09214243292808533,0.04711458832025528,1.0640474379925564,-0.17070334948616944,0.2888271772016047,5.844324764608336,-10.846233363582481,4.87692622346674,0.29641488194465637,-0.17255547642707825,-0.10616588592529297,0.2163681983947754,-0.05928565934300423,1.0971643924713135,-0.13850130140781403,0.05472099408507347,-0.09214243292808533,0.04711458832025528,0.9931231737136841,1.0640474557876587,-0.17070335149765015,0.28882718086242676,-0.17255547642707825,-0.10616588592529297,0.2163681983947754,-0.20713365077972412,-0.03573733568191528,0.2163681983947754,-0.2523035705089569,0.028414905071258545,0.2163681983947754,-0.30695298314094543,0.08471119403839111,0.2163681983947754,-0.3697362542152405,0.13176530599594116,0.2163681983947754,-0.4391074478626251,0.16841864585876465,0.2163681983947754,-0.5133584141731262,0.1937686800956726,0.2163681983947754,-0.590660810470581,0.20719116926193237,0.2163681983947754,-0.6691112518310547,0.20835572481155396,0.2163681983947754,-0.7467780113220215,0.19723349809646606,0.2163681983947754,1.5707963705062866,-1.5707963705062866,1.0584863424301147,0.20000000298023224,14.96183964259541,-14.99999999835688,-8.421816337999521,38675.0
4.26,0.0105,1,1,0.30214300751686096,0.731266975402832,0.6029958128929138,0.11130944639444351,0.5911316275596619,0.8004478812217712,-0.044145334511995316,1.1696629524230957,0.012166102416813374,0.9927845001220703,0.0615316778421402,-0.08981576561927795,0.050239019095897675,0.9993060584717572,-0.32530382886214754,0.36794033883453,6.6109922511402095,-10.633031015797107,5.17797104074619,0.30828994512557983,-0.19083356857299805,-0.14013534784317017,0.19745206832885742,-0.044145334511995316,1.1696629524230957,0.012166102416813374,0.0615316778421402,-0.08981576561927795,0.050239019095897675,0.9927845001220703,0.9993060827255249,-0.3253038227558136,0.36794033646583557,-0.19083356857299805,-0.14013534784317017,0.19745206832885742,-0.22759801149368286,-0.07082301378250122,0.19745206832885742,-0.274752676486969,-0.008115172386169434,0.19745206832885742,-0.33113643527030945,0.046443939208984375,0.19745206832885742,-0.39536094665527344,0.09151101112365723,0.19745206832885742,-0.4658448100090027,0.1259763240814209,0.19745206832885742,-0.540852427482605,0.1489911675453186,0.19745206832885742,-0.6185369491577148,0.1599888801574707,0.19745206832885742,-0.6969854235649109,0.1586986780166626,0.19745206832885742,-0.774266242980957,0.14515233039855957,0.19745206832885742,1.5707963705062866,-1.5707963705062866,1.202682614326477,0.20000000298023224,14.980919821297704,-14.99999999917844,-7.81972670344064,38675.0
4.2799,0.0105,1,1,0.3006388247013092,0.7539515495300293,0.6031816601753235,0.10483678430318832,0.6054390072822571,0.8004478812217712,-0.08077139407396317,1.139687180519104,0.014077886939048767,0.9909671545028687,0.07642936706542969,-0.09453881531953812,0.056596092879772186,0.9668899285252583,-0.2792187083704374,0.3443219948386214,8.254021507093967,-11.304369573775226,5.719127742696876,0.3151323199272156,-0.19580203294754028,-0.14851254224777222,0.19726622104644775,-0.08077139407396317,1.139687180519104,0.014077886939048767,0.07642936706542969,-0.09453881531953812,0.056596092879772186,0.9909671545028687,0.9668899178504944,-0.2792187035083771,0.34432199597358704,-0.19580203294754028,-0.14851254224777222,0.19726622104644775,-0.2347249686717987,-0.08038890361785889,0.19726622104644775,-0.2838255763053894,-0.019192814826965332,0.19726622104644775,-0.34189486503601074,0.03356879949569702,0.19726622104644775,-0.4075029194355011,0.07659679651260376,0.19726622104644775,-0.47903433442115784,0.10883170366287231,0.19726622104644775,-0.5547276735305786,0.1294797658920288,0.19726622104644775,-0.6327192783355713,0.13803255558013916,0.19726622104644775,-0.7110885381698608,0.13427948951721191,0.19726622104644775,-0.7879058122634888,0.11831295490264893,0.19726622104644775,1.5707963705062866,-1.5707963705062866,1.2069238424301147,0.20000000298023224,14.990459910648852,-14.999999999589221,-6.737413299539258,38675.0
4.3001,0.0104,1,1,0.22066447138786316,0.6344626545906067,0.6156198978424072,0.09787076711654663,0.6196286082267761,0.8004478812217712,-0.4474369287490845,0.5294755697250366,0.21869388222694397,0.9853943586349487,0.11463817954063416,-0.11194189637899399,0.05764615163207054,0.8013724694060161,-0.189268761432573,0.36545997046377104,12.65591464831794,-13.522708110127192,5.189512162010446,0.22239543497562408,-0.12279370427131653,-0.014834046363830566,0.184827983379364,-0.4474369287490845,0.5294755697250366,0.21869388222694397,0.11463817954063416,-0.11194189637899399,0.05764615163207054,0.9853943586349487,0.8013724684715271,-0.18926876783370972,0.36545997858047485,-0.12279370427131653,-0.014834046363830566,0.184827983379364,-0.1638506054878235,0.0520251989364624,0.184827983379364,-0.21486112475395203,0.11163860559463501,0.184827983379364,-0.27456921339035034,0.16253823041915894,0.184827983379364,-0.34150463342666626,0.20347082614898682,0.184827983379364,-0.41401925683021545,0.2334284782409668,0.184827983379364,-0.49032750725746155,0.25167351961135864,0.184827983379364,-0.5685504674911499,0.25775665044784546,0.184827983379364,-0.6467618942260742,0.25152814388275146,0.184827983379364,-0.7230361700057983,0.23314136266708374,0.184827983379364,-1.5707963705062866,-1.5707963705062866,0.5719605684280396,0.20000000298023224,-0.00477004467557407,-14.99999999979461,-7.796644460912128,38675.0
4.3198,0.0099,1,1,0.21125327050685883,0.645924985408783,0.6201326251029968,0.09059089422225952,0.6333527565002441,0.8004478812217712,-0.4905715584754944,0.4811224043369293,0.21492135524749756,0.9826244115829468,0.12345434725284576,-0.12368927896022797,0.06250768899917603,0.5574727199255072,-0.18128626896019676,0.436163501874985,13.600392096454758,-14.981900594049263,5.483047486897089,0.2173270881175995,-0.1206623762845993,-0.012572228908538818,0.18031525611877441,-0.4905715584754944,0.4811224043369293,0.21492135524749756,0.12345434725284576,-0.12368927896022797,0.06250768899917603,0.9826244115829468,0.5574727058410645,-0.1812862753868103,0.4361635148525238,-0.1206623762845993,-0.012572228908538818,0.18031525611877441,-0.16377657651901245,0.052979230880737305,0.18031525611877441,-0.2166144996881485,0.11097908020019531,0.18031525611877441,-0.27787506580352783,0.15999925136566162,0.18031525611877441,-0.34604984521865845,0.19883257150650024,0.18031525611877441,-0.41946014761924744,0.22652292251586914,0.18031525611877441,-0.4962983727455139,0.24238848686218262,0.18031525611877441,-0.574672520160675,0.246038556098938,0.18031525611877441,-0.6526527404785156,0.23738324642181396,0.18031525611877441,-0.7283189296722412,0.21663570404052734,0.18031525611877441,-1.5707963705062866,-1.5707963705062866,0.5140944719314575,0.20000000298023224,-7.502385022337787,-14.999999999897305,-7.20957381113882,38675.0
4.3397,0.0105,1,1,0.1733323186635971,0.6305551528930664,0.5639916062355042,0.0828452780842781,0.6469165682792664,0.8004478812217712,-0.6559829711914062,0.3963373303413391,-0.16322068870067596,0.981410801410675,0.12600933015346527,-0.12807711958885193,0.0674443170428276,-0.4993366456983772,0.09029654070898138,0.37051038915499734,13.816901929714264,-15.568470847434494,5.964715297159073,0.2537068724632263,-0.090487040579319,0.01636141538619995,0.2364562749862671,-0.6559829711914062,0.3963373303413391,-0.16322068870067596,0.12600933015346527,-0.12807711958885193,0.0674443170428276,0.981410801410675,-0.4993366599082947,0.09029654413461685,0.37051039934158325,-0.090487040579319,0.01636141538619995,0.2364562749862671,-0.13562773168087006,0.08053421974182129,0.2364562749862671,-0.19025151431560516,0.1368553638458252,0.2364562749862671,-0.25301334261894226,0.18393808603286743,0.2364562749862671,-0.3223678469657898,0.22062301635742188,0.2364562749862671,-0.39660724997520447,0.24600684642791748,0.2364562749862671,-0.4739035367965698,0.2594645619392395,0.2364562749862671,-0.5523535013198853,0.26066482067108154,0.2364562749862671,-0.630025327205658,0.24957799911499023,0.2364562749862671,-0.70500648021698,0.22647714614868164,0.2364562749862671,-1.5707963705062866,0.7509135007858276,0.47759687900543213,0.20000000298023224,-11.251192511168894,5.134737079970364e-11,-6.246238190614869,38675.0
4.36,0.0105,1,1,0.15674589574337006,0.640832781791687,0.5382788181304932,0.07454828172922134,0.6604388356208801,0.8004478812217712,-0.7093982696533203,0.3659592568874359,-0.27752602100372314,0.9819010496139526,0.12029849737882614,-0.12807154655456543,0.07067073881626129,-1.7873776361294815,0.4663232352984007,0.3231522277279589,13.088562060126563,-15.57564257851525,6.435571275673409,0.2754513919353485,-0.08219761401414871,0.019606053829193115,0.2621690630912781,-0.7093982696533203,0.3659592568874359,-0.27752602100372314,0.12029849737882614,-0.12807154655456543,0.07067073881626129,0.9819010496139526,-1.7873775959014893,0.46632322669029236,0.32315221428871155,-0.08219761401414871,0.019606053829193115,0.2621690630912781,-0.12935149669647217,0.08231443166732788,0.2621690630912781,-0.1857345998287201,0.136874258518219,0.2621690630912781,-0.2499585747718811,0.18194210529327393,0.2621690630912781,-0.32044199109077454,0.21640825271606445,0.2621690630912781,-0.39544934034347534,0.23942404985427856,0.2621690630912781,-0.4731336832046509,0.25042271614074707,0.2621690630912781,-0.5515822172164917,0.24913346767425537,0.2621690630912781,-0.6288632154464722,0.23558807373046875,0.2621690630912781,-0.7030737996101379,0.21012002229690552,0.2621690630912781,-1.0902278423309326,1.2586153745651245,0.42698001861572266,0.20000000298023224,-13.125596255584448,7.500000000025674,-5.304526233586205,38675.0
4.3797,0.0105,1,1,0.13223795592784882,0.6591339111328125,0.5407134294509888,0.06596268713474274,0.6734909415245056,0.8004478812217712,-0.8032846450805664,0.3761066198348999,-0.2612130045890808,0.9850033521652222,0.09103308618068695,-0.12767340242862701,0.07196412980556488,-2.9658812796080003,1.2195437548249666,0.328185036266477,9.608199991445375,-15.344356090027757,7.059850161205333,0.2684409022331238,-0.06627526879310608,0.014357030391693115,0.25973445177078247,-0.8032846450805664,0.3761066198348999,-0.2612130045890808,0.09103308618068695,-0.12767340242862701,0.07196412980556488,0.9850033521652222,-2.96588134765625,1.219543695449829,0.3281850218772888,-0.06627526879310608,0.014357030391693115,0.25973445177078247,-0.11536525189876556,0.07556158304214478,0.25973445177078247,-0.17342537641525269,0.12833333015441895,0.25973445177078247,-0.23902598023414612,0.17137271165847778,0.25973445177078247,-0.31055179238319397,0.20362001657485962,0.25973445177078247,-0.3862415552139282,0.2242811918258667,0.25973445177078247,-0.46423161029815674,0.23284751176834106,0.25973445177078247,-0.5426015853881836,0.2291080355644226,0.25973445177078247,-0.619421660900116,0.2131548523902893,0.25973445177078247,-0.6928003430366516,0.185380756855011,0.25973445177078247,0.22150373458862305,1.5707963705062866,0.3104633092880249,0.20000000298023224,-0.21718355863519712,11.250000000012836,-4.055968462522356,38675.0
4.3996,0.0092,1,1,0.15298427641391754,0.646232545375824,0.5088680386543274,0.0570131354033947,0.6862139105796814,0.8004478812217712,-0.6379249691963196,0.27175626158714294,-0.3620857000350952,0.9889557361602783,0.06836435198783875,-0.10471107065677643,0.07953917235136032,-3.0871184924405495,2.3807408459596053,0.25844069225612554,6.977685172691783,-12.590681442127782,8.425779120442343,0.309560626745224,-0.09597113728523254,0.03998136520385742,0.29157984256744385,-0.6379249691963196,0.27175626158714294,-0.3620857000350952,0.06836435198783875,-0.10471107065677643,0.07953917235136032,0.9889557361602783,-3.08711838722229,2.3807408809661865,0.25844070315361023,-0.09597113728523254,0.03998136520385742,0.29157984256744385,-0.14694125950336456,0.09962934255599976,0.29157984256744385,-0.20661485195159912,0.1505693793296814,0.29157984256744385,-0.2735225260257721,0.19154733419418335,0.29157984256744385,-0.3460168242454529,0.22155410051345825,0.29157984256744385,-0.42231273651123047,0.23985081911087036,0.29157984256744385,-0.5005314946174622,0.2459869384765625,0.29157984256744385,-0.5787471532821655,0.23981142044067383,0.29157984256744385,-0.6550338268280029,0.22147631645202637,0.29157984256744385,-0.7275130152702332,0.19143307209014893,0.29157984256744385,-0.32235097885131836,-0.09400272369384766,0.3761707544326782,0.20000000298023224,-7.608591779317599,2.9320203348104705,-1.324110544048317,38675.0
4.4199,0.0098,1,1,0.14397883415222168,0.6568483710289001,0.4997280240058899,0.04743877053260803,0.6989530324935913,0.8004478812217712,-0.6685159802436829,0.25598782300949097,-0.3633575439453125,0.9927605986595154,0.03433724120259285,-0.08246622234582901,0.08027883619070053,-1.9257086147348135,2.9684107500113575,0.27265291772944245,3.1953754962121326,-9.744304875885144,8.97377606441431,0.3186302185058594,-0.09654006361961365,0.04210466146469116,0.30071985721588135,-0.6685159802436829,0.25598782300949097,-0.3633575439453125,0.03433724120259285,-0.08246622234582901,0.08027883619070053,0.9927605986595154,-1.9257086515426636,2.9684107303619385,0.27265292406082153,-0.09654006361961365,0.04210466146469116,0.30071985721588135,-0.14938513934612274,0.10009801387786865,0.30071985721588135,-0.21065177023410797,0.1491105556488037,0.30071985721588135,-0.2788313627243042,0.187935471534729,0.30071985721588135,-0.3522450923919678,0.21561676263809204,0.30071985721588135,-0.42908528447151184,0.23147279024124146,0.30071985721588135,-0.5074598789215088,0.23511314392089844,0.30071985721588135,-0.5854390263557434,0.22644823789596558,0.30071985721588135,-0.6611026525497437,0.20569133758544922,0.30071985721588135,-0.7325876355171204,0.17335361242294312,0.30071985721588135,-0.2572295665740967,-0.3122842311859131,0.4583169221878052,0.20000000298023224,-11.173380154996387,-6.033989832594765,-0.22811665610437803,38675.0
4.4402,0.01,1,1,0.1345834881067276,0.664281964302063,0.4976581335067749,0.037574220448732376,0.7112467288970947,0.8004478812217712,-0.6883805990219116,0.2511349618434906,-0.3147754967212677,0.9951662421226501,0.013297725468873978,-0.05460505560040474,0.08052141964435577,-1.0234616619280759,2.5105736775264944,0.2985966840549378,1.0189263275719171,-6.362801550769754,9.195084012339493,0.3214002549648285,-0.09700927138328552,0.04696476459503174,0.30278974771499634,-0.6883805990219116,0.2511349618434906,-0.3147754967212677,0.013297725468873978,-0.05460505560040474,0.08052141964435577,0.9951662421226501,-1.0234616994857788,2.510573625564575,0.29859668016433716,-0.09700927138328552,0.04696476459503174,0.30278974771499634,-0.15165606141090393,0.10326361656188965,0.30278974771499634,-0.21443712711334229,0.1503206491470337,0.30278974771499634,-0.28380662202835083,0.18697726726531982,0.30278974771499634,-0.3580563962459564,0.21233075857162476,0.30278974771499634,-0.4353581666946411,0.22575688362121582,0.30278974771499634,-0.5138086080551147,0.2269250750541687,0.30278974771499634,-0.5914759039878845,0.2158064842224121,0.30278974771499634,-0.666447639465332,0.19267499446868896,0.30278974771499634,-0.7368777394294739,0.15810006856918335,0.30278974771499634,-0.5020266771316528,-0.4239530563354492,0.5111688375473022,0.20000000298023224,-13.086690077498194,-10.516994916297381,0.21449923974597845,38675.0
4.4595,0.0102,1,1,0.12189716100692749,0.6691975593566895,0.489750474691391,0.02759695053100586,0.7229176163673401,0.8004478812217712,-0.7022398114204407,0.24724113941192627,-0.3088362514972687,0.9962037205696106,0.0016434306744486094,-0.030955269932746887,0.08133405447006226,-0.8418812801149934,1.4471156636621996,0.19952662545079936,-0.10109501656190381,-3.5513370314895876,9.338123709467874,0.32910674810409546,-0.09430021047592163,0.053720057010650635,0.31069740653038025,-0.7022398114204407,0.24724113941192627,-0.3088362514972687,0.0016434306744486094,-0.030955269932746887,0.08133405447006226,0.9962037205696106,-0.841881275177002,1.4471156597137451,0.1995266228914261,-0.09430021047592163,0.053720057010650635,0.31069740653038025,-0.15064989030361176,0.1083143949508667,0.31069740653038025,-0.21484625339508057,0.1534215807914734,0.31069740653038025,-0.2853085696697235,0.1879308819770813,0.31069740653038025,-0.36030179262161255,0.21099257469177246,0.31069740653038025,-0.43797942996025085,0.2220388650894165,0.31069740653038025,-0.5164287090301514,0.22079765796661377,0.31069740653038025,-0.5937179327011108,0.20729953050613403,0.31069740653038025,-0.6679441332817078,0.18187695741653442,0.31069740653038025,-0.7372794151306152,0.14515578746795654,0.31069740653038025,-0.5718769431114197,-0.17112910747528076,0.6147843599319458,0.20000000298023224,-14.043345038749097,-10.160985263235819,0.5005786340027272,38675.0
4.4799,0.0097,1,1,0.11254563927650452,0.6800203323364258,0.4935247600078583,0.016873130574822426,0.7346950769424438,0.8004478812217712,-0.7044214606285095,0.26457732915878296,-0.2650379538536072,0.9964678287506104,-0.009465704672038555,-0.019379734992980957,0.08114577829837799,-1.136087077322663,-0.1774257339992611,0.22904766626578682,-1.2620335392505417,-2.12537935735914,9.334428617953987,0.3261048197746277,-0.09567251056432724,0.054674744606018066,0.30692312121391296,-0.7044214606285095,0.26457732915878296,-0.2650379538536072,-0.009465704672038555,-0.019379734992980957,0.08114577829837799,0.9964678287506104,-1.1360870599746704,-0.17742572724819183,0.22904767096042633,-0.09567251056432724,0.054674744606018066,0.30692312121391296,-0.1537325531244278,0.10744649171829224,0.30692312121391296,-0.21933311223983765,0.15048599243164062,0.30692312121391296,-0.2908588647842407,0.18273335695266724,0.30692312121391296,-0.36654865741729736,0.20339465141296387,0.30692312121391296,-0.4445386826992035,0.21196109056472778,0.30692312121391296,-0.522908627986908,0.20822173357009888,0.30692312121391296,-0.5997287034988403,0.19226861000061035,0.30692312121391296,-0.673107385635376,0.16449463367462158,0.30692312121391296,-0.7412378787994385,0.12558358907699585,0.30692312121391296,-0.3624228239059448,0.04951906204223633,0.6867455244064331,0.20000000298023224,-14.521672519374548,-3.6618760013846012,0.4931884509749756,38675.0
4.4996,0.0091,1,1,0.10263412445783615,0.6911107301712036,0.48507219552993774,0.006011964287608862,0.7458928823471069,0.8004478812217712,-0.7020753026008606,0.2967083752155304,-0.2688480317592621,0.996223509311676,-0.022659188136458397,-0.022219859063625336,0.08080559223890305,-1.432268806901117,-1.0841931863745697,0.28574629929454654,-2.795908698617475,-2.327416676952456,9.331223570743738,0.33436319231987,-0.09662216156721115,0.05478215217590332,0.3153756856918335,-0.7020753026008606,0.2967083752155304,-0.2688480317592621,-0.022659188136458397,-0.022219859063625336,0.08080559223890305,0.996223509311676,-1.4322688579559326,-1.084193229675293,0.285746306180954,-0.09662216156721115,0.05478215217590332,0.3153756856918335,-0.15630021691322327,0.1057170033454895,0.3153756856918335,-0.22321149706840515,0.1466890573501587,0.3153756856918335,-0.29570844769477844,0.17668944597244263,0.3153756856918335,-0.3720059394836426,0.1949794888496399,0.3153756856918335,-0.45022526383399963,0.20110875368118286,0.3153756856918335,-0.5284403562545776,0.19492638111114502,0.3153756856918335,-0.6047254204750061,0.17658454179763794,0.3153756856918335,-0.6772019863128662,0.1465349793434143,0.3153756856918335,-0.744085431098938,0.10551750659942627,0.3153756856918335,0.15840017795562744,0.31376349925994873,0.6957966089248657,0.20000000298023224,-2.7230054241979573,5.6690619993077,0.48677835655448237,38675.0
4.5199,0.0091,1,1,0.09191053360700607,0.7017049789428711,0.48855477571487427,-0.005308754276484251,0.7568548917770386,0.8004478812217712,-0.7088529467582703,0.318659245967865,-0.21403127908706665,0.9954558610916138,-0.03748480603098869,-0.032941702753305435,0.0810890793800354,-1.6138203599953993,-0.670125765616404,0.2153772609162466,-4.595079657758709,-3.411389416952613,9.450868129052713,0.33131617307662964,-0.09721928834915161,0.05514991283416748,0.311893105506897,-0.7088529467582703,0.318659245967865,-0.21403127908706665,-0.03748480603098869,-0.032941702753305435,0.0810890793800354,0.9954558610916138,-1.6138203144073486,-0.6701257824897766,0.21537725627422333,-0.09721928834915161,0.05514991283416748,0.311893105506897,-0.15847280621528625,0.10417884588241577,0.311893105506897,-0.22664198279380798,0.14302200078964233,0.311893105506897,-0.3000483214855194,0.17072290182113647,0.311893105506897,-0.3768842816352844,0.1865994930267334,0.311893105506897,-0.4552578926086426,0.19026082754135132,0.311893105506897,-0.5332393646240234,0.18161678314208984,0.311893105506897,-0.6089085340499878,0.16088008880615234,0.311893105506897,-0.6804021596908569,0.12856149673461914,0.311893105506897,-0.7459598183631897,0.0854567289352417,0.311893105506897,0.6992987394332886,0.2172260284423828,0.739089846611023,0.20000000298023224,6.138497287901021,9.057598314722508,0.726067473172444,38675.0
4.5398,0.009,1,1,0.0795377641916275,0.7107602953910828,0.48216935992240906,-0.016951726749539375,0.7674391865730286,0.8004478812217712,-0.720457911491394,0.34118086099624634,-0.2115785777568817,0.9943754076957703,-0.0526479035615921,-0.040333814918994904,0.08256375789642334,-0.8761891865418301,0.08173113220825722,0.2479104534374114,-6.410422555988817,-4.101312307333487,9.722601714782515,0.33737802505493164,-0.09648948907852173,0.0566788911819458,0.3182785212993622,-0.720457911491394,0.34118086099624634,-0.2115785777568817,-0.0526479035615921,-0.040333814918994904,0.08256375789642334,0.9943754076957703,-0.8761891722679138,0.08173113316297531,0.24791045486927032,-0.09648948907852173,0.0566788911819458,0.3182785212993622,-0.15925541520118713,0.1037561297416687,0.3182785212993622,-0.22861307859420776,0.1404350996017456,0.3182785212993622,-0.3028546869754791,0.16581249237060547,0.3182785212993622,-0.38015216588974,0.17926353216171265,0.3182785212993622,-0.4586021900177002,0.18045693635940552,0.3182785212993622,-0.5362730622291565,0.1693633794784546,0.3182785212993622,-0.6112522482872009,0.14625602960586548,0.3182785212993622,-0.6816934943199158,0.11170381307601929,0.3182785212993622,-0.7458623647689819,0.06655752658843994,0.3182785212993622,0.899976372718811,0.18361496925354004,0.7479182481765747,0.20000000298023224,10.56924864395051,9.788980554187365,1.2695346446320361,38675.0
4.5599,0.0102,1,1,0.06198691576719284,0.7190895676612854,0.500603437423706,-0.028988884761929512,0.7777071595191956,0.8004478812217712,-0.7438861727714539,0.3692258298397064,-0.03232504799962044,0.9938887357711792,-0.0608334019780159,-0.03681231662631035,0.08442322164773941,0.5250442062799394,1.2623540693479904,0.18859263476607235,-7.318864382890387,-3.6064683353279046,9.94107658137754,0.31877782940864563,-0.0909757986664772,0.058617591857910156,0.2998444437980652,-0.7438861727714539,0.3692258298397064,-0.03232504799962044,-0.0608334019780159,-0.03681231662631035,0.08442322164773941,0.9938887357711792,0.5250442028045654,1.2623540163040161,0.18859262764453888,-0.0909757986664772,0.058617591857910156,0.2998444437980652,-0.15519979596138,0.10368543863296509,0.2998444437980652,-0.22568324208259583,0.13815152645111084,0.2998444437980652,-0.30069059133529663,0.16116732358932495,0.2998444437980652,-0.37837496399879456,0.17216593027114868,0.2998444437980652,-0.456823468208313,0.17087668180465698,0.2998444437980652,-0.5341044664382935,0.15733122825622559,0.2998444437980652,-0.6083149909973145,0.13186311721801758,0.2998444437980652,-0.6776278018951416,0.09509950876235962,0.2998444437980652,-0.7403361797332764,0.04794555902481079,0.2998444437980652,0.5542627573013306,-0.3883754014968872,0.7256032228469849,0.20000000298023224,12.784624321975254,-2.6055097229063175,1.7064843778220966,38675.0
4.5799,0.0103,1,1,0.04903267323970795,0.7355462312698364,0.48816555738449097,-0.041149359196424484,0.7874377369880676,0.8004478812217712,-0.7340532541275024,0.44207099080085754,-0.10035990178585052,0.9944196939468384,-0.058549702167510986,-0.02224905788898468,0.08487862348556519,1.63589956332881,1.9070719465844934,0.17870423441482405,-6.909054358869277,-1.9662365579661438,9.875991172955569,0.3291592001914978,-0.09018203616142273,0.0518915057182312,0.3122823238372803,-0.7340532541275024,0.44207099080085754,-0.10035990178585052,-0.058549702167510986,-0.02224905788898468,0.08487862348556519,0.9944196939468384,1.635899543762207,1.9070719480514526,0.17870423197746277,-0.09018203616142273,0.0518915057182312,0.3122823238372803,-0.15577849745750427,0.09493720531463623,0.3122823238372803,-0.2273011952638626,0.127191424369812,0.3122823238372803,-0.30298900604248047,0.1478598713874817,0.3122823238372803,-0.38097822666168213,0.15643370151519775,0.3122823238372803,-0.45934849977493286,0.15270179510116577,0.3122823238372803,-0.5361701250076294,0.13675600290298462,0.3122823238372803,-0.6095514893531799,0.10898900032043457,0.3122823238372803,-0.6776856780052185,0.07008445262908936,0.3122823238372803,-0.7388949990272522,0.021000325679779053,0.3122823238372803,0.6701768636703491,-0.6652606129646301,0.7302161455154419,0.20000000298023224,13.892312160987627,-8.80275486145316,1.5763135609781482,38675.0
4.5999,0.0097,1,1,0.02876858226954937,0.7480930685997009,0.5090792179107666,-0.05379887670278549,0.7969241142272949,0.8004478812217712,-0.765627920627594,0.48251911997795105,0.12001409381628036,0.995344877243042,-0.04344509169459343,-0.0019738879054784775,0.08599580824375153,2.3544077754170107,1.0730611730180386,0.17612254940934444,-4.98102009079805,0.20298751804070628,9.867109137688011,0.3067532479763031,-0.08256746083498001,0.048831045627593994,0.29136866331100464,-0.765627920627594,0.48251911997795105,0.12001409381628036,-0.04344509169459343,-0.0019738879054784775,0.08599580824375153,0.995344877243042,2.354407787322998,1.073061227798462,0.1761225461959839,-0.08256746083498001,0.048831045627593994,0.29136866331100464,-0.14949218928813934,0.08978116512298584,0.29136866331100464,-0.22199897468090057,0.1197577714920044,0.29136866331100464,-0.29830244183540344,0.13802272081375122,0.29136866331100464,-0.3765237629413605,0.14412635564804077,0.29136866331100464,-0.4547368586063385,0.13791829347610474,0.29136866331100464,-0.531015932559967,0.11955142021179199,0.29136866331100464,-0.6034826040267944,0.08947807550430298,0.29136866331100464,-0.670352578163147,0.0484386682510376,0.29136866331100464,-0.7299793362617493,-0.0025562644004821777,0.29136866331100464,0.2626230716705322,-0.6579639315605164,0.7649282217025757,0.20000000298023224,14.446156080493814,-11.90137743072658,1.5585494904430002,38675.0
4.6199,0.0097,1,1,0.013508491218090057,0.7672589421272278,0.49422767758369446,-0.06660164147615433,0.8059105277061462,0.8004478812217712,-0.7539642453193665,0.5654449462890625,0.003667958779260516,0.9959470629692078,-0.024683842435479164,0.01024671085178852,0.0858675166964531,2.6125530398844625,-0.14902595058222423,0.19350927954679256,-2.7181165405648358,1.4124521469006865,9.821832867428993,0.3188767731189728,-0.08011013269424438,0.03865158557891846,0.3062202036380768,-0.7539642453193665,0.5654449462890625,0.003667958779260516,-0.024683842435479164,0.01024671085178852,0.0858675166964531,0.9959470629692078,2.612553119659424,-0.14902594685554504,0.1935092806816101,-0.08011013269424438,0.03865158557891846,0.3062202036380768,-0.14828303456306458,0.0774882435798645,0.3062202036380768,-0.22169199585914612,0.10518217086791992,0.3062202036380768,-0.2985294461250305,0.12105149030685425,0.3062202036380768,-0.3769034147262573,0.12470537424087524,0.3062202036380768,-0.4548840820789337,0.11605387926101685,0.3062202036380768,-0.5305512547492981,0.0953100323677063,0.3062202036380768,-0.6020417809486389,0.06298458576202393,0.3062202036380768,-0.667595386505127,0.01987355947494507,0.3062202036380768,-0.7255977988243103,-0.032961487770080566,0.3062202036380768,0.5333319902420044,-0.17175805568695068,0.8683077096939087,0.20000000298023224,14.723078040246907,-10.87119455948091,1.4679969499249945,38675.0
4.6398,0.0099,1,1,-0.0010172640904784203,0.7819041013717651,0.4873492121696472,-0.07973946630954742,0.8145303130149841,0.8004478812217712,-0.7417427897453308,0.6054945588111877,-0.03032941184937954,0.9962355494499207,-0.0011184799950569868,0.010278625413775444,0.0860571414232254,2.231747102981814,-1.2581180453181104,0.22489516562559442,-0.026329647585759397,1.1845239569608064,9.873881934718877,0.32448795437812805,-0.07872220128774643,0.032626211643218994,0.313098669052124,-0.7417427897453308,0.6054945588111877,-0.03032941184937954,-0.0011184799950569868,0.010278625413775444,0.0860571414232254,0.9962355494499207,2.2317471504211426,-1.2581180334091187,0.2248951643705368,-0.07872220128774643,0.032626211643218994,0.313098669052124,-0.14808177947998047,0.0693015456199646,0.313098669052124,-0.2223246991634369,0.09467506408691406,0.313098669052124,-0.29962286353111267,0.10812211036682129,0.313098669052124,-0.37807294726371765,0.10931146144866943,0.313098669052124,-0.4557432234287262,0.09821391105651855,0.313098669052124,-0.5307212471961975,0.07510268688201904,0.313098669052124,-0.6011607050895691,0.04054683446884155,0.313098669052124,-0.665327250957489,-0.0046027302742004395,0.313098669052124,-0.7216408848762512,-0.05923432111740112,0.313098669052124,0.7891954183578491,0.09228074550628662,0.9346975088119507,0.20000000298023224,14.861539020123454,-2.7919486558249247,1.5720950845047608,38675.0
4.6599,0.0101,1,1,-0.027692988514900208,0.8040921092033386,0.4971471130847931,-0.09307315945625305,0.8226924538612366,0.8004478812217712,-0.7962563633918762,0.6606202125549316,0.031229037791490555,0.9961071610450745,0.018247537314891815,-0.0034737461246550083,0.08616019785404205,1.7230070352114488,-1.5055032068752603,0.18235662669181324,2.0491172363034713,-0.5766842880289239,9.876875577964684,0.31082454323768616,-0.06538017094135284,0.01860034465789795,0.30330076813697815,-0.7962563633918762,0.6606202125549316,0.031229037791490555,0.018247537314891815,-0.0034737461246550083,0.08616019785404205,0.9961071610450745,1.723007082939148,-1.5055031776428223,0.18235662579536438,-0.06538017094135284,0.01860034465789795,0.30330076813697815,-0.13585242629051208,0.05308938026428223,0.30330076813697815,-0.21085232496261597,0.07612943649291992,0.30330076813697815,-0.288533091545105,0.08715331554412842,0.30330076813697815,-0.36698204278945923,0.08588951826095581,0.30330076813697815,-0.4442673921585083,0.07236909866333008,0.30330076813697815,-0.5184862017631531,0.046925127506256104,0.30330076813697815,-0.5878109335899353,0.010183990001678467,0.30330076813697815,-0.6505346298217773,-0.03694957494735718,0.30330076813697815,-0.7051126956939697,-0.0933150053024292,0.30330076813697815,1.5707963705062866,0.7635279893875122,1.0290216207504272,0.20000000298023224,14.930769510061726,6.104025672087538,1.5780823709963883,38675.0
4.6798,0.0099,1,1,-0.04376561939716339,0.8188077211380005,0.49259859323501587,-0.10660003125667572,0.8304033279418945,0.8004478812217712,-0.7975820302963257,0.6677106618881226,0.005836554802954197,0.9954394698143005,0.03516406938433647,-0.017718089744448662,0.0868784636259079,1.3472541801611169,-0.9592832746617195,0.17491026183638356,3.8408999209677237,-2.3718386970685983,9.896310641641353,0.3144102394580841,-0.06283441185951233,0.011595606803894043,0.30784928798675537,-0.7975820302963257,0.6677106618881226,0.005836554802954197,0.03516406938433647,-0.017718089744448662,0.0868784636259079,0.9954394698143005,1.3472541570663452,-0.9592832922935486,0.1749102622270584,-0.06283441185951233,0.011595606803894043,0.30784928798675537,-0.1343463808298111,0.043873608112335205,0.30784928798675537,-0.2100272923707962,0.06456726789474487,0.30784928798675537,-0.28801363706588745,0.07316708564758301,0.30784928798675537,-0.36638522148132324,0.06946122646331787,0.30784928798675537,-0.44321209192276,0.053540945053100586,0.30784928798675537,-0.5166026949882507,0.025798380374908447,0.30784928798675537,-0.5847498178482056,-0.01308351755142212,0.30784928798675537,-0.6459754705429077,-0.06214725971221924,0.30784928798675537,-0.6987720727920532,-0.12018471956253052,0.30784928798675537,1.5707963705062866,0.851333498954773,1.049129843711853,0.20000000298023224,14.965384755030863,10.552012836043769,1.6169524983497239,38675.0
4.6997,0.0099,1,1,-0.07620257139205933,0.8430998921394348,0.5101664066314697,-0.1206078976392746,0.8378153443336487,0.8004478812217712,-0.8840181827545166,0.7014895081520081,0.14309436082839966,0.9946048855781555,0.046291232109069824,-0.02821051888167858,0.088433176279068,1.1522158466744554,0.35522118133685243,0.19309361003490164,5.0068077129454345,-3.686891742747381,10.000673788177346,0.2937057912349701,-0.04440532624721527,-0.005284547805786133,0.2902814745903015,-0.8840181827545166,0.7014895081520081,0.14309436082839966,0.046291232109069824,-0.02821051888167858,0.088433176279068,0.9946048855781555,1.152215838432312,0.3552211821079254,0.19309361279010773,-0.04440532624721527,-0.005284547805786133,0.2902814745903015,-0.11690431833267212,0.024710893630981445,0.2902814745903015,-0.19320306181907654,0.0429956316947937,0.2902814745903015,-0.271422803401947,0.04911959171295166,0.2902814745903015,-0.349637508392334,0.04293185472488403,0.2902814745903015,-0.4259212613105774,0.024584829807281494,0.2902814745903015,-0.49839580059051514,-0.0054697394371032715,0.2902814745903015,-0.5652764439582825,-0.046491801738739014,0.2902814745903015,-0.6249164342880249,-0.09747123718261719,0.2902814745903015,-0.6758471727371216,-0.15715277194976807,0.2902814745903015,1.5707963705062866,1.3938130140304565,1.0763789415359497,0.20000000298023224,14.98269237751543,12.776006418021884,1.8256787914216934,38675.0
4.7201,0.0105,1,1,-0.0954441949725151,0.8593047857284546,0.5052689909934998,-0.13492751121520996,0.8448190689086914,0.8004478812217712,-0.9007384181022644,0.6993113160133362,0.08403292298316956,0.9940851330757141,0.055397726595401764,-0.023752370849251747,0.09033115953207016,1.0900678534231756,1.3458998295887572,0.22502467847835633,6.086094028278199,-3.280947093077372,10.209772881057615,0.2981599271297455,-0.039483316242694855,-0.014485716819763184,0.2951788902282715,-0.9007384181022644,0.6993113160133362,0.08403292298316956,0.055397726595401764,-0.023752370849251747,0.09033115953207016,0.9940851330757141,1.0900678634643555,1.3458998203277588,0.22502468526363373,-0.039483316242694855,-0.014485716819763184,0.2951788902282715,-0.11290165036916733,0.013183414936065674,0.2951788902282715,-0.1897444725036621,0.029026687145233154,0.2951788902282715,-0.2681196630001068,0.03265410661697388,0.2951788902282715,-0.3460973799228668,0.02397620677947998,0.2951788902282715,-0.4217575192451477,0.003206789493560791,0.2951788902282715,-0.49323713779449463,-0.029142796993255615,0.2951788902282715,-0.5587761402130127,-0.07227593660354614,0.2951788902282715,-0.6167607307434082,-0.12513065338134766,0.2951788902282715,-0.6657631397247314,-0.18640536069869995,0.2951788902282715,1.5707963705062866,1.250038504600525,1.0156241655349731,0.20000000298023224,14.991346188757715,13.888003209010943,2.243876977182243,38675.0
4.7399,0.0106,1,1,-0.04095788672566414,0.8218416571617126,0.4900956451892853,-0.14917777478694916,0.8512396216392517,0.8004478812217712,-0.5522972941398621,0.42960184812545776,0.059590600430965424,0.9922361373901367,0.08083949238061905,0.012523896992206573,0.09366773068904877,1.1118601011491305,2.070642501788833,0.17183359505279908,9.368153725494956,0.5563062265978831,10.831115143086743,0.3299913704395294,-0.10821989178657532,0.029397964477539062,0.31035223603248596,-0.5522972941398621,0.42960184812545776,0.059590600430965424,0.08083949238061905,0.012523896992206573,0.09366773068904877,0.9922361373901367,1.1118601560592651,2.0706424713134766,0.1718335896730423,-0.10821989178657532,0.029397964477539062,0.31035223603248596,-0.18246716260910034,0.05475878715515137,0.31035223603248596,-0.2597676217556,0.06819260120391846,0.31035223603248596,-0.33821791410446167,0.06936848163604736,0.31035223603248596,-0.4158862829208374,0.0582575798034668,0.31035223603248596,-0.49086031317710876,0.0351334810256958,0.31035223603248596,-0.56129390001297,0.0005655884742736816,0.31035223603248596,-0.6254526972770691,-0.04459500312805176,0.31035223603248596,-0.6817569732666016,-0.09923624992370605,0.31035223603248596,-0.7288202047348022,-0.16201263666152954,0.31035223603248596,0.8777381181716919,-1.5707963705062866,0.8313432931900024,0.20000000298023224,14.995673094378859,-0.5559983954945285,3.4865615012405087,38675.0
4.7602,0.0105,1,1,-0.052081964910030365,0.8313865661621094,0.47900068759918213,-0.1638099104166031,0.8572859764099121,0.8004478812217712,-0.5444960594177246,0.40667441487312317,-0.0009726037387736142,0.9909855723381042,0.08825760334730148,0.03362243250012398,0.09500368684530258,0.9565099918605655,1.923664771756232,0.16012061310446707,10.459381059594044,2.8584743451288452,11.213846683659627,0.34129488468170166,-0.11172794550657272,0.025899410247802734,0.3214471936225891,-0.5444960594177246,0.40667441487312317,-0.0009726037387736142,0.08825760334730148,0.03362243250012398,0.09500368684530258,0.9909855723381042,0.9565100073814392,1.9236648082733154,0.16012060642242432,-0.11172794550657272,0.025899410247802734,0.3214471936225891,-0.1867409348487854,0.048896849155426025,0.3214471936225891,-0.26442795991897583,0.05987650156021118,0.3214471936225891,-0.3428761661052704,0.05856806039810181,0.3214471936225891,-0.42015382647514343,0.04500377178192139,0.3214471936225891,-0.4943581521511078,0.01951754093170166,0.3214471936225891,-0.5636619925498962,-0.017263054847717285,0.3214471936225891,-0.6263588666915894,-0.06443226337432861,0.3214471936225891,-0.6809048652648926,-0.12082868814468384,0.3214471936225891,-0.7259570360183716,-0.18506371974945068,0.3214471936225891,0.953821063041687,-1.5707963705062866,0.8723684549331665,0.20000000298023224,14.99783654718943,-7.777999197747264,4.252024582386231,38675.0
4.7801,0.0103,1,1,-0.06935185194015503,0.844106137752533,0.4897637367248535,-0.17829306423664093,0.8627464771270752,0.8004478812217712,-0.5506260991096497,0.38632339239120483,0.057446155697107315,0.9896255731582642,0.09399939328432083,0.051354750990867615,0.09573899209499359,0.6486547616969399,0.9508337303131705,0.11450321860158053,11.336487210019364,4.798119382019553,11.527982421749602,0.3297579288482666,-0.1089412122964859,0.018640339374542236,0.3106841444969177,-0.5506260991096497,0.38632339239120483,0.057446155697107315,0.09399939328432083,0.051354750990867615,0.09573899209499359,0.9896255731582642,0.6486547589302063,0.9508337378501892,0.11450321972370148,-0.1089412122964859,0.018640339374542236,0.3106841444969177,-0.18463009595870972,0.03930485248565674,0.3106841444969177,-0.2626197636127472,0.047874629497528076,0.3106841444969177,-0.3409898579120636,0.04413861036300659,0.3106841444969177,-0.4178106486797333,0.02818882465362549,0.3106841444969177,-0.4911905527114868,0.00041794776916503906,0.3106841444969177,-0.559322714805603,-0.038490116596221924,0.3106841444969177,-0.6205294728279114,-0.08757740259170532,0.3106841444969177,-0.6733037233352661,-0.145635187625885,0.3106841444969177,-0.716346025466919,-0.21123391389846802,0.3106841444969177,1.0643986463546753,-1.5707963705062866,0.9462634325027466,0.20000000298023224,14.998918273594715,-11.388999598873632,4.880296058566227,38675.0
4.7995,0.0104,1,1,-0.0802912563085556,0.8515872359275818,0.49102696776390076,-0.19298900663852692,0.8677725195884705,0.8004478812217712,-0.5265839099884033,0.35063523054122925,0.06458412855863571,0.9885801672935486,0.09936746209859848,0.058535750955343246,0.09698952734470367,0.49887938093921064,-0.6797074863233729,0.08362240934589062,12.051672065792573,5.535320692630619,11.791442751035603,0.3297029733657837,-0.11269775032997131,0.016185283660888672,0.3094209134578705,-0.5265839099884033,0.35063523054122925,0.06458412855863571,0.09936746209859848,0.058535750955343246,0.09698952734470367,0.9885801672935486,0.4988793730735779,-0.6797074675559998,0.08362241089344025,-0.11269775032997131,0.016185283660888672,0.3094209134578705,-0.1889919489622116,0.0344889760017395,0.3094209134578705,-0.2672101855278015,0.04063224792480469,0.3094209134578705,-0.34542644023895264,0.03446394205093384,0.3094209134578705,-0.421714723110199,0.016135811805725098,0.3094209134578705,-0.49419665336608887,-0.013900816440582275,0.3094209134578705,-0.5610874891281128,-0.054906249046325684,0.3094209134578705,-0.6207401156425476,-0.10587090253829956,0.3094209134578705,-0.6716856360435486,-0.16553986072540283,0.3094209134578705,-0.7126697301864624,-0.23244380950927734,0.3094209134578705,0.7450593709945679,-1.5707963705062866,1.0668212175369263,0.20000000298023224,14.999459136797357,-13.194499799436816,5.4072167171381915,38675.0
4.8199,0.0098,1,1,-0.09065133333206177,0.8582536578178406,0.49238669872283936,-0.20824581384658813,0.8724591732025146,0.8004478812217712,-0.5003603100776672,0.31182661652565,0.06959350407123566,0.9887414574623108,0.10355046391487122,0.048522382974624634,0.09649473428726196,0.35743543333568517,-1.7984254935955664,0.09034764011239728,12.401105895412767,4.356845279661149,11.621638811773908,0.33004841208457947,-0.11759448051452637,0.014205515384674072,0.3080611824989319,-0.5003603100776672,0.31182661652565,0.06959350407123566,0.10355046391487122,0.048522382974624634,0.09649473428726196,0.9887414574623108,0.3574354350566864,-1.7984254360198975,0.09034764021635056,-0.11759448051452637,0.014205515384674072,0.3080611824989319,-0.19443398714065552,0.030064880847930908,0.3080611824989319,-0.2728084325790405,0.03370857238769531,0.3080611824989319,-0.3507879674434662,0.025046944618225098,0.3080611824989319,-0.4264524579048157,0.004293262958526611,0.3080611824989319,-0.4979388117790222,-0.028041422367095947,0.3080611824989319,-0.5634867548942566,-0.07116091251373291,0.3080611824989319,-0.6214823722839355,-0.12400352954864502,0.3080611824989319,-0.6704975366592407,-0.18526804447174072,0.3080611824989319,-0.7093253135681152,-0.25344598293304443,0.3080611824989319,0.4809490442276001,-1.5707963705062866,1.0884650945663452,0.20000000298023224,14.999729568398678,-14.097249899718408,5.067608838614815,38675.0
4.8397,0.0102,1,1,-0.11144205927848816,0.8741058111190796,0.493080735206604,-0.22332850098609924,0.876575767993927,0.8004478812217712,-0.531291127204895,0.31603848934173584,0.05223921313881874,0.989709734916687,0.10640206933021545,0.029226280748844147,0.09108825027942657,0.18579939490149955,-2.3865705055857886,0.17323303627136527,12.479988987606024,2.2045471094977094,10.757899638895013,0.32710736989974976,-0.11188644170761108,0.002469956874847412,0.30736714601516724,-0.531291127204895,0.31603848934173584,0.05223921313881874,0.10640206933021545,0.029226280748844147,0.09108825027942657,0.989709734916687,0.18579939007759094,-2.386570453643799,0.1732330322265625,-0.11188644170761108,0.002469956874847412,0.30736714601516724,-0.18918421864509583,0.015919089317321777,0.30736714601516724,-0.2676342725753784,0.01711064577102661,0.30736714601516724,-0.3453048765659332,0.0060152411460876465,0.30736714601516724,-0.4202835261821747,-0.017093896865844727,0.30736714601516724,-0.49072399735450745,-0.05164778232574463,0.30736714601516724,-0.55489182472229,-0.09679555892944336,0.30736714601516724,-0.6112068891525269,-0.15142560005187988,0.30736714601516724,-0.6582826375961304,-0.21419262886047363,0.30736714601516724,-0.6949598789215088,-0.2835511565208435,0.30736714601516724,0.7748643159866333,-1.5707963705062866,1.098164439201355,0.20000000298023224,14.999864784199339,-14.548624949859203,3.3401304928570243,38675.0
4.8596,0.0101,1,1,-0.12267448008060455,0.8815135359764099,0.4867657423019409,-0.2384764701128006,0.8802062273025513,0.8004478812217712,-0.5235308408737183,0.2863958775997162,0.008918183855712414,0.9901111125946045,0.10969063639640808,0.006272070575505495,0.08721573650836945,0.11588540752971005,-2.175697282573625,0.19935719847119987,12.609838263866145,-0.3846527039645966,10.02549913515589,0.3343774676322937,-0.11580199003219604,-0.0013073086738586426,0.3136821389198303,-0.5235308408737183,0.2863958775997162,0.008918183855712414,0.10969063639640808,0.006272070575505495,0.08721573650836945,0.9901111125946045,0.1158854067325592,-2.1756973266601562,0.19935719668865204,-0.11580199003219604,-0.0013073086738586426,0.3136821389198303,-0.1934812217950821,0.00972747802734375,0.3136821389198303,-0.2719303369522095,0.00847470760345459,0.3136821389198303,-0.34921759366989136,-0.005034744739532471,0.3136821389198303,-0.42344003915786743,-0.030468285083770752,0.3136821389198303,-0.4927699565887451,-0.06719964742660522,0.3136821389198303,-0.5555002093315125,-0.11432433128356934,0.3136821389198303,-0.6100862622261047,-0.17068207263946533,0.3136821389198303,-0.6551840305328369,-0.2348850965499878,0.3136821389198303,-0.6896829605102539,-0.30535244941711426,0.3136821389198303,0.8338867425918579,-1.5707963705062866,1.1074095964431763,0.20000000298023224,14.99993239209967,-14.774312474929602,1.875329485378764,38675.0
4.8799,0.0103,1,1,-0.1462022364139557,0.895321786403656,0.500892162322998,-0.25395825505256653,0.8834064602851868,0.8004478812217712,-0.5781925320625305,0.27203765511512756,0.0833989605307579,0.9899281859397888,0.11028174310922623,-0.018440473824739456,0.08682214468717575,0.21121397447363935,-1.9346240791160718,0.2730177874435401,12.443335141744976,-3.1906909784958333,9.676707920049248,0.31857019662857056,-0.10775601863861084,-0.011915326118469238,0.2995557188987732,-0.5781925320625305,0.27203765511512756,0.0833989605307579,0.11028174310922623,-0.018440473824739456,0.08682214468717575,0.9899281859397888,0.21121397614479065,-1.9346240758895874,0.2730177938938141,-0.10775601863861084,-0.011915326118469238,0.2995557188987732,-0.1857452690601349,-0.0033417940139770508,0.2995557188987732,-0.2641155421733856,-0.00707399845123291,0.2995557188987732,-0.3409371078014374,-0.02302008867263794,0.2995557188987732,-0.41431835293769836,-0.050787389278411865,0.2995557188987732,-0.4824523627758026,-0.08969223499298096,0.2995557188987732,-0.5436614751815796,-0.13877654075622559,0.2995557188987732,-0.5964385271072388,-0.19683176279067993,0.2995557188987732,-0.6394840478897095,-0.2624284029006958,0.2995557188987732,-0.6717379093170166,-0.3339512348175049,0.2995557188987732,1.1027671098709106,-1.5707963705062866,1.1330245733261108,0.20000000298023224,14.999966196049835,-14.8871562374648,1.1777470551654743,38675.0
4.9002,0.0104,1,1,-0.1589422971010208,0.9029058218002319,0.4945265054702759,-0.26966482400894165,0.8861364126205444,0.8004478812217712,-0.590461254119873,0.2512587904930115,0.022516122087836266,0.9892370700836182,0.11273591220378876,-0.03655680641531944,0.08580321073532104,0.2817603128015113,-1.461612581056046,0.2723197396323167,12.57329571105742,-5.259855268080856,9.334609709635119,0.32577380537986755,-0.11072252690792084,-0.0167694091796875,0.30592137575149536,-0.590461254119873,0.2512587904930115,0.022516122087836266,0.11273591220378876,-0.03655680641531944,0.08580321073532104,0.9892370700836182,0.2817603051662445,-1.461612582206726,0.2723197340965271,-0.11072252690792084,-0.0167694091796875,0.30592137575149536,-0.1889454573392868,-0.010686516761779785,0.30592137575149536,-0.2671568989753723,-0.016915321350097656,0.30592137575149536,-0.3434310555458069,-0.03530240058898926,0.30592137575149536,-0.41588979959487915,-0.06539493799209595,0.30592137575149536,-0.48274892568588257,-0.1064521074295044,0.30592137575149536,-0.5423620939254761,-0.15746283531188965,0.30592137575149536,-0.5932615399360657,-0.21717113256454468,0.30592137575149536,-0.6341938972473145,-0.28410667181015015,0.30592137575149536,-0.6641512513160706,-0.3566214442253113,0.30592137575149536,1.22176992893219,-1.5707963705062866,1.1430875062942505,0.20000000298023224,14.999983098024916,-14.9435781187324,0.49355063433721635,38675.0
4.9202,0.0104,1,1,-0.18800710141658783,0.918714702129364,0.5097865462303162,-0.2851454019546509,0.8883260488510132,0.8004478812217712,-0.6767783761024475,0.24588768184185028,0.12067562341690063,0.9883157014846802,0.1127982810139656,-0.05477616563439369,0.08663833886384964,0.24037299182794417,-1.1464449097503082,0.2399252645144314,12.429292705359531,-7.343497935820511,9.219017995256152,0.3079664409160614,-0.09713830053806305,-0.03038865327835083,0.2906613349914551,-0.6767783761024475,0.24588768184185028,0.12067562341690063,0.1127982810139656,-0.05477616563439369,0.08663833886384964,0.9883157014846802,0.24037298560142517,-1.1464449167251587,0.23992526531219482,-0.09713830053806305,-0.03038865327835083,0.2906613349914551,-0.17551319301128387,-0.026754438877105713,0.2906613349914551,-0.2534916400909424,-0.03542548418045044,0.2906613349914551,-0.3291536569595337,-0.056188344955444336,0.2906613349914551,-0.40063607692718506,-0.08853167295455933,0.2906613349914551,-0.466178834438324,-0.13165909051895142,0.2906613349914551,-0.5241680145263672,-0.18450874090194702,0.2906613349914551,-0.5731757283210754,-0.24577921628952026,0.2906613349914551,-0.611995279788971,-0.31396186351776123,0.2906613349914551,-0.6396707892417908,-0.3873777389526367,0.2906613349914551,1.5707963705062866,-1.0225251913070679,1.2113081216812134,0.20000000298023224,14.999991549012458,-14.9717890593662,0.26236720557930415,38675.0
4.9398,0.0103,1,1,-0.20306719839572906,0.926701009273529,0.5054613947868347,-0.3006040155887604,0.8900228142738342,0.8004478812217712,-0.7010856866836548,0.23019225895404816,0.05566257983446121,0.9874159693717957,0.11420411616563797,-0.06617581099271774,0.08709705621004105,0.1985784735237039,-0.8341249565981921,0.223970149910469,12.502064424629495,-8.660527708890587,9.131240757383967,0.3128510117530823,-0.09753681719303131,-0.036678194999694824,0.2949864864349365,-0.7010856866836548,0.23019225895404816,0.05566257983446121,0.11420411616563797,-0.06617581099271774,0.08709705621004105,0.9874159693717957,0.19857847690582275,-0.8341249823570251,0.22397014498710632,-0.09753681719303131,-0.036678194999694824,0.2949864864349365,-0.17598681151866913,-0.03548312187194824,0.2949864864349365,-0.25365787744522095,-0.046575069427490234,0.2949864864349365,-0.32863759994506836,-0.06968086957931519,0.2949864864349365,-0.3990795612335205,-0.10423159599304199,0.2949864864349365,-0.4632493853569031,-0.1493765115737915,0.2949864864349365,-0.5195669531822205,-0.20400398969650269,0.2949864864349365,-0.5666455626487732,-0.2667689323425293,0.2949864864349365,-0.6033259034156799,-0.33612585067749023,0.2949864864349365,-0.6287049055099487,-0.41036689281463623,0.2949864864349365,1.5707963705062866,-0.6456737518310547,1.211807131767273,0.20000000298023224,14.999995774506228,-14.985894529683101,0.08681272983492046,38675.0
4.9606,0.0106,1,1,-0.23706142604351044,0.9440969228744507,0.5211370587348938,-0.31626537442207336,0.8912478685379028,0.8004478812217712,-0.806078314781189,0.23283514380455017,0.14738178253173828,0.9864487648010254,0.11294256895780563,-0.07974880933761597,0.08832309395074844,0.27381650274396846,-0.8316681239135667,0.2601796199346496,12.245246325267217,-10.211780943565877,9.134530991341107,0.2950946092605591,-0.07920394837856293,-0.05284905433654785,0.27931082248687744,-0.806078314781189,0.23283514380455017,0.14738178253173828,0.11294256895780563,-0.07974880933761597,0.08832309395074844,0.9864487648010254,0.2738164961338043,-0.8316681385040283,0.2601796090602875,-0.07920394837856293,-0.05284905433654785,0.27931082248687744,-0.15765275061130524,-0.0541190505027771,0.27931082248687744,-0.23493705689907074,-0.06764549016952515,0.27931082248687744,-0.30915385484695435,-0.09309536218643188,0.27931082248687744,-0.37847572565078735,-0.12984192371368408,0.27931082248687744,-0.44119566679000854,-0.17698043584823608,0.27931082248687744,-0.49576932191848755,-0.23335015773773193,0.27931082248687744,-0.540852963924408,-0.2975630760192871,0.27931082248687744,-0.5753363966941833,-0.36803799867630005,0.27931082248687744,-0.5983705520629883,-0.4430397152900696,0.27931082248687744,1.5707963705062866,0.38118505477905273,1.2678383588790894,0.20000000298023224,14.999997887253114,0.007052735158449508,0.09339319774923277,38675.0
4.9799,0.0091,1,1,-0.2530243992805481,0.9479719996452332,0.5239779949188232,-0.33195042610168457,0.8919801115989685,0.8004478812217712,-0.8320168852806091,0.1824474334716797,0.1460692137479782,0.9851862788200378,0.11630809307098389,-0.08792096376419067,0.09026849269866943,0.264033946401294,-0.7540931708367576,0.2557439919810681,12.558623164021979,-11.20003595154119,9.23399296251096,0.2929163873195648,-0.07892602682113647,-0.05599188804626465,0.276469886302948,-0.8320168852806091,0.1824474334716797,0.1460692137479782,0.11630809307098389,-0.08792096376419067,0.09026849269866943,0.9851862788200378,0.2640339434146881,-0.7540931701660156,0.25574398040771484,-0.07892602682113647,-0.05599188804626465,0.276469886302948,-0.15729627013206482,-0.05972456932067871,0.276469886302948,-0.23411774635314941,-0.07567113637924194,0.276469886302948,-0.3074988126754761,-0.1034388542175293,0.276469886302948,-0.375632643699646,-0.14234405755996704,0.276469886302948,-0.4368414878845215,-0.1914287805557251,0.276469886302948,-0.489618182182312,-0.24948430061340332,0.276469886302948,-0.5326632857322693,-0.3150811791419983,0.276469886302948,-0.5649167895317078,-0.3866041898727417,0.276469886302948,-0.5855845212936401,-0.4622921943664551,0.276469886302948,1.5707963705062866,0.6008762121200562,1.2598320245742798,0.20000000298023224,14.999998943626558,7.503526367579225,0.2923171400889392,38675.0
4.9999,0.0105,1,1,-0.2850383222103119,0.9603500962257385,0.5422224998474121,-0.3475685715675354,0.8922194838523865,0.8004478812217712,-0.9209005832672119,0.15939755737781525,0.2515696883201599,0.984086811542511,0.11667739599943161,-0.09724342823028564,0.09220229089260101,0.18429081401251055,0.264299813101868,0.21054027794163335,12.513941804250578,-12.292811226616964,9.352252622502773,0.27428480982780457,-0.06253024935722351,-0.06813061237335205,0.25822538137435913,-0.9209005832672119,0.15939755737781525,0.2515696883201599,0.11667739599943161,-0.09724342823028564,0.09220229089260101,0.984086811542511,0.184290811419487,0.26429980993270874,0.2105402797460556,-0.06253024935722351,-0.06813061237335205,0.25822538137435913,-0.14074566960334778,-0.07430946826934814,0.25822538137435913,-0.2170315682888031,-0.09264785051345825,0.25822538137435913,-0.28950944542884827,-0.12269413471221924,0.25822538137435913,-0.3563947379589081,-0.1637086272239685,0.25822538137435913,-0.4160405099391937,-0.21468126773834229,0.25822538137435913,-0.4669780433177948,-0.27435702085494995,0.25822538137435913,-0.5079531669616699,-0.3412665128707886,0.25822538137435913,-0.5379568338394165,-0.41376209259033203,0.25822538137435913,-0.5562502145767212,-0.4900587201118469,0.25822538137435913,1.5707963705062866,1.2866355180740356,1.2779940366744995,0.20000000298023224,14.999999471813279,11.251763183789613,0.5288364600725735,38675.0
5.0199,0.0097,1,1,-0.3034859299659729,0.962782084941864,0.5471794605255127,-0.3633149266242981,0.8919668197631836,0.8004478812217712,-0.9534481763839722,0.10722199082374573,0.24953562021255493,0.9840679168701172,0.11787762492895126,-0.09300663322210312,0.09519977867603302,0.18348740489066087,1.5012392196539346,0.2179887899706919,12.648179133070254,-11.85839165074558,9.732415851427342,0.26970207691192627,-0.059828996658325195,-0.07081526517868042,0.25326842069625854,-0.9534481763839722,0.10722199082374573,0.24953562021255493,0.11787762492895126,-0.09300663322210312,0.09519977867603302,0.9840679168701172,0.1834874004125595,1.5012391805648804,0.2179887890815735,-0.059828996658325195,-0.07081526517868042,0.25326842069625854,-0.13781103491783142,-0.07945424318313599,0.25326842069625854,-0.21348154544830322,-0.10018599033355713,0.25326842069625854,-0.2849772572517395,-0.13249993324279785,0.25326842069625854,-0.3505377173423767,-0.17560046911239624,0.25326842069625854,-0.40854865312576294,-0.2284262776374817,0.25326842069625854,-0.4575815200805664,-0.28967660665512085,0.25326842069625854,-0.49642908573150635,-0.357843279838562,0.25326842069625854,-0.5241348147392273,-0.4312478303909302,0.25326842069625854,-0.5400163531303406,-0.5080827474594116,0.25326842069625854,1.5707963705062866,1.093211054801941,1.1717861890792847,0.20000000298023224,14.99999973590664,13.125881591894807,1.2891629179216844,38675.0
5.04,0.0101,1,1,-0.3290858864784241,0.9778899550437927,0.5373824238777161,-0.37891438603401184,0.8912267088890076,0.8004478812217712,-0.9995540976524353,0.13963495194911957,0.12501446902751923,0.9855638742446899,0.113340362906456,-0.07780886441469193,0.09880013763904572,0.1576791102408665,2.5061461722142373,0.18806939019089902,12.199908348280124,-10.123313229517889,10.364566145758063,0.2814193069934845,-0.04982849955558777,-0.08666324615478516,0.2630654573440552,-0.9995540976524353,0.13963495194911957,0.12501446902751923,0.113340362906456,-0.07780886441469193,0.09880013763904572,0.9855638742446899,0.15767911076545715,2.506146192550659,0.1880693882703781,-0.04982849955558777,-0.08666324615478516,0.2630654573440552,-0.1275027096271515,-0.09773343801498413,0.2630654573440552,-0.20248883962631226,-0.12081825733184814,0.2630654573440552,-0.2729405164718628,-0.15534931421279907,0.2630654573440552,-0.33712297677993774,-0.20047622919082642,0.2630654573440552,-0.3934558033943176,-0.2550879716873169,0.2630654573440552,-0.4405519366264343,-0.31783974170684814,0.2630654573440552,-0.47725170850753784,-0.3871864080429077,0.2630654573440552,-0.5026514530181885,-0.46142035722732544,0.2630654573440552,-0.5161256790161133,-0.538713812828064,0.2630654573440552,1.5707963705062866,1.2776809930801392,1.146659255027771,0.20000000298023224,14.99999986795332,14.062940795947403,2.55346350658315,38675.0
5.0597,0.0104,1,1,-0.3660961091518402,0.992261528968811,0.5510114431381226,-0.3946497440338135,0.8899840116500854,0.8004478812217712,-1.0837193727493286,0.13479802012443542,0.18015281856060028,0.9872132539749146,0.10898327827453613,-0.054278839379549026,0.1028808206319809,0.18450666321886144,3.0043011067579193,0.09182874050788803,11.87317347820204,-7.446140868148213,11.12362583332,0.2710987627506256,-0.028553634881973267,-0.10227751731872559,0.24943643808364868,-1.0837193727493286,0.13479802012443542,0.18015281856060028,0.10898327827453613,-0.054278839379549026,0.1028808206319809,0.9872132539749146,0.18450666964054108,3.004301071166992,0.09182874113321304,-0.028553634881973267,-0.10227751731872559,0.24943643808364868,-0.10583969950675964,-0.11579400300979614,0.24943643808364868,-0.18005982041358948,-0.14123421907424927,0.24943643808364868,-0.24938639998435974,-0.17797183990478516,0.24943643808364868,-0.3121124804019928,-0.2251022458076477,0.24943643808364868,-0.3666934072971344,-0.2814648747444153,0.24943643808364868,-0.4117853343486786,-0.34567195177078247,0.24943643808364868,-0.4462778866291046,-0.41614246368408203,0.24943643808364868,-0.4693218171596527,-0.4911412000656128,0.24943643808364868,-0.4803496301174164,-0.5688214302062988,0.24943643808364868,1.5707963705062866,1.5707963705062866,1.2115954160690308,0.20000000298023224,14.99999993397666,14.531470397973703,4.0715828817070046,38675.0
5.0802,0.0095,1,1,-0.38738250732421875,0.9940448999404907,0.554465651512146,-0.4102320671081543,0.8882586359977722,0.8004478812217712,-1.096022605895996,0.08586888015270233,0.18392488360404968,0.9880931973457336,0.10792595893144608,-0.024718739092350006,0.10682111978530884,0.23403060711289322,2.605584079943943,0.04454432783709877,12.036846464305054,-4.123490719815364,11.905428272028542,0.2687379717826843,-0.022849559783935547,-0.1057862639427185,0.24598222970962524,-1.096022605895996,0.08586888015270233,0.18392488360404968,0.10792595893144608,-0.024718739092350006,0.10682111978530884,0.9880931973457336,0.2340306043624878,2.605584144592285,0.04454432800412178,-0.022849559783935547,-0.1057862639427185,0.24598222970962524,-0.09967389702796936,-0.12171906232833862,0.24598222970962524,-0.17305994033813477,-0.14947372674942017,0.24598222970962524,-0.24120068550109863,-0.18836677074432373,0.24598222970962524,-0.3024182915687561,-0.23744052648544312,0.24598222970962524,-0.35520535707473755,-0.2954866290092468,0.24598222970962524,-0.3982621431350708,-0.36107581853866577,0.24598222970962524,-0.430528461933136,-0.43259304761886597,0.24598222970962524,-0.4512097239494324,-0.508277416229248,0.24598222970962524,-0.4597967267036438,-0.5862651467323303,0.24598222970962524,1.5707963705062866,1.5707963705062866,1.2553898096084595,0.20000000298023224,14.99999996698833,14.765735198986851,5.635187759124086,38675.0
5.1004,0.01,1,1,-0.41750630736351013,1.0010321140289307,0.5653995275497437,-0.42598435282707214,0.8860087990760803,0.8004478812217712,-1.125199794769287,0.05843014270067215,0.2281685620546341,0.9883022308349609,0.10602765530347824,0.00027175142895430326,0.1096121221780777,0.2669942996242693,2.20158986627192,0.012174537933864457,12.104091392601353,-1.3011091856785117,12.519585906686109,0.2618204951286316,-0.008478045463562012,-0.11502331495285034,0.2350483536720276,-1.125199794769287,0.05843014270067215,0.2281685620546341,0.10602765530347824,0.00027175142895430326,0.1096121221780777,0.9883022308349609,0.26699429750442505,2.201589822769165,0.01217453833669424,-0.008478045463562012,-0.11502331495285034,0.2350483536720276,-0.08475646376609802,-0.13339263200759888,0.2350483536720276,-0.157222181558609,-0.1634683609008789,0.2350483536720276,-0.2240908443927765,-0.20450997352600098,0.2350483536720276,-0.2837159335613251,-0.25550681352615356,0.2350483536720276,-0.33462926745414734,-0.3152032494544983,0.2350483536720276,-0.3755771815776825,-0.3821293115615845,0.2350483536720276,-0.40555140376091003,-0.4546370506286621,0.2350483536720276,-0.42381390929222107,-0.5309411287307739,0.2350483536720276,-0.4299149811267853,-0.6091626882553101,0.2350483536720276,1.5707963705062866,1.5707963705062866,1.3522058725357056,0.20000000298023224,14.999999983494165,14.882867599493427,6.863503028439212,38675.0
5.1201,0.0103,1,1,-0.43964239954948425,1.0014365911483765,0.5699061751365662,-0.44156602025032043,0.8832763433456421,0.8004478812217712,-1.1169637441635132,0.013482866808772087,0.2333763837814331,0.987825334072113,0.1060815155506134,0.0220770426094532,0.11161697655916214,0.17374904037732494,1.9932206804747037,-0.09965850901412665,12.389187463946643,1.1422972832625897,13.017277351021873,0.2590656876564026,-0.0019236207008361816,-0.11816024780273438,0.23054170608520508,-1.1169637441635132,0.013482866808772087,0.2333763837814331,0.1060815155506134,0.0220770426094532,0.11161697655916214,0.987825334072113,0.17374904453754425,1.9932206869125366,-0.09965851157903671,-0.0019236207008361816,-0.11816024780273438,0.23054170608520508,-0.07758274674415588,-0.1389334797859192,0.23054170608520508,-0.14906075596809387,-0.17128658294677734,0.23054170608520508,-0.21459761261940002,-0.21442300081253052,0.23054170608520508,-0.2725795805454254,-0.26728057861328125,0.23054170608520508,-0.32157889008522034,-0.3285577893257141,0.23054170608520508,-0.3603891432285309,-0.3967457413673401,0.23054170608520508,-0.38805457949638367,-0.4701654314994812,0.23054170608520508,-0.4038940370082855,-0.5470090508460999,0.23054170608520508,-0.40751752257347107,-0.6253844499588013,0.23054170608520508,1.5707963705062866,1.5707963705062866,1.4057177305221558,0.20000000298023224,14.999999991747082,14.941433799746713,7.858885917110768,38675.0
5.1399,0.0099,1,1,-0.24676065146923065,0.84762042760849,0.4892719089984894,-0.45680180191993713,0.8801087737083435,0.8004478812217712,-0.36347392201423645,-0.5188733339309692,-0.12179382890462875,0.9798510074615479,0.13852040469646454,0.08027134835720062,0.11940930038690567,0.059157716916744034,1.5700618269662527,-0.1335845763972949,17.031526831941477,7.136099378186439,14.96598248115417,0.3768332004547119,-0.21004115045070648,0.032488346099853516,0.31117597222328186,-0.36347392201423645,-0.5188733339309692,-0.12179382890462875,0.13852040469646454,0.08027134835720062,0.11940930038690567,0.9798510074615479,0.05915771797299385,1.5700618028640747,-0.13358457386493683,-0.21004115045070648,0.032488346099853516,0.31117597222328186,-0.285017192363739,0.009370744228363037,0.31117597222328186,-0.3554537296295166,-0.025191068649291992,0.31117597222328186,-0.4196164608001709,-0.07034605741500854,0.31117597222328186,-0.4759254455566406,-0.12498241662979126,0.31117597222328186,-0.5229941606521606,-0.18775475025177002,0.31117597222328186,-0.5596635937690735,-0.2571173906326294,0.31117597222328186,-0.5850309133529663,-0.3313624858856201,0.31117597222328186,-0.5984714031219482,-0.408661812543869,0.31117597222328186,-0.5996541380882263,-0.48711198568344116,0.31117597222328186,-1.5707963705062866,-1.5707963705062866,0.7884136438369751,0.20000000298023224,-4.126459174358388e-09,-0.02928310012664248,11.756296177375352,38675.0
5.1599,0.0105,1,1,-0.2514566481113434,0.841815710067749,0.47371357679367065,-0.47196677327156067,0.8764595985412598,0.8004478812217712,-0.318560928106308,-0.5453488230705261,-0.18897587060928345,0.9792463779449463,0.13649128377437592,0.09622766077518463,0.11482574045658112,-0.06968445201414909,1.1534002875692682,-0.2885772395333008,17.04098775736628,9.039523551631921,14.732844720256882,0.39570218324661255,-0.22051012516021729,0.03464388847351074,0.3267343044281006,-0.318560928106308,-0.5453488230705261,-0.18897587060928345,0.13649128377437592,0.09622766077518463,0.11482574045658112,0.9792463779449463,-0.0696844533085823,1.1534003019332886,-0.28857722878456116,-0.22051012516021729,0.03464388847351074,0.3267343044281006,-0.2947286069393158,0.009198904037475586,0.3267343044281006,-0.3640528619289398,-0.027543187141418457,0.3267343044281006,-0.42677590250968933,-0.07467752695083618,0.3267343044281006,-0.4813532531261444,-0.1310436725616455,0.3267343044281006,-0.5264410972595215,-0.1952536702156067,0.3267343044281006,-0.5609291791915894,-0.26572632789611816,0.3267343044281006,-0.5839682817459106,-0.3407265543937683,0.3267343044281006,-0.5949910879135132,-0.41840746998786926,0.3267343044281006,-0.5937261581420898,-0.4968563914299011,0.3267343044281006,-1.5707963705062866,-1.5707963705062866,0.8718794584274292,0.20000000298023224,-7.50000000206323,-7.514641550063321,11.290020655580753,38675.0
5.1801,0.0105,1,1,-0.2517252564430237,0.8404176831245422,0.48293277621269226,-0.48722824454307556,0.8722758293151855,0.8004478812217712,-0.2539290487766266,-0.5488741993904114,-0.13746170699596405,0.9797475337982178,0.1276150494813919,0.10831538587808609,0.10988607257604599,-0.8779256341515891,0.3519343744985039,-0.2631516078426372,16.17865918670577,10.614332834344863,14.31166480702762,0.3966011106967926,-0.23550298810005188,0.03185814619064331,0.317515105009079,-0.2539290487766266,-0.5488741993904114,-0.13746170699596405,0.1276150494813919,0.10831538587808609,0.10988607257604599,0.9797475337982178,-0.8779256343841553,0.35193437337875366,-0.263151615858078,-0.23550298810005188,0.03185814619064331,0.317515105009079,-0.3088790774345398,0.00407719612121582,0.317515105009079,-0.377005934715271,-0.03484022617340088,0.317515105009079,-0.4382059574127197,-0.08393585681915283,0.317515105009079,-0.49097228050231934,-0.14200091361999512,0.317515105009079,-0.5340055823326111,-0.2076054811477661,0.317515105009079,-0.5662462711334229,-0.27913427352905273,0.317515105009079,-0.5869004130363464,-0.3548260033130646,0.317515105009079,-0.595459520816803,-0.43281683325767517,0.317515105009079,-0.5917127728462219,-0.511186420917511,0.317515105009079,-1.3909345865249634,-1.5707963705062866,0.8507968187332153,0.20000000298023224,-11.250000001031616,-11.25732077503166,10.447660829122231,38675.0
5.1995,0.01,1,1,-0.25833186507225037,0.8335555195808411,0.47441840171813965,-0.5020042061805725,0.8677236437797546,0.8004478812217712,-0.23548264801502228,-0.557697594165802,-0.16550597548484802,0.9821683764457703,0.11366927623748779,0.10645278543233871,0.1053110733628273,-2.1753642542793106,-0.9586452478435638,-0.2428385130756259,14.479279440602976,10.670918683270001,13.599488691635482,0.4084591567516327,-0.24367234110832214,0.034168124198913574,0.3260294795036316,-0.23548264801502228,-0.557697594165802,-0.16550597548484802,0.11366927623748779,0.10645278543233871,0.1053110733628273,0.9821683764457703,-2.1753642559051514,-0.958645224571228,-0.242838516831398,-0.24367234110832214,0.034168124198913574,0.3260294795036316,-0.3161543905735016,0.004131793975830078,0.3260294795036316,-0.38304534554481506,-0.036873459815979004,0.3260294795036316,-0.4426981508731842,-0.08783787488937378,0.3260294795036316,-0.49364396929740906,-0.14750659465789795,0.3260294795036316,-0.5346282720565796,-0.21441036462783813,0.3260294795036316,-0.5646419525146484,-0.2869018316268921,0.3260294795036316,-0.5829459428787231,-0.3631959557533264,0.3260294795036316,-0.5890895128250122,-0.44141414761543274,0.3260294795036316,-0.5829215049743652,-0.5196304321289062,0.3260294795036316,-0.8896527886390686,-1.5707963705062866,0.8723801374435425,0.20000000298023224,-13.125000000515808,-13.12866038751583,9.023308598337957,38675.0
5.22,0.01,1,1,-0.2776503264904022,0.8280794024467468,0.46486231684684753,-0.5171266794204712,0.8625386953353882,0.8004478812217712,-0.2713531255722046,-0.5943576097488403,-0.18963776528835297,0.9878533482551575,0.08849240839481354,0.08708839863538742,0.09342637658119202,-3.0795258201727336,-2.2584391676393514,-0.04508524914400749,11.154883025479267,8.947308562591108,11.680852016401023,0.4137076735496521,-0.23947635293006897,0.03445929288864136,0.3355855643749237,-0.2713531255722046,-0.5943576097488403,-0.18963776528835297,0.08849240839481354,0.08708839863538742,0.09342637658119202,0.9878533482551575,-3.0795257091522217,-2.258439064025879,-0.04508524760603905,-0.23947635293006897,0.03445929288864136,0.3355855643749237,-0.31096115708351135,0.0021210908889770508,0.3355855643749237,-0.3765070140361786,-0.04100161790847778,0.3355855643749237,-0.4345000088214874,-0.09384703636169434,0.3355855643749237,-0.48351219296455383,-0.15511393547058105,0.3355855643749237,-0.5223367214202881,-0.22329378128051758,0.3355855643749237,-0.5500174760818481,-0.2967076897621155,0.3355855643749237,-0.5658731460571289,-0.3735479712486267,0.3355855643749237,-0.5695129632949829,-0.45192259550094604,0.3355855643749237,-0.5608475208282471,-0.5299017429351807,0.3355855643749237,-0.5898749232292175,-1.5707963705062866,0.8492652177810669,0.20000000298023224,-14.062500000257904,-14.064330193757915,5.186035247869027,38675.0
5.2399,0.0106,1,1,-0.2870927155017853,0.8210265636444092,0.4674016535282135,-0.5318129062652588,0.8569772839546204,0.8004478812217712,-0.2399580478668213,-0.6269165277481079,-0.15932761132717133,0.9926488995552063,0.05891535431146622,0.059680987149477005,0.08725377172231674,-3.406461600861368,-2.9333949753667774,0.07309381003572252,7.361637834002619,6.211757409554855,10.446746467161926,0.4148496389389038,-0.2447201907634735,0.03595072031021118,0.33304622769355774,-0.2399580478668213,-0.6269165277481079,-0.15932761132717133,0.05891535431146622,0.059680987149477005,0.08725377172231674,0.9926488995552063,-3.406461715698242,-2.9333949089050293,0.07309380918741226,-0.2447201907634735,0.03595072031021118,0.33304622769355774,-0.31515416502952576,0.0013836026191711426,0.33304622769355774,-0.3793134391307831,-0.04377627372741699,0.33304622769355774,-0.4356183111667633,-0.09841686487197876,0.33304622769355774,-0.48268231749534607,-0.16119271516799927,0.33304622769355774,-0.5193464756011963,-0.23055815696716309,0.33304622769355774,-0.544708251953125,-0.3048051595687866,0.33304622769355774,-0.558142900466919,-0.3821054697036743,0.33304622769355774,-0.5593197345733643,-0.4605557322502136,0.33304622769355774,-0.5482096672058105,-0.5382242202758789,0.33304622769355774,-0.34664881229400635,-1.5707963705062866,0.7993162870407104,0.20000000298023224,-14.531250000128953,-14.532165096878957,2.717824149390837,38675.0
5.2598,0.0099,1,1,-0.2962782382965088,0.8125807046890259,0.4656389355659485,-0.546180009841919,0.8510168790817261,0.8004478812217712,-0.219039648771286,-0.6502698063850403,-0.14993439614772797,0.9957149028778076,0.027788497507572174,0.02729339897632599,0.08386098593473434,-3.0480685613767173,-2.741962961470247,0.0705806681387988,3.4392765898146442,2.8483233296595096,9.71390585328533,0.4195536673069,-0.24990177154541016,0.038436174392700195,0.33480894565582275,-0.219039648771286,-0.6502698063850403,-0.14993439614772797,0.027788497507572174,0.02729339897632599,0.08386098593473434,0.9957149028778076,-3.0480685234069824,-2.7419629096984863,0.07058066874742508,-0.24990177154541016,0.038436174392700195,0.33480894565582275,-0.3192264437675476,0.0016949176788330078,0.33480894565582275,-0.3819500207901001,-0.04543876647949219,0.33480894565582275,-0.4365280270576477,-0.10180425643920898,0.33480894565582275,-0.4816165566444397,-0.1660137176513672,0.33480894565582275,-0.5161054134368896,-0.23648601770401,0.33480894565582275,-0.5391454100608826,-0.3114859461784363,0.33480894565582275,-0.5501691102981567,-0.3891667425632477,0.33480894565582275,-0.5489051342010498,-0.46761566400527954,0.33480894565582275,-0.5353846549987793,-0.5449010133743286,0.33480894565582275,-0.2682865858078003,-1.5707963705062866,0.8369277715682983,0.20000000298023224,-14.765625000064476,-14.766082548439478,1.252142921637671,38675.0
5.2796,0.0098,1,1,-0.3037133514881134,0.8025060892105103,0.4765767455101013,-0.5604222416877747,0.8445807099342346,0.8004478812217712,-0.20784053206443787,-0.6610186100006104,-0.12235581874847412,0.9965449571609497,0.0001800065947463736,-0.0013405346544459462,0.08303213864564896,-2.48429147336072,-2.2112223867766825,0.0681735991158551,0.007801101545868283,-0.1547961250439696,9.525738153183054,0.41540610790252686,-0.25670889019966125,0.042074620723724365,0.3238711357116699,-0.20784053206443787,-0.6610186100006104,-0.12235581874847412,0.0001800065947463736,-0.0013405346544459462,0.08303213864564896,0.9965449571609497,-2.4842915534973145,-2.2112224102020264,0.0681736022233963,-0.25670889019966125,0.042074620723724365,0.3238711357116699,-0.3248513638973236,0.0031846165657043457,0.3238711357116699,-0.38607117533683777,-0.04588639736175537,0.3238711357116699,-0.43886086344718933,-0.10393017530441284,0.3238711357116699,-0.4819205701351166,-0.16951745748519897,0.3238711357116699,-0.5141900777816772,-0.24103325605392456,0.3238711357116699,-0.534874677658081,-0.31671667098999023,0.3238711357116699,-0.5434651374816895,-0.39470404386520386,0.3238711357116699,-0.5397499799728394,-0.47307512164115906,0.3238711357116699,-0.5238205194473267,-0.5499001741409302,0.3238711357116699,-0.23064327239990234,-1.5707963705062866,0.8510905504226685,0.20000000298023224,-13.990255540832534,-14.883041274219739,0.8758075214330925,38675.0
5.2995,0.0094,1,1,-0.3131779134273529,0.7957462668418884,0.4728899598121643,-0.5744403600692749,0.8377106785774231,0.8004478812217712,-0.21951837837696075,-0.6481713652610779,-0.12375970929861069,0.9960451722145081,-0.02218238078057766,-0.02519027143716812,0.08225204795598984,-1.9286048024202747,-1.8270683237515866,0.03426111177365165,-2.773374769690038,-2.667061966439024,9.505946515775982,0.42108583450317383,-0.261262446641922,0.04196441173553467,0.32755792140960693,-0.21951837837696075,-0.6481713652610779,-0.12375970929861069,-0.02218238078057766,-0.02519027143716812,0.08225204795598984,0.9960451722145081,-1.9286048412322998,-1.8270683288574219,0.03426111117005348,-0.261262446641922,0.04196441173553467,0.32755792140960693,-0.3281576335430145,0.0009660720825195312,0.32755792140960693,-0.3878156840801239,-0.04999220371246338,0.32755792140960693,-0.4387676417827606,-0.10965567827224731,0.32755792140960693,-0.4797588288784027,-0.17655521631240845,0.32755792140960693,-0.5097799301147461,-0.24904358386993408,0.32755792140960693,-0.5280917882919312,-0.325335830450058,0.32755792140960693,-0.5342434644699097,-0.4035533666610718,0.32755792140960693,-0.5280834436416626,-0.48177027702331543,0.32755792140960693,-0.5097634792327881,-0.5580605864524841,0.32755792140960693,-0.0686119794845581,-1.5707963705062866,0.9108024835586548,0.20000000298023224,-8.960716194667953,-14.94152063710987,0.8362242466189674,38675.0
5.3199,0.0106,1,1,-0.31578773260116577,0.7842556238174438,0.48882046341896057,-0.5885531306266785,0.8302326202392578,0.8004478812217712,-0.21737445890903473,-0.6413264870643616,0.014323622919619083,0.9947465062141418,-0.04088740795850754,-0.04432504624128342,0.08270995318889618,-1.5384634206324626,-1.59016895951246,0.029275407896914303,-5.104519526945614,-4.670236802951499,9.714323123294855,0.4166851341724396,-0.2727653980255127,0.045976996421813965,0.31162741780281067,-0.21737445890903473,-0.6413264870643616,0.014323622919619083,-0.04088740795850754,-0.04432504624128342,0.08270995318889618,0.9947465062141418,-1.5384634733200073,-1.5901689529418945,0.029275408014655113,-0.2727653980255127,0.045976996421813965,0.31162741780281067,-0.33831697702407837,0.0028630495071411133,0.31162741780281067,-0.3963170647621155,-0.049974679946899414,0.31162741780281067,-0.4453374147415161,-0.11123508214950562,0.31162741780281067,-0.48417097330093384,-0.17940974235534668,0.31162741780281067,-0.5118615627288818,-0.2528199553489685,0.31162741780281067,-0.5277273654937744,-0.3296581208705902,0.31162741780281067,-0.5313777327537537,-0.40803226828575134,0.31162741780281067,-0.5227226614952087,-0.4860125184059143,0.31162741780281067,-0.501975417137146,-0.5616787672042847,0.31162741780281067,0.11702167987823486,-1.5707963705062866,0.8971229791641235,0.20000000298023224,-1.1279339130570527,-14.970760318554934,1.2529774616567122,38675.0
5.3406,0.0108,1,1,-0.32544371485710144,0.7733420133590698,0.4722635746002197,-0.6021808981895447,0.8224492073059082,0.8004478812217712,-0.2544853985309601,-0.6141558289527893,-0.08026641607284546,0.9934230446815491,-0.05317230150103569,-0.06014357879757881,0.08163365721702576,-1.1245527934834754,-1.1575082135507153,-0.06329563674996828,-6.671702281590466,-6.362283617312244,9.766553004684466,0.43208786845207214,-0.27673718333244324,0.04910719394683838,0.3281843066215515,-0.2544853985309601,-0.6141558289527893,-0.08026641607284546,-0.05317230150103569,-0.06014357879757881,0.08163365721702576,0.9934230446815491,-1.124552845954895,-1.1575082540512085,-0.0632956400513649,-0.27673718333244324,0.04910719394683838,0.3281843066215515,-0.3409034311771393,0.003957211971282959,0.3281843066215515,-0.39721664786338806,-0.05067473649978638,0.3281843066215515,-0.44429025053977966,-0.11344343423843384,0.3281843066215515,-0.48096510767936707,-0.18280327320098877,0.3281843066215515,-0.5063382387161255,-0.25704634189605713,0.3281843066215515,-0.519784688949585,-0.3343445956707001,0.3281843066215515,-0.5209735631942749,-0.41279467940330505,0.3281843066215515,-0.5098754167556763,-0.4904648959636688,0.3281843066215515,-0.48676368594169617,-0.5654427409172058,0.3281843066215515,0.2246379852294922,-1.5707963705062866,0.9611083269119263,0.20000000298023224,5.871437279457488,-14.985380159277467,1.357437224435953,38675.0
5.3602,0.0108,1,1,-0.3358907997608185,0.7653194069862366,0.4937134087085724,-0.6157469153404236,0.814121663570404,0.8004478812217712,-0.29766789078712463,-0.5756157636642456,0.0914405882358551,0.9918705821037292,-0.06353956460952759,-0.07424038648605347,0.08149714767932892,-0.11770367244158325,-1.086689899896519,-0.0365169902286791,-8.01661042068642,-7.869492534979245,9.946605244760985,0.4180755317211151,-0.2798561155796051,0.04880225658416748,0.30673447251319885,-0.29766789078712463,-0.5756157636642456,0.0914405882358551,-0.06353956460952759,-0.07424038648605347,0.08149714767932892,0.9918705821037292,-0.11770366877317429,-1.0866899490356445,-0.03651699051260948,-0.2798561155796051,0.04880225658416748,0.30673447251319885,-0.34255263209342957,0.0016325712203979492,0.30673447251319885,-0.39709827303886414,-0.0547642707824707,0.30673447251319885,-0.44214996695518494,-0.11899960041046143,0.30673447251319885,-0.4765983521938324,-0.18949168920516968,0.30673447251319885,-0.4995952546596527,-0.2645048499107361,0.30673447251319885,-0.5105743408203125,-0.3421919643878937,0.30673447251319885,-0.5092654228210449,-0.42064014077186584,0.30673447251319885,-0.49570050835609436,-0.49791771173477173,0.30673447251319885,-0.47021374106407166,-0.5721218585968018,0.30673447251319885,0.3129492998123169,-1.5707963705062866,0.9885612726211548,0.20000000298023224,10.435718639728744,-14.992690079638734,1.7175417045889572,38675.0
5.3796,0.0093,1,1,-0.3458983302116394,0.7593957781791687,0.47716984152793884,-0.6285997629165649,0.8056669235229492,0.8004478812217712,-0.35078850388526917,-0.5252231955528259,-0.02959933690726757,0.9911078810691833,-0.0615413598716259,-0.08554115891456604,0.08123130351305008,0.9279591073411803,-0.9848341082131304,-0.03906477818690906,-7.911832043772134,-9.181524189486913,10.007264457407855,0.4319372773170471,-0.28270143270492554,0.04627114534378052,0.3232780396938324,-0.35078850388526917,-0.5252231955528259,-0.02959933690726757,-0.0615413598716259,-0.08554115891456604,0.08123130351305008,0.9911078810691833,0.9279590845108032,-0.9848341345787048,-0.03906477987766266,-0.28270143270492554,0.04627114534378052,0.3232780396938324,-0.3439170718193054,-0.0028051137924194336,0.3232780396938324,-0.3967018127441406,-0.06085330247879028,0.3232780396938324,-0.43975597620010376,-0.12644422054290771,0.3232780396938324,-0.47201937437057495,-0.19796282052993774,0.3232780396938324,-0.4926975965499878,-0.2736479341983795,0.3232780396938324,-0.5012814998626709,-0.35163605213165283,0.3232780396938324,-0.49755966663360596,-0.43000683188438416,0.3232780396938324,-0.4816237688064575,-0.5068304538726807,0.3232780396938324,-0.453866183757782,-0.5802154541015625,0.3232780396938324,0.16678392887115479,-1.5707963705062866,1.0186630487442017,0.20000000298023224,9.995866927328017,-14.996345039819367,1.8388601298827174,38675.0
5.3999,0.0104,1,1,-0.35340261459350586,0.7492492198944092,0.47665491700172424,-0.6416333913803101,0.796495795249939,0.8004478812217712,-0.38859647512435913,-0.5009912252426147,-0.024763749912381172,0.9903921484947205,-0.053884584456682205,-0.0972583219408989,0.08221131563186646,1.7882094744959678,-0.8271783006318022,-0.05176122391391529,-7.172206280658351,-10.59047321396004,10.155944496272149,0.4360632002353668,-0.2882307767868042,0.047246575355529785,0.323792964220047,-0.38859647512435913,-0.5009912252426147,-0.024763749912381172,-0.053884584456682205,-0.0972583219408989,0.08221131563186646,0.9903921484947205,1.7882094383239746,-0.8271782994270325,-0.05176122486591339,-0.2882307767868042,0.047246575355529785,0.323792964220047,-0.3478512763977051,-0.0037556886672973633,0.323792964220047,-0.39875924587249756,-0.06345665454864502,0.323792964220047,-0.4397011995315552,-0.13038641214370728,0.323792964220047,-0.4696689248085022,-0.2028968334197998,0.323792964220047,-0.48792457580566406,-0.27920252084732056,0.323792964220047,-0.4940186142921448,-0.35742461681365967,0.323792964220047,-0.4878010153770447,-0.4356369376182556,0.323792964220047,-0.469424843788147,-0.5119137167930603,0.323792964220047,-0.4393426179885864,-0.5843767523765564,0.323792964220047,-0.027112245559692383,-1.5707963705062866,1.017999529838562,0.20000000298023224,4.221224841817668,-14.998172519909684,2.136220207611276,38675.0
5.4198,0.0105,1,1,-0.3727191686630249,0.7504184246063232,0.5049136877059937,-0.6539784073829651,0.7872167229652405,0.8004478812217712,-0.47860777378082275,-0.4313887059688568,0.18539439141750336,0.990453839302063,-0.03428696468472481,-0.10380738228559494,0.08395016938447952,2.058232171109064,-0.6997246706037628,-0.07955414781992876,-4.997157024703326,-11.529710734292257,10.194334673574863,0.40963560342788696,-0.2812592387199402,0.036798298358917236,0.2955341935157776,-0.47860777378082275,-0.4313887059688568,0.18539439141750336,-0.03428696468472481,-0.10380738228559494,0.08395016938447952,0.990453839302063,2.058232069015503,-0.6997246742248535,-0.07955414801836014,-0.2812592387199402,0.036798298358917236,0.2955341935157776,-0.33927619457244873,-0.016020894050598145,0.2955341935157776,-0.38831615447998047,-0.07726556062698364,0.2955341935157776,-0.427171528339386,-0.14542782306671143,0.2955341935157776,-0.4548856019973755,-0.21882915496826172,0.2955341935157776,-0.4707759618759155,-0.2956622540950775,0.2955341935157776,-0.47445136308670044,-0.3740352392196655,0.2955341935157776,-0.4658212661743164,-0.45201826095581055,0.2955341935157776,-0.44509822130203247,-0.527691125869751,0.2955341935157776,-0.412792444229126,-0.5991905331611633,0.2955341935157776,0.4816526174545288,-1.5707963705062866,1.067531943321228,0.20000000298023224,9.610612420908833,-14.999086259954842,2.213000562216748,38675.0
5.4399,0.0101,1,1,-0.39524170756340027,0.7434930205345154,0.48689937591552734,-0.6663396954536438,0.7773053646087646,0.8004478812217712,-0.5925617814064026,-0.3807062804698944,0.001833415706641972,0.9900834560394287,-0.01606142148375511,-0.11129618436098099,0.08418960124254227,1.622755265452615,-0.5246536869955929,-0.05535851372347504,-2.9684521088464826,-12.572840626975339,10.04772192991185,0.41587263345718384,-0.27109798789024353,0.03381234407424927,0.3135485053062439,-0.5925617814064026,-0.3807062804698944,0.001833415706641972,-0.01606142148375511,-0.11129618436098099,0.08418960124254227,0.9900834560394287,1.6227552890777588,-0.5246536731719971,-0.055358514189720154,-0.27109798789024353,0.03381234407424927,0.3135485053062439,-0.32741227746009827,-0.02081853151321411,0.3135485053062439,-0.3744870722293854,-0.08358627557754517,0.3135485053062439,-0.4111633002758026,-0.1529453992843628,0.3135485053062439,-0.4365377724170685,-0.22718799114227295,0.3135485053062439,-0.4499857723712921,-0.3044859766960144,0.3135485053062439,-0.45117613673210144,-0.3829360604286194,0.3135485053062439,-0.44007959961891174,-0.46060648560523987,0.3135485053062439,-0.41696926951408386,-0.5355848073959351,0.3135485053062439,-0.382414311170578,-0.6060246825218201,0.3135485053062439,0.8067301511764526,-1.5707963705062866,1.1056655645370483,0.20000000298023224,12.305306210454416,-14.999543129977422,1.9197750748906979,38675.0
5.4601,0.0108,1,1,-0.4260227680206299,0.7626787424087524,0.4993714988231659,-0.678328275680542,0.7670536637306213,0.8004478812217712,-0.7114235758781433,-0.21582813560962677,0.04048379883170128,0.9891544580459595,-0.012020498514175415,-0.11914702504873276,0.08503557741641998,1.1631903340525085,-0.3736919345512605,-0.07682033805955676,-2.596255766559999,-13.51295877074896,10.134657872178638,0.3928411602973938,-0.2523055076599121,0.0043749213218688965,0.30107638239860535,-0.7114235758781433,-0.21582813560962677,0.04048379883170128,-0.012020498514175415,-0.11914702504873276,0.08503557741641998,0.9891544580459595,1.1631903648376465,-0.37369194626808167,-0.07682033628225327,-0.2523055076599121,0.0043749213218688965,0.30107638239860535,-0.3068684935569763,-0.05200517177581787,0.30107638239860535,-0.3519399166107178,-0.11622661352157593,0.30107638239860535,-0.3864099383354187,-0.18670815229415894,0.30107638239860535,-0.4094299077987671,-0.26171422004699707,0.30107638239860535,-0.4204328656196594,-0.33939796686172485,0.30107638239860535,-0.4191480278968811,-0.41784656047821045,0.30107638239860535,-0.40560686588287354,-0.4951282739639282,0.30107638239860535,-0.3801429271697998,-0.5693402290344238,0.30107638239860535,-0.34338319301605225,-0.6386551260948181,0.30107638239860535,1.5707963705062866,-1.5707963705062866,1.2253683805465698,0.20000000298023224,13.652653105227209,-14.999771564988711,2.0936469594242806,38675.0
5.4798,0.0101,1,1,-0.44046685099601746,0.7581122517585754,0.5000778436660767,-0.6899386048316956,0.7564748525619507,0.8004478812217712,-0.756820797920227,-0.21830341219902039,0.03766686096787453,0.988876223564148,-9.566864900989458e-05,-0.12159944325685501,0.08564643561840057,1.243838841343378,-0.309611118849342,-0.07362332136183593,-1.2407661692565428,-13.914707332693878,10.051449115441596,0.3904625475406647,-0.2494717538356781,-0.0016373991966247559,0.3003700375556946,-0.756820797920227,-0.21830341219902039,0.03766686096787453,-9.566864900989458e-05,-0.12159944325685501,0.08564643561840057,0.988876223564148,1.2438387870788574,-0.30961111187934875,-0.07362332195043564,-0.2494717538356781,-0.0016373991966247559,0.3003700375556946,-0.3022368848323822,-0.05970346927642822,0.3003700375556946,-0.3452688753604889,-0.12530893087387085,0.3003700375556946,-0.3775080740451813,-0.19683837890625,0.3003700375556946,-0.3981607258319855,-0.27253052592277527,0.3003700375556946,-0.4067182242870331,-0.3505215346813202,0.3003700375556946,-0.4029698669910431,-0.42889106273651123,0.3003700375556946,-0.3870079815387726,-0.5057092905044556,0.3003700375556946,-0.3592256009578705,-0.5790848731994629,0.3003700375556946,-0.32030680775642395,-0.6472108960151672,0.3003700375556946,1.5707963705062866,-1.5707963705062866,1.2421103715896606,0.20000000298023224,14.326326552613605,-14.999885782494356,1.9272294459501944,38675.0
5.5,0.0091,1,1,-0.4820263981819153,0.7842299342155457,0.5175238847732544,-0.7012155652046204,0.7455319762229919,0.8004478812217712,-0.9261994361877441,-0.061017025262117386,0.11274726688861847,0.9878863096237183,0.0030512718949466944,-0.12926843762397766,0.08578436076641083,1.5650220609193868,-0.2820703380419102,-0.053685877950147946,-0.9572387221680626,-14.828612608221583,10.050353612122144,0.35998252034187317,-0.21918916702270508,-0.03869795799255371,0.28292399644851685,-0.9261994361877441,-0.061017025262117386,0.11274726688861847,0.0030512718949466944,-0.12926843762397766,0.08578436076641083,0.9878863096237183,1.5650221109390259,-0.2820703387260437,-0.05368587747216225,-0.21918916702270508,-0.03869795799255371,0.28292399644851685,-0.2701036334037781,-0.09839344024658203,0.28292399644851685,-0.3110527992248535,-0.16531872749328613,0.28292399644851685,-0.3410283923149109,-0.2378259301185608,0.28292399644851685,-0.35929232835769653,-0.31412965059280396,0.28292399644851685,-0.3653948903083801,-0.39235106110572815,0.28292399644851685,-0.35918575525283813,-0.470564067363739,0.28292399644851685,-0.3408178687095642,-0.5468428134918213,0.28292399644851685,-0.310743510723114,-0.61930912733078,0.28292399644851685,-0.269703209400177,-0.6861785650253296,0.28292399644851685,1.5707963705062866,-0.03358948230743408,1.3949922323226929,0.20000000298023224,14.663163276306802,-8.46221067736984,1.925038439311296,38675.0
5.5199,0.0091,1,1,-0.5015498399734497,0.7837715744972229,0.5164886713027954,-0.7120891809463501,0.7342975735664368,0.8004478812217712,-0.9787960052490234,-0.06213320046663284,0.07377117872238159,0.9873833060264587,0.018212061375379562,-0.13085949420928955,0.08727101981639862,1.697246943777385,-0.14821743152003297,-0.06820298959519765,0.7791085492358857,-15.164768225868862,9.998321386532965,0.3569416403770447,-0.2105393409729004,-0.04947400093078613,0.28395920991897583,-0.9787960052490234,-0.06213320046663284,0.07377117872238159,0.018212061375379562,-0.13085949420928955,0.08727101981639862,0.9873833060264587,1.6972469091415405,-0.14821742475032806,-0.06820298731327057,-0.2105393409729004,-0.04947400093078613,0.28395920991897583,-0.25956249237060547,-0.11073219776153564,0.28395920991897583,-0.2983992099761963,-0.17890506982803345,0.28395920991897583,-0.3260931372642517,-0.252314031124115,0.28395920991897583,-0.34196245670318604,-0.3291514813899994,0.28395920991897583,-0.34561634063720703,-0.4075254499912262,0.28395920991897583,-0.33696484565734863,-0.4855060875415802,0.28395920991897583,-0.31622105836868286,-0.5611732602119446,0.28395920991897583,-0.28389567136764526,-0.6326638460159302,0.28395920991897583,-0.2407846450805664,-0.6982173919677734,0.28395920991897583,1.5707963705062866,0.6242984533309937,1.3837741613388062,0.20000000298023224,14.831581638153402,3.2688946613150804,1.820973988132941,38675.0
5.5399,0.0107,1,1,-0.535489559173584,0.812886118888855,0.5361358523368835,-0.7226486206054688,0.7226805686950684,0.8004478812217712,-1.1360530853271484,0.07358913123607635,0.1593218296766281,0.9866821765899658,0.026460915803909302,-0.13418255746364594,0.08804059028625488,1.6654687740700145,0.2778758759697922,-0.055342347503420423,1.7012493989910948,-15.631561803915652,9.96431647094129,0.3361940085887909,-0.18715906143188477,-0.09020555019378662,0.2643120288848877,-1.1360530853271484,0.07358913123607635,0.1593218296766281,0.026460915803909302,-0.13418255746364594,0.08804059028625488,0.9866821765899658,1.6654688119888306,0.2778758704662323,-0.05534234642982483,-0.18715906143188477,-0.09020555019378662,0.2643120288848877,-0.23423492908477783,-0.1529725193977356,0.2643120288848877,-0.270912230014801,-0.22233104705810547,0.2643120288848877,-0.2962879538536072,-0.2965732216835022,0.2643120288848877,-0.3097372055053711,-0.3738710284233093,0.2643120288848877,-0.3109288215637207,-0.4523210823535919,0.2643120288848877,-0.2998334765434265,-0.5299916863441467,0.2643120288848877,-0.2767243981361389,-0.6049703359603882,0.2643120288848877,-0.2421705722808838,-0.6754108667373657,0.2643120288848877,-0.19702285528182983,-0.7395786643028259,0.2643120288848877,1.5707963705062866,1.5707963705062866,1.5707963705062866,0.20000000298023224,14.915790819076701,9.13444733065754,1.7529641569495933,38675.0
5.5597,0.0106,1,1,-0.5618696808815002,0.8128112554550171,0.5374378561973572,-0.7328069806098938,0.7107755541801453,0.8004478812217712,-1.1998673677444458,0.04816843569278717,0.15245068073272705,0.9862197637557983,0.04337427765130997,-0.13119001686573029,0.0909745916724205,1.6023096451318588,1.1202503235843977,0.0030167997545173385,3.6694711807737956,-15.465393034348725,10.042299839204205,0.3298562169075012,-0.17093729972839355,-0.10203570127487183,0.26301002502441406,-1.1998673677444458,0.04816843569278717,0.15245068073272705,0.04337427765130997,-0.13119001686573029,0.0909745916724205,0.9862197637557983,1.6023097038269043,1.1202503442764282,0.0030167996883392334,-0.17093729972839355,-0.10203570127487183,0.26301002502441406,-0.216025710105896,-0.16624528169631958,0.26301002502441406,-0.2505144476890564,-0.23671764135360718,0.26301002502441406,-0.2735542058944702,-0.3117176294326782,0.26301002502441406,-0.28457772731781006,-0.3893984854221344,0.26301002502441406,-0.2833136320114136,-0.46784740686416626,0.26301002502441406,-0.26979291439056396,-0.5451327562332153,0.26301002502441406,-0.24434858560562134,-0.6193513870239258,0.26301002502441406,-0.2076072096824646,-0.6886759996414185,0.26301002502441406,-0.16047334671020508,-0.7513994574546814,0.26301002502441406,1.5707963705062866,1.5707963705062866,1.5645571947097778,0.20000000298023224,14.95789540953835,12.06722366532877,1.9089308934753921,38675.0
5.5801,0.0108,1,1,-0.6008490920066833,0.8376545310020447,0.554532527923584,-0.7427171468734741,0.6983914375305176,0.8004478812217712,-1.276271939277649,0.15854334831237793,0.22444503009319305,0.9881652593612671,0.049608562141656876,-0.11305017024278641,0.09102790057659149,1.3587905945291767,2.46508715242405,-0.05477734955578171,4.568054479862922,-13.441711637511558,9.98763599056629,0.3162200450897217,-0.14186805486679077,-0.1392630934715271,0.24591535329818726,-1.276271939277649,0.15854334831237793,0.22444503009319305,0.049608562141656876,-0.11305017024278641,0.09102790057659149,0.9881652593612671,1.358790636062622,2.4650871753692627,-0.0547773502767086,-0.14186805486679077,-0.1392630934715271,0.24591535329818726,-0.18489718437194824,-0.20487040281295776,0.24591535329818726,-0.21713322401046753,-0.2764012813568115,0.24591535329818726,-0.2377825379371643,-0.3520943224430084,0.24591535329818726,-0.24633663892745972,-0.4300857186317444,0.24591535329818726,-0.24258488416671753,-0.5084550380706787,0.24591535329818726,-0.22661960124969482,-0.5852726697921753,0.24591535329818726,-0.19883400201797485,-0.6586469411849976,0.24591535329818726,-0.15991222858428955,-0.7267712950706482,0.24591535329818726,-0.11081266403198242,-0.7879681587219238,0.24591535329818726,1.5707963705062866,1.5707963705062866,1.5707963705062866,0.20000000298023224,14.978947704769176,13.533611832664384,1.7996031961995866,38675.0
5.5998,0.01,1,1,-0.6261694431304932,0.8398340344429016,0.5587256550788879,-0.7520340085029602,0.6859687566757202,0.8004478812217712,-1.3169564008712769,0.13090282678604126,0.22256410121917725,0.9901547431945801,0.06062380224466324,-0.08501908928155899,0.09320945292711258,1.2281610783221906,3.1709532056595897,-0.08822514233549615,6.080659619426151,-10.350278597238187,10.204263319699967,0.3129633367061615,-0.12586456537246704,-0.1538652777671814,0.2417222261428833,-1.3169564008712769,0.13090282678604126,0.22256410121917725,0.06062380224466324,-0.08501908928155899,0.09320945292711258,0.9901547431945801,1.228161096572876,3.1709532737731934,-0.08822514116764069,-0.12586456537246704,-0.1538652777671814,0.2417222261428833,-0.16683560609817505,-0.22077715396881104,0.2417222261428833,-0.19683492183685303,-0.29327452182769775,0.2417222261428833,-0.21512383222579956,-0.36957231163978577,0.2417222261428833,-0.22125190496444702,-0.4477916955947876,0.2417222261428833,-0.21506839990615845,-0.5260067582130432,0.2417222261428833,-0.19672542810440063,-0.6022915244102478,0.2417222261428833,-0.16667473316192627,-0.6747676134109497,0.2417222261428833,-0.12565624713897705,-0.7416504621505737,0.2417222261428833,-0.07468003034591675,-0.8012931942939758,0.2417222261428833,1.5707963705062866,1.5707963705062866,1.5707963705062866,0.20000000298023224,14.989473852384588,14.266805916332192,2.232857854466944,38675.0
5.6199,0.0105,1,1,-0.6387888193130493,0.8328396677970886,0.5583444833755493,-0.7611236572265625,0.6730226874351501,0.8004478812217712,-1.254016399383545,0.08339598029851913,0.20743542909622192,0.992129385471344,0.07054437696933746,-0.04553425312042236,0.09288401901721954,1.1611713916301194,2.9659206943921332,-0.06912854626491947,7.59841901125045,-5.938253784855294,10.302272252297865,0.31483542919158936,-0.12233483791351318,-0.15981698036193848,0.24210339784622192,-1.254016399383545,0.08339598029851913,0.20743542909622192,0.07054437696933746,-0.04553425312042236,0.09288401901721954,0.992129385471344,1.1611714363098145,2.9659206867218018,-0.06912854313850403,-0.12233483791351318,-0.15981698036193848,0.24210339784622192,-0.16116881370544434,-0.22799140214920044,0.24210339784622192,-0.188859760761261,-0.3014014959335327,0.24210339784622192,-0.204725980758667,-0.37823960185050964,0.24210339784622192,-0.2083767056465149,-0.4566137194633484,0.24210339784622192,-0.19972211122512817,-0.5345939993858337,0.24210339784622192,-0.17897522449493408,-0.6102603673934937,0.24210339784622192,-0.1466469168663025,-0.6817495822906494,0.24210339784622192,-0.10353332757949829,-0.747301459312439,0.24210339784622192,-0.05069589614868164,-0.8053017854690552,0.24210339784622192,1.5707963705062866,1.5707963705062866,1.5707963705062866,0.20000000298023224,14.994736926192294,14.633402958166096,2.4288757196627397,38675.0
5.6404,0.0104,1,1,-0.6795676946640015,0.8524400591850281,0.5750190615653992,-0.7698684930801392,0.659686267375946,0.8004478812217712,-1.338989019393921,0.1213274672627449,0.28157585859298706,0.9924968481063843,0.07548239827156067,-0.016925962641835213,0.0946783497929573,0.9744127593934869,2.6716725529231313,-0.11575112595412121,8.44126541871693,-2.745003704784999,10.695746381813544,0.3100425899028778,-0.0903007984161377,-0.19275379180908203,0.22542881965637207,-1.338989019393921,0.1213274672627449,0.28157585859298706,0.07548239827156067,-0.016925962641835213,0.0946783497929573,0.9924968481063843,0.974412739276886,2.6716725826263428,-0.11575112491846085,-0.0903007984161377,-0.19275379180908203,0.22542881965637207,-0.1269407868385315,-0.26213204860687256,0.22542881965637207,-0.15227651596069336,-0.33638787269592285,0.22542881965637207,-0.16568416357040405,-0.4136928915977478,0.22542881965637207,-0.16683357954025269,-0.49214354157447815,0.22542881965637207,-0.15569645166397095,-0.5698081851005554,0.22542881965637207,-0.1325470209121704,-0.6447743773460388,0.22542881965637207,-0.09795528650283813,-0.7151962518692017,0.22542881965637207,-0.05277305841445923,-0.7793397903442383,0.22542881965637207,0.001887202262878418,-0.8356255888938904,0.22542881965637207,1.5707963705062866,1.5707963705062866,1.5707963705062866,0.20000000298023224,14.997368463096148,14.816701479083047,3.2158239786940794,38675.0
5.6601,0.0104,1,1,-0.7013806700706482,0.8480444550514221,0.5780567526817322,-0.7779271006584167,0.6465123891830444,0.8004478812217712,-1.3252536058425903,0.06294521689414978,0.2801533043384552,0.9917214512825012,0.08384370803833008,0.010623878799378872,0.0966639444231987,0.8472954200320972,2.1784043858216906,-0.1655098691101355,9.692194551364592,0.278603540887883,11.157765172168727,0.3097294569015503,-0.07654643058776855,-0.20153206586837769,0.22239112854003906,-1.3252536058425903,0.06294521689414978,0.2801533043384552,0.08384370803833008,0.010623878799378872,0.0966639444231987,0.9917214512825012,0.8472954034805298,2.1784043312072754,-0.16550986468791962,-0.07654643058776855,-0.20153206586837769,0.22239112854003906,-0.1110263466835022,-0.2720087766647339,0.22239112854003906,-0.13405674695968628,-0.34701162576675415,0.22239112854003906,-0.1450706124305725,-0.42469385266304016,0.22239112854003906,-0.14379674196243286,-0.5031425952911377,0.22239112854003906,-0.13026642799377441,-0.5804262161254883,0.22239112854003906,-0.1048128604888916,-0.6546417474746704,0.22239112854003906,-0.06806278228759766,-0.7239617705345154,0.22239112854003906,-0.020921170711517334,-0.7866793870925903,0.22239112854003906,0.035451292991638184,-0.8412502408027649,0.22239112854003906,1.5707963705062866,1.5707963705062866,1.5707963705062866,0.20000000298023224,14.998684231548074,14.908350739541524,4.139861559404437,38675.0
5.68,0.0106,1,1,-0.7291324138641357,0.8553429245948792,0.5878141522407532,-0.7857564687728882,0.632765531539917,0.8004478812217712,-1.300342321395874,0.05998990684747696,0.30732157826423645,0.9907981157302856,0.0880933403968811,0.03483009710907936,0.09666189551353455,0.6840450433698122,1.7462883894609216,-0.1473103422079952,10.459731491114944,2.9800737275992297,11.417056283657063,0.31298574805259705,-0.05662405490875244,-0.22257739305496216,0.21263372898101807,-1.300342321395874,0.05998990684747696,0.30732157826423645,0.0880933403968811,0.03483009710907936,0.09666189551353455,0.9907981157302856,0.6840450167655945,1.7462884187698364,-0.14731034636497498,-0.05662405490875244,-0.22257739305496216,0.21263372898101807,-0.08885711431503296,-0.29410964250564575,0.21263372898101807,-0.10950320959091187,-0.3698035478591919,0.21263372898101807,-0.11805397272109985,-0.4477953016757965,0.21263372898101807,-0.11429888010025024,-0.5261645317077637,0.21263372898101807,-0.09833037853240967,-0.6029813885688782,0.21263372898101807,-0.07054167985916138,-0.6763545274734497,0.21263372898101807,-0.03161698579788208,-0.7444772124290466,0.21263372898101807,0.017485201358795166,-0.8056720495223999,0.21263372898101807,0.07555586099624634,-0.8584321737289429,0.21263372898101807,1.5707963705062866,1.5707963705062866,1.5707963705062866,0.20000000298023224,14.999342115774038,14.954175369770763,4.658443782381126,38675.0
5.6996,0.01,1,1,-0.7446279525756836,0.8458482623100281,0.5884866118431091,-0.793003499507904,0.6190599799156189,0.8004478812217712,-1.2236924171447754,-0.005098204128444195,0.28696370124816895,0.989273190498352,0.09431647509336472,0.056643567979335785,0.0960855558514595,0.5034354836426046,1.5703515788928533,-0.20102338856245114,11.441782828231373,5.39071771053953,11.635604298534554,0.3141666650772095,-0.04837554693222046,-0.22678828239440918,0.2119612693786621,-1.2236924171447754,-0.005098204128444195,0.28696370124816895,0.09431647509336472,0.056643567979335785,0.0960855558514595,0.989273190498352,0.503435492515564,1.5703516006469727,-0.2010233849287033,-0.04837554693222046,-0.22678828239440918,0.2119612693786621,-0.07837533950805664,-0.2992854714393616,0.2119612693786621,-0.09666478633880615,-0.37558311223983765,0.2119612693786621,-0.10279339551925659,-0.4538024663925171,0.2119612693786621,-0.096610426902771,-0.5320175886154175,0.2119612693786621,-0.07826799154281616,-0.6083024740219116,0.2119612693786621,-0.048217833042144775,-0.6807788014411926,0.2119612693786621,-0.00719982385635376,-0.7476618885993958,0.2119612693786621,0.04377603530883789,-0.8073049783706665,0.2119612693786621,0.10345453023910522,-0.8582393527030945,0.2119612693786621,1.5707963705062866,1.5707963705062866,1.5707963705062866,0.20000000298023224,14.999671057887019,14.977087684885381,5.095539812136097,38675.0
5.72,0.0101,1,1,-0.7659000158309937,0.847827136516571,0.5957642793655396,-0.7999809980392456,0.604798436164856,0.8004478812217712,-1.1526309251785278,-0.02272322215139866,0.3024244010448456,0.987806499004364,0.09632781147956848,0.07688984274864197,0.09510628879070282,0.4957127825345655,1.3170016022841984,-0.20620997800916452,11.934020414027959,7.676620911272664,11.802550206700591,0.3195619583129883,-0.03408098220825195,-0.2430287003517151,0.2046836018562317,-1.1526309251785278,-0.02272322215139866,0.3024244010448456,0.09632781147956848,0.07688984274864197,0.09510628879070282,0.987806499004364,0.4957127869129181,1.3170015811920166,-0.2062099725008011,-0.03408098220825195,-0.2430287003517151,0.2046836018562317,-0.061763882637023926,-0.3164418339729309,0.2046836018562317,-0.07762163877487183,-0.3932816982269287,0.2046836018562317,-0.08126378059387207,-0.4716562032699585,0.2046836018562317,-0.07260054349899292,-0.5496355295181274,0.2046836018562317,-0.05184531211853027,-0.6252996325492859,0.2046836018562317,-0.019509196281433105,-0.6967853307723999,0.2046836018562317,0.02361166477203369,-0.7623323798179626,0.2046836018562317,0.07645547389984131,-0.8203269243240356,0.2046836018562317,0.1377210021018982,-0.8693408370018005,0.2046836018562317,1.5707963705062866,1.5707963705062866,1.5707963705062866,0.20000000298023224,14.99983552894351,14.988543842442692,5.429431628468173,38675.0
5.7397,0.0103,1,1,-0.7793199419975281,0.8379567861557007,0.5968539714813232,-0.8063790202140808,0.590607762336731,0.8004478812217712,-1.05979585647583,-0.08336436748504639,0.28244754672050476,0.9860596060752869,0.100855253636837,0.09487852454185486,0.09225384145975113,0.3635143648399001,1.060258425551646,-0.22613440105983554,12.682230654541467,9.700802868292822,11.770405565028078,0.32150304317474365,-0.027059078216552734,-0.24734902381896973,0.203593909740448,-1.05979585647583,-0.08336436748504639,0.28244754672050476,0.100855253636837,0.09487852454185486,0.09225384145975113,0.9860596060752869,0.36351436376571655,1.060258388519287,-0.22613440454006195,-0.027059078216552734,-0.24734902381896973,0.203593909740448,-0.05244332551956177,-0.32158827781677246,0.203593909740448,-0.06590145826339722,-0.39888453483581543,0.203593909740448,-0.06710207462310791,-0.4773344397544861,0.203593909740448,-0.05601567029953003,-0.5550063252449036,0.203593909740448,-0.03291517496109009,-0.6299876570701599,0.203593909740448,0.001630544662475586,-0.7004321217536926,0.203593909740448,0.04677093029022217,-0.7646051049232483,0.203593909740448,0.1013944149017334,-0.8209265470504761,0.203593909740448,0.1641560196876526,-0.868009626865387,0.203593909740448,1.5707963705062866,1.5707963705062866,1.5707963705062866,0.20000000298023224,14.999917764471755,14.994271921221346,5.365142345123158,38675.0
5.7599,0.0104,1,1,-0.6863332390785217,0.6352828145027161,0.5226675271987915,-0.8124374151229858,0.5759587287902832,0.8004478812217712,-0.7350785732269287,-0.8597670793533325,-0.046041302382946014,0.9783300757408142,0.14612442255020142,0.11099051684141159,0.09590078145265579,0.2801521296877534,0.9006282169171603,-0.3079799659711821,18.231140557592315,10.902823255154535,12.951592032999043,0.3107789158821106,-0.1261041760444641,-0.05932408571243286,0.27778035402297974,-0.7350785732269287,-0.8597670793533325,-0.046041302382946014,0.14612442255020142,0.11099051684141159,0.09590078145265579,0.9783300757408142,0.2801521420478821,0.9006282091140747,-0.3079799711704254,-0.1261041760444641,-0.05932408571243286,0.27778035402297974,-0.1491221785545349,-0.13433074951171875,0.27778035402297974,-0.16012322902679443,-0.21201473474502563,0.27778035402297974,-0.15883630514144897,-0.29046329855918884,0.27778035402297974,-0.1452932357788086,-0.36774468421936035,0.27778035402297974,-0.11982738971710205,-0.4419560134410858,0.27778035402297974,-0.08306586742401123,-0.5112699270248413,0.27778035402297974,-0.03591388463973999,-0.5739797353744507,0.27778035402297974,0.02046757936477661,-0.6285412311553955,0.27778035402297974,0.08469021320343018,-0.673611044883728,0.27778035402297974,-0.007059454917907715,0.01184380054473877,1.3604017496109009,0.20000000298023224,7.297720396006385,7.8364358529148115,7.727515281065107,38675.0
5.7796,0.0104,1,1,-0.6818768382072449,0.5922393202781677,0.5010335445404053,-0.817911684513092,0.5614497661590576,0.8004478812217712,-0.667961061000824,-0.9993932247161865,-0.1261306256055832,0.9765783548355103,0.15295056998729706,0.12075741589069366,0.09119467437267303,0.07340373540758048,0.6395076023008448,-0.2960269666296067,19.143237954504404,12.002923617363328,12.701059049147894,0.3303065598011017,-0.13603484630584717,-0.030789554119110107,0.29941433668136597,-0.667961061000824,-0.9993932247161865,-0.1261306256055832,0.15295056998729706,0.12075741589069366,0.09119467437267303,0.9765783548355103,0.0734037384390831,0.6395075917243958,-0.29602697491645813,-0.13603484630584717,-0.030789554119110107,0.29941433668136597,-0.15671581029891968,-0.10647395253181458,0.29941433668136597,-0.16530245542526245,-0.184461772441864,0.29941433668136597,-0.16158342361450195,-0.2628326714038849,0.29941433668136597,-0.14565026760101318,-0.33965691924095154,0.29941433668136597,-0.11789530515670776,-0.4130428433418274,0.29941433668136597,-0.07900196313858032,-0.48118340969085693,0.29941433668136597,-0.02992790937423706,-0.5424008369445801,0.29941433668136597,0.028118431568145752,-0.5951876640319824,0.29941433668136597,0.09370779991149902,-0.6382441520690918,0.29941433668136597,-1.3303419351577759,-0.22253620624542236,1.3097790479660034,0.20000000298023224,-3.8511398019968066,-2.4569747769003607,7.226449313362789,38675.0
5.8,0.0108,1,1,-0.6933387517929077,0.5697513818740845,0.4979451298713684,-0.8230698108673096,0.5463577508926392,0.8004478812217712,-0.6105936765670776,-1.0615386962890625,-0.13443246483802795,0.9768381714820862,0.1479780375957489,0.12576113641262054,0.0898435115814209,-0.6647181504439709,0.14767096750910552,-0.2712977682087556,18.63036298011998,12.656577898343421,12.594126379265399,0.32997775077819824,-0.12973105907440186,-0.023393630981445312,0.30250275135040283,-0.6105936765670776,-1.0615386962890625,-0.13443246483802795,0.1479780375957489,0.12576113641262054,0.0898435115814209,0.9768381714820862,-0.6647181510925293,0.14767096936702728,-0.27129778265953064,-0.12973105907440186,-0.023393630981445312,0.30250275135040283,-0.14798754453659058,-0.09969910979270935,0.30250275135040283,-0.15408247709274292,-0.1779211163520813,0.30250275135040283,-0.14786577224731445,-0.2561335265636444,0.30250275135040283,-0.12949049472808838,-0.3324105143547058,0.30250275135040283,-0.09940904378890991,-0.4048738479614258,0.30250275135040283,-0.05836224555969238,-0.4717392921447754,0.30250275135040283,-0.007360696792602539,-0.531360387802124,0.30250275135040283,0.05233973264694214,-0.582269012928009,0.30250275135040283,0.11926901340484619,-0.623211681842804,0.30250275135040283,-1.4632636308670044,-0.09566187858581543,1.2785307168960571,0.20000000298023224,-9.425569900998404,-3.9689983400802467,7.012583973597794,38675.0
5.8198,0.0108,1,1,-0.7018635869026184,0.5507190823554993,0.5151334404945374,-0.8276286721229553,0.5315068364143372,0.8004478812217712,-0.550605058670044,-1.1094242334365845,-0.057993333786726,0.9785197377204895,0.1381308138370514,0.12507973611354828,0.08815906941890717,-1.8820253160064617,-0.7631416601144654,-0.2593872629313238,17.44285943442121,12.734349722634887,12.257627080122019,0.31239446997642517,-0.12576508522033691,-0.01921224594116211,0.2853144407272339,-0.550605058670044,-1.1094242334365845,-0.057993333786726,0.1381308138370514,0.12507973611354828,0.08815906941890717,0.9785197377204895,-1.8820253610610962,-0.7631416320800781,-0.2593872547149658,-0.12576508522033691,-0.01921224594116211,0.2853144407272339,-0.1416422724723816,-0.09604808688163757,0.2853144407272339,-0.14530420303344727,-0.17442169785499573,0.2853144407272339,-0.13666075468063354,-0.25240322947502136,0.2853144407272339,-0.11592471599578857,-0.32807254791259766,0.2853144407272339,-0.08360666036605835,-0.3995664119720459,0.2853144407272339,-0.04050236940383911,-0.4651244282722473,0.2853144407272339,0.01232677698135376,-0.5231322646141052,0.2853144407272339,0.07357990741729736,-0.5721616744995117,0.2853144407272339,0.14174878597259521,-0.6110053658485413,0.2853144407272339,-1.3390583992004395,-0.22346031665802002,1.2439075708389282,0.20000000298023224,-12.212784950499202,-8.38616568662086,6.339585375311025,38675.0
5.8401,0.0102,1,1,-0.7150394320487976,0.5334328413009644,0.5094648599624634,-0.8318213224411011,0.5161416530609131,0.8004478812217712,-0.5240322351455688,-1.1281665563583374,-0.09730091691017151,0.9829067587852478,0.11709649860858917,0.11319182068109512,0.08583898097276688,-3.059145180982575,-1.7485390268981476,-0.18814194468584686,14.767582082237197,11.677990468760784,11.50065867876434,0.3140192925930023,-0.11678189039230347,-0.01729118824005127,0.29098302125930786,-0.5240322351455688,-1.1281665563583374,-0.09730091691017151,0.11709649860858917,0.11319182068109512,0.08583898097276688,0.9829067587852478,-3.059145212173462,-1.7485389709472656,-0.18814194202423096,-0.11678189039230347,-0.01729118824005127,0.29098302125930786,-0.13020384311676025,-0.09459370374679565,0.29098302125930786,-0.1313677430152893,-0.1730441451072693,0.29098302125930786,-0.12024492025375366,-0.2507108449935913,0.29098302125930786,-0.09710937738418579,-0.32568132877349854,0.29098302125930786,-0.06253063678741455,-0.39610961079597473,0.29098302125930786,-0.017360210418701172,-0.4602614939212799,0.29098302125930786,0.03728961944580078,-0.5165573358535767,0.29098302125930786,0.10007321834564209,-0.5636109709739685,0.29098302125930786,0.169444739818573,-0.600263774394989,0.29098302125930786,-0.6573578119277954,0.26889026165008545,1.158274531364441,0.20000000298023224,-13.606392475249601,3.30691715668957,4.8256485725956635,38675.0
5.86,0.0104,1,1,-0.7395537495613098,0.511958122253418,0.5149813890457153,-0.8354393243789673,0.5010243058204651,0.8004478812217712,-0.5131552219390869,-1.1588305234909058,-0.10824121534824371,0.988716721534729,0.08690811693668365,0.09295118600130081,0.07902059704065323,-3.495124358820613,-2.2483638966033634,-0.05278643690386572,10.91210531756408,9.791872817655966,10.07652044842759,0.30133819580078125,-0.09588557481765747,-0.01093381643295288,0.2854664921760559,-0.5131552219390869,-1.1588305234909058,-0.10824121534824371,0.08690811693668365,0.09295118600130081,0.07902059704065323,0.988716721534729,-3.495124340057373,-2.248363971710205,-0.052786435931921005,-0.09588557481765747,-0.01093381643295288,0.2854664921760559,-0.10689812898635864,-0.08861622214317322,0.2854664921760559,-0.10562282800674438,-0.16706493496894836,0.2854664921760559,-0.0920911431312561,-0.24434834718704224,0.2854664921760559,-0.06663632392883301,-0.31856343150138855,0.2854664921760559,-0.029885053634643555,-0.387882798910141,0.2854664921760559,0.0172576904296875,-0.4505995810031891,0.2854664921760559,0.07363104820251465,-0.5051694512367249,0.2854664921760559,0.13784700632095337,-0.5502487421035767,0.2854664921760559,0.20832431316375732,-0.58472740650177,0.2854664921760559,-0.4030340909957886,0.9477053880691528,1.0585724115371704,0.20000000298023224,-14.3031962376248,9.153458578344786,1.9773721119221614,38675.0
5.88,0.0108,1,1,-0.7502634525299072,0.4904552400112152,0.5003834962844849,-0.8386437892913818,0.4854964017868042,0.8004478812217712,-0.4780260920524597,-1.1829967498779297,-0.15658245980739594,0.9930762052536011,0.05477852374315262,0.06933777034282684,0.07739003747701645,-3.374126031537844,-1.8651187704583116,-0.03851912560787625,6.9233548302359615,7.425489585213254,9.361850862055817,0.31284868717193604,-0.08838033676147461,-0.004958838224411011,0.3000643849372864,-0.4780260920524597,-1.1829967498779297,-0.15658245980739594,0.05477852374315262,0.06933777034282684,0.07739003747701645,0.9930762052536011,-3.3741259574890137,-1.8651187419891357,-0.03851912543177605,-0.08838033676147461,-0.004958838224411011,0.3000643849372864,-0.09692424535751343,-0.0829513669013977,0.3000643849372864,-0.09316229820251465,-0.16132020950317383,0.3000643849372864,-0.07718712091445923,-0.23813572525978088,0.3000643849372864,-0.049391984939575195,-0.3115064203739166,0.3000643849372864,-0.01046133041381836,-0.37962567806243896,0.3000643849372864,0.03864622116088867,-0.440816193819046,0.3000643849372864,0.09672147035598755,-0.4935712516307831,0.3000643849372864,0.16233444213867188,-0.5365918278694153,0.3000643849372864,0.2338694930076599,-0.5688186287879944,0.3000643849372864,-0.15657365322113037,1.3132940530776978,1.0224324464797974,0.20000000298023224,-11.637102875070248,12.076729289172393,0.5480329391786342,38675.0
5.8997,0.0102,1,1,-0.7670928835868835,0.4621540606021881,0.5181570053100586,-0.8412877321243286,0.4702965021133423,0.8004478812217712,-0.42952045798301697,-1.1900174617767334,-0.002541000721976161,0.9955635070800781,0.017838502302765846,0.04903202876448631,0.07828819751739502,-3.066331721184154,-0.6275017392116313,-0.10287082224335864,2.486933615341577,5.44187543006731,9.110831983545674,0.2919919788837433,-0.07419484853744507,0.008142441511154175,0.28229087591171265,-0.42952045798301697,-1.1900174617767334,-0.002541000721976161,0.017838502302765846,0.04903202876448631,0.07828819751739502,0.9955635070800781,-3.066331624984741,-0.6275017261505127,-0.10287082195281982,-0.07419484853744507,0.008142441511154175,0.28229087591171265,-0.08032846450805664,-0.07007655501365662,0.28229087591171265,-0.0741504430770874,-0.14829203486442566,0.28229087591171265,-0.05581289529800415,-0.22457808256149292,0.28229087591171265,-0.025767266750335693,-0.29705631732940674,0.28229087591171265,0.015246450901031494,-0.36394202709198,0.28229087591171265,0.06621849536895752,-0.4235883355140686,0.28229087591171265,0.12589377164840698,-0.4745264947414398,0.28229087591171265,0.1928027868270874,-0.5155022740364075,0.28229087591171265,0.265298068523407,-0.5455066561698914,0.28229087591171265,-0.11795580387115479,1.411199927330017,1.0112637281417847,0.20000000298023224,-9.197736302980157,13.538364644586196,0.045995182158369154,38675.0
5.9201,0.0104,1,1,-0.7807251811027527,0.4456341564655304,0.5138338208198547,-0.8435349464416504,0.45443961024284363,0.8004478812217712,-0.43125587701797485,-1.1537446975708008,-0.03326941654086113,0.9958631992340088,-0.011812652461230755,0.042466796934604645,0.0794457271695137,-2.2376196395015477,0.5538672991522443,-0.12834061247384715,-0.9650802382641791,4.959938093645923,9.080490943508886,0.293547660112381,-0.0628097653388977,0.008805453777313232,0.2866140604019165,-0.43125587701797485,-1.1537446975708008,-0.03326941654086113,-0.011812652461230755,0.042466796934604645,0.0794457271695137,0.9958631992340088,-2.237619638442993,0.5538672804832458,-0.12834061682224274,-0.0628097653388977,0.008805453777313232,0.2866140604019165,-0.06643515825271606,-0.06956982612609863,0.2866140604019165,-0.05775529146194458,-0.14754733443260193,0.2866140604019165,-0.03698396682739258,-0.22320696711540222,0.2866140604019165,-0.00463259220123291,-0.2946857511997223,0.2866140604019165,0.038502275943756104,-0.360223650932312,0.2866140604019165,0.09135842323303223,-0.4182068705558777,0.2866140604019165,0.15263444185256958,-0.46720772981643677,0.2866140604019165,0.22082144021987915,-0.5060195922851562,0.2866140604019165,0.29424044489860535,-0.5336868762969971,0.2866140604019165,0.11138021945953369,1.5707963705062866,1.0047215223312378,0.20000000298023224,-1.4080599033539967,14.269182322293098,-0.014686897915220407,38675.0
5.9401,0.0108,1,1,-0.788517951965332,0.42897990345954895,0.5239667296409607,-0.8452404141426086,0.4388696551322937,0.8004478812217712,-0.40713465213775635,-1.1138646602630615,0.06652809679508209,0.995076596736908,-0.03567259758710861,0.047619014978408813,0.07924957573413849,-1.240365147175533,1.139816834429319,-0.09641538634003381,-3.6561595618395795,5.763541371266071,8.922915016522536,0.28241294622421265,-0.05672246217727661,0.009889751672744751,0.27648115158081055,-0.40713465213775635,-1.1138646602630615,0.06652809679508209,-0.03567259758710861,0.047619014978408813,0.07924957573413849,0.995076596736908,-1.2403651475906372,1.1398168802261353,-0.09641538560390472,-0.05672246217727661,0.009889751672744751,0.27648115158081055,-0.057891130447387695,-0.0685606598854065,0.27648115158081055,-0.04677313566207886,-0.14622801542282104,0.27648115158081055,-0.023642122745513916,-0.22119992971420288,0.27648115158081055,0.01093226671218872,-0.2916303277015686,0.27648115158081055,0.056098759174346924,-0.35578495264053345,0.27648115158081055,0.1107451319694519,-0.41208416223526,0.27648115158081055,0.173525869846344,-0.45914167165756226,0.27648115158081055,0.24289512634277344,-0.4957987070083618,0.27648115158081055,0.3171447217464447,-0.5211527347564697,0.27648115158081055,0.06000387668609619,1.5707963705062866,1.044359803199768,0.20000000298023224,1.014954492591376,14.634591161146549,-0.32983875188791073,38675.0
5.9596,0.01,1,1,-0.7985390424728394,0.411080926656723,0.5193906426429749,-0.8464462161064148,0.42343229055404663,0.8004478812217712,-0.40728849172592163,-1.069502353668213,0.03477051481604576,0.9941151142120361,-0.04797535762190819,0.0579063855111599,0.07796375453472137,-0.2496889290581231,1.2409771415940334,-0.08905612349700653,-4.991813401425435,7.042867076958948,8.661118738873967,0.2853783965110779,-0.04790717363357544,0.012351363897323608,0.2810572385787964,-0.40728849172592163,-1.069502353668213,0.03477051481604576,-0.04797535762190819,0.0579063855111599,0.07796375453472137,0.9941151142120361,-0.24968892335891724,1.240977168083191,-0.08905612677335739,-0.04790717363357544,0.012351363897323608,0.2810572385787964,-0.0466461181640625,-0.06609758734703064,0.2810572385787964,-0.033128440380096436,-0.1433834433555603,0.2810572385787964,-0.007687032222747803,-0.2176031470298767,0.2810572385787964,0.029051661491394043,-0.2869291603565216,0.2810572385787964,0.07618308067321777,-0.3496544659137726,0.2810572385787964,0.1325465440750122,-0.40423455834388733,0.2810572385787964,0.1967543363571167,-0.44932547211647034,0.2810572385787964,0.26722538471221924,-0.483816921710968,0.2810572385787964,0.34222447872161865,-0.5068596601486206,0.2810572385787964,-0.0919257402420044,1.5707963705062866,1.068597674369812,0.20000000298023224,-2.1260012259456933,14.817295580573274,-0.853431307185047,38675.0
5.98,0.0105,1,1,-0.8095188736915588,0.40632104873657227,0.5100327730178833,-0.8471860289573669,0.4075596332550049,0.8004478812217712,-0.4042901396751404,-1.0362296104431152,-0.015075426548719406,0.9932065606117249,-0.05250920355319977,0.07022354751825333,0.07648637890815735,0.4912446973051987,1.0337649661324015,-0.04531540868002838,-5.428168214953945,8.48355010942948,8.404342787528096,0.2928502857685089,-0.037667155265808105,0.0012385845184326172,0.29041510820388794,-0.4042901396751404,-1.0362296104431152,-0.015075426548719406,-0.05250920355319977,0.07022354751825333,0.07648637890815735,0.9932065606117249,0.49124470353126526,1.0337649583816528,-0.04531540721654892,-0.037667155265808105,0.0012385845184326172,0.29041510820388794,-0.03391391038894653,-0.07713070511817932,0.29041510820388794,-0.017947256565093994,-0.15394797921180725,0.29041510820388794,0.009839653968811035,-0.2273217886686325,0.29041510820388794,0.048762738704681396,-0.29544541239738464,0.29041510820388794,0.09786343574523926,-0.35664141178131104,0.29041510820388794,0.15593278408050537,-0.40940290689468384,0.29041510820388794,0.2215409278869629,-0.4524308145046234,0.29041510820388794,0.2930724024772644,-0.48466557264328003,0.29041510820388794,0.36876583099365234,-0.505313515663147,0.29041510820388794,-0.003899812698364258,1.5707963705062866,1.0679701566696167,0.20000000298023224,-1.1747220172267452,14.908647790286636,-1.3669832098767838,38675.0
6.0001,0.0105,1,1,-0.8188344240188599,0.39200952649116516,0.5144249200820923,-0.8474211692810059,0.39175933599472046,0.8004478812217712,-0.37426990270614624,-0.9925622344017029,0.03433026373386383,0.9928349256515503,-0.048159487545490265,0.07978465408086777,0.0747791975736618,0.6093802595741872,0.7277886626968542,0.025567942280820134,-4.868467105071,9.533755258197367,8.208397368519595,0.28744807839393616,-0.028586745262145996,-0.00025019049644470215,0.28602296113967896,-0.37426990270614624,-0.9925622344017029,0.03433026373386383,-0.048159487545490265,0.07978465408086777,0.0747791975736618,0.9928349256515503,0.6093802452087402,0.7277886867523193,0.02556794136762619,-0.028586745262145996,-0.00025019049644470215,0.28602296113967896,-0.022358953952789307,-0.07846170663833618,0.28602296113967896,-0.003972828388214111,-0.15473608672618866,0.28602296113967896,0.026118874549865723,-0.22719517350196838,0.28602296113967896,0.06717520952224731,-0.2940548062324524,0.28602296113967896,0.11818516254425049,-0.3536686301231384,0.28602296113967896,0.177892804145813,-0.4045688211917877,0.28602296113967896,0.24482786655426025,-0.44550198316574097,0.28602296113967896,0.31734222173690796,-0.4754602611064911,0.28602296113967896,0.3936503231525421,-0.49370595812797546,0.28602296113967896,0.1158682107925415,1.5707963705062866,1.0626391172409058,0.20000000298023224,2.7320187204590294,14.954323895143318,-1.7588740478938285,38675.0
6.02,0.0104,1,1,-0.8279115557670593,0.373322069644928,0.5121309757232666,-0.8471612930297852,0.376094788312912,0.8004478812217712,-0.3465883731842041,-0.9671505093574524,0.0337991863489151,0.9924922585487366,-0.04330408200621605,0.08758680522441864,0.07355625927448273,0.3990874392320926,0.6607267377602146,0.026091328336426363,-4.260390089522416,10.38310013466793,8.089902719280216,0.2889721095561981,-0.01924973726272583,0.002772718667984009,0.28831690549850464,-0.3465883731842041,-0.9671505093574524,0.0337991863489151,-0.04330408200621605,0.08758680522441864,0.07355625927448273,0.9924922585487366,0.39908742904663086,0.6607267260551453,0.026091327890753746,-0.01924973726272583,0.002772718667984009,0.28831690549850464,-0.010574698448181152,-0.07520529627799988,0.28831690549850464,0.010192036628723145,-0.15086621046066284,0.28831690549850464,0.042539119720458984,-0.2223469763994217,0.28831690549850464,0.08566993474960327,-0.28788748383522034,0.28831690549850464,0.13852256536483765,-0.34587395191192627,0.28831690549850464,0.19979560375213623,-0.3948785364627838,0.28831690549850464,0.2679802179336548,-0.4336945712566376,0.28831690549850464,0.34139755368232727,-0.46136629581451416,0.28831690549850464,0.4182398319244385,-0.4772123098373413,0.28831690549850464,0.24576163291931152,1.5707963705062866,1.04181969165802,0.20000000298023224,8.406561526489488,14.977161947571659,-1.995863346372563,38675.0
6.0396,0.01,1,1,-0.8364477157592773,0.36042991280555725,0.5275154113769531,-0.84642493724823,0.36066851019859314,0.8004478812217712,-0.3117954730987549,-0.9247070550918579,0.108493372797966,0.9919553399085999,-0.041746195405721664,0.09433218836784363,0.07335741817951202,0.5013058868769227,0.40871157077942094,0.07887641493439562,-4.031585908970695,11.14376254845203,8.065434209926472,0.2731148600578308,-0.009977221488952637,0.00023859739303588867,0.2729324698448181,-0.3117954730987549,-0.9247070550918579,0.108493372797966,-0.041746195405721664,0.09433218836784363,0.07335741817951202,0.9919553399085999,0.501305878162384,0.40871158242225647,0.07887641340494156,-0.009977221488952637,0.00023859739303588867,0.2729324698448181,0.0011020302772521973,-0.07743430137634277,0.2729324698448181,0.024195551872253418,-0.15241776406764984,0.2729324698448181,0.058734774589538574,-0.22286541759967804,0.2729324698448181,0.10386919975280762,-0.28704261779785156,0.2729324698448181,0.1584874391555786,-0.34336912631988525,0.2729324698448181,0.2212446928024292,-0.39045795798301697,0.2729324698448181,0.2905955910682678,-0.4271496534347534,0.2729324698448181,0.3648325502872467,-0.4525407552719116,0.2729324698448181,0.442127525806427,-0.4660060405731201,0.2729324698448181,0.39577531814575195,1.5707963705062866,1.0536195039749146,0.20000000298023224,11.703280763244745,14.98858097378583,-2.044800365080069,38675.0
6.0598,0.0105,1,1,-0.843707799911499,0.3445950448513031,0.5266479849815369,-0.8451743125915527,0.3448692560195923,0.8004478812217712,-0.2835761308670044,-0.8915145397186279,0.09169365465641022,0.9917024970054626,-0.03743526712059975,0.09866130352020264,0.07340801507234573,0.9455448255463277,0.42627461882578915,0.06482632187600494,-3.497884304496715,11.606053724630687,8.111263534545957,0.2738039791584015,-0.001466512680053711,0.00027421116828918457,0.2737998962402344,-0.2835761308670044,-0.8915145397186279,0.09169365465641022,-0.03743526712059975,0.09866130352020264,0.07340801507234573,0.9917024970054626,0.9455448389053345,0.4262746274471283,0.06482632458209991,-0.001466512680053711,0.00027421116828918457,0.2737998962402344,0.012068867683410645,-0.07700854539871216,0.2737998962402344,0.03752732276916504,-0.15122240781784058,0.2737998962402344,0.07428187131881714,-0.22054001688957214,0.2737998962402344,0.12142765522003174,-0.2832545042037964,0.2737998962402344,0.177803635597229,-0.3378216624259949,0.2737998962402344,0.24202173948287964,-0.38289788365364075,0.2737998962402344,0.3125007152557373,-0.4173731803894043,0.2737998962402344,0.38750508427619934,-0.4403986930847168,0.2737998962402344,0.46518799662590027,-0.4514074921607971,0.2737998962402344,0.23463916778564453,1.5707963705062866,1.0394738912582397,0.20000000298023224,12.573557392912083,14.994290486892915,-1.9531417158410895,38675.0
6.0799,0.0104,1,1,-0.8453975915908813,0.32952114939689636,0.5483428239822388,-0.8434481024742126,0.329310804605484,0.8004478812217712,-0.22282515466213226,-0.8564079403877258,0.26102519035339355,0.9914920330047607,-0.028215043246746063,0.10439514368772507,0.07243700325489044,1.6308757762484847,0.3435554039188421,0.03895710325508579,-2.393774766465342,12.186912688828745,8.101450833138408,0.2521126866340637,0.0019494891166687012,-0.00021034479141235352,0.25210505723953247,-0.22282515466213226,-0.8564079403877258,0.26102519035339355,-0.028215043246746063,0.10439514368772507,0.07243700325489044,0.9914920330047607,1.630875825881958,0.34355539083480835,0.038957104086875916,0.0019494891166687012,-0.00021034479141235352,0.25210505723953247,0.017897486686706543,-0.07703149318695068,0.25210505723953247,0.045666635036468506,-0.15041205286979675,0.25210505723953247,0.08457314968109131,-0.2185451090335846,0.25210505723953247,0.13365894556045532,-0.27975302934646606,0.25210505723953247,0.1917155385017395,-0.33252865076065063,0.25210505723953247,0.25731325149536133,-0.37557247281074524,0.25210505723953247,0.3288368582725525,-0.40782463550567627,0.25210505723953247,0.4045252501964569,-0.42849093675613403,0.25210505723953247,0.48251470923423767,-0.437062531709671,0.25210505723953247,-0.10648798942565918,1.5707963705062866,1.1177579164505005,0.20000000298023224,3.2361225149940367,14.997145243446457,-1.972767118656169,38675.0
6.1005,0.0102,1,1,-0.8619128465652466,0.31169363856315613,0.5333922505378723,-0.8412205576896667,0.31371867656707764,0.8004478812217712,-0.232588991522789,-0.8402442932128906,0.12970176339149475,0.991673469543457,-0.012347741052508354,0.10751079767942429,0.06979010999202728,1.8388896963562849,0.4144823079664864,0.01617994365661394,-0.5563774503203289,12.412870366629036,7.99070989066957,0.26786375045776367,0.020692288875579834,0.002025038003921509,0.2670556306838989,-0.232588991522789,-0.8402442932128906,0.12970176339149475,-0.012347741052508354,0.10751079767942429,0.06979010999202728,0.991673469543457,1.838889718055725,0.4144822955131531,0.016179943457245827,0.020692288875579834,0.002025038003921509,0.2670556306838989,0.03905200958251953,-0.07425568997859955,0.2670556306838989,0.06911861896514893,-0.14672517776489258,0.2670556306838989,0.11015182733535767,-0.21359899640083313,0.2670556306838989,0.16114115715026855,-0.27323049306869507,0.2670556306838989,0.22083115577697754,-0.32415133714675903,0.2670556306838989,0.28775209188461304,-0.3651076853275299,0.2670556306838989,0.3602560758590698,-0.3950910270214081,0.2670556306838989,0.4365578293800354,-0.41336312890052795,0.2670556306838989,0.5147786140441895,-0.4194740355014801,0.2670556306838989,-0.44933998584747314,1.5707963705062866,0.9802871942520142,0.20000000298023224,-5.881938742502982,14.998572621723229,-2.1942490035938724,38675.0
6.1201,0.0101,1,1,-0.8714557886123657,0.30281177163124084,0.546968936920166,-0.8385105133056641,0.29824358224868774,0.8004478812217712,-0.1992122232913971,-0.7767539024353027,0.18630863726139069,0.9914435148239136,0.0012570046819746494,0.11143989115953445,0.06795105338096619,1.3365037977887941,0.41610340741153123,0.02604972476677228,1.0361787985341353,12.756135923472339,7.957367227198826,0.2556517720222473,0.03294527530670166,-0.004568189382553101,0.2534789443016052,-0.1992122232913971,-0.7767539024353027,0.18630863726139069,0.0012570046819746494,0.11143989115953445,0.06795105338096619,0.9914435148239136,1.3365037441253662,0.41610339283943176,0.026049723848700523,0.03294527530670166,-0.004568189382553101,0.2534789443016052,0.05369246006011963,-0.08023445308208466,0.2534789443016052,0.0860210657119751,-0.15172356367111206,0.2534789443016052,0.12913495302200317,-0.2172752320766449,0.2534789443016052,0.18197262287139893,-0.275275319814682,0.2534789443016052,0.24323296546936035,-0.3242957293987274,0.2534789443016052,0.31140756607055664,-0.3631293773651123,0.2534789443016052,0.38481777906417847,-0.39082005620002747,0.2534789443016052,0.46165594458580017,-0.4066859185695648,0.2534789443016052,0.5400300621986389,-0.41033631563186646,0.2534789443016052,0.15854835510253906,1.5707963705062866,1.037232518196106,0.20000000298023224,1.6011064268069886,14.999286310861613,-2.260934330535344,38675.0
6.14,0.0096,1,1,-0.87533038854599,0.28750720620155334,0.5448274612426758,-0.8353375792503357,0.28295934200286865,0.8004478812217712,-0.15784728527069092,-0.7698824405670166,0.1489730179309845,0.9908666610717773,0.011544848792254925,0.11587532609701157,0.06797698140144348,0.12450437053548002,0.4178461467393655,0.029523932841483736,2.273990411151562,13.183143209648824,8.111879718009765,0.2587699890136719,0.0399928092956543,-0.004547864198684692,0.25562041997909546,-0.15784728527069092,-0.7698824405670166,0.1489730179309845,0.011544848792254925,0.11587532609701157,0.06797698140144348,0.9908666610717773,0.12450437247753143,0.417846143245697,0.029523933306336403,0.0399928092956543,-0.004547864198684692,0.25562041997909546,0.0630919337272644,-0.07952959835529327,0.25562041997909546,0.09763634204864502,-0.14997468888759613,0.25562041997909546,0.1427755355834961,-0.21414853632450104,0.25562041997909546,0.19739800691604614,-0.2704709768295288,0.25562041997909546,0.2601587772369385,-0.31755515933036804,0.25562041997909546,0.329512357711792,-0.3542416989803314,0.25562041997909546,0.4037511944770813,-0.3796272873878479,0.25562041997909546,0.4810471832752228,-0.39308682084083557,0.25562041997909546,0.5594971179962158,-0.39428889751434326,0.25562041997909546,0.781194806098938,1.5707963705062866,1.0244160890579224,0.20000000298023224,8.300553213403493,14.999643155430807,-1.9519093489134867,38675.0
6.1602,0.0105,1,1,-0.8760387897491455,0.2765354514122009,0.5598767399787903,-0.8316457867622375,0.2676132917404175,0.8004478812217712,-0.10262984782457352,-0.7405813336372375,0.22158892452716827,0.9903845191001892,0.008125468157231808,0.11916128545999527,0.06979291886091232,-0.5224077766693018,0.04501031861002459,0.12160227396135025,1.9295124911276886,13.585538654476718,8.291838305854583,0.24479545652866364,0.04439300298690796,-0.008922159671783447,0.24057114124298096,-0.10262984782457352,-0.7405813336372375,0.22158892452716827,0.008125468157231808,0.11916128545999527,0.06979291886091232,0.9903845191001892,-0.5224077701568604,0.045010317116975784,0.12160227447748184,0.04439300298690796,-0.008922159671783447,0.24057114124298096,0.06984728574752808,-0.08313745260238647,0.24057114124298096,0.10659807920455933,-0.1524570882320404,0.24057114124298096,0.15374034643173218,-0.21517419815063477,0.24057114124298096,0.21011334657669067,-0.2697444558143616,0.24057114124298096,0.27432894706726074,-0.3148242235183716,0.24057114124298096,0.3448060154914856,-0.3493034243583679,0.24057114124298096,0.4198090732097626,-0.3723331093788147,0.24057114124298096,0.49749138951301575,-0.38334617018699646,0.24057114124298096,0.5759401321411133,-0.38207146525382996,0.24057114124298096,1.5144823789596558,1.5707963705062866,1.065294861793518,0.20000000298023224,11.650276606701746,14.999821577715403,-1.5919921732238387,38675.0
6.1804,0.0097,1,1,-0.8885759711265564,0.25997841358184814,0.5450384020805359,-0.8274646997451782,0.25236809253692627,0.8004478812217712,-0.08907388895750046,-0.7541421055793762,0.12713497877120972,0.990355372428894,0.0036774491891264915,0.11900455504655838,0.07084233313798904,-0.1335588352808836,0.08981091328420543,0.06011510668387071,1.423484258178336,13.602973954240872,8.352822066019788,0.2627289593219757,0.061111271381378174,-0.007610321044921875,0.25540947914123535,-0.08907388895750046,-0.7541421055793762,0.12713497877120972,0.0036774491891264915,0.11900455504655838,0.07084233313798904,0.990355372428894,-0.13355883955955505,0.08981091529130936,0.06011510640382767,0.061111271381378174,-0.007610321044921875,0.25540947914123535,0.08889895677566528,-0.08098384737968445,0.25540947914123535,0.12782275676727295,-0.14910705387592316,0.25540947914123535,0.17692404985427856,-0.21030253171920776,0.25540947914123535,0.23499399423599243,-0.2630634605884552,0.25540947914123535,0.30060261487960815,-0.30609068274497986,0.25540947914123535,0.37213438749313354,-0.3383246958255768,0.25540947914123535,0.4478280246257782,-0.35897183418273926,0.25540947914123535,0.5258196592330933,-0.3675236701965332,0.25540947914123535,0.6041889190673828,-0.36376965045928955,0.25540947914123535,1.0417174100875854,1.5707963705062866,0.9657524824142456,0.20000000298023224,13.325138303350872,14.9999107888577,-1.470024652893429,38675.0
6.2003,0.0108,1,1,-0.8907387256622314,0.24612346291542053,0.5460388660430908,-0.8228757977485657,0.2374838888645172,0.8004478812217712,-0.04594605043530464,-0.747722327709198,0.12331331521272659,0.9900995492935181,0.003237474709749222,0.12076869606971741,0.07145126909017563,0.6543760306667572,0.029269711228895053,0.024165738032622976,1.396634385563964,13.808847758940587,8.424386001620022,0.2634463310241699,0.06786292791366577,-0.00863957405090332,0.2544090151786804,-0.04594605043530464,-0.747722327709198,0.12331331521272659,0.003237474709749222,0.12076869606971741,0.07145126909017563,0.9900995492935181,0.6543760299682617,0.029269712045788765,0.024165738373994827,0.06786292791366577,-0.00863957405090332,0.2544090151786804,0.09792256355285645,-0.08111198246479034,0.2544090151786804,0.13894927501678467,-0.14798976480960846,0.2544090151786804,0.18993288278579712,-0.20762619376182556,0.2544090151786804,0.24961799383163452,-0.25855278968811035,0.2544090151786804,0.31653493642807007,-0.29951560497283936,0.2544090151786804,0.38903599977493286,-0.32950595021247864,0.2544090151786804,0.46533599495887756,-0.34778541326522827,0.2544090151786804,0.5435562133789062,-0.3539038896560669,0.2544090151786804,0.621770441532135,-0.3477106988430023,0.2544090151786804,0.5015271902084351,1.5707963705062866,0.9423683881759644,0.20000000298023224,14.162569151675436,14.99995539442885,-1.3268967816929746,38675.0
6.2198,0.0101,1,1,-0.8878926038742065,0.23373515903949738,0.5680716037750244,-0.8178243637084961,0.22274665534496307,0.8004478812217712,0.020862922072410583,-0.7328711152076721,0.24539855122566223,0.9899399876594543,0.012680316343903542,0.12192081660032272,0.070649653673172,1.518747240134279,-0.08995730392037572,0.09051397948960795,2.499053203981942,13.862748146616914,8.468122432843597,0.2429589182138443,0.07006824016571045,-0.010988503694534302,0.23237627744674683,0.020862922072410583,-0.7328711152076721,0.24539855122566223,0.012680316343903542,0.12192081660032272,0.070649653673172,0.9899399876594543,1.5187472105026245,-0.08995730429887772,0.09051398187875748,0.07006824016571045,-0.010988503694534302,0.23237627744674683,0.10237109661102295,-0.08248923718929291,0.23237627744674683,0.14546138048171997,-0.14805641770362854,0.23237627744674683,0.19827818870544434,-0.2060755491256714,0.23237627744674683,0.25952088832855225,-0.2551179826259613,0.23237627744674683,0.3276814818382263,-0.29397618770599365,0.23237627744674683,0.40108171105384827,-0.3216933012008667,0.23237627744674683,0.47791415452957153,-0.33758682012557983,0.23237627744674683,0.5562869310379028,-0.3412654399871826,0.23237627744674683,0.6342703104019165,-0.33263856172561646,0.23237627744674683,-0.1036221981048584,1.5707963705062866,0.989385724067688,0.20000000298023224,4.112727268199267,14.999977697214426,-1.2394239192458048,38675.0
6.2397,0.0099,1,1,-0.8869895935058594,0.21906885504722595,0.5730488300323486,-0.8122686147689819,0.2080536186695099,0.8004478812217712,0.07113849371671677,-0.7337489128112793,0.2518349289894104,0.9895936250686646,0.02827756106853485,0.1228519007563591,0.06935592740774155,1.6766367401012616,-0.07384011099694678,0.10490334678730712,4.312186878686833,13.840773234923175,8.541685343420573,0.23961403965950012,0.07472097873687744,-0.011015236377716064,0.2273990511894226,0.07113849371671677,-0.7337489128112793,0.2518349289894104,0.02827756106853485,0.1228519007563591,0.06935592740774155,0.9895936250686646,1.6766366958618164,-0.07384011149406433,0.10490334779024124,0.07472097873687744,-0.011015236377716064,0.2273990511894226,0.10925394296646118,-0.08146597445011139,0.2273990511894226,0.1543826460838318,-0.14564719796180725,0.2273990511894226,0.20899587869644165,-0.20197856426239014,0.2273990511894226,0.2717489004135132,-0.24907301366329193,0.2273990511894226,0.34109652042388916,-0.28577089309692383,0.2273990511894226,0.4153312146663666,-0.3111686110496521,0.2273990511894226,0.49262499809265137,-0.32464081048965454,0.2273990511894226,0.5710747241973877,-0.32585570216178894,0.2273990511894226,0.6487485766410828,-0.31478339433670044,0.2273990511894226,-0.5446573495864868,1.5707963705062866,0.956701397895813,0.20000000298023224,-5.443636365900366,14.999988848607213,-1.0922980980918289,38675.0
6.2599,0.0109,1,1,-0.8812436461448669,0.20622669160366058,0.6039940714836121,-0.8062097430229187,0.19344009459018707,0.8004478812217712,0.14450499415397644,-0.7271319627761841,0.4501415491104126,0.9890580773353577,0.043490298092365265,0.12340839952230453,0.06812626123428345,0.8247145437283426,0.047662182071417,0.07545415306510293,6.0785199305856565,13.779765951733802,8.615770866891868,0.21068385243415833,0.07503390312194824,-0.01278659701347351,0.19645380973815918,0.14450499415397644,-0.7271319627761841,0.4501415491104126,0.043490298092365265,0.12340839952230453,0.06812626123428345,0.9890580773353577,0.8247145414352417,0.04766218364238739,0.07545415312051773,0.07503390312194824,-0.01278659701347351,0.19645380973815918,0.11177831888198853,-0.08210960775613785,0.19645380973815918,0.15891486406326294,-0.14483103156089783,0.19645380973815918,0.21528279781341553,-0.1994064897298813,0.19645380973815918,0.2794942855834961,-0.24449212849140167,0.19645380973815918,0.34996819496154785,-0.27897781133651733,0.19645380973815918,0.4249691665172577,-0.3020143508911133,0.19645380973815918,0.5026504993438721,-0.3130345344543457,0.19645380973815918,0.5810993313789368,-0.311767041683197,0.19645380973815918,0.6583840847015381,-0.2982430160045624,0.19645380973815918,-0.14144182205200195,1.5707963705062866,1.2832123041152954,0.20000000298023224,-6.773827908060247,14.999994424303607,-0.944127051149274,38675.0
6.2799,0.0107,1,1,-0.9052004218101501,0.1884194016456604,0.5695247650146484,-0.7996903657913208,0.1790229231119156,0.8004478812217712,0.040978945791721344,-0.7404798269271851,0.13283325731754303,0.9893261790275574,0.04860837012529373,0.11876450479030609,0.06902094930410385,-0.45218431333408826,0.06975096862356302,0.12362638458072975,6.639774290747496,13.196045598619948,8.750467861108815,0.2540593445301056,0.10551005601882935,-0.009396478533744812,0.2309231162071228,0.040978945791721344,-0.7404798269271851,0.13283325731754303,0.04860837012529373,0.11876450479030609,0.06902094930410385,0.9893261790275574,-0.4521843194961548,0.06975097209215164,0.12362638115882874,0.10551005601882935,-0.009396478533744812,0.2309231162071228,0.14442956447601318,-0.07752213627099991,0.2309231162071228,0.19352704286575317,-0.13872069120407104,0.2309231162071228,0.2515936493873596,-0.19148525595664978,0.2309231162071228,0.31719958782196045,-0.23451659083366394,0.2309231162071228,0.3887293338775635,-0.2667551040649414,0.2309231162071228,0.46442168951034546,-0.2874069809913635,0.2309231162071228,0.5424127578735352,-0.29596370458602905,0.2309231162071228,0.6207822561264038,-0.29221460223197937,0.2309231162071228,0.6976003646850586,-0.27625197172164917,0.2309231162071228,0.15732109546661377,1.5707963705062866,0.8262172937393188,0.20000000298023224,1.1200034452757146,14.999997212151804,-0.6747330627153695,38675.0
6.3,0.0108,1,1,-0.9018530249595642,0.1770239919424057,0.5831146836280823,-0.7927847504615784,0.1649499237537384,0.8004478812217712,0.09289728105068207,-0.7353870272636414,0.20566007494926453,0.989395260810852,0.039500024169683456,0.11944536864757538,0.07257753610610962,-1.5963650701046384,0.19013145917819058,0.03620883336223251,5.632424933904964,13.333796373513195,9.049752760971426,0.2434653788805008,0.10906827449798584,-0.012074068188667297,0.21733319759368896,0.09289728105068207,-0.7353870272636414,0.20566007494926453,0.039500024169683456,0.11944536864757538,0.07257753610610962,0.989395260810852,-1.5963650941848755,0.19013145565986633,0.03620883449912071,0.10906827449798584,-0.012074068188667297,0.21733319759368896,0.15010422468185425,-0.07894618809223175,0.21733319759368896,0.2010960578918457,-0.13857555389404297,0.21733319759368896,0.2607882022857666,-0.18949390947818756,0.21733319759368896,0.3277108073234558,-0.23044747114181519,0.21733319759368896,0.4002160429954529,-0.2604278028011322,0.21733319759368896,0.47651857137680054,-0.2786967158317566,0.21733319759368896,0.5547395944595337,-0.2848043739795685,0.21733319759368896,0.6329530477523804,-0.27860039472579956,0.21733319759368896,0.7092329859733582,-0.2602374851703644,0.21733319759368896,1.0362056493759155,1.5707963705062866,0.9508038759231567,0.20000000298023224,8.060001722637857,14.999998606075902,-0.07616326299015712,38675.0
6.3198,0.0107,1,1,-0.9078447222709656,0.16057167947292328,0.5712404847145081,-0.7855088710784912,0.1512228548526764,0.8004478812217712,0.1238919049501419,-0.7579138278961182,0.13113552331924438,0.9895687699317932,0.024148646742105484,0.11970707029104233,0.07641155272722244,-1.4177770826713962,-0.08326660270187762,0.049443670393111885,3.896923428839057,13.487091403616942,9.291839739683729,0.259979784488678,0.12233585119247437,-0.009348824620246887,0.22920739650726318,0.1238919049501419,-0.7579138278961182,0.13113552331924438,0.024148646742105484,0.11970707029104233,0.07641155272722244,0.9895687699317932,-1.4177770614624023,-0.08326660096645355,0.049443669617176056,0.12233585119247437,-0.009348824620246887,0.22920739650726318,0.16542965173721313,-0.07491372525691986,0.22920739650726318,0.21824944019317627,-0.13293007016181946,0.22920739650726318,0.2794947624206543,-0.1819692999124527,0.22920739650726318,0.3476574420928955,-0.22082389891147614,0.22920739650726318,0.42105910181999207,-0.24853713810443878,0.22920739650726318,0.4978923797607422,-0.26442664861679077,0.22920739650726318,0.5762653350830078,-0.26810112595558167,0.22920739650726318,0.6542482972145081,-0.2594701647758484,0.22920739650726318,0.7299209237098694,-0.23874621093273163,0.22920739650726318,0.7731095552444458,1.5707963705062866,0.8415356874465942,0.20000000298023224,11.530000861318928,14.999999303037951,0.4080106944344661,38675.0
6.3399,0.0108,1,1,-0.907001793384552,0.14721475541591644,0.5877239108085632,-0.7776550650596619,0.13746675848960876,0.8004478812217712,0.17588301002979279,-0.7605454325675964,0.1693088412284851,0.9897125959396362,0.010280998423695564,0.11848152428865433,0.07952023297548294,-0.38013824912785177,-0.12303732663711785,0.0025717483457365934,2.309760609016959,13.46729097737648,9.460056655579006,0.2491527497768402,0.12934672832489014,-0.009747996926307678,0.212723970413208,0.17588301002979279,-0.7605454325675964,0.1693088412284851,0.010280998423695564,0.11848152428865433,0.07952023297548294,0.9897125959396362,-0.38013824820518494,-0.12303732335567474,0.002571748336777091,0.12934672832489014,-0.009747996926307678,0.212723970413208,0.17449569702148438,-0.07391494512557983,0.212723970413208,0.22912675142288208,-0.13022902607917786,0.212723970413208,0.29189467430114746,-0.17730361223220825,0.212723970413208,0.36125391721725464,-0.213979572057724,0.212723970413208,0.43549662828445435,-0.23935380578041077,0.212723970413208,0.5127946734428406,-0.2528015375137329,0.212723970413208,0.5912447571754456,-0.25399160385131836,0.212723970413208,0.6689151525497437,-0.2428947389125824,0.212723970413208,0.7438933253288269,-0.21978417038917542,0.212723970413208,0.05569195747375488,1.5707963705062866,0.8688825368881226,0.20000000298023224,7.360457488693573,14.999999651518976,0.744444526225031,38675.0
6.3596,0.0104,1,1,-0.90675288438797,0.13142001628875732,0.5782065987586975,-0.7695506811141968,0.12425147742033005,0.8004478812217712,0.22060489654541016,-0.7629569172859192,0.12961336970329285,0.9895934462547302,0.0092526376247406,0.11874385923147202,0.08072848618030548,0.8540299552176623,-0.022742426152192338,0.018971323469612885,2.209333816994788,13.504538537451879,9.589024017232667,0.2612795829772949,0.1372022032737732,-0.007168538868427277,0.22224128246307373,0.22060489654541016,-0.7629569172859192,0.12961336970329285,0.0092526376247406,0.11874385923147202,0.08072848618030548,0.9895934462547302,0.8540299534797668,-0.02274242602288723,0.01897132396697998,0.1372022032737732,-0.007168538868427277,0.22224128246307373,0.18431878089904785,-0.06990497559309006,0.22224128246307373,0.2406693696975708,-0.12449837476015091,0.22224128246307373,0.3048664927482605,-0.16960445046424866,0.22224128246307373,0.3753293752670288,-0.20411255955696106,0.22224128246307373,0.4503230154514313,-0.22717300057411194,0.22224128246307373,0.5280008316040039,-0.23821792006492615,0.22224128246307373,0.606450080871582,-0.23697538673877716,0.22224128246307373,0.6837391257286072,-0.22347599267959595,0.22224128246307373,0.7579648494720459,-0.19805210828781128,0.22224128246307373,-0.9615845680236816,1.5707963705062866,0.6778925657272339,0.20000000298023224,-3.8197712556532135,14.999999825759488,1.002379249532332,38675.0
6.3798,0.0103,1,1,-0.9063437581062317,0.11992229521274567,0.5978111028671265,-0.7608916163444519,0.11107474565505981,0.8004478812217712,0.275147944688797,-0.7501763701438904,0.2136479765176773,0.9895284175872803,0.017573583871126175,0.1192055195569992,0.07945303618907928,1.1375018816517677,0.07059243598186558,-0.021605451942621055,3.166843457916806,13.480943916597722,9.555662299476646,0.24959219992160797,0.14545214176177979,-0.008847549557685852,0.20263677835464478,0.275147944688797,-0.7501763701438904,0.2136479765176773,0.017573583871126175,0.1192055195569992,0.07945303618907928,0.9895284175872803,1.137501835823059,0.07059243321418762,-0.02160545252263546,0.14545214176177979,-0.008847549557685852,0.20263677835464478,0.1945233941078186,-0.07006718218326569,0.20263677835464478,0.2525673508644104,-0.12285666912794113,0.20263677835464478,0.3181547522544861,-0.16591615974903107,0.20263677835464478,0.3896706700325012,-0.19818536937236786,0.20263677835464478,0.46535414457321167,-0.21886974573135376,0.20263677835464478,0.5433415770530701,-0.22745996713638306,0.20263677835464478,0.6217126846313477,-0.2237444967031479,0.20263677835464478,0.6985375881195068,-0.20781484246253967,0.20263677835464478,0.7719247937202454,-0.18006321787834167,0.20263677835464478,-1.3982230424880981,1.5707963705062866,0.7771915197372437,0.20000000298023224,-9.409885627826608,14.999999912879744,0.9356558140203131,38675.0
6.3999,0.0106,1,1,-0.9038997292518616,0.10564208030700684,0.5906746983528137,-0.7517733573913574,0.098111592233181,0.8004478812217712,0.31490474939346313,-0.7463250160217285,0.15921059250831604,0.9892600178718567,0.026948625221848488,0.12064090371131897,0.0779881477355957,0.4121162890750327,-0.05264072454153555,0.027573860181003034,4.25551019535689,13.561390917577416,9.521357681879897,0.2592372000217438,0.15212637186050415,-0.007530488073825836,0.20977318286895752,0.31490474939346313,-0.7463250160217285,0.15921059250831604,0.026948625221848488,0.12064090371131897,0.0779881477355957,0.9892600178718567,0.41211628913879395,-0.052640724927186966,0.027573859319090843,0.15212637186050415,-0.007530488073825836,0.20977318286895752,0.20311319828033447,-0.06716412305831909,0.20977318286895752,0.2628011107444763,-0.11808745563030243,0.20977318286895752,0.32972025871276855,-0.15904660522937775,0.20977318286895752,0.40222299098968506,-0.18903300166130066,0.20977318286895752,0.47852399945259094,-0.2073083072900772,0.20977318286895752,0.5567445158958435,-0.213422492146492,0.20977318286895752,0.6349584460258484,-0.2072250247001648,0.20977318286895752,0.7112399339675903,-0.18886850774288177,0.20977318286895752,0.7837107181549072,-0.15880492329597473,0.20977318286895752,-1.1690092086791992,1.5707963705062866,0.7165213823318481,0.20000000298023224,-12.204942813913304,14.999999956439872,0.8670465788267758,38675.0
6.4203,0.0099,1,1,-0.897172749042511,0.09067627042531967,0.5938389301300049,-0.7422237396240234,0.08541157096624374,0.8004478812217712,0.36125361919403076,-0.7523078918457031,0.15514039993286133,0.989202082157135,0.026061538606882095,0.12138606607913971,0.07786779850721359,-0.9736948377426288,0.12853951731776242,-0.021346546911584118,4.158414381831397,13.656000542902714,9.49995094916876,0.2583102285861969,0.15494900941848755,-0.005264699459075928,0.20660895109176636,0.36125361919403076,-0.7523078918457031,0.15514039993286133,0.026061538606882095,0.12138606607913971,0.07786779850721359,0.989202082157135,-0.9736948609352112,0.12853951752185822,-0.021346546709537506,0.15494900941848755,-0.005264699459075928,0.20660895109176636,0.20780503749847412,-0.06324808299541473,0.20660895109176636,0.26908087730407715,-0.11224908381700516,0.20660895109176636,0.33726781606674194,-0.15106114745140076,0.20660895109176636,0.410686731338501,-0.17872858047485352,0.20660895109176636,0.4875299334526062,-0.1945701539516449,0.20660895109176636,0.5659052133560181,-0.19819574058055878,0.20660895109176636,0.6438827514648438,-0.1895160973072052,0.20660895109176636,0.719542384147644,-0.16874495148658752,0.20660895109176636,0.7910212874412537,-0.13639375567436218,0.20660895109176636,-0.5086072683334351,1.5707963705062866,0.801965594291687,0.20000000298023224,-13.602471406956653,14.999999978219936,0.8242331134045039,38675.0
6.4402,0.0085,1,1,-0.8887815475463867,0.08140015602111816,0.6257448792457581,-0.7324970364570618,0.07328886538743973,0.8004478812217712,0.43391141295433044,-0.7345097661018372,0.3703537881374359,0.9895682334899902,0.010251800529658794,0.11968013644218445,0.0795249417424202,-1.9850287969616198,-0.073307562002715,0.009768399977004988,2.3188303383837128,13.605344439753887,9.465836462434693,0.23454590141773224,0.15628451108932495,-0.008111290633678436,0.17470300197601318,0.43391141295433044,-0.7345097661018372,0.3703537881374359,0.010251800529658794,0.11968013644218445,0.0795249417424202,0.9895682334899902,-1.9850287437438965,-0.07330755889415741,0.009768400341272354,0.15628451108932495,-0.008111290633678436,0.17470300197601318,0.2109171748161316,-0.0644238293170929,0.17470300197601318,0.2736864686012268,-0.11149662733078003,0.17470300197601318,0.34304672479629517,-0.148170605301857,0.17470300197601318,0.4172901511192322,-0.17354273796081543,0.17470300197601318,0.49458858370780945,-0.18698826432228088,0.17470300197601318,0.5730386972427368,-0.18817609548568726,0.17470300197601318,0.650708794593811,-0.1770770251750946,0.17470300197601318,0.7256863117218018,-0.1539643108844757,0.17470300197601318,0.7961251139640808,-0.11940710246562958,0.17470300197601318,0.33113908767700195,1.5707963705062866,1.1468983888626099,0.20000000298023224,0.6987642965216736,14.999999989109968,0.7560041399363954,38675.0
6.4599,0.0105,1,1,-0.8797237277030945,0.06647250801324844,0.6330901384353638,-0.7222795486450195,0.06133982539176941,0.8004478812217712,0.4797861576080322,-0.7385953068733215,0.36679258942604065,0.989628255367279,-0.010234701447188854,0.11751608550548553,0.08197072148323059,-2.1990056679081618,-0.06855487639898118,-0.022106871080423335,-0.05842570293808491,13.548735313682405,9.463020393532041,0.2298339158296585,0.15744417905807495,-0.005132682621479034,0.16735774278640747,0.4797861576080322,-0.7385953068733215,0.36679258942604065,-0.010234701447188854,0.11751608550548553,0.08197072148323059,0.989628255367279,-2.199005603790283,-0.06855487823486328,-0.022106871008872986,0.15744417905807495,-0.005132682621479034,0.16735774278640747,0.21382027864456177,-0.059699736535549164,0.16735774278640747,0.27803850173950195,-0.1047758162021637,0.16735774278640747,0.3485175371170044,-0.1392509937286377,0.16735774278640747,0.42352190613746643,-0.16227638721466064,0.16735774278640747,0.5012048482894897,-0.17328500747680664,0.16735774278640747,0.5796535015106201,-0.1720058023929596,0.16735774278640747,0.6569362878799438,-0.1584702879190445,0.16735774278640747,0.7311500906944275,-0.13301172852516174,0.16735774278640747,0.8004676103591919,-0.09625700861215591,0.16735774278640747,0.47380006313323975,1.5707963705062866,1.1448668241500854,0.20000000298023224,7.849382148260837,14.999999994554983,0.7503720021310728,38675.0
6.4801,0.0107,1,1,-0.8890370726585388,0.06327506899833679,0.6305458545684814,-0.7116048336029053,0.04962581768631935,0.8004478812217712,0.42136743664741516,-0.6684018969535828,0.2549297511577606,0.9896407127380371,-0.03387616202235222,0.11083230376243591,0.08472226560115814,-1.2338382719759668,-0.20966815926365967,0.004313303035019521,-2.8397153931106844,13.009255526359336,9.462357847339865,0.2460390329360962,0.17743223905563354,-0.01364925131201744,0.1699020266532898,0.42136743664741516,-0.6684018969535828,0.2549297511577606,-0.03387616202235222,0.11083230376243591,0.08472226560115814,0.9896407127380371,-1.2338383197784424,-0.20966815948486328,0.004313303157687187,0.17743223905563354,-0.01364925131201744,0.1699020266532898,0.23550945520401,-0.06640218943357468,0.1699020266532898,0.3011239171028137,-0.10942038893699646,0.1699020266532898,0.37266016006469727,-0.14164458215236664,0.1699020266532898,0.44835662841796875,-0.1622813194990158,0.1699020266532898,0.5263494253158569,-0.17082244157791138,0.1699020266532898,0.6047181487083435,-0.16705764830112457,0.1699020266532898,0.6815330982208252,-0.15107963979244232,0.1699020266532898,0.7549027800559998,-0.12328183650970459,0.1699020266532898,0.8230206370353699,-0.08434873074293137,0.1699020266532898,1.0025197267532349,1.5707963705062866,1.2016369104385376,0.20000000298023224,11.424691074130418,14.999999997277492,0.7490469097467247,38675.0
6.4996,0.01,1,1,-0.878461480140686,0.03446579352021217,0.6124875545501709,-0.7008938193321228,0.03858515992760658,0.8004478812217712,0.4632125198841095,-0.738486647605896,0.12692885100841522,0.9893767833709717,-0.03582456707954407,0.11063282936811447,0.087227001786232,0.4184667298523812,0.04982595052283595,-0.07294511410073362,-3.0350762488149234,13.012571819803926,9.730506179438756,0.25860458612442017,0.17756766080856323,0.004119366407394409,0.18796032667160034,0.4632125198841095,-0.738486647605896,0.12692885100841522,-0.03582456707954407,0.11063282936811447,0.087227001786232,0.9893767833709717,0.418466717004776,0.04982595145702362,-0.07294511049985886,0.17756766080856323,0.004119366407394409,0.18796032667160034,0.23724013566970825,-0.04682207480072975,0.18796032667160034,0.3041468858718872,-0.08780151605606079,0.18796032667160034,0.3766404986381531,-0.11780990660190582,0.18796032667160034,0.45293596386909485,-0.13610835373401642,0.18796032667160034,0.5311546325683594,-0.14224626123905182,0.18796032667160034,0.6093704104423523,-0.13607251644134521,0.18796032667160034,0.6856575012207031,-0.11773914098739624,0.18796032667160034,0.7581373453140259,-0.08769754320383072,0.18796032667160034,0.8250253200531006,-0.04668745771050453,0.18796032667160034,-1.4941775798797607,1.5707963705062866,0.6720641851425171,0.20000000298023224,-1.7876544629347908,14.999999998638746,1.285343573944531,38675.0
6.5195,0.01,1,1,-0.8766210675239563,0.022737082093954086,0.6290574073791504,-0.6896581053733826,0.027700630947947502,0.8004478812217712,0.5053943395614624,-0.7031686902046204,0.19236475229263306,0.9896807670593262,-0.029315883293747902,0.11047351360321045,0.08640701323747635,1.7466326030318142,-0.12254444209837143,0.003941452145810427,-2.2894625457354647,12.928398079513101,9.719993218897697,0.25368183851242065,0.18696296215057373,0.004963548853993416,0.17139047384262085,0.5053943395614624,-0.7031686902046204,0.19236475229263306,-0.029315883293747902,0.11047351360321045,0.08640701323747635,0.9896807670593262,1.7466325759887695,-0.12254444509744644,0.003941452130675316,0.18696296215057373,0.004963548853993416,0.17139047384262085,0.24819976091384888,-0.044086240231990814,0.17139047384262085,0.31635570526123047,-0.0829525962471962,0.17139047384262085,0.3897526264190674,-0.11067849397659302,0.17139047384262085,0.46658316254615784,-0.12658125162124634,0.17139047384262085,0.5449554920196533,-0.13026925921440125,0.17139047384262085,0.622939944267273,-0.12165172398090363,0.17139047384262085,0.6986161470413208,-0.10094083845615387,0.17139047384262085,0.7701207399368286,-0.06864657998085022,0.17139047384262085,0.8356931209564209,-0.025564119219779968,0.17139047384262085,-1.5707963705062866,1.5707963705062866,0.6376827955245972,0.20000000298023224,-8.393827231467395,14.999999999319373,1.2643176528624032,38675.0
6.5397,0.0105,1,1,-0.8704198002815247,0.009190825745463371,0.6220883727073669,-0.6779303550720215,0.017034471035003662,0.8004478812217712,0.5412224531173706,-0.6837785243988037,0.15621016919612885,0.990106999874115,-0.012481007725000381,0.11154806613922119,0.08418641239404678,1.49250125495933,-0.028250063829503975,-0.02221145840985779,-0.34874219418041613,12.884740696764148,9.680665557882026,0.26253727078437805,0.19248944520950317,0.00784364528954029,0.1783595085144043,0.5412224531173706,-0.6837785243988037,0.15621016919612885,-0.012481007725000381,0.11154806613922119,0.08418641239404678,0.990106999874115,1.4925012588500977,-0.028250064700841904,-0.022211458534002304,0.19248944520950317,0.00784364528954029,0.1783595085144043,0.25525039434432983,-0.03924020007252693,0.1783595085144043,0.3246042728424072,-0.07592638581991196,0.1783595085144043,0.3988431990146637,-0.1013115718960762,0.1783595085144043,0.47613927721977234,-0.11477068811655045,0.1783595085144043,0.5545891523361206,-0.11597234010696411,0.1783595085144043,0.6322611570358276,-0.10488692671060562,0.1783595085144043,0.7072427868843079,-0.08178741484880447,0.1783595085144043,0.777687668800354,-0.047242581844329834,0.1783595085144043,0.8418613076210022,-0.002103046514093876,0.1783595085144043,-1.5707963705062866,1.5707963705062866,0.5564414262771606,0.20000000298023224,-11.696913615733697,14.999999999659686,1.1856623308310432,38675.0
6.5597,0.0105,1,1,-0.8595775961875916,0.0026534420903772116,0.6479480862617493,-0.6659843325614929,0.006839615758508444,0.8004478812217712,0.5954628586769104,-0.6321877837181091,0.29935431480407715,0.9902936816215515,-0.0054351091384887695,0.11152078956365585,0.08276543021202087,-0.08896883006990078,0.06960230181689855,-0.06557896865076417,0.4521802949615986,12.813387724395254,9.605728430109023,0.246479332447052,0.19359326362609863,0.004186173900961876,0.15249979496002197,0.5954628586769104,-0.6321877837181091,0.29935431480407715,-0.0054351091384887695,0.11152078956365585,0.08276543021202087,0.9902936816215515,-0.08896882832050323,0.06960230320692062,-0.06557896733283997,0.19359326362609863,0.004186173900961876,0.15249979496002197,0.25780200958251953,-0.04090338200330734,0.15249979496002197,0.3282737731933594,-0.07539334893226624,0.15249979496002197,0.4032733738422394,-0.09843447059392929,0.15249979496002197,0.48095402121543884,-0.10945940017700195,0.15249979496002197,0.5594029426574707,-0.1081966683268547,0.15249979496002197,0.6366884708404541,-0.09467736631631851,0.15249979496002197,0.7109076976776123,-0.06923437863588333,0.15249979496002197,0.7802329063415527,-0.032494205981492996,0.15249979496002197,0.8429571986198425,0.014638490974903107,0.15249979496002197,-1.4830305576324463,1.5707963705062866,1.0863696336746216,0.20000000298023224,-13.34845680786685,14.999999999829843,1.035788075285025,38675.0
6.5799,0.0106,1,1,-0.8562182784080505,-0.008897855877876282,0.6377628445625305,-0.6535921096801758,-0.003077206201851368,0.8004478812217712,0.6030746698379517,-0.6205112934112549,0.19385425746440887,0.9902806878089905,-0.009625278413295746,0.11106059700250626,0.08315733075141907,-1.3260218620543511,0.06596780681467256,-0.08658550895374002,-0.03481000132036846,12.800861132544142,9.596207156734241,0.25991857051849365,0.20262616872787476,0.005820649676024914,0.16268503665924072,0.6030746698379517,-0.6205112934112549,0.19385425746440887,-0.009625278413295746,0.11106059700250626,0.08315733075141907,0.9902806878089905,-1.3260219097137451,0.06596780568361282,-0.08658550679683685,0.20262616872787476,0.005820649676024914,0.16268503665924072,0.26823365688323975,-0.03720824420452118,0.16268503665924072,0.33976465463638306,-0.06944410502910614,0.16268503665924072,0.41545775532722473,-0.09009318053722382,0.16268503665924072,0.4934491515159607,-0.09864702075719833,0.16268503665924072,0.571818470954895,-0.09489500522613525,0.16268503665924072,0.6486360430717468,-0.07892952114343643,0.16268503665924072,0.7220102548599243,-0.05114368721842766,0.16268503665924072,0.7901344299316406,-0.01222168281674385,0.16268503665924072,0.8513311743736267,0.03687810152769089,0.16268503665924072,-0.7184450626373291,1.5707963705062866,0.9687157869338989,0.20000000298023224,-14.174228403933425,14.999999999914921,1.0167455285354854,38675.0
6.5999,0.0104,1,1,-0.8506254553794861,-0.009975729510188103,0.65381920337677,-0.6409826874732971,-0.012529503554105759,0.8004478812217712,0.6392486095428467,-0.5506647825241089,0.24971051514148712,0.9899897575378418,-0.02821054682135582,0.10897911339998245,0.08512327820062637,-1.7787985289939003,0.14301815876862808,-0.10077940022742737,-2.191811496665006,12.743052147191879,9.584067178881513,0.2558448314666748,0.20964276790618896,-0.002553774043917656,0.14662867784500122,0.6392486095428467,-0.5506647825241089,0.24971051514148712,-0.02821054682135582,0.10897911339998245,0.08512327820062637,0.9899897575378418,-1.7787985801696777,0.14301815629005432,-0.10077939927577972,0.20964276790618896,-0.002553774043917656,0.14662867784500122,0.27657371759414673,-0.04349374771118164,0.14662867784500122,0.3490850329399109,-0.07345937192440033,0.14662867784500122,0.4253912568092346,-0.09171281009912491,0.14662867784500122,0.5036134719848633,-0.09780459105968475,0.14662867784500122,0.5818256139755249,-0.091584712266922,0.14662867784500122,0.6581019163131714,-0.0732063353061676,0.14662867784500122,0.7305640578269958,-0.04312199354171753,0.14662867784500122,0.7974278330802917,-0.002072462812066078,0.14662867784500122,0.8570468425750732,0.04893147945404053,0.14662867784500122,0.6732715368270874,1.5707963705062866,1.2347396612167358,0.20000000298023224,0.4128857980332885,14.99999999995746,0.9924655728300513,38675.0
6.62,0.0108,1,1,-0.842438817024231,-0.019666887819767,0.6471980214118958,-0.6281337141990662,-0.02154441736638546,0.8004478812217712,0.6662047505378723,-0.5309255123138428,0.18961365520954132,0.9892643690109253,-0.04677581414580345,0.10792630910873413,0.08670587092638016,-1.659156150180145,-0.03807107788279484,-0.0900580712781216,-4.3422976694557835,12.80577471061533,9.530444321682715,0.2634686529636383,0.2143051028251648,-0.0018775295466184616,0.1532498598098755,0.6662047505378723,-0.5309255123138428,0.18961365520954132,-0.04677581414580345,0.10792630910873413,0.08670587092638016,0.9892643690109253,-1.6591562032699585,-0.038071077316999435,-0.09005807340145111,0.2143051028251648,-0.0018775295466184616,0.1532498598098755,0.28248804807662964,-0.04069649055600166,0.1532498598098755,0.355904221534729,-0.06837136298418045,0.1532498598098755,0.4327458143234253,-0.08422069251537323,0.1532498598098755,0.5111206769943237,-0.08785421401262283,0.1532498598098755,0.589099109172821,-0.079182468354702,0.1532498598098755,0.664760947227478,-0.05841897428035736,0.1532498598098755,0.7362430691719055,-0.026075005531311035,0.1532498598098755,0.801785409450531,0.0170530304312706,0.1532498598098755,0.8597741723060608,0.0699031725525856,0.1532498598098755,0.8436089754104614,1.5707963705062866,1.1375449895858765,0.20000000298023224,7.706442899016644,14.99999999997873,0.8852198584324176,38675.0
6.6398,0.0103,1,1,-0.8338148593902588,-0.03042575530707836,0.64581698179245,-0.6151481866836548,-0.030062831938266754,0.8004478812217712,0.6933456063270569,-0.512932538986206,0.16330094635486603,0.9883370399475098,-0.06607610732316971,0.10492720454931259,0.08838579058647156,-0.47151540073864645,-0.02060330650501884,-0.06383410295524708,-6.595152957403124,12.655429254187105,9.488433765441975,0.26781702041625977,0.218666672706604,0.00036292336881160736,0.1546308994293213,0.6933456063270569,-0.512932538986206,0.16330094635486603,-0.06607610732316971,0.10492720454931259,0.08838579058647156,0.9883370399475098,-0.47151538729667664,-0.020603306591510773,-0.06383410096168518,0.218666672706604,0.00036292336881160736,0.1546308994293213,0.28802239894866943,-0.03631976991891861,0.1546308994293213,0.3622626066207886,-0.061701223254203796,0.1546308994293213,0.43955934047698975,-0.07515646517276764,0.1546308994293213,0.5180093050003052,-0.07635416835546494,0.1546308994293213,0.5956807732582092,-0.06526485085487366,0.1546308994293213,0.670661211013794,-0.042161568999290466,0.1546308994293213,0.7411043643951416,-0.007613198831677437,0.1546308994293213,0.8052757382392883,0.037529561668634415,0.1546308994293213,0.861595094203949,0.09215515106916428,0.1546308994293213,0.23659086227416992,1.5707963705062866,1.0462514162063599,0.20000000298023224,10.631050389343756,14.999999999989365,0.8011987459509651,38675.0
6.6604,0.0107,1,1,-0.8108068108558655,-0.06702017784118652,0.6505537033081055,-0.6016455888748169,-0.03832671046257019,0.8004478812217712,0.7663199305534363,-0.6197726726531982,0.20935635268688202,0.9890785813331604,-0.05149242654442787,0.1053650826215744,0.08926483243703842,0.9207574537004152,-0.15762807741647786,-0.09167139762173479,-4.881121201422939,12.56937750657901,9.776097587516245,0.258920818567276,0.20916122198104858,0.028693467378616333,0.14989417791366577,0.7663199305534363,-0.6197726726531982,0.20935635268688202,-0.05149242654442787,0.1053650826215744,0.08926483243703842,0.9890785813331604,0.9207574725151062,-0.15762807428836823,-0.0916713997721672,0.20916122198104858,0.028693467378616333,0.14989417791366577,0.2796434164047241,-0.005775220692157745,0.14989417791366577,0.35464993119239807,-0.02879370003938675,0.14989417791366577,0.43233388662338257,-0.03979518264532089,0.14989417791366577,0.5107824206352234,-0.038508765399456024,0.14989417791366577,0.5880638957023621,-0.024966128170490265,0.14989417791366577,0.6622753739356995,0.0004992634057998657,0.14989417791366577,0.7315895557403564,0.03726036846637726,0.14989417791366577,0.7942996025085449,0.08441200107336044,0.14989417791366577,0.8488614559173584,0.14079314470291138,0.14989417791366577,-1.5707963705062866,1.5707963705062866,0.6549063920974731,0.20000000298023224,-2.184474805328122,14.999999999994682,1.3765263900994786,38675.0
6.6798,0.0108,1,1,-0.8066403269767761,-0.08373039960861206,0.6498817801475525,-0.5880900025367737,-0.04604823514819145,0.8004478812217712,0.7859421372413635,-0.6162195801734924,0.19492629170417786,0.9898502826690674,-0.0399344302713871,0.1050015389919281,0.08703064918518066,1.9119071818596414,-0.0671531548487316,-0.07752735739470236,-3.5680798403109106,12.405122481803136,9.661472186463186,0.26805660128593445,0.21855032444000244,0.03768216446042061,0.15056610107421875,0.7859421372413635,-0.6162195801734924,0.19492629170417786,-0.0399344302713871,0.1050015389919281,0.08703064918518066,0.9898502826690674,1.9119071960449219,-0.06715315580368042,-0.07752735912799835,0.21855032444000244,0.03768216446042061,0.15056610107421875,0.2900735139846802,0.005429103970527649,0.15056610107421875,0.3657616674900055,-0.015238173305988312,0.15056610107421875,0.4437510073184967,-0.023810774087905884,0.15056610107421875,0.522121250629425,-0.020077601075172424,0.15056610107421875,0.5989426374435425,-0.004130594432353973,0.15056610107421875,0.6723235249519348,0.023637596517801285,0.15056610107421875,0.7404571175575256,0.06254321336746216,0.15056610107421875,0.8016656637191772,0.11162827908992767,0.15056610107421875,0.8544420003890991,0.16968414187431335,0.15056610107421875,-1.5707963705062866,1.5707963705062866,0.4552823305130005,0.20000000298023224,-8.592237402664061,14.99999999999734,1.1472755879933862,38675.0
6.7001,0.0098,1,1,-0.7974291443824768,-0.08936070650815964,0.6714063882827759,-0.5740769505500793,-0.053456660360097885,0.8004478812217712,0.8173530101776123,-0.5627354383468628,0.25621259212493896,0.9906149506568909,-0.023670990020036697,0.10487821698188782,0.08438204228878021,1.5243488000130971,0.09875459885064013,-0.06682189922101778,-1.7120048079097097,12.226841891380518,9.554172634124855,0.26043617725372314,0.22335219383239746,0.03590404614806175,0.12904149293899536,0.8173530101776123,-0.5627354383468628,0.25621259212493896,-0.023670990020036697,0.10487821698188782,0.08438204228878021,0.9906149506568909,1.5243488550186157,0.09875459969043732,-0.06682189553976059,0.22335219383239746,0.03590404614806175,0.12904149293899536,0.29586178064346313,0.005934320390224457,0.12904149293899536,0.3721669912338257,-0.012323431670665741,0.12904149293899536,0.45038890838623047,-0.01841963827610016,0.12904149293899536,0.5286014080047607,-0.012204177677631378,0.12904149293899536,0.6048787236213684,0.0061698853969573975,0.12904149293899536,0.6773425340652466,0.03625012934207916,0.12904149293899536,0.7442086338996887,0.07729587703943253,0.12904149293899536,0.8038305640220642,0.12829644978046417,0.12904149293899536,0.8547401428222656,0.1879960298538208,0.12904149293899536,-1.5707963705062866,1.5707963705062866,0.6902860403060913,0.20000000298023224,-11.79611870133203,14.999999999998671,0.9326764833167223,38675.0
6.7199,0.0107,1,1,-0.7746283411979675,-0.11027257144451141,0.6679574251174927,-0.5600200295448303,-0.0603308267891407,0.8004478812217712,0.8843165040016174,-0.599419891834259,0.20006190240383148,0.9904991388320923,-0.013125383295118809,0.10808537155389786,0.08399266749620438,0.1905403542740586,0.1133372367420734,-0.07220224195941283,-0.4603681222085007,12.493086357446767,9.643570739245819,0.257108211517334,0.2146083116531372,0.04994174465537071,0.13249045610427856,0.8843165040016174,-0.599419891834259,0.20006190240383148,-0.013125383295118809,0.10808537155389786,0.08399266749620438,0.9904991388320923,0.1905403584241867,0.11333723366260529,-0.07220224291086197,0.2146083116531372,0.04994174465537071,0.13249045610427856,0.28802019357681274,0.022255636751651764,0.13249045610427856,0.36485934257507324,0.006394535303115845,0.13249045610427856,0.4432336986064911,0.002749010920524597,0.13249045610427856,0.5212134122848511,0.011408813297748566,0.13249045610427856,0.5968784093856812,0.03216071426868439,0.13249045610427856,0.668365478515625,0.06449373811483383,0.13249045610427856,0.7339144945144653,0.10761173814535141,0.13249045610427856,0.7919113039970398,0.16045299172401428,0.13249045610427856,0.8409278988838196,0.22171640396118164,0.13249045610427856,-1.5707963705062866,1.5707963705062866,0.554139256477356,0.20000000298023224,-13.398059350666015,14.999999999999336,1.1114726935586245,38675.0
6.7402,0.0098,1,1,-0.7656985521316528,-0.1273076981306076,0.6765459775924683,-0.5456591844558716,-0.06680312752723694,0.8004478812217712,0.8959171175956726,-0.6194970011711121,0.22878317534923553,0.9905077219009399,-0.009990043006837368,0.10763227939605713,0.08489950746297836,-1.1044323451318176,0.15541337600921115,-0.1254623928033656,-0.0888551116601687,12.41068768015618,9.788371019652121,0.25967249274253845,0.22003936767578125,0.060504570603370667,0.12390190362930298,0.8959171175956726,-0.6194970011711121,0.22878317534923553,-0.009990043006837368,0.10763227939605713,0.08489950746297836,0.9905077219009399,-1.1044323444366455,0.15541337430477142,-0.1254623979330063,0.22003936767578125,0.060504570603370667,0.12390190362930298,0.29428696632385254,0.035144686698913574,0.12390190362930298,0.3715876340866089,0.02171190083026886,0.12390190362930298,0.4500379264354706,0.02053697407245636,0.12390190362930298,0.5277061462402344,0.03164885193109512,0.12390190362930298,0.6026799082756042,0.05477391183376312,0.12390190362930298,0.6731130480766296,0.08934274315834045,0.12390190362930298,0.737271249294281,0.13450413942337036,0.12390190362930298,0.7935748100280762,0.18914608657360077,0.12390190362930298,0.8406372666358948,0.2519231140613556,0.12390190362930298,-1.5707963705062866,1.5707963705062866,0.5798484086990356,0.20000000298023224,-14.199029675333009,14.999999999999668,1.4010732543712554,38675.0
6.7609,0.0101,1,1,-0.747419536113739,-0.1396482288837433,0.6810920238494873,-0.5313485860824585,-0.07272219657897949,0.8004478812217712,0.9355045557022095,-0.6128610968589783,0.22417205572128296,0.9902474880218506,-0.024231459945440292,0.10752055794000626,0.08520576357841492,-1.7490104064110916,0.0194645949989552,-0.08905924438890897,-1.7416150963173496,12.537188511748845,9.644449689042787,0.25575685501098633,0.21607095003128052,0.0669260323047638,0.11935585737228394,0.9355045557022095,-0.6128610968589783,0.22417205572128296,-0.024231459945440292,0.10752055794000626,0.08520576357841492,0.9902474880218506,-1.749010443687439,0.01946459524333477,-0.0890592411160469,0.21607095003128052,0.0669260323047638,0.11935585737228394,0.29106831550598145,0.04387768357992172,0.11935585737228394,0.36874788999557495,0.03284527361392975,0.11935585737228394,0.44719696044921875,0.03410045802593231,0.11935585737228394,0.5244837999343872,0.04761231690645218,0.11935585737228394,0.5987054109573364,0.07304815202951431,0.11935585737228394,0.6680341958999634,0.1097816526889801,0.11935585737228394,0.7307630777359009,0.1569083034992218,0.11935585737228394,0.7853473424911499,0.2132677137851715,0.11935585737228394,0.8304430842399597,0.2774721086025238,0.11935585737228394,-1.5707963705062866,1.5707963705062866,0.5256377458572388,0.20000000298023224,-14.599514837666504,14.999999999999833,1.113230593152564,38675.0
6.7803,0.0108,1,1,-0.7259371876716614,-0.14898499846458435,0.7129465937614441,-0.516438364982605,-0.07834745943546295,0.8004478812217712,0.9992084503173828,-0.5833249688148499,0.4482853412628174,0.9897540211677551,-0.04423331469297409,0.10488655418157578,0.08618107438087463,-1.644316350795951,0.12796410807473718,-0.09967340607147428,-4.080014452289535,12.430073021130607,9.50823224070348,0.23777277767658234,0.2094988226890564,0.0706375390291214,0.08750128746032715,0.9992084503173828,-0.5833249688148499,0.4482853412628174,-0.04423331469297409,0.10488655418157578,0.08618107438087463,0.9897540211677551,-1.64431631565094,0.1279641091823578,-0.09967340528964996,0.2094988226890564,0.0706375390291214,0.08750128746032715,0.285192608833313,0.049990929663181305,0.08750128746032715,0.3631843328475952,0.04143962264060974,0.08750128746032715,0.44155353307724,0.04519418627023697,0.08750128746032715,0.518370509147644,0.06116217374801636,0.08750128746032715,0.5917438268661499,0.08895039558410645,0.08750128746032715,0.6598668098449707,0.12787461280822754,0.08750128746032715,0.7210619449615479,0.17697638273239136,0.08750128746032715,0.7738224864006042,0.2350466549396515,0.08750128746032715,0.8168492317199707,0.3006555438041687,0.08750128746032715,-1.5707963705062866,1.5707963705062866,0.6651405096054077,0.20000000298023224,-14.799757418833252,14.999999999999917,0.8407956964739581,38675.0
6.7999,0.0102,1,1,-0.7045697569847107,-0.16098390519618988,0.7223849296569824,-0.5016391277313232,-0.08340311795473099,0.8004478812217712,1.0406825542449951,-0.5626911520957947,0.4485713243484497,0.9889943599700928,-0.05960339680314064,0.1037144660949707,0.08705726265907288,-1.3453778500151017,0.022343232868951672,-0.07477403997934554,-5.868141445723881,12.446262893986317,9.420653155103366,0.23085373640060425,0.20293062925338745,0.07758078724145889,0.07806295156478882,1.0406825542449951,-0.5626911520957947,0.4485713243484497,-0.05960339680314064,0.1037144660949707,0.08705726265907288,0.9889943599700928,-1.345377802848816,0.022343233227729797,-0.07477404177188873,0.20293062925338745,0.07758078724145889,0.07806295156478882,0.27923306822776794,0.05931152403354645,0.07806295156478882,0.3574540317058563,0.0532035157084465,0.07806295156478882,0.435667484998703,0.05940715968608856,0.07806295156478882,0.511947512626648,0.07776971161365509,0.07806295156478882,0.5844159126281738,0.10783901810646057,0.07806295156478882,0.6512882113456726,0.1488746702671051,0.07806295156478882,0.7109178304672241,0.19986623525619507,0.07806295156478882,0.7618364691734314,0.25955814123153687,0.07806295156478882,0.8027902841567993,0.32648056745529175,0.07806295156478882,-1.5707963705062866,1.5707963705062866,0.6284018754959106,0.1915777027606964,-14.899878709416626,14.999999999999957,0.6656375252737292,37528.0
6.8196,0.0104,1,1,-0.6806902885437012,-0.1696072667837143,0.7597371935844421,-0.4867936968803406,-0.08796311914920807,0.8004478812217712,1.1003769636154175,-0.5202051401138306,0.6886488795280457,0.9883558750152588,-0.07286164909601212,0.10079323500394821,0.08765008300542831,-1.1542611543916363,0.09633370219597404,-0.07951607293871903,-7.428953462206618,12.240276798042668,9.338080033724061,0.21428722143173218,0.1938965916633606,0.08164414763450623,0.0407106876373291,1.1003769636154175,-0.5202051401138306,0.6886488795280457,-0.07286164909601212,0.10079323500394821,0.08765008300542831,0.9883558750152588,-1.1542611122131348,0.09633370488882065,-0.07951607555150986,0.1938965916633606,0.08164414763450623,0.0407106876373291,0.27072960138320923,0.06575336307287216,0.0407106876373291,0.34910255670547485,0.06207754462957382,0.0407106876373291,0.42708560824394226,0.07070721685886383,0.0407106876373291,0.5027586221694946,0.09142988175153732,0.0407106876373291,0.5742582082748413,0.12373527884483337,0.0407106876373291,0.6398237943649292,0.1668279469013214,0.0407106876373291,0.6978410482406616,0.21964678168296814,0.0407106876373291,0.7468813061714172,0.2808912396430969,0.0407106876373291,0.7857370376586914,0.3490532636642456,0.0407106876373291,-1.5707963705062866,1.5707963705062866,0.6228374242782593,0.021362630650401115,-14.949939354708313,14.999999999999979,0.5004912825151379,33528.0
6.8404,0.0106,1,1,-0.658215343952179,-0.1797914206981659,0.7734955549240112,-0.4714871346950531,-0.09214366972446442,0.8004478812217712,1.1393424272537231,-0.48949548602104187,0.6885694861412048,0.9874902963638306,-0.08333656936883926,0.10086487233638763,0.08798933774232864,-0.8915027622839493,-0.03702322802357874,0.0011350493994904543,-8.645245406509867,12.349336417081059,9.246583862520847,0.20802880823612213,0.18672820925712585,0.08764775097370148,0.02695232629776001,1.1393424272537231,-0.48949548602104187,0.6885694861412048,-0.08333656936883926,0.10086487233638763,0.08798933774232864,0.9874902963638306,-0.8915027379989624,-0.03702322766184807,0.0011350493878126144,0.18672820925712585,0.08764775097370148,0.02695232629776001,0.2640267610549927,0.07420291006565094,0.02695232629776001,0.34247687458992004,0.07301574945449829,0.02695232629776001,0.4201468527317047,0.08411551266908646,0.02695232629776001,0.4951241910457611,0.10722887516021729,0.02695232629776001,0.5655627250671387,0.14178672432899475,0.02695232629776001,0.6297279596328735,0.1869381070137024,0.02695232629776001,0.6860400438308716,0.24157127737998962,0.02695232629776001,0.7331122756004333,0.3043409585952759,0.02695232629776001,0.7697856426239014,0.3737015724182129,0.02695232629776001,-1.5707963705062866,1.5707963705062866,0.5615526437759399,0.021362630650401115,-14.974969677354157,14.99999999999999,0.3174989401086686,29528.0
6.8597,0.01,1,1,-0.6352512240409851,-0.18936380743980408,0.7872937917709351,-0.4563659131526947,-0.09576725959777832,0.8004478812217712,1.1746991872787476,-0.4550851285457611,0.686038076877594,0.986762285232544,-0.09163496643304825,0.10026855021715164,0.0885855033993721,-0.8009615436498169,0.13436583134782648,-0.0625334400459876,-9.610598751673178,12.363758526053752,9.216415908648441,0.20231978595256805,0.1788853108882904,0.09359654784202576,0.013154089450836182,1.1746991872787476,-0.4550851285457611,0.686038076877594,-0.09163496643304825,0.10026855021715164,0.0885855033993721,0.986762285232544,-0.8009615540504456,0.13436582684516907,-0.062533438205719,0.1788853108882904,0.09359654784202576,0.013154089450836182,0.25656452775001526,0.08256179839372635,0.013154089450836182,0.33501362800598145,0.08381461352109909,0.013154089450836182,0.41230088472366333,0.09732414036989212,0.013154089450836182,0.48652327060699463,0.12275774031877518,0.013154089450836182,0.5558531880378723,0.15948915481567383,0.013154089450836182,0.6185834407806396,0.2066139131784439,0.013154089450836182,0.6731694340705872,0.2629716694355011,0.013154089450836182,0.7182671427726746,0.32717472314834595,0.013154089450836182,0.7527660131454468,0.3976421356201172,0.013154089450836182,-1.5707963705062866,1.5707963705062866,0.5191601514816284,0.021362630650401115,-14.987484838677078,14.999999999999995,0.2571630323638869,29452.0
6.8809,0.0108,1,1,-0.6101834774017334,-0.19650959968566895,0.8225968480110168,-0.4406434893608093,-0.09901326149702072,0.8004478812217712,1.2132701873779297,-0.40763574838638306,0.8187147378921509,0.9860949516296387,-0.10013390332460403,0.09858117997646332,0.0887109711766243,-0.7062271778793547,0.026520388555173347,-0.02794937005589341,-10.613719821107386,12.250532793740911,9.13892962414327,0.1968245953321457,0.16953998804092407,0.09749633818864822,-0.022148966789245605,1.2132701873779297,-0.40763574838638306,0.8187147378921509,-0.10013390332460403,0.09858117997646332,0.0887109711766243,0.9860949516296387,-0.70622718334198,0.026520388200879097,-0.027949370443820953,0.16953998804092407,0.09749633818864822,-0.022148966789245605,0.24753344058990479,0.08896107971668243,-0.022148966789245605,0.32590189576148987,0.0927317664027214,-0.022148966789245605,0.40271562337875366,0.10871555656194687,-0.022148966789245605,0.4760832190513611,0.13651888072490692,-0.022148966789245605,0.5441981554031372,0.17545711994171143,-0.022148966789245605,0.6053831577301025,0.22457148134708405,-0.022148966789245605,0.6581317782402039,0.2826526165008545,-0.022148966789245605,0.7011449933052063,0.34827035665512085,-0.022148966789245605,0.7333638072013855,0.4198089838027954,-0.022148966789245605,-1.5707963705062866,0.2982463836669922,0.38211190700531006,0.021362630650401115,-14.993742419338538,14.999999999999996,0.10219046335353837,29452.0
6.9004,0.0107,1,1,-0.585873007774353,-0.20447635650634766,0.8387895226478577,-0.4252121150493622,-0.10169202089309692,0.8004478812217712,1.2430291175842285,-0.3712472915649414,0.794761061668396,0.9853609204292297,-0.10724589228630066,0.09832435101270676,0.0888398140668869,-0.6807644949600253,0.062309884317232264,-0.07074520155989526,-11.445020264755865,12.28797693319983,9.06758237617083,0.19454209506511688,0.16066089272499084,0.10278433561325073,-0.038341641426086426,1.2430291175842285,-0.3712472915649414,0.794761061668396,-0.10724589228630066,0.09832435101270676,0.0888398140668869,0.9853609204292297,-0.6807644963264465,0.062309883534908295,-0.07074519991874695,0.16066089272499084,0.10278433561325073,-0.038341641426086426,0.23888343572616577,0.09669605642557144,-0.038341641426086426,0.3170953094959259,0.10291943699121475,-0.038341641426086426,0.39337074756622314,0.12130122631788254,-0.038341641426086426,0.4658315181732178,0.15138880908489227,-0.038341641426086426,0.5326935052871704,0.19244134426116943,-0.038341641426086426,0.5923101902008057,0.243447944521904,-0.038341641426086426,0.6432137489318848,0.3031526803970337,-0.038341641426086426,0.684150755405426,0.3700854480266571,-0.038341641426086426,0.7141131162643433,0.4425981044769287,-0.038341641426086426,-1.5707963705062866,-0.49072980880737305,0.3328820466995239,0.021362630650401115,-14.99687120966927,-1.7763568394002505e-15,-0.04050403259132759,29452.0
6.9204,0.0105,1,1,-0.5608020424842834,-0.21136635541915894,0.8596969842910767,-0.40963682532310486,-0.10389462858438492,0.8004478812217712,1.2714784145355225,-0.3317023813724518,0.7944732308387756,0.9847617149353027,-0.11332295089960098,0.09759051352739334,0.08874911814928055,-0.47014733488667276,0.009927291865839141,-0.04247429849486141,-12.161821708986336,12.258428577733206,8.988557727113234,0.1947088986635208,0.1511652171611786,0.10747172683477402,-0.05924910306930542,1.2714784145355225,-0.3317023813724518,0.7944732308387756,-0.11332295089960098,0.09759051352739334,0.08874911814928055,0.9847617149353027,-0.47014734148979187,0.009927291423082352,-0.04247429966926575,0.1511652171611786,0.10747172683477402,-0.05924910306930542,0.22954055666923523,0.10384707897901535,-0.05924910306930542,0.307517945766449,0.11252766102552414,-0.05924910306930542,0.38317739963531494,0.13329970836639404,-0.05924910306930542,0.45465588569641113,0.16565178334712982,-0.05924910306930542,0.520193338394165,0.2087872475385666,-0.05924910306930542,0.5781760811805725,0.2616439461708069,-0.05924910306930542,0.6271764039993286,0.32292041182518005,-0.05924910306930542,0.6659876108169556,0.39110779762268066,-0.05924910306930542,0.6936541795730591,0.46452707052230835,-0.05924910306930542,-1.5707963705062866,-1.2243201732635498,0.25916314125061035,0.021362630650401115,-14.998435604834635,-7.500000000000001,-0.19855333070653533,29452.0
6.94,0.0102,1,1,-0.5356607437133789,-0.21765074133872986,0.8752872943878174,-0.3942699134349823,-0.10558086633682251,0.8004478812217712,1.2967337369918823,-0.2924763262271881,0.7576258778572083,0.9844591021537781,-0.11742577701807022,0.09554731845855713,0.08899576961994171,-0.3952011881218808,-0.3949616034923146,-0.06426938415185292,-12.652276405819102,12.065258935134988,8.988558037389575,0.19532527029514313,0.1413908302783966,0.11206987500190735,-0.07483941316604614,1.2967337369918823,-0.2924763262271881,0.7576258778572083,-0.11742577701807022,0.09554731845855713,0.08899576961994171,0.9844591021537781,-0.395201176404953,-0.3949615955352783,-0.06426938623189926,0.1413908302783966,0.11206987500190735,-0.07483941316604614,0.21984076499938965,0.11086990684270859,-0.07483941316604614,0.2975125312805176,0.1219569742679596,-0.07483941316604614,0.3724936842918396,0.14505809545516968,-0.07483941316604614,0.44293782114982605,0.1796044260263443,-0.07483941316604614,0.5071104764938354,0.22474533319473267,-0.07483941316604614,0.563431441783905,0.2793692946434021,-0.07483941316604614,0.6105139255523682,0.34213128685951233,-0.07483941316604614,0.6471986770629883,0.4114859104156494,-0.07483941316604614,0.6725822687149048,0.48572540283203125,-0.07483941316604614,-1.5707963705062866,-1.5707963705062866,0.2607306241989136,0.021362630650401115,-14.999217802417316,-11.25,-0.19855271015385478,29452.0
6.9595,0.0102,1,1,-0.510833740234375,-0.2236209213733673,0.8850203156471252,-0.37871435284614563,-0.10680027306079865,0.8004478812217712,1.3171969652175903,-0.2558653652667999,0.6879888772964478,0.9848942160606384,-0.11942294239997864,0.08763902634382248,0.08966012299060822,-0.15693708698214318,-1.3227144822965817,-0.0718586858564142,-12.930907321942945,11.188957593200993,9.131195714984976,0.1955890953540802,0.13211938738822937,0.11682064831256866,-0.084572434425354,1.3171969652175903,-0.2558653652667999,0.6879888772964478,-0.11942294239997864,0.08763902634382248,0.08966012299060822,0.9848942160606384,-0.15693709254264832,-1.3227144479751587,-0.07185868918895721,0.13211938738822937,0.11682064831256866,-0.084572434425354,0.21056854724884033,0.1180691123008728,-0.084572434425354,0.2878565788269043,0.1315743625164032,-0.084572434425354,0.36208033561706543,0.15700383484363556,-0.084572434425354,0.4314122796058655,0.1937313973903656,-0.084572434425354,0.49414515495300293,0.24085268378257751,-0.084572434425354,0.5487343072891235,0.29720741510391235,-0.084572434425354,0.5938355326652527,0.36140793561935425,-0.084572434425354,0.6283383369445801,0.4318734407424927,-0.084572434425354,0.6513930559158325,0.506868839263916,-0.084572434425354,-1.5707963705062866,-1.5707963705062866,0.3246113061904907,0.021362630650401115,-14.999608901208658,-13.125,0.08672264503695656,29452.0
6.9797,0.0095,1,1,-0.48509466648101807,-0.22852392494678497,0.898431658744812,-0.3628544509410858,-0.1075422540307045,0.8004478812217712,1.33861243724823,-0.21631312370300293,0.6462757587432861,0.9862363338470459,-0.11911631375551224,0.06939532607793808,0.09127680957317352,-0.05978154159614908,-2.3994357041797434,-0.05893496845869413,-13.010864236852079,9.127124223532388,9.532413975851233,0.19793953001499176,0.12224021553993225,0.12098167091608047,-0.09798377752304077,1.33861243724823,-0.21631312370300293,0.6462757587432861,-0.11911631375551224,0.06939532607793808,0.09127680957317352,0.9862363338470459,-0.05978154018521309,-2.3994357585906982,-0.05893496796488762,0.12224021553993225,0.12098167091608047,-0.09798377752304077,0.2006101906299591,0.12472031265497208,-0.09798377752304077,0.2774304449558258,0.1406726837158203,-0.09798377752304077,0.35080939531326294,0.16844598948955536,-0.09798377752304077,0.4189402461051941,0.20735634863376617,-0.09798377752304077,0.4801453948020935,0.25644567608833313,-0.09798377752304077,0.5329177379608154,0.3145052492618561,-0.09798377752304077,0.5759577751159668,0.3801053762435913,-0.09798377752304077,0.6082058548927307,0.4516308307647705,-0.09798377752304077,0.6288678646087646,0.5273204445838928,-0.09798377752304077,-1.5707963705062866,-1.5707963705062866,0.3409457206726074,0.021362630650401115,-14.99980445060433,-14.0625,0.889159166769462,29452.0
6.9996,0.0102,1,1,-0.4613356292247772,-0.23320269584655762,0.8955069184303284,-0.3472816050052643,-0.10778046399354935,0.8004478812217712,1.3452094793319702,-0.18201123178005219,0.5211391448974609,0.9876575469970703,-0.11789859086275101,0.04345157369971275,0.0935014933347702,-0.10709811609829026,-2.959185826311432,-0.1458572882277343,-13.066434137154541,6.193002394906808,10.106196331603266,0.19435863196849823,0.11405402421951294,0.12542223930358887,-0.09505903720855713,1.3452094793319702,-0.18201123178005219,0.5211391448974609,-0.11789859086275101,0.04345157369971275,0.0935014933347702,0.9876575469970703,-0.10709811747074127,-2.959185838699341,-0.1458572894334793,0.11405402421951294,0.12542223930358887,-0.09505903720855713,0.19226953387260437,0.13159993290901184,-0.09505903720855713,0.2685557007789612,0.14993716776371002,-0.09505903720855713,0.34103405475616455,0.17998242378234863,-0.09505903720855713,0.4079199433326721,0.22099590301513672,-0.09505903720855713,0.46756646037101746,0.27196767926216125,-0.09505903720855713,0.5185049176216125,0.33164268732070923,-0.09505903720855713,0.5594809651374817,0.3985515236854553,-0.09505903720855713,0.5894856452941895,0.47104668617248535,-0.09505903720855713,0.6077802777290344,0.5473430156707764,-0.09505903720855713,-1.5707963705062866,-1.3275843858718872,0.4477580785751343,0.021362630650401115,-14.999902225302165,-14.53125,2.036723878273555,29452.0
7.0199,0.0109,1,1,-0.43565452098846436,-0.23666690289974213,0.9055989384651184,-0.33138206601142883,-0.10752315819263458,0.8004478812217712,1.3536731004714966,-0.14296278357505798,0.48327386379241943,0.9885005354881287,-0.11636486649513245,0.011983383446931839,0.09581427276134491,-0.2575109660748221,-3.2216600591308073,-0.16998642652072013,-13.17925567796794,2.635962211872147,10.768061410775754,0.196488156914711,0.10427245497703552,0.12914374470710754,-0.10515105724334717,1.3536731004714966,-0.14296278357505798,0.48327386379241943,-0.11636486649513245,0.011983383446931839,0.09581427276134491,0.9885005354881287,-0.2575109601020813,-3.2216601371765137,-0.16998642683029175,0.10427245497703552,0.12914374470710754,-0.10515105724334717,0.1822519600391388,0.1378055065870285,-0.10515105724334717,0.2579163908958435,0.15855932235717773,-0.10515105724334717,0.3294026851654053,0.19089412689208984,-0.10515105724334717,0.3949505686759949,0.23401378095149994,-0.10515105724334717,0.4529460668563843,0.2868565022945404,-0.10515105724334717,0.5019611120223999,0.34812110662460327,-0.10515105724334717,0.5407888293266296,0.41629913449287415,-0.10515105724334717,0.5684731006622314,0.4897117614746094,-0.10515105724334717,0.5843322277069092,0.5665512681007385,-0.10515105724334717,-1.5707963705062866,-1.2522141933441162,0.41647768020629883,0.021362630650401115,-14.999951112651082,-14.765625,3.3604540366185236,29452.0
7.0398,0.0107,1,1,-0.4110569655895233,-0.23950745165348053,0.9150124788284302,-0.315779447555542,-0.10677827149629593,0.8004478812217712,1.3481717109680176,-0.10571350157260895,0.44705551862716675,0.9882853627204895,-0.11563586443662643,-0.018416443839669228,0.09787388890981674,-0.14202380099661976,-2.787094753515493,-0.1968817403037008,-13.426008511004078,-0.7887551909575305,11.404399468499758,0.19954919815063477,0.09527751803398132,0.132729172706604,-0.11456459760665894,1.3481717109680176,-0.10571350157260895,0.44705551862716675,-0.11563586443662643,-0.018416443839669228,0.09787388890981674,0.9882853627204895,-0.14202380180358887,-2.787094831466675,-0.1968817412853241,0.09527751803398132,0.132729172706604,-0.11456459760665894,0.17294839024543762,0.1438225507736206,-0.11456459760665894,0.24792763590812683,0.16692976653575897,-0.11456459760665894,0.3183690011501312,0.20148181915283203,-0.11456459760665894,0.38253796100616455,0.24662794172763824,-0.11456459760665894,0.43885451555252075,0.3012564778327942,-0.11456459760665894,0.485931932926178,0.36402228474617004,-0.11456459760665894,0.5226110219955444,0.4333798885345459,-0.11456459760665894,0.5479885339736938,0.5076214075088501,-0.11456459760665894,0.5614397525787354,0.5849188566207886,-0.11456459760665894,-1.5707963705062866,-1.3604668378829956,0.37380969524383545,0.021362630650401115,-14.999975556325541,-14.8828125,4.63313015206652,29452.0
7.0596,0.0098,1,1,-0.38929566740989685,-0.24232463538646698,0.9049500823020935,-0.3002069592475891,-0.10554628819227219,0.8004478812217712,1.322084665298462,-0.07616174221038818,0.3201141059398651,0.9873935580253601,-0.114676333963871,-0.04577195271849632,0.09902597963809967,-0.19049942481705545,-2.2353788557603553,-0.20106478407264505,-13.654576594072646,-3.8806294541832793,11.91888402789295,0.193819060921669,0.08908870816230774,0.1367783546447754,-0.10450220108032227,1.322084665298462,-0.07616174221038818,0.3201141059398651,-0.114676333963871,-0.04577195271849632,0.09902597963809967,0.9873935580253601,-0.1904994249343872,-2.2353787422180176,-0.20106478035449982,0.08908870816230774,0.1367783546447754,-0.10450220108032227,0.16637516021728516,0.15029263496398926,-0.10450220108032227,0.2405959814786911,0.17573079466819763,-0.10450220108032227,0.30992358922958374,0.21246647834777832,-0.10450220108032227,0.37265095114707947,0.2595950961112976,-0.10450220108032227,0.4272335171699524,0.3159562349319458,-0.10450220108032227,0.47232723236083984,0.3801620602607727,-0.10450220108032227,0.5068217515945435,0.45063158869743347,-0.10450220108032227,0.5298677682876587,0.5256296396255493,-0.10450220108032227,0.5408977270126343,0.6033095717430115,-0.10450220108032227,-1.5707963705062866,-1.165939450263977,0.4121434688568115,0.021362630650401115,-14.99998777816277,-14.94140625,5.662099270852916,29452.0
7.0798,0.0108,1,1,-0.3635360300540924,-0.2438661754131317,0.9110004901885986,-0.28452086448669434,-0.10380823165178299,0.8004478812217712,1.3050624132156372,-0.041506264358758926,0.2830662131309509,0.9862226843833923,-0.1142614334821701,-0.0665542483329773,0.09938634932041168,-0.17745358067740924,-1.8235909011582156,-0.16645299432067343,-13.887853166635104,-6.232460395964671,12.268856561144968,0.19514483213424683,0.07901516556739807,0.14005795121192932,-0.11055260896682739,1.3050624132156372,-0.041506264358758926,0.2830662131309509,-0.1142614334821701,-0.0665542483329773,0.09938634932041168,0.9862226843833923,-0.17745357751846313,-1.823590874671936,-0.16645298898220062,0.07901516556739807,0.14005795121192932,-0.11055260896682739,0.1558365821838379,0.15600468218326569,-0.11055260896682739,0.22921758890151978,0.18377259373664856,-0.11055260896682739,0.29735130071640015,0.22267797589302063,-0.11055260896682739,0.3585600256919861,0.27176281809806824,-0.11055260896682739,0.41133660078048706,0.3298184871673584,-0.11055260896682739,0.45438152551651,0.3954154849052429,-0.11055260896682739,0.48663485050201416,0.4669385850429535,-0.11055260896682739,0.5073024034500122,0.5426266193389893,-0.11055260896682739,0.5158752799034119,0.6206159591674805,-0.11055260896682739,-1.5707963705062866,-1.3321537971496582,0.3456847667694092,0.021362630650401115,-14.999993889081384,-14.970703125,6.362044337356959,29452.0
7.1004,0.0104,1,1,-0.3391076922416687,-0.24501487612724304,0.8995122909545898,-0.2690049707889557,-0.10159306228160858,0.8004478812217712,1.2775516510009766,-0.01393905095756054,0.15910886228084564,0.9851123094558716,-0.11445082724094391,-0.08135529607534409,0.09916689246892929,-0.14065754942313868,-1.3391192882953609,-0.19329308080054858,-14.119758328793559,-7.908341032969035,12.477620686254106,0.18787753582000732,0.07010272145271301,0.14342181384563446,-0.0990644097328186,1.2775516510009766,-0.01393905095756054,0.15910886228084564,-0.11445082724094391,-0.08135529607534409,0.09916689246892929,0.9851123094558716,-0.14065754413604736,-1.3391193151474,-0.19329307973384857,0.07010272145271301,0.14342181384563446,-0.0990644097328186,0.14638660848140717,0.16176849603652954,-0.0990644097328186,0.21886123716831207,0.19182273745536804,-0.0990644097328186,0.2857420742511749,0.23284447193145752,-0.0990644097328186,0.3453822731971741,0.2838236391544342,-0.0990644097328186,0.39631330966949463,0.34350496530532837,-0.0990644097328186,0.43728107213974,0.41041886806488037,-0.0990644097328186,0.46727684140205383,0.4829177260398865,-0.0990644097328186,0.48556196689605713,0.5592163801193237,-0.0990644097328186,0.49168625473976135,0.6374360918998718,-0.0990644097328186,-1.5707963705062866,-1.29171621799469,0.37543392181396484,0.021362630650401115,-14.999996944540692,-14.9853515625,6.779572587575187,29452.0
7.1204,0.0104,1,1,-0.31593823432922363,-0.2453404814004898,0.9023152589797974,-0.2534288763999939,-0.09886643290519714,0.8004478812217712,1.2424252033233643,0.018952874466776848,0.11887118965387344,0.9841806292533875,-0.11403824388980865,-0.09328911453485489,0.09838152676820755,-0.05796234873908356,-0.8185700318822845,-0.25541738856288354,-14.243400354051596,-9.275868332627091,12.578390394003183,0.1890476942062378,0.06250935792922974,0.14647404849529266,-0.10186737775802612,1.2424252033233643,0.018952874466776848,0.11887118965387344,-0.11403824388980865,-0.09328911453485489,0.09838152676820755,0.9841806292533875,-0.05796235054731369,-0.8185700178146362,-0.2554173767566681,0.06250935792922974,0.14647404849529266,-0.10186737775802612,0.13817492127418518,0.16722381114959717,-0.10186737775802612,0.20966294407844543,0.19955480098724365,-0.10186737775802612,0.2752131521701813,0.2426709234714508,-0.10186737775802612,0.3332114517688751,0.29551053047180176,-0.10186737775802612,0.3822298049926758,0.3567725419998169,-0.10186737775802612,0.42106112837791443,0.42494845390319824,-0.10186737775802612,0.4487493336200714,0.4983596205711365,-0.10186737775802612,0.46461260318756104,0.5751982927322388,-0.10186737775802612,0.46826037764549255,0.6535725593566895,-0.10186737775802612,-1.5707963705062866,-1.3226158618927002,0.36061060428619385,0.021362630650401115,-14.999998472270345,-14.99267578125,6.981112003073376,29452.0
7.1404,0.0107,1,1,-0.2945255637168884,-0.24568356573581696,0.8928264379501343,-0.23789897561073303,-0.09563788026571274,0.8004478812217712,1.200919508934021,0.045133333653211594,0.018557623028755188,0.9836229085922241,-0.11326588690280914,-0.10127364844083786,0.09694552421569824,0.01846604274822999,-0.8122699914285658,-0.23680262491252943,-14.262199209792728,-10.210722340296044,12.538503993514258,0.18507857620716095,0.056626588106155396,0.15004569292068481,-0.09237855672836304,1.200919508934021,0.045133333653211594,0.018557623028755188,-0.11326588690280914,-0.10127364844083786,0.09694552421569824,0.9836229085922241,0.01846604235470295,-0.8122699856758118,-0.2368026226758957,0.056626588106155396,0.15004569292068481,-0.09237855672836304,0.1315958946943283,0.1731850951910019,-0.09237855672836304,0.20202240347862244,0.20776741206645966,-0.09237855672836304,0.26617199182510376,0.2529411017894745,-0.09237855672836304,0.32246506214141846,0.30759382247924805,-0.09237855672836304,0.36951547861099243,0.37037986516952515,-0.09237855672836304,0.4061647653579712,0.4397531747817993,-0.09237855672836304,0.43151044845581055,0.5140056610107422,-0.09237855672836304,0.4449284076690674,0.5913088917732239,-0.09237855672836304,0.4460883140563965,0.6697593927383423,-0.09237855672836304,-1.5707963705062866,-0.836802065372467,0.3354148864746094,0.021362630650401115,-14.999999236135173,-14.996337890625,6.901339202095503,29452.0
7.1598,0.0108,1,1,-0.2754051983356476,-0.24537284672260284,0.8927986025810242,-0.22294127941131592,-0.09203734248876572,0.8004478812217712,1.1516540050506592,0.07542307674884796,-0.02314729057252407,0.9829596877098083,-0.11141722649335861,-0.1104598268866539,0.09577599167823792,0.04572642598239008,-0.8049142073397124,-0.25330886405932695,-14.178157524783074,-11.292216206723452,12.539054152236183,0.1865285336971283,0.052463918924331665,0.15333551168441772,-0.09235072135925293,1.1516540050506592,0.07542307674884796,-0.02314729057252407,-0.11141722649335861,-0.1104598268866539,0.09577599167823792,0.9829596877098083,0.04572642594575882,-0.8049142360687256,-0.25330886244773865,0.052463918924331665,0.15333551168441772,-0.09235072135925293,0.12668582797050476,0.17877048254013062,-0.09235072135925293,0.19601503014564514,0.21550320088863373,-0.09235072135925293,0.25874441862106323,0.2626291513442993,-0.09235072135925293,0.3133293688297272,0.3189879059791565,-0.09235072135925293,0.3584258556365967,0.3831917941570282,-0.09235072135925293,0.39292341470718384,0.45365986227989197,-0.09235072135925293,0.41597259044647217,0.5286569595336914,-0.09235072135925293,0.42700591683387756,0.6063364148139954,-0.09235072135925293,0.42575162649154663,0.6847854852676392,-0.09235072135925293,-1.5707963705062866,-0.2847386598587036,0.3136453628540039,0.021362630650401115,-14.999999618067587,-14.9981689453125,6.902439519539362,29452.0
7.1802,0.011,1,1,-0.25889578461647034,-0.24452652037143707,0.881504237651825,-0.20767183601856232,-0.08785346150398254,0.8004478812217712,1.0966185331344604,0.10132312029600143,-0.11818218976259232,0.9825094938278198,-0.11087458580732346,-0.11539280414581299,0.09520740061998367,0.11736054077988335,-0.748407987699711,-0.22663961936338037,-14.186618938581814,-11.866784456555411,12.551499119660265,0.1836858093738556,0.05122394859790802,0.15667305886745453,-0.08105635643005371,1.0966185331344604,0.10132312029600143,-0.11818218976259232,-0.11087458580732346,-0.11539280414581299,0.09520740061998367,0.9825094938278198,0.11736053973436356,-0.7484079599380493,-0.22663961350917816,0.05122394859790802,0.15667305886745453,-0.08105635643005371,0.12460336089134216,0.18444520235061646,-0.08105635643005371,0.19273482263088226,0.2233544886112213,-0.08105635643005371,0.25394073128700256,0.27244284749031067,-0.08105635643005371,0.3067139685153961,0.3305015563964844,-0.08105635643005371,0.34975510835647583,0.3961010277271271,-0.08105635643005371,0.3820043206214905,0.4676259756088257,-0.08105635643005371,0.4026675224304199,0.5433152318000793,-0.08105635643005371,0.4112359285354614,0.6213050484657288,-0.08105635643005371,0.4074985384941101,0.6996750831604004,-0.08105635643005371,-1.5707963705062866,0.6906834840774536,0.22668540477752686,0.021362630650401115,-14.999999809033794,0.00091552734375,6.927329454387553,29452.0
7.2002,0.0106,1,1,-0.24096998572349548,-0.24297469854354858,0.8787068724632263,-0.19252677261829376,-0.08318310976028442,0.8004478812217712,1.0457487106323242,0.13051320612430573,-0.1617417186498642,0.9818896651268005,-0.10860175639390945,-0.1235899031162262,0.09392502903938293,0.1860945730188212,-0.7063690577864287,-0.19458994038287628,-14.037421199255817,-12.844303101919353,12.516156574540139,0.18440327048301697,0.04844321310520172,0.15979158878326416,-0.07825899124145508,1.0457487106323242,0.13051320612430573,-0.1617417186498642,-0.10860175639390945,-0.1235899031162262,0.09392502903938293,0.9818896651268005,0.18609456717967987,-0.7063690423965454,-0.19458994269371033,0.04844321310520172,0.15979158878326416,-0.07825899124145508,0.1209055632352829,0.18987543880939484,-0.07825899124145508,0.18776962161064148,0.23092451691627502,-0.07825899124145508,0.24738898873329163,0.28192806243896484,-0.07825899124145508,0.29829561710357666,0.3416301906108856,-0.07825899124145508,0.3392360508441925,0.4085608124732971,-0.07825899124145508,0.3692021667957306,0.48107194900512695,-0.07825899124145508,0.38745611906051636,0.5573780536651611,-0.07825899124145508,0.3935484290122986,0.6356002688407898,-0.07825899124145508,0.3873291015625,0.7138124704360962,-0.07825899124145508,-1.5707963705062866,1.3780685663223267,0.169974684715271,0.021362630650401115,-14.999999904516898,7.500457763671875,6.856644364147296,29452.0
7.2205,0.0109,1,1,-0.22611021995544434,-0.24119070172309875,0.8664752840995789,-0.17768646776676178,-0.07808895409107208,0.8004478812217712,0.9892944097518921,0.15444211661815643,-0.2518649697303772,0.9813382625579834,-0.10657414048910141,-0.13054127991199493,0.0925966277718544,0.032608100168607074,0.19818823720022322,-0.2905695836343027,-13.895825259262574,-13.67849610364515,12.455365813938934,0.18250112235546112,0.048423752188682556,0.16310174763202667,-0.06602740287780762,0.9892944097518921,0.15444211661815643,-0.2518649697303772,-0.10657414048910141,-0.13054127991199493,0.0925966277718544,0.9813382625579834,0.03260809928178787,0.19818823039531708,-0.29056957364082336,0.048423752188682556,0.16310174763202667,-0.06602740287780762,0.1199064776301384,0.19544440507888794,-0.06602740287780762,0.18544963002204895,0.23857125639915466,-0.06602740287780762,0.24343931674957275,0.2914203405380249,-0.06602740287780762,0.29244762659072876,0.35269033908843994,-0.06602740287780762,0.3312678337097168,0.42087262868881226,-0.06602740287780762,0.3589440584182739,0.49428826570510864,-0.06602740287780762,0.37479478120803833,0.571129560470581,-0.06602740287780762,0.37842974066734314,0.6495044231414795,-0.06602740287780762,0.3697594106197357,0.7274829745292664,-0.06602740287780762,-1.5707963705062866,1.5707963705062866,0.05969417095184326,0.11295223981142044,-14.999999952258449,11.250228881835938,6.7350628429448545,29452.0
7.2403,0.0111,1,1,-0.20809850096702576,-0.23832038044929504,0.8610357046127319,-0.1629362404346466,-0.07250107824802399,0.8004478812217712,0.9400460124015808,0.18354929983615875,-0.2923631966114044,0.9817351698875427,-0.10559171438217163,-0.13018730282783508,0.08997635543346405,0.00608627132182075,1.5047007964388195,-0.29116809579978437,-13.738919460878886,-13.686981719257167,12.129754058214642,0.18222665786743164,0.04516226053237915,0.16581930220127106,-0.06058782339096069,0.9400460124015808,0.18354929983615875,-0.2923631966114044,-0.10559171438217163,-0.13018730282783508,0.08997635543346405,0.9817351698875427,0.00608627125620842,1.504700779914856,-0.29116809368133545,0.04516226053237915,0.16581930220127106,-0.06058782339096069,0.11558926105499268,0.20040062069892883,-0.06058782339096069,0.17973947525024414,0.24557340145111084,-0.06058782339096069,0.23603332042694092,0.30022531747817993,-0.06058782339096069,0.2830846309661865,0.3630107045173645,-0.06058782339096069,0.3197349011898041,0.43238353729248047,-0.06058782339096069,0.345081627368927,0.5066356062889099,-0.06058782339096069,0.3585006892681122,0.5839385986328125,-0.06058782339096069,0.35966169834136963,0.6623891592025757,-0.06058782339096069,0.34853607416152954,0.7400554418563843,-0.06058782339096069,-1.5707963705062866,1.5707963705062866,-0.09693300724029541,0.1659066379070282,-14.999999976129224,13.125114440917969,6.083839331496307,33452.0
7.2599,0.0107,1,1,-0.18732242286205292,-0.23434142768383026,0.8472213745117188,-0.14855404198169708,-0.06653071939945221,0.8004478812217712,0.8998561501502991,0.21232305467128754,-0.3729602098464966,0.9837390184402466,-0.10641580075025558,-0.11654958873987198,0.0857173427939415,0.01921573923984411,2.5554775029824293,-0.22068765406413504,-13.570246160563533,-12.184794513266917,11.414826029639602,0.1784689873456955,0.038768380880355835,0.16781070828437805,-0.04677349328994751,0.8998561501502991,0.21232305467128754,-0.3729602098464966,-0.10641580075025558,-0.11654958873987198,0.0857173427939415,0.9837390184402466,0.019215738400816917,2.5554776191711426,-0.2206876575946808,0.038768380880355835,0.16781070828437805,-0.04677349328994751,0.10808433592319489,0.20456838607788086,-0.04677349328994751,0.170796737074852,0.2517169415950775,-0.04677349328994751,0.22536137700080872,0.30809536576271057,-0.04677349328994751,0.270434707403183,0.37231549620628357,-0.04677349328994751,0.3049068748950958,0.442795991897583,-0.04677349328994751,0.3279290795326233,0.5178014039993286,-0.04677349328994751,0.33893436193466187,0.5954847931861877,-0.04677349328994751,0.3376518189907074,0.6739333868026733,-0.04677349328994751,0.32411301136016846,0.7512155771255493,-0.04677349328994751,-1.5707963705062866,1.079720377922058,-0.2719801664352417,0.20000000298023224,-14.999999988064612,14.062557220458984,4.653983274346214,37452.0
7.2802,0.0108,1,1,-0.16308936476707458,-0.22947996854782104,0.8393886089324951,-0.134144589304924,-0.06001162901520729,0.8004478812217712,0.8779045939445496,0.24491697549819946,-0.4106791019439697,0.9879852533340454,-0.10887142270803452,-0.07668142765760422,0.07842212915420532,0.02687809270146302,3.2574801084245912,-0.19250708209432532,-13.252035482926493,-7.72649242391678,9.975635427846923,0.17627733945846558,0.028944775462150574,0.16946834325790405,-0.03894072771072388,0.8779045939445496,0.24491697549819946,-0.4106791019439697,-0.10887142270803452,-0.07668142765760422,0.07842212915420532,0.9879852533340454,0.02687809243798256,3.2574801445007324,-0.1925070881843567,0.028944775462150574,0.16946834325790405,-0.03894072771072388,0.09706351906061172,0.20839989185333252,-0.03894072771072388,0.15825337171554565,0.2575082778930664,-0.03894072771072388,0.21100763976573944,0.3155842423439026,-0.03894072771072388,0.2540273070335388,0.3811977505683899,-0.03894072771072388,0.2862531542778015,0.45273324847221375,-0.03894072771072388,0.30689162015914917,0.5284292697906494,-0.03894072771072388,0.3154345154762268,0.6064218282699585,-0.03894072771072388,0.31167149543762207,0.6847906708717346,-0.03894072771072388,0.2956952452659607,0.761605978012085,-0.03894072771072388,-1.5707963705062866,-0.5316343307495117,-0.3854142427444458,0.20000000298023224,-14.999999994032306,-0.4687213897705078,1.7756020707608333,38675.0
7.3001,0.0097,1,1,-0.13935516774654388,-0.223888099193573,0.8308125734329224,-0.12002973258495331,-0.05308154225349426,0.8004478812217712,0.8636691570281982,0.2798268795013428,-0.4437464773654938,0.9891870617866516,-0.10989802330732346,-0.06040725111961365,0.07602866739034653,0.0455484186306535,2.9788316993568373,-0.0837590544769469,-13.1682690961679,-5.900276782898963,9.47180431574734,0.174557626247406,0.019325435161590576,0.17080655694007874,-0.030364692211151123,0.8636691570281982,0.2798268795013428,-0.4437464773654938,-0.10989802330732346,-0.06040725111961365,0.07602866739034653,0.9891870617866516,0.045548420399427414,2.9788317680358887,-0.08375905454158783,0.019325435161590576,0.17080655694007874,-0.030364692211151123,0.08618630468845367,0.21186085045337677,-0.030364692211151123,0.14580169320106506,0.2628690302371979,-0.030364692211151123,0.19670367240905762,0.3225751221179962,-0.030364692211151123,0.23763889074325562,0.3895089626312256,-0.030364692211151123,0.26759934425354004,0.46202242374420166,-0.030364692211151123,0.28584736585617065,0.5383299589157104,-0.030364692211151123,0.2919335961341858,0.6165525913238525,-0.030364692211151123,0.28570812940597534,0.6947643756866455,-0.030364692211151123,0.2673243284225464,0.7710392475128174,-0.030364692211151123,-1.5707963705062866,-1.1802480220794678,-0.46704137325286865,0.20000000298023224,-14.999999997016154,-7.734360694885254,0.7679398465616963,38675.0
7.3207,0.0083,1,1,-0.11369143426418304,-0.21748727560043335,0.8132163882255554,-0.1063932254910469,-0.04585059732198715,0.8004478812217712,0.8671982288360596,0.3158641457557678,-0.5084003806114197,0.9895697832107544,-0.11593534052371979,-0.0367642343044281,0.0771818608045578,0.14357449312034565,1.9691690068799255,-0.05463600228092575,-13.620036083430948,-3.145131693311831,9.295221544778787,0.17226561903953552,0.007298208773136139,0.1716366708278656,-0.01276850700378418,0.8671982288360596,0.3158641457557678,-0.5084003806114197,-0.11593534052371979,-0.0367642343044281,0.0771818608045578,0.9895697832107544,0.14357449114322662,1.969169020652771,-0.05463600158691406,0.007298208773136139,0.1716366708278656,-0.01276850700378418,0.07286001741886139,0.21473516523838043,-0.01276850700378418,0.13087256252765656,0.2675591707229614,-0.01276850700378418,0.17990738153457642,0.3288079500198364,-0.01276850700378418,0.21875707805156708,0.3969734311103821,-0.01276850700378418,0.2464650422334671,0.4703770875930786,-0.01276850700378418,0.262349009513855,0.5472115278244019,-0.01276850700378418,0.2660178542137146,0.6255847811698914,-0.01276850700378418,0.25738126039505005,0.7035670876502991,-0.01276850700378418,0.23665189743041992,0.779238224029541,-0.01276850700378418,-1.5707963705062866,-1.5707963705062866,-0.46104371547698975,0.20000000298023224,-14.999999998508077,-11.367180347442627,0.41477430462459297,38675.0
7.3395,0.0107,1,1,-0.31721845269203186,-0.3273027539253235,0.6926981210708618,-0.09284789115190506,-0.03812027350068092,0.8004478812217712,0.44102954864501953,0.06855982542037964,-1.1091569662094116,0.9910397529602051,-0.10663154721260071,-0.032001033425331116,0.07378318905830383,0.06487735470039359,0.2962722770555166,-0.11762824672608516,-12.493018991354525,-2.7336653406671965,8.814920479646686,0.3815477192401886,0.2243705689907074,0.28918248414993286,0.10774976015090942,0.44102954864501953,0.06855982542037964,-1.1091569662094116,-0.10663154721260071,-0.032001033425331116,0.07378318905830383,0.9910397529602051,0.06487735360860825,0.29627227783203125,-0.11762824654579163,0.2243705689907074,0.28918248414993286,0.10774976015090942,0.288556307554245,0.3343047499656677,0.10774976015090942,0.3448931574821472,0.3889123499393463,0.10774976015090942,0.3919938802719116,0.4516606628894806,0.10774976015090942,0.42869871854782104,0.5210046172142029,0.10774976015090942,0.45410388708114624,0.5952367782592773,0.10774976015090942,0.4675838053226471,0.6725292205810547,0.10774976015090942,0.46880656480789185,0.7509787082672119,0.10774976015090942,0.45774203538894653,0.8286537528038025,0.10774976015090942,0.43466272950172424,0.9036415815353394,0.10774976015090942,-1.5707963705062866,1.5707963705062866,-0.3641916513442993,0.20000000298023224,-14.999999999254038,1.8164098262786865,-0.5458278256396092,38675.0
7.3601,0.0071,1,1,-0.3318331241607666,-0.30594176054000854,0.6450320482254028,-0.07916086912155151,-0.02972395531833172,0.8004478812217712,0.37773117423057556,0.14391453564167023,-1.2090551853179932,0.9900091290473938,-0.10926260054111481,-0.03284933790564537,0.08284073323011398,-0.04711629230459961,-1.080930347986032,-0.09465544465603336,-12.82824668033103,-2.690423889356617,9.86884991453614,0.4053315222263336,0.2526722550392151,0.27621781826019287,0.1554158329963684,0.37773117423057556,0.14391453564167023,-1.2090551853179932,-0.10926260054111481,-0.03284933790564537,0.08284073323011398,0.9900091290473938,-0.04711629077792168,-1.0809303522109985,-0.09465544670820236,0.2526722550392151,0.27621781826019287,0.1554158329963684,0.31537601351737976,0.3233778178691864,0.1554158329963684,0.36993035674095154,0.3797662556171417,0.1554158329963684,0.41499194502830505,0.4439946413040161,0.1554158329963684,0.449451208114624,0.5144814252853394,0.1554158329963684,0.47245967388153076,0.5894910097122192,0.1554158329963684,0.4834507703781128,0.6671764850616455,0.1554158329963684,0.48215383291244507,0.7456247806549072,0.1554158329963684,0.468600869178772,0.8229044675827026,0.1554158329963684,0.44312557578086853,0.8971125483512878,0.1554158329963684,-1.5707963705062866,1.5707963705062866,-0.4014596939086914,0.20000000298023224,-14.999999999627018,8.408204913139343,1.5620310441393002,38675.0
7.3799,0.0068,1,1,-0.32771220803260803,-0.30228105187416077,0.6148901581764221,-0.06619992107152939,-0.021198539063334465,0.8004478812217712,0.36186590790748596,0.18028521537780762,-1.2306463718414307,0.9890080690383911,-0.1090281680226326,-0.04254963621497154,0.0903513953089714,-0.10584651360973708,-0.9457608079107331,-0.21342326633494182,-12.933136637290916,-3.69597315505973,10.858640585290253,0.4264126121997833,0.26151227951049805,0.28108251094818115,0.18555772304534912,0.36186590790748596,0.18028521537780762,-1.2306463718414307,-0.1090281680226326,-0.04254963621497154,0.0903513953089714,0.9890080690383911,-0.10584651678800583,-0.9457607865333557,-0.21342326700687408,0.26151227951049805,0.28108251094818115,0.18555772304534912,0.32272282242774963,0.3301651179790497,0.18555772304534912,0.37550151348114014,0.38821884989738464,0.18555772304534912,0.4185488522052765,0.4538142681121826,0.18555772304534912,0.45080479979515076,0.5253361463546753,0.18555772304534912,0.47147512435913086,0.6010234355926514,0.18555772304534912,0.48005086183547974,0.6790124773979187,0.18555772304534912,0.47632086277008057,0.757382869720459,0.18555772304534912,0.4603769779205322,0.834204912185669,0.18555772304534912,0.43261173367500305,0.907586932182312,0.18555772304534912,-1.5707963705062866,1.5707963705062866,-0.41249310970306396,0.20000000298023224,-14.99999999981351,11.704102456569672,3.541612385647493,38675.0
7.3998,0.0094,1,1,-0.32167765498161316,-0.2953145503997803,0.60821133852005,-0.05330680310726166,-0.01212762389332056,0.8004478812217712,0.3346656560897827,0.23941737413406372,-1.1464582681655884,0.9884614944458008,-0.10936539620161057,-0.04955076426267624,0.09233551472425461,-0.15073015729803638,0.20765863777362675,-0.29637880349911977,-13.064160570857593,-4.459903888354534,11.184315855443034,0.43493980169296265,0.2683708667755127,0.2831869125366211,0.1922365427017212,0.3346656560897827,0.23941737413406372,-1.1464582681655884,-0.10936539620161057,-0.04955076426267624,0.09233551472425461,0.9884614944458008,-0.150730162858963,0.20765863358974457,-0.2963787913322449,0.2683708667755127,0.2831869125366211,0.1922365427017212,0.3280036449432373,0.334174782037735,0.1922365427017212,0.37892600893974304,0.3938634991645813,0.1922365427017212,0.4198840260505676,0.46078336238861084,0.1922365427017212,0.4498692452907562,0.5332865715026855,0.1922365427017212,0.4681432843208313,0.6095879077911377,0.1922365427017212,0.4742561876773834,0.6878085136413574,0.1922365427017212,0.46805742383003235,0.7660223245620728,0.1922365427017212,0.44969964027404785,0.8423035144805908,0.1922365427017212,0.4196348786354065,0.9147737622261047,0.1922365427017212,-1.5707963705062866,1.5707963705062866,-0.4023568630218506,0.20000000298023224,-14.999999999906755,13.352051228284836,4.192962925953053,38675.0
7.4195,0.0101,1,1,-0.3159077763557434,-0.2903483808040619,0.588345468044281,-0.04092306271195412,-0.002823234535753727,0.8004478812217712,0.31018009781837463,0.28096985816955566,-1.1273616552352905,0.9885970950126648,-0.11024324595928192,-0.046160440891981125,0.09159392863512039,0.05121691539899513,1.7304826615493558,-0.27859241610583485,-13.120655185523997,-4.075615172535823,11.05561213055966,0.45085999369621277,0.2749847173690796,0.28752514719963074,0.21210241317749023,0.31018009781837463,0.28096985816955566,-1.1273616552352905,-0.11024324595928192,-0.046160440891981125,0.09159392863512039,0.9885970950126648,0.051216915249824524,1.7304826974868774,-0.27859240770339966,0.2749847173690796,0.28752514719963074,0.21210241317749023,0.3330095112323761,0.3403356671333313,0.21210241317749023,0.3820585310459137,0.401573121547699,0.21210241317749023,0.4209240674972534,0.46972954273223877,0.21210241317749023,0.4486490488052368,0.5431268215179443,0.21210241317749023,0.46455085277557373,0.6199575662612915,0.21210241317749023,0.46823787689208984,0.6983299255371094,0.21210241317749023,0.4596193730831146,0.7763142585754395,0.21210241317749023,0.43890756368637085,0.8519902229309082,0.21210241317749023,0.4066123962402344,0.9234944581985474,0.21210241317749023,-1.5707963705062866,1.5707963705062866,-0.38179564476013184,0.20000000298023224,-14.999999999953378,14.176025614142418,3.935555476186302,38675.0
7.4405,0.0108,1,1,-0.31241557002067566,-0.27865561842918396,0.5943512916564941,-0.028288457542657852,0.007311511784791946,0.8004478812217712,0.28336313366889954,0.3583737909793854,-0.9919994473457336,0.9893494248390198,-0.11181432753801346,-0.027315566316246986,0.08909020572900772,0.045622891433824045,2.316203930631497,-0.22189617992205618,-13.076144919200003,-1.955664471420767,10.515268150039322,0.45274853706359863,0.2841271162033081,0.2859671413898468,0.2060965895652771,0.28336313366889954,0.3583737909793854,-0.9919994473457336,-0.11181432753801346,-0.027315566316246986,0.08909020572900772,0.9893494248390198,0.045622892677783966,2.3162038326263428,-0.2218961864709854,0.2841271162033081,0.2859671413898468,0.2060965895652771,0.3404109477996826,0.34062936902046204,0.2060965895652771,0.3874507546424866,0.40342336893081665,0.2060965895652771,0.4240882694721222,0.47280290722846985,0.2060965895652771,0.44942140579223633,0.5470596551895142,0.2060965895652771,0.46282631158828735,0.6243651509284973,0.2060965895652771,0.46397292613983154,0.7028158903121948,0.2060965895652771,0.45283305644989014,0.7804800271987915,0.2060965895652771,0.4296809434890747,0.8554455041885376,0.2060965895652771,0.39508670568466187,0.9258661270141602,0.2060965895652771,-1.5707963705062866,1.5707963705062866,-0.34600508213043213,0.20000000298023224,-14.999999999976689,14.588012807071209,2.854867515145647,38675.0
7.4605,0.0098,1,1,-0.30687373876571655,-0.2712635099887848,0.5762564539909363,-0.016597529873251915,0.017312094569206238,0.8004478812217712,0.2724766731262207,0.40180808305740356,-0.9766013026237488,0.9898641109466553,-0.11056724935770035,-0.004073010291904211,0.08902405947446823,-0.04295899381325583,2.2168123619047586,-0.16346878916118512,-12.687486608978393,0.6659545202738534,10.20415419100177,0.46668827533721924,0.2902761995792389,0.28857558965682983,0.22419142723083496,0.2724766731262207,0.40180808305740356,-0.9766013026237488,-0.11056724935770035,-0.004073010291904211,0.08902405947446823,0.9898641109466553,-0.04295899346470833,2.2168123722076416,-0.16346879303455353,0.2902761995792389,0.28857558965682983,0.22419142723083496,0.34485167264938354,0.3449435830116272,0.22419142723083496,0.38993728160858154,0.40915507078170776,0.22419142723083496,0.4244229793548584,0.4796289801597595,0.22419142723083496,0.44745951890945435,0.554629921913147,0.22419142723083496,0.45847970247268677,0.632311224937439,0.22419142723083496,0.4572122097015381,0.7107601165771484,0.22419142723083496,0.44368821382522583,0.788044810295105,0.22419142723083496,0.41824066638946533,0.862262487411499,0.22419142723083496,0.38149628043174744,0.931585431098938,0.22419142723083496,-1.5707963705062866,1.5707963705062866,-0.35386574268341064,0.20000000298023224,-14.999999999988344,14.794006403535604,2.23263959707056,38675.0
7.4801,0.0107,1,1,-0.2934871017932892,-0.27182480692863464,0.5560709834098816,-0.004818431101739407,0.028044816106557846,0.8004478812217712,0.2870662808418274,0.40009209513664246,-0.9797381162643433,0.9898103475570679,-0.11110328137874603,0.019138099625706673,0.0869666114449501,0.009902918740378411,1.853769176840721,-0.1479039108807034,-12.531068914976059,3.279724153911663,9.682235903133474,0.48267117142677307,0.2886686623096466,0.2998696267604828,0.24437689781188965,0.2870662808418274,0.40009209513664246,-0.9797381162643433,-0.11110328137874603,0.019138099625706673,0.0869666114449501,0.9898103475570679,0.009902918711304665,1.8537691831588745,-0.1479039043188095,0.2886686623096466,0.2998696267604828,0.24437689781188965,0.34142014384269714,0.3579481244087219,0.24437689781188965,0.3844366669654846,0.42356371879577637,0.24437689781188965,0.41665902733802795,0.49510079622268677,0.24437689781188965,0.4372938275337219,0.5707978010177612,0.24437689781188965,0.4458329677581787,0.6487908363342285,0.24437689781188965,0.4420661926269531,0.7271593809127808,0.24437689781188965,0.4260862469673157,0.803973913192749,0.24437689781188965,0.3982865810394287,0.877342939376831,0.24437689781188965,0.3593517243862152,0.9454598426818848,0.24437689781188965,-1.5707963705062866,1.5707963705062866,-0.3741956949234009,0.20000000298023224,-14.999999999994172,14.897003201767802,1.1888030213339416,38675.0
7.4999,0.0094,1,1,-0.2896510362625122,-0.26408809423446655,0.5624631643295288,0.006334757432341576,0.03886899724602699,0.8004478812217712,0.29367679357528687,0.4421134293079376,-0.8128130435943604,0.98946613073349,-0.11141201108694077,0.03583935648202896,0.08519165962934494,-0.03413494035581994,1.577515082751003,-0.17272422270034882,-12.429730584661208,5.15822278045541,9.279789636987646,0.48582640290260315,0.29598578810691833,0.30295708775520325,0.23798471689224243,0.29367679357528687,0.4421134293079376,-0.8128130435943604,-0.11141201108694077,0.03583935648202896,0.08519165962934494,0.98946613073349,-0.034134939312934875,1.5775151252746582,-0.17272421717643738,0.29598578810691833,0.30295708775520325,0.23798471689224243,0.3469066619873047,0.36264708638191223,0.23798471689224243,0.38786303997039795,0.42956796288490295,0.23798471689224243,0.4178464412689209,0.5020719170570374,0.23798471689224243,0.43611860275268555,0.5783736705780029,0.23798471689224243,0.44222956895828247,0.6565943956375122,0.23798471689224243,0.4360288679599762,0.734808087348938,0.23798471689224243,0.4176691770553589,0.8110888600349426,0.23798471689224243,0.38760262727737427,0.8835583925247192,0.23798471689224243,0.3465694785118103,0.9504322409629822,0.23798471689224243,-1.5707963705062866,1.5707963705062866,-0.36338281631469727,0.20000000298023224,-14.999999999997087,14.948501600883901,0.38391048904230857,38675.0
7.5196,0.0102,1,1,-0.2836393713951111,-0.2548336684703827,0.5462575554847717,0.01713624782860279,0.050024062395095825,0.8004478812217712,0.30665504932403564,0.48835060000419617,-0.8087579011917114,0.9889880418777466,-0.11103430390357971,0.051518943160772324,0.08317352086305618,-0.11093949294413417,1.221301707460528,-0.12657051748819076,-12.274707602070968,6.913656811760807,8.87015292245716,0.4980129897594452,0.3007756173610687,0.3048577308654785,0.2541903257369995,0.30665504932403564,0.48835060000419617,-0.8087579011917114,-0.11103430390357971,0.051518943160772324,0.08317352086305618,0.9889880418777466,-0.11093949526548386,1.2213016748428345,-0.12657052278518677,0.3007756173610687,0.3048577308654785,0.2541903257369995,0.34981846809387207,0.36610010266304016,0.2541903257369995,0.38867712020874023,0.4342604875564575,0.2541903257369995,0.4163947105407715,0.5076605081558228,0.2541903257369995,0.4322887659072876,0.5844928622245789,0.2541903257369995,0.4359678626060486,0.6628656387329102,0.2541903257369995,0.4273415207862854,0.7408490777015686,0.2541903257369995,0.406622052192688,0.8165229558944702,0.2541903257369995,0.3743197023868561,0.888023853302002,0.2541903257369995,0.3312298059463501,0.9535913467407227,0.2541903257369995,-1.5707963705062866,1.5707963705062866,-0.37625789642333984,0.20000000298023224,-14.999999999998543,14.97425080044195,-0.4353629400186914,38675.0
7.5398,0.0108,1,1,-0.2691802382469177,-0.24570012092590332,0.5547975897789001,0.027819713577628136,0.06177419051527977,0.8004478812217712,0.3588704466819763,0.5313532948493958,-0.6526697874069214,0.9882717132568359,-0.11274515092372894,0.06399064511060715,0.0806887075304985,-0.15651474292277023,1.11736931591715,-0.16202480657338736,-12.4025437844463,8.318448612887012,8.42981456627093,0.4930451214313507,0.2969999611377716,0.3074743151664734,0.2456502914428711,0.3588704466819763,0.5313532948493958,-0.6526697874069214,-0.11274515092372894,0.06399064511060715,0.0806887075304985,0.9882717132568359,-0.1565147489309311,1.117369294166565,-0.16202481091022491,0.2969999611377716,0.3074743151664734,0.2456502914428711,0.3440731465816498,0.37024328112602234,0.2456502914428711,0.38074755668640137,0.439603328704834,0.2456502914428711,0.4061201512813568,0.5138466358184814,0.2456502914428711,0.41956615447998047,0.5911449193954468,0.2456502914428711,0.42075449228286743,0.6695950031280518,0.2456502914428711,0.40965592861175537,0.7472651600837708,0.2456502914428711,0.3865436911582947,0.8222428560256958,0.2456502914428711,0.3519868850708008,0.892681896686554,0.2456502914428711,0.30683648586273193,0.9568478465080261,0.2456502914428711,-1.5707963705062866,1.5707963705062866,-0.3484830856323242,0.20000000298023224,-14.999999999999272,14.987125400220975,-1.3160396523911586,38675.0
7.5595,0.0101,1,1,-0.26934537291526794,-0.2393084317445755,0.5414148569107056,0.03790195286273956,0.07358819246292114,0.8004478812217712,0.3508598506450653,0.5483739972114563,-0.6526466012001038,0.9878227710723877,-0.11119846999645233,0.07318725436925888,0.08051493763923645,-0.16562153878359387,0.7625937812992087,-0.07434324870589,-12.163608552306684,9.351939164255851,8.320822598539332,0.5093165040016174,0.3072473406791687,0.31289660930633545,0.2590330243110657,0.3508598506450653,0.5483739972114563,-0.6526466012001038,-0.11119846999645233,0.07318725436925888,0.08051493763923645,0.9878227710723877,-0.1656215339899063,0.7625938057899475,-0.0743432492017746,0.3072473406791687,0.31289660930633545,0.2590330243110657,0.352348268032074,0.37709736824035645,0.2590330243110657,0.3868507444858551,0.4475629925727844,0.2590330243110657,0.40990519523620605,0.5225585103034973,0.2590330243110657,0.4209439158439636,0.6002371907234192,0.2590330243110657,0.41969507932662964,0.6786863207817078,0.2590330243110657,0.406189501285553,0.755974292755127,0.2590330243110657,0.38075971603393555,0.8301979303359985,0.2590330243110657,0.34403184056282043,0.8995296955108643,0.2590330243110657,0.29691028594970703,0.9622623920440674,0.2590330243110657,-1.5707963705062866,1.5707963705062866,-0.3763887882232666,0.20000000298023224,-14.999999999999636,14.993562700110488,-1.5340235878543502,38675.0
7.5799,0.0105,1,1,-0.2532976269721985,-0.22983691096305847,0.5496786832809448,0.04791639372706413,0.08610183745622635,0.8004478812217712,0.40761178731918335,0.5845856666564941,-0.5131011605262756,0.9870908856391907,-0.11310591548681259,0.08172621577978134,0.07859648019075394,-0.21473682060835297,0.7572765138667565,-0.13662817004909197,-12.351256806147921,10.318614769661464,7.9855370679348825,0.5034206509590149,0.3012140095233917,0.3159387409687042,0.2507691979408264,0.40761178731918335,0.5845856666564941,-0.5131011605262756,-0.11310591548681259,0.08172621577978134,0.07859648019075394,0.9870908856391907,-0.21473681926727295,0.7572765350341797,-0.1366281658411026,0.3012140095233917,0.3159387409687042,0.2507691979408264,0.3442341089248657,0.3815520107746124,0.2507691979408264,0.37646037340164185,0.45308730006217957,0.2507691979408264,0.3970993161201477,0.5287832021713257,0.2507691979408264,0.40564268827438354,0.6067757606506348,0.2507691979408264,0.401880145072937,0.6851445436477661,0.2507691979408264,0.38590437173843384,0.7619599103927612,0.2507691979408264,0.3581086993217468,0.8353304862976074,0.2507691979408264,0.3191775381565094,0.9034494161605835,0.2507691979408264,0.27006953954696655,0.9646395444869995,0.2507691979408264,-1.5707963705062866,1.5707963705062866,-0.3404815196990967,0.20000000298023224,-14.999999999999819,14.996781350055244,-2.2045946490632367,38675.0
7.5999,0.0108,1,1,-0.2526155114173889,-0.22162021696567535,0.5340461134910583,0.05724114552140236,0.09853902459144592,0.8004478812217712,0.4086691737174988,0.6069352030754089,-0.5531539916992188,0.9866552948951721,-0.11186137795448303,0.08856518566608429,0.07843853533267975,-0.18642738493129704,0.6441166020413904,-0.09087656054964383,-12.16794636586759,11.087921950386066,7.9053435783441275,0.519117534160614,0.309856653213501,0.32015925645828247,0.2664017677307129,0.4086691737174988,0.6069352030754089,-0.5531539916992188,-0.11186137795448303,0.08856518566608429,0.07843853533267975,0.9866552948951721,-0.18642738461494446,0.6441165804862976,-0.09087655693292618,0.309856653213501,0.32015925645828247,0.2664017677307129,0.3508163392543793,0.38707810640335083,0.2664017677307129,0.38080334663391113,0.45958060026168823,0.2664017677307129,0.39907923340797424,0.5358814597129822,0.2664017677307129,0.4051940441131592,0.6141018867492676,0.2664017677307129,0.3989971876144409,0.6923158764839172,0.2664017677307129,0.38064128160476685,0.7685975432395935,0.2664017677307129,0.35057830810546875,0.8410685062408447,0.2664017677307129,0.3095484673976898,0.90794438123703,0.2664017677307129,0.2585620880126953,0.9675784111022949,0.2664017677307129,-1.5707963705062866,1.5707963705062866,-0.362011194229126,0.20000000298023224,-14.99999999999991,14.998390675027622,-2.3649816282447187,38675.0
7.6201,0.0107,1,1,-0.24261581897735596,-0.21456573903560638,0.5373312830924988,0.06637939810752869,0.11156152933835983,0.8004478812217712,0.4615863859653473,0.6225504279136658,-0.5046526789665222,0.9859477877616882,-0.11340204626321793,0.09456874430179596,0.07811304926872253,-0.17320593860727374,0.5629274730492347,-0.09490512433060669,-12.318035780298574,11.782440502229521,7.783823011167672,0.5206413269042969,0.30899521708488464,0.3261272609233856,0.26311659812927246,0.4615863859653473,0.6225504279136658,-0.5046526789665222,-0.11340204626321793,0.09456874430179596,0.07811304926872253,0.9859477877616882,-0.17320594191551208,0.5629274845123291,-0.09490512311458588,0.30899521708488464,0.3261272609233856,0.26311659812927246,0.3478052318096161,0.39431533217430115,0.26311659812927246,0.37547045946121216,0.4677351117134094,0.26311659812927246,0.3913096785545349,0.5445787906646729,0.26311659812927246,0.39493292570114136,0.6229541897773743,0.26311659812927246,0.38625094294548035,0.7009314298629761,0.26311659812927246,0.3654775023460388,0.7765905261039734,0.26311659812927246,0.33312416076660156,0.8480684161186218,0.26311659812927246,0.2899875044822693,0.9136050939559937,0.26311659812927246,0.23712974786758423,0.9715868830680847,0.26311659812927246,-1.5707963705062866,1.5707963705062866,-0.3576141595840454,0.20000000298023224,-14.999999999999954,14.999195337513811,-2.6080227625976327,38675.0
7.64,0.0096,1,1,-0.231206476688385,-0.2091427594423294,0.5154669880867004,0.07487445324659348,0.12451404333114624,0.8004478812217712,0.5040081143379211,0.6298837065696716,-0.5598428845405579,0.9853655695915222,-0.11312875151634216,0.10066031664609909,0.07824395596981049,-0.2065773277920273,0.657686672796862,-0.16450439264057606,-12.251743066065908,12.478761420117014,7.735634071129602,0.5350013971328735,0.3060809373855591,0.33365678787231445,0.2849808931350708,0.5040081143379211,0.6298837065696716,-0.5598428845405579,-0.11312875151634216,0.10066031664609909,0.07824395596981049,0.9853655695915222,-0.206577330827713,0.6576866507530212,-0.16450439393520355,0.3060809373855591,0.33365678787231445,0.2849808931350708,0.3427601456642151,0.40301430225372314,0.2849808931350708,0.36813783645629883,0.47725582122802734,0.2849808931350708,0.3815891742706299,0.5545532703399658,0.2849808931350708,0.3827829360961914,0.633003294467926,0.2849808931350708,0.37168967723846436,0.7106741666793823,0.2849808931350708,0.3485826253890991,0.7856534719467163,0.2849808931350708,0.3140307068824768,0.8560948967933655,0.2849808931350708,0.26888471841812134,0.920263946056366,0.2849808931350708,0.21425628662109375,0.9765805602073669,0.2849808931350708,-1.5707963705062866,1.5707963705062866,-0.3486424684524536,0.20000000298023224,-14.999999999999977,14.999597668756905,-2.7044006426737983,38675.0
7.6596,0.0073,1,1,-0.21492205560207367,-0.19632139801979065,0.5214307904243469,0.08298352360725403,0.1377561390399933,0.8004478812217712,0.5607039928436279,0.6835475564002991,-0.4685579538345337,0.984617292881012,-0.1145399734377861,0.10739778727293015,0.07663600891828537,-0.20417747010997286,0.414043718624464,-0.1225816764193621,-12.404120292492072,13.24098351579706,7.455797347861281,0.5274524092674255,0.2979055643081665,0.33407753705978394,0.2790170907974243,0.5607039928436279,0.6835475564002991,-0.4685579538345337,-0.1145399734377861,0.10739778727293015,0.07663600891828537,0.984617292881012,-0.20417746901512146,0.41404372453689575,-0.12258167564868927,0.2979055643081665,0.33407753705978394,0.2790170907974243,0.3324134349822998,0.4045405685901642,0.2790170907974243,0.3554735779762268,0.4795342981815338,0.2790170907974243,0.36651819944381714,0.5572121143341064,0.2790170907974243,0.36527538299560547,0.6356613636016846,0.2790170907974243,0.3517756760120392,0.7129503488540649,0.2790170907974243,0.326351523399353,0.7871760129928589,0.2790170907974243,0.28962892293930054,0.8565105199813843,0.2790170907974243,0.24251215159893036,0.9192467927932739,0.2790170907974243,0.1861613392829895,0.9738399982452393,0.2790170907974243,-1.5707963705062866,1.5707963705062866,-0.33825743198394775,0.20000000298023224,-14.99999999999999,14.999798834378453,-3.2640740892104145,38675.0
7.6797,0.0109,1,1,-0.20053917169570923,-0.18301595747470856,0.5043140053749084,0.09078335762023926,0.1514362096786499,0.8004478812217712,0.6089282035827637,0.7258956432342529,-0.5127208828926086,0.9840983152389526,-0.11686684191226959,0.11045876145362854,0.07542881369590759,-0.1978039430549248,0.28476861956886484,-0.08117408213199671,-12.679804160732935,13.593675100992312,7.248636957334299,0.5333126187324524,0.2913225293159485,0.33445215225219727,0.2961338758468628,0.6089282035827637,0.7258956432342529,-0.5127208828926086,-0.11686684191226959,0.11045876145362854,0.07542881369590759,0.9840983152389526,-0.19780394434928894,0.28476861119270325,-0.0811740830540657,0.2913225293159485,0.33445215225219727,0.2961338758468628,0.3235943019390106,0.40596693754196167,0.2961338758468628,0.3442813754081726,0.48164963722229004,0.2961338758468628,0.35287439823150635,0.5596367716789246,0.2961338758468628,0.3491617441177368,0.6380079984664917,0.2961338758468628,0.33323484659194946,0.7148334980010986,0.2961338758468628,0.3054858446121216,0.7882216572761536,0.2961338758468628,0.26659804582595825,0.856365442276001,0.2961338758468628,0.21752901375293732,0.9175868034362793,0.2961338758468628,0.15948696434497833,0.9703783988952637,0.2961338758468628,-1.5707963705062866,1.5707963705062866,-0.33779919147491455,0.20000000298023224,-14.999999999999995,14.999899417189226,-3.678394870264375,38675.0
7.7,0.0093,1,1,-0.18805478513240814,-0.16807815432548523,0.4941096305847168,0.09821468591690063,0.16548511385917664,0.8004478812217712,0.6484038233757019,0.7756850123405457,-0.5136305093765259,0.9838668704032898,-0.11809644848108292,0.11179742962121964,0.07455608248710632,-0.19444559705179398,0.19858877662817115,-0.0961515170102774,-12.830720668355111,13.744767934184642,7.114193033283301,0.535777747631073,0.28626948595046997,0.33356326818466187,0.30633825063705444,0.6484038233757019,0.7756850123405457,-0.5136305093765259,-0.11809644848108292,0.11179742962121964,0.07455608248710632,0.9838668704032898,-0.19444559514522552,0.1985887736082077,-0.09615151584148407,0.28626948595046997,0.33356326818466187,0.30633825063705444,0.3162520229816437,0.4060676097869873,0.30633825063705444,0.3345232605934143,0.4823695719242096,0.30633825063705444,0.3406333029270172,0.560590386390686,0.30633825063705444,0.3344317078590393,0.6388039588928223,0.30633825063705444,0.316071093082428,0.7150845527648926,0.30633825063705444,0.2860036790370941,0.7875536680221558,0.30633825063705444,0.24496977031230927,0.8544270992279053,0.30633825063705444,0.19397974014282227,0.9140579700469971,0.30633825063705444,0.13428914546966553,0.9649780988693237,0.30633825063705444,-1.5707963705062866,1.5707963705062866,-0.31824731826782227,0.20000000298023224,-14.999999999999996,14.999949708594613,-3.94728271836639,38675.0
7.7198,0.009,1,1,-0.17944183945655823,-0.16206318140029907,0.49200740456581116,0.1050909012556076,0.17953988909721375,0.8004478812217712,0.6615568399429321,0.7644023895263672,-0.4725656509399414,0.9840560555458069,-0.11604339629411697,0.11217086017131805,0.07472138106822968,-0.10397796488753183,0.2547147967330502,-0.1428793248520509,-12.585135518606153,13.774821634212957,7.158269801228538,0.5410979986190796,0.28453272581100464,0.3416030704975128,0.3084404766559601,0.6615568399429321,0.7644023895263672,-0.4725656509399414,-0.11604339629411697,0.11217086017131805,0.07472138106822968,0.9840560555458069,-0.10397796332836151,0.2547147870063782,-0.14287932217121124,0.28453272581100464,0.3416030704975128,0.3084404766559601,0.31223198771476746,0.4150100350379944,0.3084404766559601,0.3281068205833435,0.49184635281562805,0.3084404766559601,0.33176636695861816,0.5702200531959534,0.3084404766559601,0.3231205344200134,0.6482013463973999,0.3084404766559601,0.3023821711540222,0.7238699793815613,0.3084404766559601,0.2700619399547577,0.7953628897666931,0.3084404766559601,0.22695566713809967,0.8609195947647095,0.3084404766559601,0.17412477731704712,0.9189258217811584,0.3084404766559601,0.11287014931440353,0.9679533839225769,0.3084404766559601,-1.5707963705062866,1.5707963705062866,-0.3038135766983032,0.20000000298023224,-14.999999999999998,14.999974854297307,-3.859129182475908,38675.0
7.7396,0.0082,1,1,-0.16329671442508698,-0.14733584225177765,0.477787584066391,0.1115122064948082,0.19377568364143372,0.8004478812217712,0.7165353894233704,0.8070322275161743,-0.5114502906799316,0.9837380051612854,-0.11696067452430725,0.11497117578983307,0.07320714741945267,0.10369659359598656,0.061102573526558464,-0.015967589849193747,-12.702748401603989,14.083030166620915,6.936481129911437,0.5440465807914734,0.2748089134693146,0.34111154079437256,0.32266029715538025,0.7165353894233704,0.8070322275161743,-0.5114502906799316,-0.11696067452430725,0.11497117578983307,0.07320714741945267,0.9837380051612854,0.10369659215211868,0.061102572828531265,-0.015967590734362602,0.2748089134693146,0.34111154079437256,0.32266029715538025,0.3002021312713623,0.41534775495529175,0.32266029715538025,0.3136696219444275,0.492642343044281,0.32266029715538025,0.31487977504730225,0.5710921287536621,0.32266029715538025,0.3038027584552765,0.6487653255462646,0.32266029715538025,0.2807113528251648,0.7237493991851807,0.32266029715538025,0.246174156665802,0.7941980361938477,0.32266029715538025,0.2010415643453598,0.8583765625953674,0.32266029715538025,0.14642490446567535,0.9147046208381653,0.32266029715538025,0.083669014275074,0.9617952704429626,0.32266029715538025,-1.5707963705062866,1.5707963705062866,-0.3045588731765747,0.20000000298023224,-15.0,14.999987427148653,-4.302706525110137,38675.0
7.7597,0.0101,1,1,-0.15878917276859283,-0.13389821350574493,0.4782429337501526,0.11754397302865982,0.20835214853286743,0.8004478812217712,0.7398311495780945,0.8368741869926453,-0.45089974999427795,0.983975350856781,-0.11447685211896896,0.11486858874559402,0.0741000771522522,-0.12894621530573117,0.14603656890336708,-0.07258946558191035,-12.397793190615584,14.064923314202316,7.077958824800453,0.5452626347541809,0.27633315324783325,0.34225034713745117,0.32220494747161865,0.7398311495780945,0.8368741869926453,-0.45089974999427795,-0.11447685211896896,0.11486858874559402,0.0741000771522522,0.983975350856781,-0.1289462149143219,0.1460365653038025,-0.0725894644856453,0.27633315324783325,0.34225034713745117,0.32220494747161865,0.2993718385696411,0.41725069284439087,0.32220494747161865,0.3103942573070526,0.494931697845459,0.32220494747161865,0.309128999710083,0.5733805894851685,0.32220494747161865,0.29560720920562744,0.6506657004356384,0.32220494747161865,0.27016180753707886,0.724884033203125,0.32220494747161865,0.23341938853263855,0.7942080497741699,0.32220494747161865,0.18628466129302979,0.8569308519363403,0.32220494747161865,0.12991823256015778,0.9115079045295715,0.32220494747161865,0.06570803374052048,0.9565954208374023,0.32220494747161865,-1.5707963705062866,1.5707963705062866,-0.27149832248687744,0.20000000298023224,-15.0,14.999993713574327,-4.019751135332105,38675.0
7.7801,0.0091,1,1,-0.1393786370754242,-0.12393998354673386,0.46008020639419556,0.12317299842834473,0.2232789248228073,0.8004478812217712,0.7947648763656616,0.840473473072052,-0.5092167854309082,0.9838152527809143,-0.11331779509782791,0.1175740659236908,0.07376246899366379,-0.19459122202915088,0.048472831662480315,-0.03618111984213887,-12.254627133172614,14.362714204220461,7.025655614464311,0.5525798201560974,0.2625516355037689,0.34721890091896057,0.3403676748275757,0.7947648763656616,0.840473473072052,-0.5092167854309082,-0.11331779509782791,0.1175740659236908,0.07376246899366379,0.9838152527809143,-0.194591224193573,0.04847283288836479,-0.036181118339300156,0.2625516355037689,0.34721890091896057,0.3403676748275757,0.2831859588623047,0.4229160249233246,0.3403676748275757,0.29172462224960327,0.5009090900421143,0.3403676748275757,0.2879573404788971,0.5792776942253113,0.3403676748275757,0.27197688817977905,0.6560921669006348,0.3403676748275757,0.24417676031589508,0.7294609546661377,0.3403676748275757,0.20524150133132935,0.7975775599479675,0.3403676748275757,0.15612979233264923,0.8587647676467896,0.3403676748275757,0.09805095195770264,0.9115158319473267,0.3403676748275757,0.03243507444858551,0.9545319676399231,0.3403676748275757,-1.5707963705062866,1.5707963705062866,-0.23423504829406738,0.20000000298023224,-15.0,14.999996856787163,-4.124357556004367,38675.0
7.8002,0.0089,1,1,-0.11959374696016312,-0.10341206192970276,0.46207311749458313,0.12826009094715118,0.23818339407444,0.8004478812217712,0.8577309250831604,0.9090062975883484,-0.4532703757286072,0.9834498167037964,-0.11553995311260223,0.11893153935670853,0.07300935685634613,-0.30189803841074087,0.14832643803240128,-0.051730855555109985,-12.52226028217686,14.524703008584828,6.889398632872577,0.5409403443336487,0.2478538453578949,0.34159547090530396,0.3383747637271881,0.8577309250831604,0.9090062975883484,-0.4532703757286072,-0.11553995311260223,0.11893153935670853,0.07300935685634613,0.9834498167037964,-0.3018980324268341,0.14832644164562225,-0.05173085629940033,0.2478538453578949,0.34159547090530396,0.3383747637271881,0.2660939693450928,0.41790488362312317,0.3383747637271881,0.27217209339141846,0.4961281716823578,0.3383747637271881,0.26593858003616333,0.5743392705917358,0.3383747637271881,0.24754691123962402,0.6506123542785645,0.3383747637271881,0.21744993329048157,0.7230691909790039,0.3383747637271881,0.17638875544071198,0.7899258136749268,0.3383747637271881,0.1253744214773178,0.8495359420776367,0.3383747637271881,0.06566306948661804,0.900431752204895,0.3383747637271881,-0.001274988055229187,0.9413601160049438,0.3383747637271881,-1.5707963705062866,1.5707963705062866,-0.17028355598449707,0.20000000298023224,-15.0,14.999998428393582,-4.396871519187843,38675.0
7.8202,0.0114,1,1,-0.1124901995062828,-0.09189110994338989,0.4486883878707886,0.1328631490468979,0.2531988024711609,0.8004478812217712,0.8708778023719788,0.918576180934906,-0.4851488471031189,0.9833476543426514,-0.11606930941343307,0.11872360855340958,0.0738781988620758,-0.20781553125134605,0.13716523809479847,-0.038678915273281,-12.572759955333488,14.51557356613895,6.985472316734459,0.5504725575447083,0.2453533411026001,0.3450899124145508,0.35175949335098267,0.8708778023719788,0.918576180934906,-0.4851488471031189,-0.11606930941343307,0.11872360855340958,0.0738781988620758,0.9833476543426514,-0.2078155279159546,0.13716523349285126,-0.038678914308547974,0.2453533411026001,0.3450899124145508,0.35175949335098267,0.261187881231308,0.4219345450401306,0.35175949335098267,0.2648063004016876,0.5003101825714111,0.35175949335098267,0.2561195492744446,0.57828688621521,0.35175949335098267,0.23534148931503296,0.6539446711540222,0.35175949335098267,0.20298375189304352,0.7254205942153931,0.35175949335098267,0.1598430871963501,0.7909546494483948,0.35175949335098267,0.1069817841053009,0.848933219909668,0.35175949335098267,0.045701444149017334,0.8979285955429077,0.35175949335098267,-0.022489003837108612,0.9367344379425049,0.35175949335098267,-1.5707963705062866,1.5707963705062866,-0.15655851364135742,0.20000000298023224,-15.0,14.99999921419679,-4.204724151464065,38675.0
7.8395,0.0085,1,1,-0.10063020884990692,-0.06936485320329666,0.45463815331459045,0.1368967592716217,0.26797810196876526,0.8004478812217712,0.895986795425415,0.9897306561470032,-0.4201057553291321,0.9831052422523499,-0.11665622889995575,0.12010326236486435,0.07395003736019135,-0.1260666806994614,0.06475072139056032,0.01532790583743782,-12.635455008918585,14.67890246502857,6.969453779463738,0.5383341908454895,0.23752696812152863,0.3373429477214813,0.3458097279071808,0.895986795425415,0.9897306561470032,-0.4201057553291321,-0.11665622889995575,0.12010326236486435,0.07395003736019135,0.9831052422523499,-0.1260666847229004,0.06475072354078293,0.015327906236052513,0.23752696812152863,0.3373429477214813,0.3458097279071808,0.2509998679161072,0.41463661193847656,0.3458097279071808,0.2522154450416565,0.4930863082408905,0.3458097279071808,0.2411438673734665,0.5707603096961975,0.3458097279071808,0.21805769205093384,0.6457459926605225,0.3458097279071808,0.18352541327476501,0.7161970734596252,0.3458097279071808,0.13839729130268097,0.7803786993026733,0.3458097279071808,0.0837845578789711,0.8367105722427368,0.3458097279071808,0.021031953394412994,0.8838055729866028,0.3458097279071808,-0.048315346240997314,0.920504093170166,0.3458097279071808,-1.5707963705062866,1.5707963705062866,-0.13175749778747559,0.20000000298023224,-15.0,14.999999607098395,-4.236761226005516,38675.0
7.8598,0.0106,1,1,-0.07922419905662537,-0.05965758115053177,0.4323228597640991,0.14059874415397644,0.2834245264530182,0.8004478812217712,0.9504325985908508,0.9874508380889893,-0.4915930926799774,0.9830139875411987,-0.11724677681922913,0.11919746547937393,0.07567521184682846,-0.1798547532952519,0.004352611448753685,0.027152541854768696,-12.683244850353411,14.60127550191553,7.172736065363397,0.5491297245025635,0.2198229432106018,0.34308210015296936,0.3681250214576721,0.9504325985908508,0.9874508380889893,-0.4915930926799774,-0.11724677681922913,0.11919746547937393,0.07567521184682846,0.9830139875411987,-0.17985475063323975,0.004352611489593983,0.027152542024850845,0.2198229432106018,0.34308210015296936,0.3681250214576721,0.23083388805389404,0.4207647144794464,0.3681250214576721,0.22955703735351562,0.49921342730522156,0.3681250214576721,0.21602381765842438,0.5764965415000916,0.3681250214576721,0.19056746363639832,0.6507111191749573,0.3681250214576721,0.15381482243537903,0.7200297713279724,0.3681250214576721,0.10667083412408829,0.7827455997467041,0.3681250214576721,0.050296347588300705,0.8373143076896667,0.3681250214576721,-0.013920500874519348,0.8823923468589783,0.3681250214576721,-0.08439849317073822,0.916869580745697,0.3681250214576721,-1.5707963705062866,1.3066426515579224,-0.07411479949951172,0.20000000298023224,-15.0,14.999999803549198,-3.830196654206183,38675.0
7.8797,0.0084,1,1,-0.05735411122441292,-0.0414661206305027,0.4341830611228943,0.14376303553581238,0.29874303936958313,0.8004478812217712,1.0051913261413574,1.0273164510726929,-0.4544975459575653,0.9829881191253662,-0.11710924655199051,0.11890827864408493,0.07667206227779388,-0.18382719095624137,-0.051023170429691865,0.05151032917209461,-12.653485438937443,14.579841134745234,7.294753438479954,0.5388323664665222,0.201117143034935,0.34020915627479553,0.36626482009887695,1.0051913261413574,1.0273164510726929,-0.4544975459575653,-0.11710924655199051,0.11890827864408493,0.07667206227779388,0.9829881191253662,-0.18382719159126282,-0.05102317035198212,0.05151033028960228,0.201117143034935,0.34020915627479553,0.36626482009887695,0.2096927911043167,0.4181981682777405,0.36626482009887695,0.20596268773078918,0.49656856060028076,0.36626482009887695,0.1900186836719513,0.573390543460846,0.36626482009887695,0.16225336492061615,0.6467725038528442,0.36626482009887695,0.12335041165351868,0.7149076461791992,0.36626482009887695,0.07426774501800537,0.7761180996894836,0.36626482009887695,0.01621394231915474,0.828896701335907,0.36626482009887695,-0.04938152804970741,0.8719439506530762,0.36626482009887695,-0.12090347707271576,0.9041998386383057,0.36626482009887695,-1.5707963705062866,0.6528142690658569,-0.014075756072998047,0.20000000298023224,-15.0,14.999999901774599,-3.586161907973088,38675.0
7.9001,0.0079,1,1,-0.04305301606655121,-0.023461289703845978,0.419932097196579,0.14647656679153442,0.3143426179885864,0.8004478812217712,1.0287967920303345,1.0654428005218506,-0.48438510298728943,0.9828550219535828,-0.11753551661968231,0.11872585117816925,0.07799725979566574,-0.1692085671005784,-0.050341126552144164,0.07353077651395566,-12.684995753359832,14.579049563803343,7.4455204288358425,0.5429781079292297,0.18952958285808563,0.3378039002418518,0.38051578402519226,1.0287967920303345,1.0654428005218506,-0.48438510298728943,-0.11753551661968231,0.11872585117816925,0.07799725979566574,0.9828550219535828,-0.1692085713148117,-0.05034112557768822,0.07353077828884125,0.18952958285808563,0.3378039002418518,0.38051578402519226,0.1956315040588379,0.4160253405570984,0.38051578402519226,0.18942177295684814,0.49423831701278687,0.38051578402519226,0.17105329036712646,0.5705169439315796,0.38051578402519226,0.1409783661365509,0.6429830193519592,0.38051578402519226,0.09993749856948853,0.7098520994186401,0.38051578402519226,0.048941291868686676,0.7694777250289917,0.38051578402519226,-0.010754570364952087,0.8203917145729065,0.38051578402519226,-0.07768017798662186,0.8613404035568237,0.38051578402519226,-0.15018761157989502,0.8913154006004333,0.38051578402519226,-1.3246325254440308,0.3436553478240967,0.034252047538757324,0.20000000298023224,-15.0,14.9999999508873,-3.2846279272613037,38675.0
7.9197,0.0087,1,1,-0.01794944703578949,-0.004218641668558121,0.40393972396850586,0.14865854382514954,0.3297319710254669,0.8004478812217712,1.0773992538452148,1.104907751083374,-0.5139594078063965,0.9825924634933472,-0.11952979117631912,0.11899297684431076,0.07786763459444046,-0.19219489303554077,-0.10153210942002465,0.09141546784097818,-12.921153820257182,14.623024125810796,7.397269857941164,0.5445181131362915,0.16660799086093903,0.33395060896873474,0.3965081572532654,1.0773992538452148,1.104907751083374,-0.5139594078063965,-0.11952979117631912,0.11899297684431076,0.07786763459444046,0.9825924634933472,-0.1921948939561844,-0.10153210908174515,0.09141546487808228,0.16660799086093903,0.33395060896873474,0.3965081572532654,0.17027562856674194,0.412323921918869,0.3965081572532654,0.1616378277540207,0.4903060793876648,0.3965081572532654,0.14090727269649506,0.5659769177436829,0.3965081572532654,0.10859441757202148,0.6374731063842773,0.3965081572532654,0.06549490988254547,0.7030342817306519,0.3965081572532654,0.012670017778873444,0.7610459923744202,0.3965081572532654,-0.04857955127954483,0.8100798726081848,0.3965081572532654,-0.11674562096595764,0.8489285111427307,0.3965081572532654,-0.19014972448349,0.8766353130340576,0.3965081572532654,-0.876575767993927,-0.23260259628295898,0.12252914905548096,0.20000000298023224,-15.0,0.836426440044189,-3.381129069050661,38675.0
7.9399,0.0069,1,1,-0.00377477053552866,0.015239883214235306,0.40310731530189514,0.1503700613975525,0.34527623653411865,0.8004478812217712,1.1009511947631836,1.143936038017273,-0.48129814863204956,0.9826657176017761,-0.1192951574921608,0.1170133575797081,0.08026603609323502,-0.10333706684882585,0.16429353686126905,0.06652713306142724,-12.867141124315808,14.425487557842102,7.704130825899768,0.5390400290489197,0.15414483845233917,0.33003634214401245,0.3973405659198761,1.1009511947631836,1.143936038017273,-0.48129814863204956,-0.1192951574921608,0.1170133575797081,0.08026603609323502,0.9826657176017761,-0.10333706438541412,0.1642935425043106,0.06652713567018509,0.15414483845233917,0.33003634214401245,0.3973405659198761,0.15535974502563477,0.4084860384464264,0.3973405659198761,0.14428745210170746,0.48615992069244385,0.3973405659198761,0.12120061367750168,0.5611454248428345,0.3973405659198761,0.08666768670082092,0.6315962076187134,0.3973405659198761,0.04153899848461151,0.695777416229248,0.3973405659198761,-0.013074236921966076,0.7521088123321533,0.3973405659198761,-0.07582726329565048,0.7992032170295715,0.3973405659198761,-0.14517489075660706,0.835901141166687,0.3973405659198761,-0.2194095402956009,0.8612988591194153,0.3973405659198761,-0.6682572364807129,-0.7304214835166931,0.1745542287826538,0.20000000298023224,-15.0,-7.0817867799779055,-2.7674071331334718,38675.0
7.9603,0.0085,1,1,0.018515976145863533,0.038672495633363724,0.3935168981552124,0.1516067236661911,0.3610595762729645,0.8004478812217712,1.1394155025482178,1.1953423023223877,-0.48682212829589844,0.9822748303413391,-0.12085408717393875,0.11873108893632889,0.08019602298736572,-0.12432623002568895,-0.614576952388286,0.08678545409495614,-13.044154804247139,14.63362046672644,7.652854696123895,0.5359472036361694,0.13309074938297272,0.32238706946372986,0.40693098306655884,1.1394155025482178,1.1953423023223877,-0.48682212829589844,-0.12085408717393875,0.11873108893632889,0.08019602298736572,0.9822748303413391,-0.12432622909545898,-0.6145769357681274,0.0867854505777359,0.13309074938297272,0.32238706946372986,0.40693098306655884,0.13182136416435242,0.40083590149879456,0.40693098306655884,0.11829552054405212,0.4781203269958496,0.40693098306655884,0.09284625947475433,0.5523372888565063,0.40693098306655884,0.056100212037563324,0.6216594576835632,0.40693098306655884,0.008962202817201614,0.6843797564506531,0.40693098306655884,-0.04740707576274872,0.7389538884162903,0.40693098306655884,-0.11161962896585464,0.7840380072593689,0.40693098306655884,-0.18209433555603027,0.8185219764709473,0.40693098306655884,-0.2570958733558655,0.8415567874908447,0.40693098306655884,-0.2395380735397339,-1.0715665817260742,0.27488183975219727,0.20000000298023224,-14.362260323260546,-11.040893389988952,-2.8699593926852147,38675.0
7.9797,0.0101,1,1,0.04631945118308067,0.06501056998968124,0.3965165317058563,0.15233521163463593,0.37662026286125183,0.8004478812217712,1.2110341787338257,1.2624272108078003,-0.3999762237071991,0.9831659197807312,-0.12069517374038696,0.1099843680858612,0.08196893334388733,-0.047886320366660795,-1.6860283776854261,0.0262587787511543,-13.04249383584317,13.65365884130611,7.963612864796435,0.5210570693016052,0.10601575672626495,0.31160968542099,0.4039313495159149,1.2110341787338257,1.2624272108078003,-0.3999762237071991,-0.12069517374038696,0.1099843680858612,0.08196893334388733,0.9831659197807312,-0.04788631945848465,-1.6860283613204956,0.02625877782702446,0.10601575672626495,0.31160968542099,0.4039313495159149,0.10230317711830139,0.38998091220855713,0.4039313495159149,0.08637635409832001,0.46680644154548645,0.4039313495159149,0.05862746015191078,0.5401946902275085,0.4039313495159149,0.019739750772714615,0.608338475227356,0.4039313495159149,-0.029329227283596992,0.669559895992279,0.4039313495159149,-0.08737123012542725,0.7223515510559082,0.4039313495159149,-0.15295706689357758,0.7654134631156921,0.4039313495159149,-0.2244717925786972,0.7976853251457214,0.4039313495159149,-0.30015450716018677,0.8183724880218506,0.4039313495159149,0.06443226337432861,-1.5707963705062866,0.39376533031463623,0.20000000298023224,-5.335281783718083,-13.020446694994476,-2.2484430553401134,38675.0
7.9998,0.0109,1,1,0.070891372859478,0.0908016785979271,0.3884817957878113,0.15257856249809265,0.3924348056316376,0.8004478812217712,1.2490746974945068,1.315116286277771,-0.40187975764274597,0.9849869012832642,-0.11950789391994476,0.09144975990056992,0.08457956463098526,0.03044082383468979,-2.8141894881298497,0.00881520676918979,-12.974117111886635,11.55856619100956,8.497025888648833,0.5170796513557434,0.08168718963861465,0.3016331195831299,0.41196608543395996,1.2490746974945068,1.315116286277771,-0.40187975764274597,-0.11950789391994476,0.09144975990056992,0.08457956463098526,0.9849869012832642,0.03044082410633564,-2.8141894340515137,0.008815206587314606,0.08168718963861465,0.3016331195831299,0.41196608543395996,0.07549767941236496,0.3798476755619049,0.41196608543395996,0.057148925960063934,0.45613107085227966,0.41196608543395996,0.027092717587947845,0.5286049246788025,0.41196608543395996,-0.013930842280387878,0.5954846143722534,0.41196608543395996,-0.06491163372993469,0.6551234126091003,0.41196608543395996,-0.12459433078765869,0.706052839756012,0.41196608543395996,-0.19150935113430023,0.7470188140869141,0.41196608543395996,-0.264009028673172,0.7770125865936279,0.41196608543395996,-0.34030818939208984,0.7952956557273865,0.41196608543395996,0.4162867069244385,-1.5707963705062866,0.45895659923553467,0.20000000298023224,4.832359108140958,-14.010223347497238,-1.1816170076353514,38675.0
8.0197,0.0099,1,1,0.07735592871904373,0.10785511136054993,0.3857681155204773,0.15232603251934052,0.40810999274253845,0.8004478812217712,1.1456857919692993,1.3081088066101074,-0.35931435227394104,0.9880862832069397,-0.11119066178798676,0.05834762752056122,0.08897028118371964,0.3812376020258365,-2.948207211033689,-0.13864177782692247,-12.197745690851654,7.7638420921040465,9.45958006164972,0.5174290537834167,0.07497010380029678,0.3002548813819885,0.41467976570129395,1.1456857919692993,1.3081088066101074,-0.35931435227394104,-0.11119066178798676,0.05834762752056122,0.08897028118371964,0.9880862832069397,0.38123759627342224,-2.948207139968872,-0.13864177465438843,0.07497010380029678,0.3002548813819885,0.41467976570129395,0.06633157283067703,0.3782369792461395,0.41467976570129395,0.045600295066833496,0.4539075791835785,0.41467976570129395,0.013286769390106201,0.5254034996032715,0.41467976570129395,-0.02981334924697876,0.5909641981124878,0.41467976570129395,-0.08263879269361496,0.6489754915237427,0.41467976570129395,-0.14388883113861084,0.6980087757110596,0.41467976570129395,-0.2120552659034729,0.7368566989898682,0.41467976570129395,-0.28545960783958435,0.7645628452301025,0.41467976570129395,-0.36229443550109863,0.7804449796676636,0.41467976570129395,0.20889174938201904,-1.5707963705062866,0.47685086727142334,0.20000000298023224,8.400487361417586,-14.505111673748619,0.7434913383664314,38675.0
8.0404,0.0098,1,1,0.1010114997625351,0.12489423155784607,0.3619260787963867,0.15156549215316772,0.42403286695480347,0.8004478812217712,1.1906872987747192,1.3061020374298096,-0.4501001238822937,0.9900938868522644,-0.1019575297832489,0.029685454443097115,0.09184509515762329,1.3310962491953882,-2.930146984101317,-0.06640471503625686,-11.36362264972709,4.445533551084788,10.157099992781909,0.5332363247871399,0.05055399239063263,0.2991386353969574,0.4385218024253845,1.1906872987747192,1.3061020374298096,-0.4501001238822937,-0.1019575297832489,0.029685454443097115,0.09184509515762329,0.9900938868522644,1.3310962915420532,-2.9301469326019287,-0.06640471518039703,0.05055399239063263,0.2991386353969574,0.4385218024253845,0.03943392634391785,0.37680569291114807,0.4385218024253845,0.016300968825817108,0.45177701115608215,0.4385218024253845,-0.01827528327703476,0.5222065448760986,0.4385218024253845,-0.06344344466924667,0.586359977722168,0.4385218024253845,-0.11809132248163223,0.6426577568054199,0.4385218024253845,-0.180873304605484,0.6897135972976685,0.4385218024253845,-0.25024348497390747,0.72636878490448,0.4385218024253845,-0.32449376583099365,0.7517209053039551,0.4385218024253845,-0.40179580450057983,0.7651455402374268,0.4385218024253845,-0.1374673843383789,-1.5707963705062866,0.49643003940582275,0.20000000298023224,0.26209320906284006,-14.75255583687431,2.1385312006308013,38675.0
8.06,0.0105,1,1,0.128557026386261,0.1495923101902008,0.34659844636917114,0.15033331513404846,0.4395507872104645,0.8004478812217712,1.2063467502593994,1.3408491611480713,-0.4641824960708618,0.9920216202735901,-0.08462873846292496,0.0017540116095915437,0.09341288357973099,2.3060932395530114,-2.3458920515153734,-0.11610170614449493,-9.648921901599342,1.105353647095602,10.665374883691015,0.539007842540741,0.021776288747787476,0.28995847702026367,0.4538494348526001,1.2063467502593994,1.3408491611480713,-0.4641824960708618,-0.08462873846292496,0.0017540116095915437,0.09341288357973099,0.9920216202735901,2.306093215942383,-2.3458919525146484,-0.1161017045378685,0.021776288747787476,0.28995847702026367,0.4538494348526001,0.008243858814239502,0.3672417104244232,0.4538494348526001,-0.01721172034740448,0.4414565861225128,0.4538494348526001,-0.05396366864442825,0.5107755661010742,0.4538494348526001,-0.10110701620578766,0.5734919309616089,0.4538494348526001,-0.15748094022274017,0.6280611753463745,0.4538494348526001,-0.22169733047485352,0.6731398105621338,0.4538494348526001,-0.29217496514320374,0.7076178789138794,0.4538494348526001,-0.36717844009399414,0.7306462526321411,0.4538494348526001,-0.44486096501350403,0.7416579723358154,0.4538494348526001,-0.29562127590179443,-1.5707963705062866,0.5180987119674683,0.20000000298023224,-7.36895339546858,-14.876277918437154,3.155080982449009,38675.0
8.0805,0.0107,1,1,0.14469143748283386,0.17329946160316467,0.3490027189254761,0.14860796928405762,0.45510727167129517,0.8004478812217712,1.1658016443252563,1.3619011640548706,-0.38915449380874634,0.9934869408607483,-0.05779097601771355,-0.02079766057431698,0.09596516191959381,2.248181203752584,-1.8234762520732877,-0.16562328648305924,-6.827191769015201,-1.7324625109893534,11.137980776559543,0.5321970582008362,0.003916531801223755,0.2818078100681305,0.45144516229629517,1.1658016443252563,1.3619011640548706,-0.38915449380874634,-0.05779097601771355,-0.02079766057431698,0.09596516191959381,0.9934869408607483,2.248181104660034,-1.8234761953353882,-0.16562329232692719,0.003916531801223755,0.2818078100681305,0.45144516229629517,-0.012028217315673828,0.35862961411476135,0.45144516229629517,-0.03979425132274628,0.43201133608818054,0.45144516229629517,-0.07869786769151688,0.5001460313796997,0.45144516229629517,-0.12778113782405853,0.5613560676574707,0.45144516229629517,-0.18583545088768005,0.6141341924667358,0.45144516229629517,-0.25143134593963623,0.6571807861328125,0.45144516229629517,-0.32295361161231995,0.6894358396530151,0.45144516229629517,-0.3986411392688751,0.7101054191589355,0.45144516229629517,-0.47663024067878723,0.7186802625656128,0.45144516229629517,-0.24166154861450195,-1.5707963705062866,0.5357733964920044,0.20000000298023224,-10.607570100837554,-14.938138959218577,4.1002927681860735,38675.0
8.1007,0.0107,1,1,0.1677158623933792,0.20111216604709625,0.3412056863307953,0.14635424315929413,0.4708682596683502,0.8004478812217712,1.151196837425232,1.389258623123169,-0.37450727820396423,0.9940459728240967,-0.03507053852081299,-0.03768359497189522,0.09602399915456772,1.2487240108889648,-1.6661962165217696,-0.14783130645148512,-4.424193557629032,-3.9096443130632386,11.186264836633521,0.5330366492271423,-0.021361619234085083,0.2697560787200928,0.45924219489097595,1.151196837425232,1.389258623123169,-0.37450727820396423,-0.03507053852081299,-0.03768359497189522,0.09602399915456772,0.9940459728240967,1.2487239837646484,-1.6661962270736694,-0.14783130586147308,-0.021361619234085083,0.2697560787200928,0.45924219489097595,-0.03974419832229614,0.3460313081741333,0.45924219489097595,-0.06983251869678497,0.41849184036254883,0.45924219489097595,-0.11088572442531586,0.48535335063934326,0.45924219489097595,-0.16189295053482056,0.5449695587158203,0.45924219489097595,-0.22159820795059204,0.5958725214004517,0.45924219489097595,-0.2885313928127289,0.6368088126182556,0.45924219489097595,-0.36104434728622437,0.6667704582214355,0.45924219489097595,-0.4373515844345093,0.6850196719169617,0.45924219489097595,-0.5155741572380066,0.6911071538925171,0.45924219489097595,0.3438652753829956,-1.5707963705062866,0.6215699911117554,0.20000000298023224,2.1962149495812238,-14.969069479609288,4.196860888334057,38675.0
8.1207,0.0097,1,1,0.18281349539756775,0.2292359620332718,0.34029293060302734,0.14365088939666748,0.48628339171409607,0.8004478812217712,1.07895827293396,1.401617169380188,-0.32686424255371094,0.993553876876831,-0.021175289526581764,-0.053591202944517136,0.09761294722557068,-0.0971956592499134,-1.5118646997711327,-0.2299120784213561,-3.027622175160214,-5.874943785836977,11.377549219788785,0.5285353660583496,-0.03916260600090027,0.2570474147796631,0.4601549506187439,1.07895827293396,1.401617169380188,-0.32686424255371094,-0.021175289526581764,-0.053591202944517136,0.09761294722557068,0.993553876876831,-0.09719566255807877,-1.5118646621704102,-0.22991207242012024,-0.03916260600090027,0.2570474147796631,0.4601549506187439,-0.05992335081100464,0.3327099680900574,0.4601549506187439,-0.09226472675800323,0.40419328212738037,0.4601549506187439,-0.13539038598537445,0.4697372317314148,0.4601549506187439,-0.18823842704296112,0.5277279019355774,0.4601549506187439,-0.24950754642486572,0.5767372846603394,0.4601549506187439,-0.31768912076950073,0.6155587434768677,0.4601549506187439,-0.3911042809486389,0.6432362794876099,0.4601549506187439,-0.46794527769088745,0.6590883731842041,0.4601549506187439,-0.5463200807571411,0.6627247929573059,0.4601549506187439,1.000665545463562,-1.5707963705062866,0.7258883714675903,0.20000000298023224,8.598107474790613,-14.984534739804644,4.57942965464459,38675.0
8.1403,0.0106,1,1,0.21422046422958374,0.2522071301937103,0.3223731815814972,0.14044441282749176,0.5017044544219971,0.8004478812217712,1.092475175857544,1.3733916282653809,-0.3799441158771515,0.9926581382751465,-0.02063867636024952,-0.07081305235624313,0.0958508625626564,-0.44564189193165876,-1.1747933274478202,-0.24133399350729925,-3.1566278224129185,-7.852875954647753,11.247432723511839,0.5442860126495361,-0.07377605140209198,0.24949732422828674,0.47807469964027405,1.092475175857544,1.3733916282653809,-0.3799441158771515,-0.02063867636024952,-0.07081305235624313,0.0958508625626564,0.9926581382751465,-0.4456419050693512,-1.1747933626174927,-0.2413339912891388,-0.07377605140209198,0.24949732422828674,0.47807469964027405,-0.09690970927476883,0.3244684040546417,0.47807469964027405,-0.13148660957813263,0.39489760994911194,0.47807469964027405,-0.1766553670167923,0.45905062556266785,0.47807469964027405,-0.23130376636981964,0.5153478384017944,0.47807469964027405,-0.29408618807792664,0.5624032020568848,0.47807469964027405,-0.36345672607421875,0.5990577936172485,0.47807469964027405,-0.43770721554756165,0.6244090795516968,0.47807469964027405,-0.5150094032287598,0.6378329992294312,0.47807469964027405,-0.5934598445892334,0.6389989852905273,0.47807469964027405,1.1797395944595337,-1.5707963705062866,0.7776914834976196,0.20000000298023224,11.799053737395306,-14.992267369902322,4.319196662090686,38675.0
8.1599,0.0109,1,1,0.23581263422966003,0.2824884057044983,0.3285197913646698,0.1368209719657898,0.516755998134613,0.8004478812217712,1.0599217414855957,1.3957732915878296,-0.2718283236026764,0.9917854070663452,-0.022576143965125084,-0.08407234400510788,0.09371106326580048,0.4845710153505419,-1.004491898904414,-0.1884157010011502,-3.5175466202912946,-9.353903615445015,11.083227527615206,0.5360940098762512,-0.09899166226387024,0.23426759243011475,0.47192808985710144,1.0599217414855957,1.3957732915878296,-0.2718283236026764,-0.022576143965125084,-0.08407234400510788,0.09371106326580048,0.9917854070663452,0.48457100987434387,-1.004491925239563,-0.18841570615768433,-0.09899166226387024,0.23426759243011475,0.47192808985710144,-0.12443529069423676,0.3084865212440491,0.47192808985710144,-0.16117605566978455,0.3778114318847656,0.47192808985710144,-0.20830930769443512,0.44053536653518677,0.47192808985710144,-0.26467442512512207,0.495113730430603,0.47192808985710144,-0.328883558511734,0.5402027368545532,0.47192808985710144,-0.3993556499481201,0.5746921300888062,0.47192808985710144,-0.47435539960861206,0.5977326035499573,0.47192808985710144,-0.5520361661911011,0.6087568402290344,0.47192808985710144,-0.6304850578308105,0.6074934601783752,0.47192808985710144,1.11833918094635,-1.5707963705062866,0.7504886388778687,0.20000000298023224,13.399526868697652,-14.996133684951161,3.9907862702973884,38675.0
8.1796,0.0108,1,1,0.25652003288269043,0.3106660842895508,0.3231193721294403,0.13270175457000732,0.5317965745925903,0.8004478812217712,1.0201691389083862,1.4041744470596313,-0.25829604268074036,0.9911412596702576,-0.015323792584240437,-0.09384625405073166,0.0927097350358963,1.7303206081970244,-0.8946103383809355,-0.13527609980841557,-2.7856389006054996,-10.555533925433028,10.94496476468832,0.5404370427131653,-0.1238182783126831,0.22113049030303955,0.47732850909233093,1.0201691389083862,1.4041744470596313,-0.25829604268074036,-0.015323792584240437,-0.09384625405073166,0.0927097350358963,0.9911412596702576,1.7303205728530884,-0.8946103453636169,-0.13527609407901764,-0.1238182783126831,0.22113049030303955,0.47732850909233093,-0.15156406164169312,0.29451990127563477,0.47732850909233093,-0.19044886529445648,0.3626653552055359,0.47732850909233093,-0.23951523005962372,0.4238888621330261,0.47732850909233093,-0.29755499958992004,0.47668296098709106,0.47732850909233093,-0.36313897371292114,0.5197476744651794,0.47732850909233093,-0.43465232849121094,0.5520225763320923,0.47732850909233093,-0.5103341341018677,0.5727129578590393,0.47732850909233093,-0.5883209109306335,0.5813093781471252,0.47732850909233093,-0.6666922569274902,0.5776001214981079,0.47732850909233093,0.8741503953933716,-1.5707963705062866,0.6918383836746216,0.20000000298023224,14.199763434348826,-14.99806684247558,3.7142607444436546,38675.0
8.1999,0.0102,1,1,0.27059370279312134,0.3261156678199768,0.30643898248672485,0.12803193926811218,0.5469584465026855,0.8004478812217712,0.941901683807373,1.3281768560409546,-0.3226500451564789,0.9900347590446472,0.007418694440275431,-0.10273054987192154,0.09602322429418564,2.2627127422406015,-0.6659302216350932,-0.15752306564574467,-0.2949989576816523,-11.820037214587044,11.11006529457366,0.5595893263816833,-0.14256176352500916,0.22084277868270874,0.4940088987350464,0.941901683807373,1.3281768560409546,-0.3226500451564789,0.007418694440275431,-0.10273054987192154,0.09602322429418564,0.9900347590446472,2.2627127170562744,-0.6659302115440369,-0.15752306580543518,-0.14256176352500916,0.22084277868270874,0.4940088987350464,-0.17262187600135803,0.29331493377685547,0.4940088987350464,-0.21364906430244446,0.3601924777030945,0.4940088987350464,-0.26463308930397034,0.41982853412628174,0.4940088987350464,-0.324318528175354,0.4707547426223755,0.4940088987350464,-0.3912357687950134,0.5117170810699463,0.4940088987350464,-0.4637370705604553,0.541706919670105,0.4940088987350464,-0.5400371551513672,0.559985876083374,0.4940088987350464,-0.6182574033737183,0.5661038160324097,0.4940088987350464,-0.696471631526947,0.5599100589752197,0.4940088987350464,0.4099588394165039,-1.5707963705062866,0.6629091501235962,0.20000000298023224,14.599881717174412,-14.99903342123779,4.044461804214303,38675.0
8.2205,0.01,1,1,0.2888767123222351,0.3528730869293213,0.3000403642654419,0.12290411442518234,0.5619072318077087,0.8004478812217712,0.8928378224372864,1.3233704566955566,-0.31101542711257935,0.9890333414077759,0.029800433665513992,-0.10671564936637878,0.09764645248651505,2.182060506524206,-0.4866974829019429,-0.18035794093846558,2.2371562635912343,-12.527635368283072,11.03137712059292,0.5671418309211731,-0.16597259044647217,0.20903414487838745,0.5004075169563293,0.8928378224372864,1.3233704566955566,-0.31101542711257935,0.029800433665513992,-0.10671564936637878,0.09764645248651505,0.9890333414077759,2.182060480117798,-0.4866974949836731,-0.1803579479455948,-0.16597259044647217,0.20903414487838745,0.5004075169563293,-0.1983080953359604,0.28052014112472534,0.5004075169563293,-0.24142836034297943,0.3460676074028015,0.5004075169563293,-0.2942716181278229,0.40406256914138794,0.5004075169563293,-0.35553669929504395,0.4530770778656006,0.5004075169563293,-0.42371508479118347,0.4919041395187378,0.5004075169563293,-0.4971279501914978,0.5195876955986023,0.5004075169563293,-0.573967695236206,0.5354461073875427,0.5004075169563293,-0.6523421406745911,0.5390889644622803,0.5004075169563293,-0.7303215265274048,0.5304264426231384,0.5004075169563293,0.48522937297821045,-1.5707963705062866,0.6913882493972778,0.20000000298023224,14.799940858587206,-14.999516710618895,3.887085456252821,38675.0
8.2405,0.0112,1,1,0.308297723531723,0.38011449575424194,0.2877213656902313,0.1173185259103775,0.5766559839248657,0.8004478812217712,0.8477683663368225,1.311798334121704,-0.3363991379737854,0.9878707528114319,0.05082663148641586,-0.10941686481237411,0.09774401038885117,1.7817995120682562,-0.5025867674927099,-0.1793404968887576,4.6536290862777046,-13.068478640509348,10.768031849313852,0.581369161605835,-0.19097919762134552,0.19654148817062378,0.5127265453338623,0.8477683663368225,1.311798334121704,-0.3363991379737854,0.05082663148641586,-0.10941686481237411,0.09774401038885117,0.9878707528114319,1.781799554824829,-0.5025867819786072,-0.17934049665927887,-0.19097919762134552,0.19654148817062378,0.5127265453338623,-0.22555314004421234,0.2669721245765686,0.5127265453338623,-0.2707192003726959,0.3311270475387573,0.5127265453338623,-0.32536521553993225,0.38742661476135254,0.5127265453338623,-0.38814565539360046,0.4344845414161682,0.5127265453338623,-0.4575146436691284,0.471142053604126,0.5127265453338623,-0.5317640900611877,0.4964965581893921,0.5127265453338623,-0.6090657114982605,0.5099236965179443,0.5127265453338623,-0.6875160932540894,0.5110929608345032,0.5127265453338623,-0.7651835680007935,0.49997544288635254,0.5127265453338623,0.6539980173110962,-1.5707963705062866,0.7385662794113159,0.20000000298023224,14.899970429293603,-14.999758355309448,3.3603949136947118,38675.0
8.2601,0.0108,1,1,0.32562124729156494,0.4100697636604309,0.2936127781867981,0.11141470819711685,0.5908886790275574,0.8004478812217712,0.7987703084945679,1.2995681762695312,-0.26465150713920593,0.9865553975105286,0.06749674677848816,-0.11279598623514175,0.09709600359201431,1.2038569370560728,-0.508177208673977,-0.18981599110231387,6.574756523340977,-13.630902524036063,10.455139669490725,0.5791906118392944,-0.2142065465450287,0.18081891536712646,0.5068351030349731,0.7987703084945679,1.2995681762695312,-0.26465150713920593,0.06749674677848816,-0.11279598623514175,0.09709600359201431,0.9865553975105286,1.2038569450378418,-0.5081772208213806,-0.18981599807739258,-0.2142065465450287,0.18081891536712646,0.5068351030349731,-0.25093427300453186,0.25015074014663696,0.5068351030349731,-0.2980557382106781,0.31288349628448486,0.5068351030349731,-0.3544105887413025,0.36747246980667114,0.5068351030349731,-0.41861122846603394,0.41257357597351074,0.5068351030349731,-0.4890768527984619,0.4470762014389038,0.5068351030349731,-0.5640722513198853,0.4701307415962219,0.5068351030349731,-0.6417509317398071,0.4811696410179138,0.5068351030349731,-0.7202000617980957,0.47992098331451416,0.5068351030349731,-0.7974880933761597,0.46641552448272705,0.5068351030349731,0.8734849691390991,-1.5707963705062866,0.7918654680252075,0.20000000298023224,14.949985214646802,-14.999879177654723,2.7346105540484453,38675.0
8.2809,0.0101,1,1,0.34079456329345703,0.4362109303474426,0.2882980406284332,0.10466992110013962,0.6057925820350647,0.8004478812217712,0.7486345767974854,1.271763563156128,-0.2663545310497284,0.9853786826133728,0.07865217328071594,-0.11536148935556412,0.09763415157794952,0.7194353250426844,-0.3928446900313242,-0.2207811310183968,7.84890467322501,-14.046411089696361,10.348654173013857,0.588905930519104,-0.23612463474273682,0.16958165168762207,0.5121498107910156,0.7486345767974854,1.271763563156128,-0.2663545310497284,0.07865217328071594,-0.11536148935556412,0.09763415157794952,0.9853786826133728,0.7194353342056274,-0.39284467697143555,-0.2207811325788498,-0.23612463474273682,0.16958165168762207,0.5121498107910156,-0.27510082721710205,0.23767483234405518,0.5121498107910156,-0.324249267578125,0.2988325357437134,0.5121498107910156,-0.3823597729206085,0.3515487313270569,0.5121498107910156,-0.448001503944397,0.394525408744812,0.5121498107910156,-0.5195580720901489,0.4267043471336365,0.5121498107910156,-0.5952675342559814,0.447293221950531,0.5121498107910156,-0.673265814781189,0.45578503608703613,0.5121498107910156,-0.7516320943832397,0.4519706964492798,0.5121498107910156,-0.8284369111061096,0.4359440803527832,0.5121498107910156,1.023142695426941,-1.5707963705062866,0.8376048803329468,0.20000000298023224,14.9749926073234,-14.999939588827361,2.521639561094718,38675.0
8.2999,0.0098,1,1,0.3493139147758484,0.44971245527267456,0.27612870931625366,0.09796785563230515,0.6194384098052979,0.8004478812217712,0.7048690319061279,1.1809728145599365,-0.3065997362136841,0.9836530685424805,0.09072151780128479,-0.12066758424043655,0.09815121442079544,0.6817908106651146,-0.4840417786629159,-0.16258490264014464,9.212149138316322,-14.78537320011675,10.198675370629132,0.6057164072990417,-0.25134605169296265,0.1697259545326233,0.5243191719055176,0.7048690319061279,1.1809728145599365,-0.3065997362136841,0.09072151780128479,-0.12066758424043655,0.09815121442079544,0.9836530685424805,0.681790828704834,-0.4840417802333832,-0.16258490085601807,-0.25134605169296265,0.1697259545326233,0.5243191719055176,-0.2923744022846222,0.23660272359848022,0.5243191719055176,-0.34335944056510925,0.29623788595199585,0.5243191719055176,-0.40304580330848694,0.34716302156448364,0.5243191719055176,-0.4699637293815613,0.3881242275238037,0.5243191719055176,-0.5424655675888062,0.4181128144264221,0.5243191719055176,-0.6187660098075867,0.4363904595375061,0.5243191719055176,-0.6969863176345825,0.44250696897506714,0.5243191719055176,-0.7752004861831665,0.43631190061569214,0.5243191719055176,-0.8514825105667114,0.4179576635360718,0.5243191719055176,0.7366915941238403,-1.5707963705062866,0.8241068124771118,0.20000000298023224,14.9874963036617,-14.99996979441368,2.2216819563252836,38675.0
8.3197,0.0108,1,1,0.3681831359863281,0.4712253510951996,0.2625027596950531,0.0906568169593811,0.6332329511642456,0.8004478812217712,0.6649448275566101,1.130405306816101,-0.348743736743927,0.9824942350387573,0.09809395670890808,-0.12528784573078156,0.09686900675296783,0.6128197987010517,-0.3070425332674742,-0.13510357690404887,10.063348961974748,-15.378462833820691,9.899597800166093,0.6266197562217712,-0.277526319026947,0.16200760006904602,0.5379451513290405,0.6649448275566101,1.130405306816101,-0.348743736743927,0.09809395670890808,-0.12528784573078156,0.09686900675296783,0.9824942350387573,0.6128197908401489,-0.30704253911972046,-0.13510358333587646,-0.277526319026947,0.16200760006904602,0.5379451513290405,-0.32062259316444397,0.22757086157798767,0.5379451513290405,-0.37344464659690857,0.2855851948261261,0.5379451513290405,-0.43469178676605225,0.3346220552921295,0.5379451513290405,-0.5028559565544128,0.37347403168678284,0.5379451513290405,-0.576258659362793,0.40118446946144104,0.5379451513290405,-0.653092622756958,0.41707101464271545,0.5379451513290405,-0.7314656972885132,0.42074254155158997,0.5379451513290405,-0.8094483613967896,0.41210857033729553,0.5379451513290405,-0.885120153427124,0.39138171076774597,0.5379451513290405,0.7034181356430054,-1.5707963705062866,0.8261510133743286,0.20000000298023224,14.99374815183085,-14.99998489720684,1.6235268153992102,38675.0
8.34,0.0096,1,1,0.3777361214160919,0.49260759353637695,0.2663351595401764,0.08280274271965027,0.6469883918762207,0.8004478812217712,0.6045624017715454,1.089105248451233,-0.3058883547782898,0.9814800024032593,0.10372453927993774,-0.12736937403678894,0.09855575859546661,0.4275742414377478,0.0013634068805120172,-0.1613361630497633,10.685128433381916,-15.692015602493104,9.991670047099426,0.6293611526489258,-0.29493337869644165,0.15438079833984375,0.5341126918792725,0.6045624017715454,1.089105248451233,-0.3058883547782898,0.10372453927993774,-0.12736937403678894,0.09855575859546661,0.9814800024032593,0.4275742471218109,0.001363406889140606,-0.16133616864681244,-0.29493337869644165,0.15438079833984375,0.5341126918792725,-0.3400847911834717,0.2185460925102234,0.5341126918792725,-0.3947179615497589,0.27485811710357666,0.5341126918792725,-0.45748767256736755,0.3219303488731384,0.5341126918792725,-0.526848316192627,0.35860371589660645,0.5341126918792725,-0.6010919213294983,0.38397514820098877,0.5341126918792725,-0.6783905029296875,0.3974199891090393,0.5341126918792725,-0.7568405866622925,0.398607075214386,0.5341126918792725,-0.8345105648040771,0.3875073194503784,0.5341126918792725,-0.9094879627227783,0.3643938899040222,0.5341126918792725,0.7211493253707886,-1.5707963705062866,0.8382221460342407,0.20000000298023224,14.996874075915425,-14.99999244860342,1.8076713092658565,38675.0
8.3599,0.0106,1,1,0.3940536379814148,0.5138340592384338,0.2507854402065277,0.07460927963256836,0.660342812538147,0.8004478812217712,0.5701096057891846,1.0469295978546143,-0.35141950845718384,0.9811645746231079,0.10763498395681381,-0.12727639079093933,0.09761926531791687,0.4377963525183398,0.0703421737408038,-0.12359106440677257,11.162847123298794,-15.710250249153692,9.818804805873132,0.6524096727371216,-0.31944435834884644,0.14650875329971313,0.5496624708175659,0.5701096057891846,1.0469295978546143,-0.35141950845718384,0.10763498395681381,-0.12727639079093933,0.09761926531791687,0.9811645746231079,0.43779635429382324,0.07034217566251755,-0.12359106540679932,-0.31944435834884644,0.14650875329971313,0.5496624708175659,-0.3665839731693268,0.20922785997390747,0.5496624708175659,-0.4229546785354614,0.2638005018234253,0.5496624708175659,-0.4871683716773987,0.30888301134109497,0.5496624708175659,-0.5576440095901489,0.3433651924133301,0.5496624708175659,-0.6326460838317871,0.36639803647994995,0.5496624708175659,-0.7103279829025269,0.377414345741272,0.5496624708175659,-0.7887767553329468,0.3761429786682129,0.5496624708175659,-0.8660607933998108,0.36261510848999023,0.5496624708175659,-0.9402771592140198,0.3371639847755432,0.5496624708175659,0.6956530809402466,-1.5707963705062866,0.8398503065109253,0.20000000298023224,14.998437037957713,-14.99999622430171,1.4619408268132776,38675.0
8.3799,0.0107,1,1,0.4092269539833069,0.5391190648078918,0.2475569248199463,0.0659467801451683,0.6735143065452576,0.8004478812217712,0.5412202477455139,1.0228768587112427,-0.3444500267505646,0.9809585213661194,0.11055734753608704,-0.12556315958499908,0.09863723814487457,0.5389300280721534,0.10547858958276422,-0.059538752850896326,11.504109036057008,-15.554486972446552,9.907358889614335,0.664523720741272,-0.343280166387558,0.13439524173736572,0.552890956401825,0.5412202477455139,1.0228768587112427,-0.3444500267505646,0.11055734753608704,-0.12556315958499908,0.09863723814487457,0.9809585213661194,0.5389299988746643,0.10547859221696854,-0.05953875184059143,-0.343280166387558,0.13439524173736572,0.552890956401825,-0.39237362146377563,0.19559705257415771,0.552890956401825,-0.45043671131134033,0.24836546182632446,0.552890956401825,-0.5160397887229919,0.2914011478424072,0.552890956401825,-0.5875673890113831,0.32364439964294434,0.552890956401825,-0.6632583141326904,0.34430134296417236,0.552890956401825,-0.7412488460540771,0.35286325216293335,0.552890956401825,-0.8196185827255249,0.3491193652153015,0.552890956401825,-0.8964377641677856,0.3331618309020996,0.552890956401825,-0.9698148965835571,0.305383563041687,0.552890956401825,0.7006944417953491,-1.5707963705062866,0.8334091901779175,0.20000000298023224,14.999218518978857,-14.999998112150855,1.6390489942956932,38675.0
8.3997,0.0111,1,1,0.41948285698890686,0.5589922070503235,0.24061205983161926,0.056972816586494446,0.6862694025039673,0.8004478812217712,0.49272722005844116,0.9723642468452454,-0.3520597517490387,0.9804868698120117,0.11602060496807098,-0.12420673668384552,0.09876936674118042,0.4091036879604215,0.14829539556094504,-0.10916848249685307,12.157103774214423,-15.455193324578495,9.84877644886559,0.6789912581443787,-0.3625100255012512,0.1272771954536438,0.5598357915878296,0.49272722005844116,0.9723642468452454,-0.3520597517490387,0.11602060496807098,-0.12420673668384552,0.09876936674118042,0.9804868698120117,0.4091036915779114,0.14829540252685547,-0.10916848480701447,-0.3625100255012512,0.1272771954536438,0.5598357915878296,-0.41348832845687866,0.18691813945770264,0.5598357915878296,-0.47316890954971313,0.23785001039505005,0.5598357915878296,-0.5400822162628174,0.2788187861442566,0.5598357915878296,-0.6125806570053101,0.308815598487854,0.5598357915878296,-0.6888790130615234,0.32710182666778564,0.5598357915878296,-0.7670986652374268,0.333227276802063,0.5598357915878296,-0.8453134298324585,0.32704102993011475,0.5598357915878296,-0.9215975999832153,0.3086954355239868,0.5598357915878296,-0.994072675704956,0.27864229679107666,0.5598357915878296,0.6574884653091431,-1.5707963705062866,0.8574236631393433,0.20000000298023224,14.999609259489429,-14.999999056075428,1.5218841127981695,38675.0
8.4198,0.0098,1,1,0.42427146434783936,0.5689453482627869,0.2370404154062271,0.047580428421497345,0.6987705826759338,0.8004478812217712,0.4676915407180786,0.9527578353881836,-0.35616084933280945,0.980760395526886,0.11695872247219086,-0.12100909650325775,0.09891664981842041,0.2612195177612983,0.05862306652196461,-0.09435047942170566,12.287980407935663,-15.09974363317994,9.883608787668924,0.6900570392608643,-0.3766910433769226,0.12982523441314697,0.5634074807167053,0.4676915407180786,0.9527578353881836,-0.35616084933280945,0.11695872247219086,-0.12100909650325775,0.09891664981842041,0.980760395526886,0.2612195312976837,0.058623068034648895,-0.09435047954320908,-0.3766910433769226,0.12982523441314697,0.5634074807167053,-0.42950931191444397,0.1878429651260376,0.5634074807167053,-0.49075329303741455,0.23688381910324097,0.5634074807167053,-0.5589148998260498,0.27574026584625244,0.5634074807167053,-0.6323158740997314,0.3034554123878479,0.5634074807167053,-0.7091487646102905,0.31934696435928345,0.5634074807167053,-0.7875216007232666,0.32302355766296387,0.5634074807167053,-0.865504801273346,0.31439465284347534,0.5634074807167053,-0.9411779642105103,0.29367274045944214,0.5634074807167053,-1.0126779079437256,0.2613680362701416,0.5634074807167053,0.6238781213760376,-1.5707963705062866,0.8670841455459595,0.20000000298023224,14.999804629744714,-14.999999528037714,1.5915487904048515,38675.0
8.4401,0.0108,1,1,0.4387902319431305,0.5955568552017212,0.2354116439819336,0.03763585165143013,0.711172342300415,0.8004478812217712,0.446530818939209,0.9421531558036804,-0.33857041597366333,0.9807665348052979,0.1182742640376091,-0.11983763426542282,0.09871815145015717,0.15824671309294644,0.07937163806147426,-0.09886362200776525,12.45448381248121,-14.976160118375685,9.851974055476992,0.7025366425514221,-0.40115436911582947,0.11561548709869385,0.5650362372398376,0.446530818939209,0.9421531558036804,-0.33857041597366333,0.1182742640376091,-0.11983763426542282,0.09871815145015717,0.9807665348052979,0.158246710896492,0.07937163859605789,-0.0988636240363121,-0.40115436911582947,0.11561548709869385,0.5650362372398376,-0.45579028129577637,0.171924889087677,0.5650362372398376,-0.5185622572898865,0.21899408102035522,0.5650362372398376,-0.5879246592521667,0.25566405057907104,0.5650362372398376,-0.6621695756912231,0.28103190660476685,0.5650362372398376,-0.7394687533378601,0.29447299242019653,0.5650362372398376,-0.8179188966751099,0.2956562638282776,0.5650362372398376,-0.8955883979797363,0.28455275297164917,0.5650362372398376,-0.970564603805542,0.26143568754196167,0.5650362372398376,-1.0410014390945435,0.22687441110610962,0.5650362372398376,0.7229920625686646,-1.5707963705062866,0.892422080039978,0.20000000298023224,14.999902314872358,-14.999999764018856,1.5282793260209975,38675.0
8.4598,0.0105,1,1,0.4490502178668976,0.6145713925361633,0.22517772018909454,0.027465810999274254,0.7230662703514099,0.8004478812217712,0.4098176062107086,0.8947470784187317,-0.374129056930542,0.9805670976638794,0.12091768532991409,-0.11884384602308273,0.09869798272848129,0.23890770395142577,0.020568716619766832,-0.08782193142407975,12.773606655480226,-14.888415203659173,9.819501262409325,0.7214155197143555,-0.4215843975543976,0.10849487781524658,0.5752701759338379,0.4098176062107086,0.8947470784187317,-0.374129056930542,0.12091768532991409,-0.11884384602308273,0.09869798272848129,0.9805670976638794,0.23890770971775055,0.020568717271089554,-0.08782193064689636,-0.4215843975543976,0.10849487781524658,0.5752701759338379,-0.47795572876930237,0.16306692361831665,0.5752701759338379,-0.542169988155365,0.20814859867095947,0.5752701759338379,-0.6126459836959839,0.2426300048828125,0.5752701759338379,-0.687648355960846,0.26566195487976074,0.5752701759338379,-0.7653303146362305,0.27667737007141113,0.5752701759338379,-0.8437790870666504,0.2754051089286804,0.5752701759338379,-0.9210630059242249,0.26187634468078613,0.5752701759338379,-0.99527907371521,0.23642432689666748,0.5752701759338379,-1.064599871635437,0.19967567920684814,0.5752701759338379,0.6322909593582153,-1.5707963705062866,0.8957360982894897,0.20000000298023224,14.999951157436179,-14.999999882009428,1.4633337398856514,38675.0
8.48,0.0109,1,1,0.4653970003128052,0.6507776975631714,0.2213364988565445,0.01691637933254242,0.7346490621566772,0.8004478812217712,0.3606513440608978,0.8682942986488342,-0.34654533863067627,0.9811131358146667,0.12003643810749054,-0.115916408598423,0.09782471507787704,0.2520310960130637,0.05779455710684096,-0.11667879650795829,12.702909369144608,-14.533101064752028,9.761714803811913,0.7372511625289917,-0.44848060607910156,0.08387136459350586,0.5791113972663879,0.3606513440608978,0.8682942986488342,-0.34654533863067627,0.12003643810749054,-0.115916408598423,0.09782471507787704,0.9811131358146667,0.2520310878753662,0.05779455602169037,-0.11667879670858383,-0.44848060607910156,0.08387136459350586,0.5791113972663879,-0.5065339803695679,0.1366504430770874,0.5791113972663879,-0.5721291303634644,0.17969822883605957,0.5791113972663879,-0.6436508297920227,0.21195465326309204,0.5791113972663879,-0.7193379402160645,0.23262548446655273,0.5791113972663879,-0.797326922416687,0.2412017583847046,0.5791113972663879,-0.8756973743438721,0.2374722957611084,0.5791113972663879,-0.952519416809082,0.22152888774871826,0.5791113972663879,-1.0259016752243042,0.19376415014266968,0.5791113972663879,-1.0940370559692383,0.15486174821853638,0.5791113972663879,0.7503644227981567,-1.5707963705062866,0.929686427116394,0.20000000298023224,14.99997557871809,-14.999999941004713,1.3477608226908386,38675.0
8.5001,0.0106,1,1,0.45976999402046204,0.6420061588287354,0.21076372265815735,0.005891111679375172,0.7460136413574219,0.8004478812217712,0.3104645013809204,0.7594692707061768,-0.37079912424087524,0.9800716638565063,0.12819881737232208,-0.11623712629079819,0.09752720594406128,0.3102455504000261,0.002892525058739337,-0.09695489284261342,13.66788776225193,-14.646057373627075,9.600876400653586,0.7513660192489624,-0.45387887954711914,0.10400748252868652,0.5896841287612915,0.3104645013809204,0.7594692707061768,-0.37079912424087524,0.12819881737232208,-0.11623712629079819,0.09752720594406128,0.9800716638565063,0.310245543718338,0.002892525168135762,-0.09695488959550858,-0.45387887954711914,0.10400748252868652,0.5896841287612915,-0.5135743618011475,0.15492194890975952,0.5896841287612915,-0.5804996490478516,0.19587111473083496,0.5896841287612915,-0.6530067920684814,0.2258467674255371,0.5896841287612915,-0.7293105125427246,0.24411070346832275,0.5896841287612915,-0.8075319528579712,0.25021326541900635,0.5896841287612915,-0.8857449293136597,0.24400413036346436,0.5896841287612915,-0.9620237350463867,0.22563624382019043,0.5896841287612915,-1.0344899892807007,0.19556188583374023,0.5896841287612915,-1.101359486579895,0.15452158451080322,0.5896841287612915,0.31550025939941406,-1.5707963705062866,0.9004648923873901,0.20000000298023224,14.999987789359045,-14.999999970502357,1.0260840163741811,38675.0
8.5196,0.0094,1,1,0.4683731198310852,0.6554040908813477,0.20724904537200928,-0.005256750620901585,0.7568060755729675,0.8004478812217712,0.2835313081741333,0.701623797416687,-0.37796324491500854,0.979864239692688,0.1311960518360138,-0.11509755998849869,0.09697521477937698,0.18027961071290363,0.25693369261903376,-0.20496546618701367,14.037124580916037,-14.5370202761539,9.504843090237046,0.7658279538154602,-0.4736298620700836,0.10140198469161987,0.593198835849762,0.2835313081741333,0.701623797416687,-0.37796324491500854,0.1311960518360138,-0.11509755998849869,0.09697521477937698,0.979864239692688,0.18027961254119873,0.25693368911743164,-0.2049654722213745,-0.4736298620700836,0.10140198469161987,0.593198835849762,-0.5348764061927795,0.15043967962265015,0.593198835849762,-0.6030400395393372,0.1892925500869751,0.593198835849762,-0.6764423847198486,0.2170039415359497,0.593198835849762,-0.7532761096954346,0.2328914999961853,0.593198835849762,-0.8316491842269897,0.23656398057937622,0.593198835849762,-0.9096319079399109,0.22793102264404297,0.593198835849762,-0.9853039979934692,0.2072051763534546,0.593198835849762,-1.0568022727966309,0.17489677667617798,0.593198835849762,-1.1223660707473755,0.13180136680603027,0.593198835849762,0.24961400032043457,-1.5707963705062866,0.9195727109909058,0.20000000298023224,14.650908257548561,-14.99999998525118,0.8340173955410879,38675.0
8.5406,0.0106,1,1,0.47935330867767334,0.6762380599975586,0.18941177427768707,-0.017110362648963928,0.7675788402557373,0.8004478812217712,0.23573094606399536,0.6279972791671753,-0.4064725339412689,0.9802190065383911,0.13232123851776123,-0.11210179328918457,0.09535712748765945,0.17807228293290508,0.023750911161545703,-0.11320882244326114,14.212027174637154,-14.182079767850096,9.335716181080446,0.7925808429718018,-0.4964636564254761,0.09134078025817871,0.6110361218452454,0.23573094606399536,0.6279972791671753,-0.4064725339412689,0.13232123851776123,-0.11210179328918457,0.09535712748765945,0.9802190065383911,0.17807228863239288,0.02375091053545475,-0.1132088229060173,-0.4964636564254761,0.09134078025817871,0.6110361218452454,-0.5592494606971741,0.13839149475097656,0.6110361218452454,-0.6286226511001587,0.1750410795211792,0.6110361218452454,-0.702875018119812,0.2003871202468872,0.6110361218452454,-0.7801781296730042,0.21380549669265747,0.6110361218452454,-0.8586286306381226,0.21496576070785522,0.6110361218452454,-0.9362947940826416,0.20383936166763306,0.6110361218452454,-1.0112643241882324,0.18070030212402344,0.6110361218452454,-1.0816909074783325,0.14611834287643433,0.6110361218452454,-1.1458406448364258,0.10094493627548218,0.6110361218452454,0.12820851802825928,-1.5707963705062866,0.9189051389694214,0.20000000298023224,10.998357619097373,-14.99999999262559,0.4957635772279117,38675.0
8.5598,0.0101,1,1,0.47987592220306396,0.6832845211029053,0.19374728202819824,-0.028892796486616135,0.7776277661323547,0.8004478812217712,0.20707610249519348,0.6056002974510193,-0.36374083161354065,0.9804115295410156,0.1328350305557251,-0.11071754992008209,0.09427447617053986,0.06019544260262863,0.2320112485715838,-0.18683243508834127,14.29645976301263,-14.013081982700488,9.219026822706706,0.7973906993865967,-0.5087687373161316,0.09434324502944946,0.606700599193573,0.20707610249519348,0.6056002974510193,-0.36374083161354065,0.1328350305557251,-0.11071754992008209,0.09427447617053986,0.9804115295410156,0.060195442289114,0.23201124370098114,-0.18683242797851562,-0.5087687373161316,0.09434324502944946,0.606700599193573,-0.5729814767837524,0.13942712545394897,0.606700599193573,-0.6434563398361206,0.17391079664230347,0.606700599193573,-0.7184579372406006,0.19694525003433228,0.606700599193573,-0.7961395978927612,0.207963228225708,0.606700599193573,-0.8745883703231812,0.20669353008270264,0.606700599193573,-0.951872706413269,0.1931673288345337,0.606700599193573,-1.0260896682739258,0.16771775484085083,0.606700599193573,-1.0954115390777588,0.13097137212753296,0.606700599193573,-1.158131718635559,0.08383309841156006,0.606700599193573,0.11945581436157227,-1.5707963705062866,0.9355171918869019,0.20000000298023224,8.921335810156855,-14.999999996312795,0.26238486048043946,38675.0
8.5795,0.0108,1,1,0.4896821081638336,0.7021692395210266,0.17341198027133942,-0.041006963700056076,0.7873273491859436,0.8004478812217712,0.1702461838722229,0.5284098982810974,-0.41917794942855835,0.9807694554328918,0.13292576372623444,-0.10863453894853592,0.09283597767353058,-0.19305570992363844,0.14858155222007408,-0.15274798452171898,14.339774781094759,-13.755047465512808,9.076013403419596,0.8258673548698425,-0.5306890606880188,0.08515810966491699,0.627035915851593,0.1702461838722229,0.5284098982810974,-0.41917794942855835,0.13292576372623444,-0.10863453894853592,0.09283597767353058,0.9807694554328918,-0.19305570423603058,0.14858154952526093,-0.1527479887008667,-0.5306890606880188,0.08515810966491699,0.627035915851593,-0.5962700247764587,0.12822747230529785,0.627035915851593,-0.6677811145782471,0.1605074405670166,0.627035915851593,-0.7434614896774292,0.1812031865119934,0.627035915851593,-0.8214476108551025,0.18980509042739868,0.627035915851593,-0.8998191952705383,0.18610143661499023,0.627035915851593,-0.9766465425491333,0.17018330097198486,0.627035915851593,-1.0500378608703613,0.1424427032470703,0.627035915851593,-1.118186116218567,0.10356277227401733,0.627035915851593,-1.179413080215454,0.054500699043273926,0.627035915851593,0.0642704963684082,-1.5707963705062866,0.9458156824111938,0.20000000298023224,6.3018819996387645,-14.999999998156397,-0.023641978093812816,38675.0
8.5997,0.0105,1,1,0.4963110685348511,0.7160224318504333,0.16912467777729034,-0.0536925345659256,0.7968469262123108,0.8004478812217712,0.16736608743667603,0.5289071798324585,-0.4253648817539215,0.9820745587348938,0.12790463864803314,-0.10525285452604294,0.08994326740503311,-0.46912471431759595,0.17607118368981953,-0.1376719877159701,13.808311186535265,-13.281801658307053,8.850257525860206,0.841192901134491,-0.5500035881996155,0.08082449436187744,0.6313232183456421,0.16736608743667603,0.5289071798324585,-0.4253648817539215,0.12790463864803314,-0.10525285452604294,0.08994326740503311,0.9820745587348938,-0.4691247045993805,0.1760711818933487,-0.13767199218273163,-0.5500035881996155,0.08082449436187744,0.6313232183456421,-0.6169175505638123,0.12179219722747803,0.6313232183456421,-0.6894164681434631,0.15178781747817993,0.6313232183456421,-0.7657151222229004,0.17007285356521606,0.6313232183456421,-0.8439348936080933,0.17619705200195312,0.6313232183456421,-0.9221495985984802,0.1700095534324646,0.6313232183456421,-0.9984334111213684,0.15166276693344116,0.6313232183456421,-1.0709080696105957,0.1216084361076355,0.6313232183456421,-1.1377887725830078,0.08058655261993408,0.6313232183456421,-1.1974289417266846,0.02960735559463501,0.6313232183456421,0.179709792137146,-1.5707963705062866,0.965046763420105,0.20000000298023224,8.299247313135268,-14.999999999078199,-0.4751537332125739,38675.0
8.6201,0.0113,1,1,0.5006526112556458,0.729110062122345,0.16086019575595856,-0.06673747301101685,0.8060027360916138,0.8004478812217712,0.146510049700737,0.4911016821861267,-0.41649824380874634,0.9833179116249084,0.12149856239557266,-0.10308575630187988,0.08772314339876175,-0.7990088473595435,0.4083077689791377,-0.22584301794706724,13.098072326443626,-12.946939492296934,8.703240313582585,0.8584383726119995,-0.5673900842666626,0.0768926739692688,0.6395877003669739,0.146510049700737,0.4911016821861267,-0.41649824380874634,0.12149856239557266,-0.10308575630187988,0.08772314339876175,0.9833179116249084,-0.799008846282959,0.4083077609539032,-0.22584301233291626,-0.5673900842666626,0.0768926739692688,0.6395877003669739,-0.6355757117271423,0.1157069206237793,0.6395877003669739,-0.7089937925338745,0.14337676763534546,0.6395877003669739,-0.7858364582061768,0.15922081470489502,0.6395877003669739,-0.8642116189002991,0.16284894943237305,0.6395877003669739,-0.9421893954277039,0.154171884059906,0.6395877003669739,-1.0178498029708862,0.13340318202972412,0.6395877003669739,-1.089329719543457,0.10105431079864502,0.6395877003669739,-1.1548690795898438,0.057921767234802246,0.6395877003669739,-1.2128541469573975,0.005067646503448486,0.6395877003669739,0.2606254816055298,-1.5707963705062866,0.9921623468399048,0.20000000298023224,11.615993721348298,-14.9999999995391,-0.7691881577678257,38675.0
8.64,0.0103,1,1,0.5045567750930786,0.7400471568107605,0.14976026117801666,-0.0797969177365303,0.8145666718482971,0.8004478812217712,0.12415340542793274,0.4487398862838745,-0.4346560835838318,0.9850350022315979,0.11242945492267609,-0.09950705617666245,0.08462869375944138,-0.8548233774854241,0.16292953232995772,-0.17216635703100447,12.096291679645999,-12.419363175081758,8.49992843969113,0.8777338862419128,-0.5843536853790283,0.07451951503753662,0.6506876349449158,0.12415340542793274,0.4487398862838745,-0.4346560835838318,0.11242945492267609,-0.09950705617666245,0.08462869375944138,0.9850350022315979,-0.8548233509063721,0.16292953491210938,-0.1721663624048233,-0.5843536853790283,0.07451951503753662,0.6506876349449158,-0.6537182331085205,0.11118543148040771,0.6506876349449158,-0.7279646396636963,0.13654887676239014,0.6506876349449158,-0.8052645921707153,0.1499854326248169,0.6506876349449158,-0.8837148547172546,0.15116411447525024,0.6506876349449158,-0.9613836407661438,0.14005601406097412,0.6506876349449158,-1.0363584756851196,0.11693453788757324,0.6506876349449158,-1.1067932844161987,0.08236908912658691,0.6506876349449158,-1.1709537506103516,0.037210822105407715,0.6506876349449158,-1.227259874343872,-0.01742839813232422,0.6506876349449158,0.21735882759094238,-1.5707963705062866,0.998907208442688,0.20000000298023224,12.034868591110504,-14.99999999976955,-1.1758119055507141,38675.0
8.6602,0.011,1,1,0.5080066919326782,0.7516640424728394,0.1443527638912201,-0.09316262602806091,0.8227453231811523,0.8004478812217712,0.10176161676645279,0.41332054138183594,-0.4170759618282318,0.98649662733078,0.10431378334760666,-0.09678607434034348,0.08107708394527435,-0.4477691584313868,-0.025020502471024525,-0.09629667593444353,11.20744550257009,-11.997744591502313,8.215327378737047,0.8927026391029358,-0.6011693477630615,0.07108128070831299,0.6560951471328735,0.10176161676645279,0.41332054138183594,-0.4170759618282318,0.10431378334760666,-0.09678607434034348,0.08107708394527435,0.98649662733078,-0.4477691650390625,-0.025020502507686615,-0.09629667550325394,-0.6011693477630615,0.07108128070831299,0.6560951471328735,-0.6716487407684326,0.10555565357208252,0.6560951471328735,-0.7466534376144409,0.12858015298843384,0.6560951471328735,-0.8243365287780762,0.13958781957626343,0.6560951471328735,-0.9027851819992065,0.13830775022506714,0.6560951471328735,-0.9800677299499512,0.12477129697799683,0.6560951471328735,-1.054281234741211,0.09931188821792603,0.6560951471328735,-1.123598337173462,0.06255632638931274,0.6560951471328735,-1.186312198638916,0.015409708023071289,0.6560951471328735,-1.2408785820007324,-0.04096704721450806,0.6560951471328735,0.1114950180053711,-1.5707963705062866,0.9893285036087036,0.20000000298023224,9.211531279776695,-14.999999999884775,-1.7450140274588968,38675.0
8.6797,0.0112,1,1,0.5107677578926086,0.7605071663856506,0.13699781894683838,-0.10666865855455399,0.8304410576820374,0.8004478812217712,0.0689103752374649,0.3773593008518219,-0.4132554531097412,0.9872210621833801,0.10001413524150848,-0.09589339792728424,0.07870355993509293,-0.007392782782505396,0.15102180672691368,-0.15471940616340693,10.739172388897128,-11.834117892959107,7.999952919631417,0.909001886844635,-0.617436408996582,0.06993389129638672,0.6634500622749329,0.0689103752374649,0.3773593008518219,-0.4132554531097412,0.10001413524150848,-0.09589339792728424,0.07870355993509293,0.9872210621833801,-0.0073927827179431915,0.151021808385849,-0.15471941232681274,-0.617436408996582,0.06993389129638672,0.6634500622749329,-0.6889533996582031,0.10220068693161011,0.6634500622749329,-0.7646375894546509,0.12288248538970947,0.6634500622749329,-0.8426253199577332,0.13147008419036865,0.6634500622749329,-0.9209962487220764,0.12775194644927979,0.6634500622749329,-0.9978206753730774,0.11181968450546265,0.6634500622749329,-1.0712069272994995,0.08406555652618408,0.6634500622749329,-1.139348030090332,0.045173048973083496,0.6634500622749329,-1.2005659341812134,-0.003900289535522461,0.6634500622749329,-1.2533533573150635,-0.06194603443145752,0.6634500622749329,0.022573471069335938,-1.5707963705062866,0.9827638864517212,0.20000000298023224,5.252447950505155,-14.999999999942387,-2.175762945670153,38675.0
8.6999,0.0102,1,1,0.5102224946022034,0.7685288190841675,0.13651078939437866,-0.12063036859035492,0.8378267884254456,0.8004478812217712,0.026749789714813232,0.34348350763320923,-0.3652539551258087,0.9875987768173218,0.09936760365962982,-0.09429499506950378,0.07668916136026382,0.04583879473563461,0.16214466546719775,-0.17002792189945493,10.696977863536244,-11.624225380133936,7.788454597471221,0.9184715747833252,-0.6308528780937195,0.06929796934127808,0.6639370918273926,0.026749789714813232,0.34348350763320923,-0.3652539551258087,0.09936760365962982,-0.09429499506950378,0.07668916136026382,0.9875987768173218,0.045838795602321625,0.16214466094970703,-0.1700279265642166,-0.6308528780937195,0.06929796934127808,0.6639370918273926,-0.7033534049987793,0.09928971529006958,0.6639370918273926,-0.779653012752533,0.11757063865661621,0.6639370918273926,-0.8578730821609497,0.123690664768219,0.6639370918273926,-0.9360874891281128,0.11749893426895142,0.6639370918273926,-1.0123703479766846,0.09914809465408325,0.6639370918273926,-1.084843397140503,0.06908988952636719,0.6639370918273926,-1.1517219543457031,0.028064429759979248,0.6639370918273926,-1.2113592624664307,-0.022917985916137695,0.6639370918273926,-1.2622870206832886,-0.08260214328765869,0.6639370918273926,-0.021759867668151855,-1.5707963705062866,0.9912110567092896,0.20000000298023224,2.0028496851784388,-14.999999999971195,-2.5987595899905473,38675.0
8.7201,0.0116,1,1,0.5142961144447327,0.7782350182533264,0.12329818308353424,-0.1349240392446518,0.8448173999786377,0.8004478812217712,0.0160866379737854,0.31755760312080383,-0.40043240785598755,0.9877998232841492,0.09913984686136246,-0.09394272416830063,0.07480297982692719,-0.29334279985642947,0.01879925205427474,-0.12783049228942087,10.694465620011226,-11.561820256060205,7.575281475787508,0.9404529333114624,-0.6492201685905457,0.06658238172531128,0.6771497130393982,0.0160866379737854,0.31755760312080383,-0.40043240785598755,0.09913984686136246,-0.09394272416830063,0.07480297982692719,0.9877998232841492,-0.29334279894828796,0.018799252808094025,-0.12783049046993256,-0.6492201685905457,0.06658238172531128,0.6771497130393982,-0.7226382493972778,0.09425210952758789,0.6771497130393982,-0.7994809150695801,0.11009597778320312,0.6771497130393982,-0.8778561353683472,0.1137239933013916,0.6771497130393982,-0.955833911895752,0.10504668951034546,0.6771497130393982,-1.0314942598342896,0.08427786827087402,0.6771497130393982,-1.1029741764068604,0.05192887783050537,0.6771497130393982,-1.1685134172439575,0.008796155452728271,0.6771497130393982,-1.2264983654022217,-0.04405808448791504,0.6771497130393982,-1.2755012512207031,-0.10533243417739868,0.6771497130393982,0.00400388240814209,-1.5707963705062866,1.0054501295089722,0.20000000298023224,1.1161276244158285,-14.999999999985597,-3.0251058333579692,38675.0
8.7397,0.0105,1,1,0.5127347111701965,0.7852284908294678,0.12316624075174332,-0.1490446776151657,0.8511821031570435,0.8004478812217712,-0.02449420467019081,0.2891380190849304,-0.3405851721763611,0.9887405037879944,0.09291412681341171,-0.09274426102638245,0.0718030110001564,-0.8911241273559672,0.10606782229632267,-0.16232038416487252,10.009676039187855,-11.34656532618008,7.3102191225221365,0.9492166638374329,-0.6617794036865234,0.06595361232757568,0.6772816181182861,-0.02449420467019081,0.2891380190849304,-0.3405851721763611,0.09291412681341171,-0.09274426102638245,0.0718030110001564,0.9887405037879944,-0.8911241292953491,0.10606782138347626,-0.16232039034366608,-0.6617794036865234,0.06595361232757568,0.6772816181182861,-0.7360193133354187,0.09133601188659668,0.6772816181182861,-0.8133158683776855,0.10479217767715454,0.6772816181182861,-0.891765832901001,0.10599082708358765,0.6772816181182861,-0.9694374203681946,0.09490245580673218,0.6772816181182861,-1.0444180965423584,0.0718001127243042,0.6772816181182861,-1.1148617267608643,0.037252604961395264,0.6772816181182861,-1.179033637046814,-0.007889389991760254,0.6772816181182861,-1.235353708267212,-0.06251424551010132,0.6772816181182861,-1.2824351787567139,-0.12527704238891602,0.6772816181182861,0.12645208835601807,-1.5707963705062866,1.0354005098342896,0.20000000298023224,4.180649298915522,-14.999999999992799,-3.555230539888726,38675.0
8.7602,0.0108,1,1,0.515860915184021,0.7940446734428406,0.10928183794021606,-0.1637343019247055,0.8572561144828796,0.8004478812217712,-0.03514743968844414,0.27834099531173706,-0.38232195377349854,0.9899346232414246,0.08126042038202286,-0.09309975057840347,0.06896884739398956,-1.2460667087532837,-0.08266396263670632,-0.08171255665965392,8.682389707801438,-11.275932224824523,7.111956129761238,0.9713680148124695,-0.6795952320098877,0.06321144104003906,0.6911660432815552,-0.03514743968844414,0.27834099531173706,-0.38232195377349854,0.08126042038202286,-0.09309975057840347,0.06896884739398956,0.9899346232414246,-1.246066689491272,-0.08266396075487137,-0.08171255886554718,-0.6795952320098877,0.06321144104003906,0.6911660432815552,-0.7546044588088989,0.08622109889984131,0.6911660432815552,-0.8322896957397461,0.09721338748931885,0.6911660432815552,-0.9107381105422974,0.0959177017211914,0.6911660432815552,-0.9880180358886719,0.08236593008041382,0.6911660432815552,-1.0622265338897705,0.056891798973083496,0.6911660432815552,-1.1315362453460693,0.0201224684715271,0.6911660432815552,-1.1942408084869385,-0.027036547660827637,0.6911660432815552,-1.248795986175537,-0.0834241509437561,0.6911660432815552,-1.293858528137207,-0.1476517915725708,0.6911660432815552,0.2250605821609497,-1.5707963705062866,1.044685959815979,0.20000000298023224,8.537835395747623,-14.9999999999964,-3.9517565254105147,38675.0
8.78,0.0105,1,1,0.5132212042808533,0.8015013337135315,0.10918453335762024,-0.17831183969974518,0.8627532124519348,0.8004478812217712,-0.0666453018784523,0.23403672873973846,-0.33119672536849976,0.9910286664962769,0.06947410851716995,-0.09317316114902496,0.06597116589546204,-1.1338971599582908,-0.20790136826223066,-0.050181266146522956,7.344376155209147,-11.177033186449227,6.897305590434333,0.9797013401985168,-0.6915330290794373,0.06125187873840332,0.6912633180618286,-0.0666453018784523,0.23403672873973846,-0.33119672536849976,0.06947410851716995,-0.09317316114902496,0.06597116589546204,0.9910286664962769,-1.1338971853256226,-0.20790137350559235,-0.05018126592040062,-0.6915330290794373,0.06125187873840332,0.6912633180618286,-0.7672227621078491,0.08191341161727905,0.6912633180618286,-0.8452127575874329,0.0904800295829773,0.6912633180618286,-0.9235826730728149,0.08674091100692749,0.6912633180618286,-1.0004029273986816,0.07078802585601807,0.6912633180618286,-1.0737817287445068,0.0430142879486084,0.6912633180618286,-1.1419122219085693,0.004103481769561768,0.6912633180618286,-1.2031171321868896,-0.04498624801635742,0.6912633180618286,-1.2558889389038086,-0.10304617881774902,0.6912633180618286,-1.2989287376403809,-0.16864657402038574,0.6912633180618286,0.19078290462493896,-1.5707963705062866,1.0487014055252075,0.20000000298023224,9.73444531700177,-14.999999999998199,-4.381057604064343,38675.0
8.7999,0.0113,1,1,0.5110757350921631,0.8054192066192627,0.10256483405828476,-0.19316905736923218,0.8678309321403503,0.8004478812217712,-0.1132178008556366,0.18897844851016998,-0.32913652062416077,0.9914315938949585,0.06113969534635544,-0.09594441950321198,0.06417222321033478,-0.5271816926603506,-0.199319181846639,-0.07529087632314585,6.379866885728944,-11.42538301002121,6.7679239107799125,0.9934267997741699,-0.7042447924613953,0.062411725521087646,0.6978830695152283,-0.1132178008556366,0.18897844851016998,-0.32913652062416077,0.06113969534635544,-0.09594441950321198,0.06417222321033478,0.9914315938949585,-0.5271816849708557,-0.19931918382644653,-0.07529087364673615,-0.7042447924613953,0.062411725521087646,0.6978830695152283,-0.7805458903312683,0.08068650960922241,0.6978830695152283,-0.8587664365768433,0.086800217628479,0.6978830695152283,-0.9369803667068481,0.08060228824615479,0.6978830695152283,-1.0132617950439453,0.06224524974822998,0.6978830695152283,-1.0857322216033936,0.0321812629699707,0.6978830695152283,-1.1526076793670654,-0.008849561214447021,0.6978830695152283,-1.2122409343719482,-0.05983680486679077,0.6978830695152283,-1.2631638050079346,-0.1195250153541565,0.6978830695152283,-1.3041225671768188,-0.1864444613456726,0.6978830695152283,0.03494393825531006,-1.5707963705062866,1.0368009805679321,0.20000000298023224,5.868292749298389,-14.9999999999991,-4.639820963373186,38675.0
8.8198,0.0109,1,1,0.5135576128959656,0.81704181432724,0.08912907540798187,-0.20820719003677368,0.8724480271339417,0.8004478812217712,-0.11615145951509476,0.1671120524406433,-0.36234796047210693,0.991899311542511,0.057837847620248795,-0.0949474573135376,0.061429206281900406,0.06636681492499368,-0.18859215206812477,-0.0508182817957023,6.032975556781835,-11.271742886948271,6.49179211900764,1.0148835182189941,-0.7217648029327393,0.05540621280670166,0.7113187909126282,-0.11615145951509476,0.1671120524406433,-0.36234796047210693,0.057837847620248795,-0.0949474573135376,0.061429206281900406,0.991899311542511,0.06636681407690048,-0.18859215080738068,-0.05081828311085701,-0.7217648029327393,0.05540621280670166,0.7113187909126282,-0.7986030578613281,0.07127165794372559,0.7113187909126282,-0.8769772052764893,0.07492166757583618,0.7113187909126282,-0.9549574255943298,0.06626635789871216,0.7113187909126282,-1.0306235551834106,0.04551875591278076,0.7113187909126282,-1.1021125316619873,0.013189852237701416,0.7113187909126282,-1.1676639318466187,-0.029924392700195312,0.7113187909126282,-1.2256637811660767,-0.08276236057281494,0.7113187909126282,-1.274683952331543,-0.14402294158935547,0.7113187909126282,-1.3135172128677368,-0.21219778060913086,0.7113187909126282,-0.051158905029296875,-1.5707963705062866,1.021825909614563,0.20000000298023224,1.4685517033045379,-14.999999999999549,-5.192084546917729,38675.0
8.84,0.0113,1,1,0.5121394991874695,0.819919764995575,0.08349612355232239,-0.22345343232154846,0.8766077160835266,0.8004478812217712,-0.15315641462802887,0.18239867687225342,-0.36880743503570557,0.99180006980896,0.057648155838251114,-0.09744279086589813,0.05926431342959404,0.1926026063536751,-0.10254172211165209,-0.03715212085914937,6.022765069306741,-11.544005064982354,6.229838297548537,1.0287518501281738,-0.7355929613113403,0.05668795108795166,0.7169517278671265,-0.15315641462802887,0.18239867687225342,-0.36880743503570557,0.057648155838251114,-0.09744279086589813,0.05926431342959404,0.99180006980896,0.19260260462760925,-0.1025417223572731,-0.03715212270617485,-0.7355929613113403,0.05668795108795166,0.7169517278671265,-0.8128942251205444,0.07011717557907104,0.7169517278671265,-0.8913445472717285,0.07128852605819702,0.7169517278671265,-0.9690122604370117,0.060173094272613525,0.7169517278671265,-1.0439848899841309,0.03704458475112915,0.7169517278671265,-1.114416480064392,0.002472519874572754,0.7169517278671265,-1.178572654724121,-0.042691826820373535,0.7169517278671265,-1.234873652458191,-0.09733635187149048,0.7169517278671265,-1.281933307647705,-0.1601155400276184,0.7169517278671265,-1.3185925483703613,-0.22948354482650757,0.7169517278671265,-0.019128799438476562,-1.5707963705062866,1.019431471824646,0.20000000298023224,0.18627611416380585,-14.999999999999774,-5.71599218983594,38675.0
8.86,0.0115,1,1,0.5110064148902893,0.8245357275009155,0.07156464457511902,-0.2386796921491623,0.8802515268325806,0.8004478812217712,-0.17736700177192688,0.17733372747898102,-0.3817446827888489,0.9920022487640381,0.05596606433391571,-0.09709557890892029,0.058050088584423065,-0.27948454178149773,-0.09516816142252245,-0.007052459403369042,5.8430066759237675,-11.486423739680161,6.1098620764458484,1.0470932722091675,-0.7496861219406128,0.05571579933166504,0.7288832664489746,-0.17736700177192688,0.17733372747898102,-0.3817446827888489,0.05596606433391571,-0.09709557890892029,0.058050088584423065,0.9920022487640381,-0.2794845402240753,-0.09516815841197968,-0.007052459288388491,-0.7496861219406128,0.05571579933166504,0.7288832664489746,-0.8273699283599854,0.06671828031539917,0.7288832664489746,-0.9058184623718262,0.0654328465461731,0.7288832664489746,-0.983100175857544,0.051891207695007324,0.7288832664489746,-1.05731201171875,0.026426732540130615,0.7288832664489746,-1.1266264915466309,-0.010333478450775146,0.7288832664489746,-1.1893372535705566,-0.057484328746795654,0.7288832664489746,-1.2438998222351074,-0.11386477947235107,0.7288832664489746,-1.288970708847046,-0.178086519241333,0.7288832664489746,-1.3234403133392334,-0.24856829643249512,0.7288832664489746,0.09289109706878662,-1.5707963705062866,1.0354253053665161,0.20000000298023224,2.754271965272666,-14.999999999999886,-5.95594463204128,38675.0
8.8799,0.0115,1,1,0.5079373717308044,0.8312302231788635,0.06917715072631836,-0.2541273832321167,0.8834386467933655,0.8004478812217712,-0.21349935233592987,0.17991070449352264,-0.3469480276107788,0.992301881313324,0.0500052310526371,-0.09812498092651367,0.0566212423145771,-0.7963588689168601,-0.14230438166221643,-0.007570442674943502,5.160930514454009,-11.560463371232547,6.008775821534708,1.0574617385864258,-0.7620647549629211,0.05220842361450195,0.7312707304954529,-0.21349935233592987,0.17991070449352264,-0.3469480276107788,0.0500052310526371,-0.09812498092651367,0.0566212423145771,0.992301881313324,-0.7963588833808899,-0.14230437576770782,-0.007570442743599415,-0.7620647549629211,0.05220842361450195,0.7312707304954529,-0.8400569558143616,0.06075507402420044,0.7312707304954529,-0.9184259176254272,0.05699586868286133,0.7312707304954529,-0.9952419996261597,0.041023313999176025,0.7312707304954529,-1.0686137676239014,0.013230741024017334,0.7312707304954529,-1.1367342472076416,-0.025697529315948486,0.7312707304954529,-1.1979265213012695,-0.0748029351234436,0.7312707304954529,-1.2506835460662842,-0.13287633657455444,0.7312707304954529,-1.2937064170837402,-0.1984877586364746,0.7312707304954529,-1.3259358406066895,-0.2700217366218567,0.7312707304954529,0.2626417875289917,-1.5707963705062866,1.0621322393417358,0.20000000298023224,8.877135982636332,-14.999999999999943,-6.158117141863561,38675.0
8.8996,0.011,1,1,0.5052087306976318,0.8353350162506104,0.059557028114795685,-0.26928508281707764,0.8860765099525452,0.8004478812217712,-0.22776095569133759,0.17661938071250916,-0.3543816804885864,0.9929046034812927,0.04084553197026253,-0.09741745889186859,0.05458870157599449,-0.7284022550120085,-0.07171435084771031,-0.029492486734674785,4.122998081552259,-11.414878881720412,5.88150953322111,1.073002576828003,-0.7744938135147095,0.050741493701934814,0.7408908605575562,-0.22776095569133759,0.17661938071250916,-0.3543816804885864,0.04084553197026253,-0.09741745889186859,0.05458870157599449,0.9929046034812927,-0.7284022569656372,-0.07171434909105301,-0.029492486268281937,-0.7744938135147095,0.050741493701934814,0.7408908605575562,-0.8527120351791382,0.05688446760177612,0.7408908605575562,-0.9309282302856445,0.050715863704681396,0.7408908605575562,-1.007216453552246,0.03238743543624878,0.7408908605575562,-1.0796983242034912,0.0023505687713623047,0.7408908605575562,-1.1465890407562256,-0.03865516185760498,0.7408908605575562,-1.2062413692474365,-0.08962005376815796,0.7408908605575562,-1.257186770439148,-0.14928913116455078,0.7408908605575562,-1.298170566558838,-0.21619325876235962,0.7408908605575562,-1.328183650970459,-0.2886849045753479,0.7408908605575562,0.31358790397644043,-1.5707963705062866,1.066935420036316,0.20000000298023224,11.938567991318166,-14.999999999999972,-6.412649718490788,38675.0
8.9202,0.0114,1,1,0.5020128488540649,0.8415975570678711,0.055091410875320435,-0.2851724624633789,0.8883294463157654,0.8004478812217712,-0.2541290819644928,0.17035673558712006,-0.3306981921195984,0.9933011531829834,0.03451649472117424,-0.09725852310657501,0.05196340009570122,-0.06436948155813707,-0.22555115213635135,-0.02811773385165146,3.4185134061788096,-11.349963646492776,5.649446763075725,1.0850809812545776,-0.7871853113174438,0.04673188924789429,0.7453564405441284,-0.2541290819644928,0.17035673558712006,-0.3306981921195984,0.03451649472117424,-0.09725852310657501,0.05196340009570122,0.9933011531829834,-0.06436948478221893,-0.22555115818977356,-0.02811773307621479,-0.7871853113174438,0.04673188924789429,0.7453564405441284,-0.8655604124069214,0.050361812114715576,0.7453564405441284,-0.9435383677482605,0.0416865348815918,0.7453564405441284,-1.019199252128601,0.0209195613861084,0.7453564405441284,-1.0906798839569092,-0.011427640914916992,0.7453564405441284,-1.1562203168869019,-0.05455869436264038,0.7453564405441284,-1.214206576347351,-0.10741150379180908,0.7453564405441284,-1.2632110118865967,-0.16868466138839722,0.7453564405441284,-1.3020268678665161,-0.23686939477920532,0.7453564405441284,-1.3296983242034912,-0.31028681993484497,0.7453564405441284,0.2449723482131958,-1.5707963705062866,1.0645006895065308,0.20000000298023224,12.98722482067173,-14.999999999999986,-6.876775258781557,38675.0
