t_s,telemetry_age_s,airborne,phase,pos_x,pos_y,pos_z,ref_x,ref_y,ref_z,vel_x,vel_y,vel_z,qw,qx,qy,qz,gyro_x,gyro_y,gyro_z,roll_meas_deg,pitch_meas_deg,yaw_meas_deg,pos_err,obs_0,obs_1,obs_2,obs_3,obs_4,obs_5,obs_6,obs_7,obs_8,obs_9,obs_10,obs_11,obs_12,act_roll_rad,act_pitch_rad,act_yaw_rad,act_thrust_N,cmd_roll_deg,cmd_pitch_deg,cmd_yaw,cmd_pwm
0.0,0.0051,0,1,0.10575654357671738,-0.06933988630771637,0.0017437946517020464,0.10552084445953369,-0.06942581385374069,0.5000964999198914,0.012951914221048355,-0.0022570036817342043,0.006983201485127211,0.9963692426681519,-0.0037525140214711428,0.00011455076310085133,0.08504289388656616,-0.0023022915791775177,0.005636208540867668,0.0012583174775927571,-0.42733298547478227,0.04964788879093344,9.756857289606197,0.4983527660369873,-0.0002356991171836853,-8.592754602432251e-05,0.49835270643234253,0.012951914221048355,-0.0022570036817342043,0.006983201485127211,-0.0037525140214711428,0.00011455076310085133,0.08504289388656616,0.9963692426681519,-0.0023022915702313185,0.005636208690702915,0.0012583174975588918,-0.0002356991171836853,-8.592754602432251e-05,0.49835270643234253,-0.006397463381290436,0.07813083380460739,0.49835270643234253,-0.02471916377544403,0.15442070364952087,0.49835270643234253,-0.054749660193920135,0.22690518200397491,0.49835270643234253,-0.09574949741363525,0.2937994599342346,0.49835270643234253,-0.1467091292142868,0.3534563183784485,0.49835270643234253,-0.20637376606464386,0.40440690517425537,0.49835270643234253,-0.2732742428779602,0.4453966021537781,0.49835270643234253,-0.34576326608657837,0.4754161238670349,0.49835270643234253,-0.4220559298992157,0.4937262535095215,0.49835270643234253,-1.1297988891601562,1.1745768785476685,0.6476088762283325,0.20000000298023224,-15.0,15.0,0.0957472866854245,4000.0
0.0208,0.0057,0,1,0.10517916083335876,-0.06931714713573456,-0.00015323871048167348,0.10525626689195633,-0.05320000275969505,0.5000964999198914,0.013007016852498055,-0.0012091082753613591,-0.005700462032109499,0.9963557124137878,-0.0037912961561232805,9.027740452438593e-05,0.0851994976401329,0.006691294187959566,-0.015443307057314217,0.009320658099330017,-0.43199012352270216,0.04732230117451321,9.7748763286816,0.5005093216896057,7.71060585975647e-05,0.016117144376039505,0.5002497434616089,0.013007016852498055,-0.0012091082753613591,-0.005700462032109499,-0.0037912961561232805,9.027740452438593e-05,0.0851994976401329,0.9963557124137878,0.006691294256597757,-0.015443307347595692,0.009320657700300217,7.71060585975647e-05,0.016117144376039505,0.5002497434616089,-0.008619681000709534,0.09409275650978088,0.5002497434616089,-0.02940746396780014,0.16974787414073944,0.5002497434616089,-0.06177438423037529,0.2412196397781372,0.5002497434616089,-0.10492345690727234,0.3067481517791748,0.5002497434616089,-0.15779221057891846,0.3647199273109436,0.5002497434616089,-0.21907885372638702,0.413707435131073,0.5002497434616089,-0.2872743010520935,0.4525045156478882,0.5002497434616089,-0.360699325799942,0.4801558256149292,0.5002497434616089,-0.4375459849834442,0.495980441570282,0.5002497434616089,-1.3426666259765625,1.0842820405960083,0.6404365301132202,0.20000000298023224,-15.0,15.0,0.13178536483623854,8000.0
0.0402,0.005,0,1,0.10421623289585114,-0.06805705279111862,0.0010540660005062819,0.10452549159526825,-0.03793030232191086,0.5000964999198914,0.006037614308297634,0.004778566770255566,0.0017512848135083914,0.9963487386703491,-0.004110022913664579,-0.0004228450998198241,0.08526474237442017,0.005983289171121447,-0.003465764501669413,0.0025007464945102096,-0.4733911338248657,-0.008120088187152643,9.78260489136997,0.4999510645866394,0.00030925869941711426,0.030126750469207764,0.49904242157936096,0.006037614308297634,0.004778566770255566,0.0017512848135083914,-0.004110022913664579,-0.0004228450998198241,0.08526474237442017,0.9963487386703491,0.005983289331197739,-0.00346576445735991,0.0025007463991642,0.00030925869941711426,0.030126750469207764,0.49904242157936096,-0.010767228901386261,0.10780005156993866,0.49904242157936096,-0.03385813534259796,0.1827843189239502,0.49904242157936096,-0.06839487701654434,0.2532331943511963,0.49904242157936096,-0.11352704465389252,0.31741195917129517,0.49904242157936096,-0.16814333200454712,0.37374040484428406,0.49904242157936096,-0.230898916721344,0.42083144187927246,0.49904242157936096,-0.30024853348731995,0.4575255811214447,0.49904242157936096,-0.3744845390319824,0.482919305562973,0.49904242157936096,-0.4517790675163269,0.4963873028755188,0.49904242157936096,-1.5195616483688354,1.005717396736145,0.6378718614578247,0.20000000298023224,-15.0,15.0,0.14724249021301658,12000.0
0.0602,0.0052,0,1,0.10549461841583252,-0.06934338808059692,-0.0006877819541841745,0.10326589643955231,-0.022031007334589958,0.5000964999198914,0.01037028431892395,-0.001139929168857634,-0.00983820017427206,0.9963764548301697,-0.003597102826461196,-0.00013706320896744728,0.08496513217687607,0.018132766863157988,-0.05376938885626795,0.026685802067786292,-0.4120420660962137,0.019373051347610096,9.748024037139595,0.5030192136764526,-0.0022287219762802124,0.047312378883361816,0.5007842779159546,0.01037028431892395,-0.001139929168857634,-0.00983820017427206,-0.003597102826461196,-0.00013706320896744728,0.08496513217687607,0.9963764548301697,0.01813276670873165,-0.05376938730478287,0.0266858022660017,-0.0022287219762802124,0.047312378883361816,0.5007842779159546,-0.01577690988779068,0.12459288537502289,0.5007842779159546,-0.04124762862920761,0.19880253076553345,0.5007842779159546,-0.07801370322704315,0.26811403036117554,0.5007842779159546,-0.12516984343528748,0.3308207392692566,0.5007842779159546,-0.1815548837184906,0.38537853956222534,0.5007842779159546,-0.24578046798706055,0.4304441213607788,0.5007842779159546,-0.31626513600349426,0.4649077355861664,0.5007842779159546,-0.3912733197212219,0.4879208207130432,0.5007842779159546,-0.4689580500125885,0.49891674518585205,0.5007842779159546,-1.5707963705062866,0.8547674417495728,0.6357516050338745,0.20000000298023224,-15.0,15.0,0.07808078175223583,16000.0
0.0804,0.005,0,1,0.10553725808858871,-0.06841600686311722,0.002470739185810089,0.10153268277645111,-0.006437938194721937,0.5000964999198914,0.006275466177612543,0.00501423142850399,0.012037524953484535,0.9963714480400085,-0.003946595825254917,-0.0004914426244795322,0.08500678837299347,-0.012916075373748306,0.023837948675515457,-0.01537618083368201,-0.45539755709928176,-0.017666805909189995,9.752968510945514,0.5014864802360535,-0.004004575312137604,0.061978068202733994,0.49762576818466187,0.006275466177612543,0.00501423142850399,0.012037524953484535,-0.003946595825254917,-0.0004914426244795322,0.08500678837299347,0.9963714480400085,-0.012916075065732002,0.023837948217988014,-0.015376180410385132,-0.004004575312137604,0.061978068202733994,0.49762576818466187,-0.019970707595348358,0.13879546523094177,0.49762576818466187,-0.047757167369127274,0.21216946840286255,0.49762576818466187,-0.08667974919080734,0.2802933156490326,0.49762576818466187,-0.13578005135059357,0.34148964285850525,0.49762576818466187,-0.19384905695915222,0.3942515552043915,0.49762576818466187,-0.25945693254470825,0.43727990984916687,0.49762576818466187,-0.33098816871643066,0.4695151448249817,0.49762576818466187,-0.40668144822120667,0.4901635944843292,0.49762576818466187,-0.4846729338169098,0.4987167716026306,0.49762576818466187,-1.5707963705062866,0.6949621438980103,0.6479214429855347,0.20000000298023224,-15.0,15.0,0.08796972936406593,20000.0
0.1,0.0049,0,1,0.10475537180900574,-0.0684112086892128,0.00025801960146054626,0.09934914112091064,0.008853625506162643,0.5000964999198914,0.007064373232424259,0.0058216857723891735,-0.005416784435510635,0.9963651895523071,-0.0040975348092615604,-4.2649735405575484e-05,0.08507382869720459,-0.10512061912036555,0.28452863546513507,-0.06832383052966,-0.46825728420106943,0.035076279333839805,9.760469516880201,0.5058038830757141,-0.005406230688095093,0.07726483047008514,0.4998384714126587,0.007064373232424259,0.0058216857723891735,-0.005416784435510635,-0.0040975348092615604,-4.2649735405575484e-05,0.08507382869720459,0.9963651895523071,-0.10512062162160873,0.2845286428928375,-0.06832382827997208,-0.005406230688095093,0.07726483047008514,0.4998384714126587,-0.023737609386444092,0.15355238318443298,0.4998384714126587,-0.0537773072719574,0.2260330319404602,0.4998384714126587,-0.09478563815355301,0.29292210936546326,0.4998384714126587,-0.14575284719467163,0.3525725305080414,0.4998384714126587,-0.20542393624782562,0.4035155475139618,0.4998384714126587,-0.2723296284675598,0.4444967210292816,0.4998384714126587,-0.3448224663734436,0.47450703382492065,0.4998384714126587,-0.4211174547672272,0.4928074777126312,0.4998384714126587,-0.499335914850235,0.4989474415779114,0.4998384714126587,-1.5707963705062866,0.5232161283493042,0.6583210229873657,0.20000000298023224,-15.0,15.0,0.10297174123347042,24000.0
0.1197,0.0057,0,1,0.10564658045768738,-0.06846250593662262,0.0026547489687800407,0.09663096070289612,0.02440241165459156,0.5000964999198914,0.00951516255736351,0.0065588378347456455,0.017213784158229828,0.9963960647583008,-0.0045385113917291164,0.0012611529091373086,0.08468016237020493,-0.00754569296185988,0.029875592860455692,0.03554080853111056,-0.5059723167001681,0.18803702751969237,9.7145347732874,0.5061160326004028,-0.00901561975479126,0.09286491572856903,0.49744173884391785,0.00951516255736351,0.0065588378347456455,0.017213784158229828,-0.0045385113917291164,0.0012611529091373086,0.08468016237020493,0.9963960647583008,-0.0075456928461790085,0.02987559325993061,0.035540807992219925,-0.00901561975479126,0.09286491572856903,0.49744173884391785,-0.029745906591415405,0.16853582859039307,0.49744173884391785,-0.062058500945568085,0.2400321513414383,0.49744173884391785,-0.105157770216465,0.30559343099594116,0.49744173884391785,-0.1579824537038803,0.3636053800582886,0.49744173884391785,-0.21923184394836426,0.41263943910598755,0.49744173884391785,-0.2873977720737457,0.45148831605911255,0.49744173884391785,-0.3608017861843109,0.47919541597366333,0.49744173884391785,-0.4376364052295685,0.495078444480896,0.49744173884391785,-0.5160096883773804,0.498746395111084,0.49744173884391785,-1.5707963705062866,0.3912585973739624,0.6451395750045776,0.20000000298023224,-15.0,15.0,0.01110225404782865,28000.0
0.1399,0.0052,0,1,0.10589586198329926,-0.0682961568236351,0.0030184127390384674,0.09341122955083847,0.039911605417728424,0.5000964999198914,0.011424439027905464,0.008478307165205479,0.018466873094439507,0.9964039325714111,-0.0047958544455468655,0.0018600370967760682,0.08456217497587204,-0.050122485187837865,0.1189357672751516,-0.028033220098933477,-0.5295771449778162,0.2588513132876413,9.700620286304591,0.5088726878166199,-0.012484632432460785,0.10820776224136353,0.4970780909061432,0.011424439027905464,0.008478307165205479,0.018466873094439507,-0.0047958544455468655,0.0018600370967760682,0.08456217497587204,0.9964039325714111,-0.05012248456478119,0.11893576383590698,-0.028033219277858734,-0.012484632432460785,0.10820776224136353,0.4970780909061432,-0.03560144454240799,0.18318404257297516,0.4970780909061432,-0.07016252726316452,0.253620982170105,0.4970780909061432,-0.11531686782836914,0.3177841603755951,0.4970780909061432,-0.1699526309967041,0.3740937113761902,0.4970780909061432,-0.23272447288036346,0.42116308212280273,0.4970780909061432,-0.3020867705345154,0.45783326029777527,0.4970780909061432,-0.3763315677642822,0.4832012951374054,0.4970780909061432,-0.4536307454109192,0.4966425895690918,0.4970780909061432,-0.532080888748169,0.49782612919807434,0.4970780909061432,-1.5707963705062866,0.19315743446350098,0.665584921836853,0.20000000298023224,-15.0,13.0335528881667,-0.01672671991776794,32000.0
0.1601,0.0045,0,1,0.10556147247552872,-0.06855396926403046,0.0025573321618139744,0.08971568942070007,0.05525733157992363,0.5000964999198914,0.01221443247050047,0.008935727179050446,0.010548092424869537,0.9964441657066345,-0.0052010416984558105,0.0023962657433003187,0.08404932916164398,-0.04370246100463269,0.029427307947589697,0.02252826014687413,-0.5708155094915149,0.32371016648990253,9.641256343504757,0.5129576325416565,-0.015845783054828644,0.12381130456924438,0.4975391626358032,0.01221443247050047,0.008935727179050446,0.010548092424869537,-0.0052010416984558105,0.0023962657433003187,0.08404932916164398,0.9964441657066345,-0.04370246082544327,0.029427308589220047,0.022528260946273804,-0.015845783054828644,0.12381130456924438,0.4975391626358032,-0.04131770133972168,0.19802053272724152,0.4975391626358032,-0.07808490097522736,0.26733145117759705,0.4975391626358032,-0.12524205446243286,0.33003735542297363,0.4975391626358032,-0.18162798881530762,0.38459426164627075,0.4975391626358032,-0.24585428833961487,0.42965883016586304,0.4975391626358032,-0.31633952260017395,0.4641212821006775,0.4975391626358032,-0.39134806394577026,0.4871331453323364,0.4975391626358032,-0.46903297305107117,0.498127818107605,0.4975391626358032,-0.5474814176559448,0.49683451652526855,0.4975391626358032,-1.5707963705062866,0.0695643424987793,0.6604739427566528,0.20000000298023224,-15.0,8.509648058974651,-0.13545460551744087,36000.0
0.1802,0.0056,0,1,0.10467877238988876,-0.06838956475257874,0.0007018393953330815,0.08555997908115387,0.07040200382471085,0.5000964999198914,0.011523434892296791,0.01168648712337017,0.003212932264432311,0.9964008927345276,-0.007469262462109327,0.0025448896922171116,0.08438596874475479,-0.535890828636155,0.12202840470289814,0.07522667749611812,-0.828270475987606,0.36280288818710427,9.679103380112043,0.518674910068512,-0.019118793308734894,0.13879156112670898,0.49939465522766113,0.011523434892296791,0.01168648712337017,0.003212932264432311,-0.007469262462109327,0.0025448896922171116,0.08438596874475479,0.9964008927345276,-0.5358908176422119,0.1220284029841423,0.07522667944431305,-0.019118793308734894,0.13879156112670898,0.49939465522766113,-0.04690869525074959,0.2121642529964447,0.49939465522766113,-0.08583447337150574,0.2802863121032715,0.49939465522766113,-0.13493764400482178,0.3414803147315979,0.49939465522766113,-0.1930091381072998,0.39423951506614685,0.49939465522766113,-0.2586190104484558,0.4372647702693939,0.49939465522766113,-0.33015176653862,0.4694966673851013,0.49939465522766113,-0.4058460295200348,0.49014154076576233,0.49939465522766113,-0.48383793234825134,0.49869105219841003,0.49939465522766113,-0.562207043170929,0.49493470788002014,0.49939465522766113,-1.5707963705062866,-0.048815011978149414,0.6691151857376099,0.20000000298023224,-15.0,2.8563769478730645,-0.05976053230288724,38675.0
0.1999,0.0041,0,1,0.10441985726356506,-0.06767266988754272,-0.00039360622758977115,0.08095190674066544,0.08534356951713562,0.5000964999198914,0.012316257692873478,0.01929161325097084,0.013807008042931557,0.9962347149848938,-0.015665560960769653,0.003955287858843803,0.08516684174537659,-1.3331683216815244,0.5966643311593313,0.03190900997948826,-1.7501501172615306,0.604433719650851,9.763275034699065,0.5238845944404602,-0.023467950522899628,0.15301623940467834,0.500490128993988,0.012316257692873478,0.01929161325097084,0.013807008042931557,-0.015665560960769653,0.003955287858843803,0.08516684174537659,0.9962347149848938,-1.3331682682037354,0.596664309501648,0.03190901130437851,-0.023467950522899628,0.15301623940467834,0.500490128993988,-0.053538501262664795,0.22548411786556244,0.500490128993988,-0.09457530081272125,0.2923557162284851,0.500490128993988,-0.1455678939819336,0.351984441280365,0.500490128993988,-0.20526066422462463,0.4029020369052887,0.500490128993988,-0.27218377590179443,0.44385474920272827,0.500490128993988,-0.34468939900398254,0.47383418679237366,0.500490128993988,-0.4209921658039093,0.49210214614868164,0.500490128993988,-0.49921324849128723,0.49820882081985474,0.500490128993988,-0.5774266123771667,0.49200382828712463,0.500490128993988,-1.5707963705062866,-0.28493428230285645,0.6996852159500122,0.20000000298023224,-15.0,-6.071811526063469,0.10858277687117687,38675.0
0.22,0.0053,0,1,0.10300227999687195,-0.06466809660196304,0.002401969628408551,0.07584603130817413,0.10022484511137009,0.5000964999198914,0.009836092591285706,0.050388410687446594,0.059789855033159256,0.9959505796432495,-0.02517065964639187,0.005442589055746794,0.08612361550331116,-1.9294483586955573,0.6607309322389315,0.1939035605461788,-2.820415701449943,0.8695928593690292,9.863149307077517,0.5250018835067749,-0.027156248688697815,0.16489294171333313,0.4976945221424103,0.009836092591285706,0.050388410687446594,0.059789855033159256,-0.02517065964639187,0.005442589055746794,0.08612361550331116,0.9959505796432495,-1.9294483661651611,0.6607309579849243,0.19390356540679932,-0.027156248688697815,0.16489294171333313,0.4976945221424103,-0.05949188023805618,0.23637884855270386,0.4976945221424103,-0.10261226445436478,0.30192625522613525,0.4976945221424103,-0.15545563399791718,0.3599211573600769,0.4976945221424103,-0.2167208194732666,0.4089355170726776,0.4976945221424103,-0.2848992645740509,0.4477624297142029,0.4976945221424103,-0.35831218957901,0.47544586658477783,0.4976945221424103,-0.4351519048213959,0.4913041591644287,0.4976945221424103,-0.513526439666748,0.49494683742523193,0.4976945221424103,-0.5915058255195618,0.48628419637680054,0.4976945221424103,-1.5707963705062866,-0.4260317087173462,0.6719893217086792,0.20000000298023224,-15.0,-10.535905763031735,0.3083313216280932,38675.0
0.2404,0.0055,0,1,0.10395128279924393,-0.06489726155996323,0.0028078549075871706,0.07022717595100403,0.1150573194026947,0.5000964999198914,0.021378491073846817,0.04643568396568298,0.08584357053041458,0.9951328635215759,-0.04280296713113785,0.010430213995277882,0.08813447505235672,-2.8645274937900918,0.36033325220731405,0.28774040773977066,-4.7831143180261675,1.6219009607704062,10.054688260141479,0.5299216508865356,-0.0337241068482399,0.17995458841323853,0.49728864431381226,0.021378491073846817,0.04643568396568298,0.08584357053041458,-0.04280296713113785,0.010430213995277882,0.08813447505235672,0.9951328635215759,-2.864527463912964,0.36033326387405396,0.28774040937423706,-0.0337241068482399,0.17995458841323853,0.49728864431381226,-0.06831087172031403,0.25037890672683716,0.49728864431381226,-0.11348859965801239,0.31452563405036926,0.49728864431381226,-0.16814488172531128,0.370815247297287,0.49728864431381226,-0.23093387484550476,0.4178617298603058,0.49728864431381226,-0.30030953884124756,0.45450660586357117,0.49728864431381226,-0.3745635747909546,0.47984760999679565,0.49728864431381226,-0.45186764001846313,0.4932607114315033,0.49728864431381226,-0.5303182601928711,0.49441564083099365,0.49728864431381226,-0.6079836487770081,0.48328399658203125,0.49728864431381226,-1.5707963705062866,-0.6522676944732666,0.6501449346542358,0.20000000298023224,-15.0,-12.767952881515868,0.6914092277560162,38675.0
0.2598,0.0058,0,1,0.10372733324766159,-0.0644744485616684,0.004468442406505346,0.06431739777326584,0.12929672002792358,0.5000964999198914,0.005813740659505129,0.058673422783613205,0.10431644320487976,0.993395209312439,-0.06935340166091919,0.01273867767304182,0.09050876647233963,-2.9138420466434156,0.15232953533544027,0.20099509247586905,-7.792273983774024,2.1699239372731665,10.26392998390356,0.5336174368858337,-0.03940993547439575,0.19377116858959198,0.4956280589103699,0.005813740659505129,0.058673422783613205,0.10431644320487976,-0.06935340166091919,0.01273867767304182,0.09050876647233963,0.993395209312439,-2.913841962814331,0.15232953429222107,0.2009950876235962,-0.03940993547439575,0.19377116858959198,0.4956280589103699,-0.07615147531032562,0.2630956768989563,0.4956280589103699,-0.12328540533781052,0.32581907510757446,0.4956280589103699,-0.179651141166687,0.38039684295654297,0.4956280589103699,-0.24386075139045715,0.42548513412475586,0.4956280589103699,-0.3143332004547119,0.4599737524986267,0.4956280589103699,-0.38933324813842773,0.483013391494751,0.4956280589103699,-0.4670141041278839,0.49403679370880127,0.4956280589103699,-0.545462965965271,0.49277251958847046,0.4956280589103699,-0.6227483153343201,0.4792516827583313,0.4956280589103699,-1.5707963705062866,-0.7613696455955505,0.6747876405715942,0.20000000298023224,-15.0,-13.883976440757934,1.109892675280167,38675.0
0.2797,0.0046,0,1,0.10388863831758499,-0.0626150593161583,0.006148698274046183,0.05785806477069855,0.14358797669410706,0.5000964999198914,0.00461583212018013,0.09656205773353577,0.12269015610218048,0.9906073212623596,-0.09951680153608322,0.011417631059885025,0.09306582063436508,-1.9774529026086716,-0.6363851790807814,0.15474029533320724,-11.256656326743224,2.358043362942936,10.501730220072874,0.5372363924980164,-0.046030573546886444,0.20620304346084595,0.4939478039741516,0.00461583212018013,0.09656205773353577,0.12269015610218048,-0.09951680153608322,0.011417631059885025,0.09306582063436508,0.9906073212623596,-1.9774528741836548,-0.6363852024078369,0.15474028885364532,-0.046030573546886444,0.20620304346084595,0.4939478039741516,-0.0849282294511795,0.2743411362171173,0.4939478039741516,-0.13400614261627197,0.33555543422698975,0.4939478039741516,-0.1920558512210846,0.3883385956287384,0.4939478039741516,-0.25764796137809753,0.4313909411430359,0.4939478039741516,-0.3291673958301544,0.4636523425579071,0.4939478039741516,-0.40485310554504395,0.4843284785747528,0.4939478039741516,-0.48284146189689636,0.4929101765155792,0.4939478039741516,-0.5612121224403381,0.48918616771698,0.4939478039741516,-0.6380353569984436,0.473248153924942,0.4939478039741516,-1.5707963705062866,-0.8059855103492737,0.7121175527572632,0.20000000298023224,-15.0,-14.441988220378967,1.5854931476187724,38675.0
0.3007,0.0051,0,1,0.1029263362288475,-0.05884093791246414,0.007802823092788458,0.05087161064147949,0.15783053636550903,0.5000964999198914,-0.01298725139349699,0.1580430120229721,0.1325548142194748,0.9882119297981262,-0.11985750496387482,0.002352130366489291,0.0952039435505867,-0.8252976428490154,-1.2310362270350401,0.13005300841001127,-13.681866317865689,1.5741486623068608,10.816858799987035,0.5403788685798645,-0.05205472558736801,0.21667146682739258,0.49229368567466736,-0.01298725139349699,0.1580430120229721,0.1325548142194748,-0.11985750496387482,0.002352130366489291,0.0952039435505867,0.9882119297981262,-0.8252976536750793,-1.2310361862182617,0.13005301356315613,-0.05205472558736801,0.21667146682739258,0.49229368567466736,-0.09309439361095428,0.28354132175445557,0.49229368567466736,-0.14408954977989197,0.34316784143447876,0.49229368567466736,-0.2037844955921173,0.3940829038619995,0.49229368567466736,-0.27070939540863037,0.4350327253341675,0.49229368567466736,-0.34321627020835876,0.46500906348228455,0.49229368567466736,-0.41951984167099,0.4832737445831299,0.49229368567466736,-0.4977411925792694,0.48937705159187317,0.49229368567466736,-0.575954258441925,0.48316872119903564,0.49229368567466736,-0.6522331833839417,0.4648016095161438,0.49229368567466736,-1.5707963705062866,-0.7565398216247559,0.7073019742965698,0.20000000298023224,-15.0,-14.720994110189483,2.215750307447126,38675.0
0.3203,0.0054,0,1,0.1043904572725296,-0.056458037346601486,0.010265020653605461,0.04346784949302673,0.1717880219221115,0.5000964999198914,0.0008193705580197275,0.20083856582641602,0.14430736005306244,0.987072229385376,-0.1269589364528656,-0.008696851320564747,0.09742826223373413,-0.467732280541648,-1.4777241730188073,0.022251670061723385,-14.615856780798158,0.4337295415816786,11.218514830777949,0.5438223481178284,-0.06092260777950287,0.2282460629940033,0.48983147740364075,0.0008193705580197275,0.20083856582641602,0.14430736005306244,-0.1269589364528656,-0.008696851320564747,0.09742826223373413,0.987072229385376,-0.4677322804927826,-1.4777241945266724,0.022251669317483902,-0.06092260777950287,0.2282460629940033,0.48983147740364075,-0.10405455529689789,0.29378584027290344,0.48983147740364075,-0.15690815448760986,0.35177141427993774,0.48983147740364075,-0.21818199753761292,0.4007749557495117,0.48983147740364075,-0.2863672971725464,0.43958985805511475,0.48983147740364075,-0.3597850799560547,0.46726033091545105,0.48983147740364075,-0.4366276264190674,0.4831050932407379,0.48983147740364075,-0.5150027275085449,0.48673394322395325,0.48983147740364075,-0.5929806232452393,0.47805753350257874,0.48983147740364075,-0.6686411499977112,0.45728951692581177,0.48983147740364075,-1.5707963705062866,-0.9757248163223267,0.728162407875061,0.20000000298023224,-15.0,-14.860497055094742,3.019062369028942,38675.0
0.3399,0.0047,0,1,0.10234128683805466,-0.04925064370036125,0.013711309991776943,0.03578243404626846,0.18524189293384552,0.5000964999198914,-0.025124043226242065,0.27922287583351135,0.15460601449012756,0.9859521389007568,-0.1322818100452423,-0.024010367691516876,0.09910310059785843,-0.4354491089125712,-1.423750819312553,-0.007265039995600812,-15.40649393043796,-1.2105821114816107,11.643358311288392,0.5440472364425659,-0.0665588527917862,0.23449254035949707,0.48638519644737244,-0.025124043226242065,0.27922287583351135,0.15460601449012756,-0.1322818100452423,-0.024010367691516876,0.09910310059785843,0.9859521389007568,-0.43544912338256836,-1.423750877380371,-0.007265040185302496,-0.0665588527917862,0.23449254035949707,0.48638519644737244,-0.11170083284378052,0.2986644208431244,0.48638519644737244,-0.16632571816444397,0.35498449206352234,0.48638519644737244,-0.22908851504325867,0.4020659327507019,0.48638519644737244,-0.2984437346458435,0.4387494921684265,0.48638519644737244,-0.37268364429473877,0.4641318619251251,0.48638519644737244,-0.449980229139328,0.477588027715683,0.48638519644737244,-0.528430163860321,0.4787867069244385,0.48638519644737244,-0.6061017513275146,0.467698335647583,0.48638519644737244,-0.6810824871063232,0.44459596276283264,0.48638519644737244,-1.5707963705062866,-0.9250240325927734,0.7285312414169312,0.20000000298023224,-15.0,-14.93024852754737,3.868749330049852,38675.0
0.3601,0.0053,0,1,0.09895721077919006,-0.03939928114414215,0.016734879463911057,0.027464356273412704,0.19879670441150665,0.5000964999198914,-0.06449887156486511,0.37430310249328613,0.15550917387008667,0.9845128059387207,-0.1384313851594925,-0.03887813538312912,0.10028805583715439,-0.3749155904931247,-1.3540156798527192,-0.042064521226882284,-16.302419734545904,-2.7963427783870274,12.033403583841524,0.5435871481895447,-0.07149285078048706,0.2381959855556488,0.4833616316318512,-0.06449887156486511,0.37430310249328613,0.15550917387008667,-0.1384313851594925,-0.03887813538312912,0.10028805583715439,0.9845128059387207,-0.37491559982299805,-1.3540157079696655,-0.042064521461725235,-0.07149285078048706,0.2381959855556488,0.4833616316318512,-0.11865285784006119,0.3008997440338135,0.4833616316318512,-0.1750412881374359,0.35545408725738525,0.4833616316318512,-0.23926964402198792,0.40051567554473877,0.4833616316318512,-0.30975642800331116,0.4349749684333801,0.4833616316318512,-0.3847660422325134,0.45798343420028687,0.4833616316318512,-0.4624514579772949,0.4689745306968689,0.4833616316318512,-0.5408998727798462,0.46767765283584595,0.4833616316318512,-0.6181795597076416,0.45412468910217285,0.4833616316318512,-0.692387580871582,0.4286494255065918,0.4833616316318512,-1.1885836124420166,-0.7772953510284424,0.7315284013748169,0.20000000298023224,-15.0,-14.965124263773685,4.6488398751561135,38675.0
0.3799,0.0056,0,1,0.09500404447317123,-0.027583930641412735,0.021019326522946358,0.018905410543084145,0.21180693805217743,0.5000964999198914,-0.10303255915641785,0.45973992347717285,0.16359224915504456,0.9830235242843628,-0.14339005947113037,-0.05314216762781143,0.10138034075498581,-0.42470075720057954,-1.1524653848685957,-0.09132851563138708,-17.068958683321085,-4.324558244647757,12.425575014631356,0.5409380197525024,-0.07609863579273224,0.23939086496829987,0.47907716035842896,-0.10303255915641785,0.45973992347717285,0.16359224915504456,-0.14339005947113037,-0.05314216762781143,0.10138034075498581,0.9830235242843628,-0.4247007668018341,-1.1524653434753418,-0.09132851660251617,-0.07609863579273224,0.23939086496829987,0.47907716035842896,-0.12518851459026337,0.30059555172920227,0.47907716035842896,-0.18324854969978333,0.3533673584461212,0.47907716035842896,-0.2488490641117096,0.3964068591594696,0.47907716035842896,-0.32037481665611267,0.428654283285141,0.47907716035842896,-0.3960645794868469,0.44931560754776,0.47907716035842896,-0.47405463457107544,0.4578820765018463,0.47907716035842896,-0.5524245500564575,0.4541427493095398,0.47907716035842896,-0.6292446255683899,0.43818968534469604,0.47907716035842896,-0.7026233673095703,0.4104157090187073,0.47907716035842896,-0.6826193928718567,-0.6690525412559509,0.7476247549057007,0.20000000298023224,-15.0,-14.982562131886842,5.433182736735779,38675.0
0.3997,0.0051,0,1,0.09084034711122513,-0.018467698246240616,0.025053873658180237,0.009935284033417702,0.2245582938194275,0.5000964999198914,-0.15432614088058472,0.5207434296607971,0.17194610834121704,0.9816575646400452,-0.14696089923381805,-0.06646105647087097,0.10164574533700943,-0.4405386094927944,-0.8842176185430103,-0.17597281317705474,-17.672867327942512,-5.774188494182639,12.721622172440695,0.5396969318389893,-0.08090506494045258,0.2430259883403778,0.4750426411628723,-0.15432614088058472,0.5207434296607971,0.17194610834121704,-0.14696089923381805,-0.06646105647087097,0.10164574533700943,0.9816575646400452,-0.440538614988327,-0.8842176198959351,-0.1759728193283081,-0.08090506494045258,0.2430259883403778,0.4750426411628723,-0.13187925517559052,0.3026704490184784,0.4750426411628723,-0.19155631959438324,0.3536064624786377,0.4750426411628723,-0.25846680998802185,0.39457982778549194,0.4750426411628723,-0.3309631645679474,0.4245816171169281,0.4750426411628723,-0.4072602689266205,0.44287312030792236,0.4750426411628723,-0.485479474067688,0.4490039050579071,0.4750426411628723,-0.5636947751045227,0.44282305240631104,0.4750426411628723,-0.639980137348175,0.4244827330112457,0.4750426411628723,-0.7124572992324829,0.39443454146385193,0.4750426411628723,-0.3251684904098511,-0.5563184022903442,0.7696787118911743,0.20000000298023224,-15.0,-14.991281065943422,6.025277052354432,38675.0
0.4206,0.0051,0,1,0.08675866574048996,-0.008675389923155308,0.02963995933532715,0.00029354073922149837,0.23738233745098114,0.5000964999198914,-0.19993941485881805,0.5790575742721558,0.182881698012352,0.9802898168563843,-0.150687575340271,-0.07793182134628296,0.10124115645885468,-0.4447716374664481,-0.7349289970535202,-0.23663919004538264,-18.274384945623908,-7.023704629810174,12.923886681604044,0.5379126071929932,-0.08646512776613235,0.24605773389339447,0.4704565405845642,-0.19993941485881805,0.5790575742721558,0.182881698012352,-0.150687575340271,-0.07793182134628296,0.10124115645885468,0.9802898168563843,-0.4447716474533081,-0.7349290251731873,-0.23663918673992157,-0.08646512776613235,0.24605773389339447,0.4704565405845642,-0.13932673633098602,0.3040359914302826,0.4704565405845642,-0.2006073296070099,0.35303106904029846,0.4704565405845642,-0.26879799365997314,0.391836553812027,0.4704565405845642,-0.34221962094306946,0.41949689388275146,0.4704565405845642,-0.41906431317329407,0.4353310465812683,0.4704565405845642,-0.4974399507045746,0.4389490783214569,0.4704565405845642,-0.575416624546051,0.43026190996170044,0.4704565405845642,-0.6510743498802185,0.4094834327697754,0.4704565405845642,-0.722550094127655,0.3771253228187561,0.4704565405845642,0.010064482688903809,-0.4807009696960449,0.7900663614273071,0.20000000298023224,-7.211673809471667,-14.995640532971711,6.429806070681139,38675.0
0.4404,0.0054,0,1,0.07832187414169312,0.007019629701972008,0.03683644160628319,-0.00940848421305418,0.24947288632392883,0.5000964999198914,-0.26889804005622864,0.6666259765625,0.20002003014087677,0.9789642691612244,-0.1547187715768814,-0.08762648701667786,0.1000535637140274,-0.17785566806774075,-0.6042868974103833,-0.24639473194774958,-18.88553569248332,-8.082918454180183,13.017602494136005,0.5301792621612549,-0.08773035556077957,0.24245326220989227,0.46326005458831787,-0.26889804005622864,0.6666259765625,0.20002003014087677,-0.1547187715768814,-0.08762648701667786,0.1000535637140274,0.9789642691612244,-0.17785567045211792,-0.6042869091033936,-0.24639473855495453,-0.08773035556077957,0.24245326220989227,0.46326005458831787,-0.14236390590667725,0.2987649440765381,0.46326005458831787,-0.20513390004634857,0.3458367586135864,0.46326005458831787,-0.2744947671890259,0.38250964879989624,0.46326005458831787,-0.34873855113983154,0.40788063406944275,0.46326005458831787,-0.4260371923446655,0.4213249385356903,0.46326005458831787,-0.5044873356819153,0.42251157760620117,0.46326005458831787,-0.5821572542190552,0.4114112854003906,0.46326005458831787,-0.6571344137191772,0.3882974088191986,0.46326005458831787,-0.7275726795196533,0.3537391126155853,0.46326005458831787,0.4549309015274048,-0.2313147783279419,0.7989436388015747,0.20000000298023224,3.894163095264166,-14.124500535083492,6.61723769574505,38675.0
0.4603,0.0051,0,1,0.07200000435113907,0.022321123629808426,0.03803020715713501,-0.0196890477091074,0.2614929974079132,0.5000964999198914,-0.3205307424068451,0.7454192042350769,0.1692432463169098,0.9779608249664307,-0.15738698840141296,-0.09544360637664795,0.09854168444871902,0.4060872252622296,-0.5269348176273002,-0.26195623134259827,-19.309922890859657,-8.955183863180679,13.034171962985223,0.5283136367797852,-0.09168905019760132,0.23917187750339508,0.46206629276275635,-0.3205307424068451,0.7454192042350769,0.1692432463169098,-0.15738698840141296,-0.09544360637664795,0.09854168444871902,0.9779608249664307,0.4060872197151184,-0.526934802532196,-0.26195624470710754,-0.09168905019760132,0.23917187750339508,0.46206629276275635,-0.1480763852596283,0.2937273383140564,0.46206629276275635,-0.21230384707450867,0.3387902081012726,0.46206629276275635,-0.282789945602417,0.37325090169906616,0.46206629276275635,-0.35779908299446106,0.3962608575820923,0.46206629276275635,-0.43548429012298584,0.4072535037994385,0.46206629276275635,-0.5139327049255371,0.4059581756591797,0.46206629276275635,-0.5912126898765564,0.39240676164627075,0.46206629276275635,-0.6654212474822998,0.3669329583644867,0.46206629276275635,-0.7347311973571777,0.33016398549079895,0.46206629276275635,0.7050610780715942,-0.08203434944152832,0.8094929456710815,0.20000000298023224,9.447081547632084,-9.412361266592223,6.650376633443498,38675.0
0.48,0.0048,0,1,0.06208391487598419,0.042656052857637405,0.04587603732943535,-0.030187644064426422,0.27301499247550964,0.5000964999198914,-0.3768244683742523,0.8297862410545349,0.19506393373012543,0.9781488180160522,-0.15353801846504211,-0.1008080244064331,0.09739994257688522,1.5176819756982474,-0.2936144089981039,-0.2790623142354225,-18.94002009729817,-9.630948510245009,12.983209221527432,0.5175862312316895,-0.09227155894041061,0.23035894334316254,0.4542204737663269,-0.3768244683742523,0.8297862410545349,0.19506393373012543,-0.15353801846504211,-0.1008080244064331,0.09739994257688522,0.9781488180160522,1.5176819562911987,-0.2936144173145294,-0.27906230092048645,-0.09227155894041061,0.23035894334316254,0.4542204737663269,-0.15033206343650818,0.2831301987171173,0.4542204737663269,-0.21593300998210907,0.32616910338401794,0.4542204737663269,-0.2874590754508972,0.3584158718585968,0.4542204737663269,-0.3631489872932434,0.3790764808654785,0.4542204737663269,-0.4411391019821167,0.3876422345638275,0.4542204737663269,-0.5195090174674988,0.3839021623134613,0.4542204737663269,-0.5963289737701416,0.36794838309288025,0.4542204737663269,-0.6697074174880981,0.34017375111579895,0.4542204737663269,-0.737837553024292,0.30126214027404785,0.4542204737663269,0.6985136270523071,-0.022707819938659668,0.811203122138977,0.20000000298023224,12.223540773816042,-5.35671175551022,6.548451150527925,38675.0
0.5003,0.0039,0,1,0.05591166019439697,0.058868832886219025,0.05426131561398506,-0.04120827838778496,0.28437191247940063,0.5000964999198914,-0.4046287536621094,0.8765111565589905,0.2360227406024933,0.9806583523750305,-0.13669121265411377,-0.10116316378116608,0.09689529985189438,2.596567681757371,0.08197799059655075,-0.29503856768053743,-16.980592739115437,-9.899676077950037,12.76713308952658,0.5089724063873291,-0.09711994230747223,0.2255030870437622,0.4458351731300354,-0.4046287536621094,0.8765111565589905,0.2360227406024933,-0.13669121265411377,-0.10116316378116608,0.09689529985189438,0.9806583523750305,2.5965676307678223,0.08197799324989319,-0.2950385808944702,-0.09711994230747223,0.2255030870437622,0.4458351731300354,-0.1568213850259781,0.2764105498790741,0.4458351731300354,-0.2237514853477478,0.3173518478870392,0.4458351731300354,-0.2962622046470642,0.34731894731521606,0.4458351731300354,-0.3725680708885193,0.365573912858963,0.4458351731300354,-0.4507901966571808,0.3716672658920288,0.4458351731300354,-0.5290024876594543,0.3654489517211914,0.4458351731300354,-0.6052790880203247,0.34707212448120117,0.4458351731300354,-0.6777418255805969,0.3169892430305481,0.4458351731300354,-0.7446064352989197,0.27594104409217834,0.4458351731300354,0.33372604846954346,-0.23720192909240723,0.7901548147201538,0.20000000298023224,13.61177038690802,-9.473690592433286,6.116298886526229,38675.0
0.5202,0.0054,0,1,0.08855754137039185,0.03211500123143196,0.045805174857378006,-0.05241566523909569,0.29521772265434265,0.5000964999198914,-0.30556684732437134,0.7843114137649536,0.23170505464076996,0.9863206148147583,-0.1016024723649025,-0.08897054195404053,0.0945030227303505,3.1454427855777207,0.5777542229440874,-0.2565483498540561,-12.705775213400978,-8.992401511052874,11.949214012525127,0.543578028678894,-0.14097321033477783,0.2631027102470398,0.45429131388664246,-0.30556684732437134,0.7843114137649536,0.23170505464076996,-0.1016024723649025,-0.08897054195404053,0.0945030227303505,0.9863206148147583,3.1454427242279053,0.5777541995048523,-0.25654834508895874,-0.14097321033477783,0.2631027102470398,0.45429131388664246,-0.20223331451416016,0.3121233880519867,0.45429131388664246,-0.2704077363014221,0.35095733404159546,0.45429131388664246,-0.343817800283432,0.3786483705043793,0.45429131388664246,-0.42065590620040894,0.39451462030410767,0.45429131388664246,-0.4990300238132477,0.39816537499427795,0.45429131388664246,-0.5770103335380554,0.3895108103752136,0.45429131388664246,-0.6526767015457153,0.3687639534473419,0.45429131388664246,-0.7241659164428711,0.3364357054233551,0.45429131388664246,-0.7897177934646606,0.2933221161365509,0.45429131388664246,-1.0402663946151733,-1.5707963705062866,0.7183033227920532,0.20000000298023224,-0.6941148065459899,-12.236845296216643,4.480460732523282,38675.0
0.5402,0.0052,0,1,0.08637486398220062,0.04299153760075569,0.05636608600616455,-0.06403188407421112,0.30577564239501953,0.5000964999198914,-0.3285379409790039,0.7659732103347778,0.28118056058883667,0.9902988076210022,-0.06588868796825409,-0.07907552272081375,0.09333805739879608,3.049698682279955,0.7688512777545135,-0.20014412928380465,-8.441367302102009,-8.29772713702052,11.382123469321984,0.5371912121772766,-0.15040674805641174,0.26278409361839294,0.4437304139137268,-0.3285379409790039,0.7659732103347778,0.28118056058883667,-0.06588868796825409,-0.07907552272081375,0.09333805739879608,0.9902988076210022,3.0496985912323,0.7688512802124023,-0.20014412701129913,-0.15040674805641174,0.26278409361839294,0.4437304139137268,-0.2131754755973816,0.3098576068878174,0.4437304139137268,-0.2825353443622589,0.34653240442276,0.4437304139137268,-0.35677844285964966,0.3719053566455841,0.4437304139137268,-0.434076726436615,0.3853517770767212,0.4437304139137268,-0.51252681016922,0.3865405321121216,0.4437304139137268,-0.5901970267295837,0.3754423260688782,0.4437304139137268,-0.6651748418807983,0.3523305058479309,0.4437304139137268,-0.7356140613555908,0.31777408719062805,0.4437304139137268,-0.7997802495956421,0.2726239860057831,0.4437304139137268,-1.3406755924224854,-1.5707963705062866,0.6947020292282104,0.20000000298023224,-7.847057403272995,-13.618422648108321,3.346279646117027,38675.0
0.5602,0.0055,0,1,0.0827561765909195,0.056910376995801926,0.06916394084692001,-0.07609382271766663,0.316062867641449,0.5000964999198914,-0.3347310721874237,0.7398094534873962,0.32960838079452515,0.9930117726325989,-0.031729720532894135,-0.06699860841035843,0.09181477129459381,1.9991069322740513,0.42670388710399626,-0.20325300367182228,-4.35500760436643,-7.30980214421144,10.84349634449258,0.5273482799530029,-0.15884999930858612,0.25915250182151794,0.43093255162239075,-0.3347310721874237,0.7398094534873962,0.32960838079452515,-0.031729720532894135,-0.06699860841035843,0.09181477129459381,0.9930117726325989,1.9991068840026855,0.42670390009880066,-0.20325300097465515,-0.15884999930858612,0.25915250182151794,0.43093255162239075,-0.22307950258255005,0.3042124807834625,0.43093255162239075,-0.2935671806335449,0.33866995573043823,0.43093255162239075,-0.36857736110687256,0.36167654395103455,0.43093255162239075,-0.44626307487487793,0.372665673494339,0.43093255162239075,-0.5247113704681396,0.37136679887771606,0.43093255162239075,-0.6019906997680664,0.35781189799308777,0.43093255162239075,-0.6761981248855591,0.3323347270488739,0.43093255162239075,-0.7455064654350281,0.29556259512901306,0.43093255162239075,-0.8082090020179749,0.2484010010957718,0.43093255162239075,-1.2889533042907715,-1.5707963705062866,0.7327831983566284,0.20000000298023224,-11.423528701636497,-14.30921132405416,2.269025396458226,38675.0
0.5801,0.0053,0,1,0.07889395952224731,0.07161755114793777,0.07783008366823196,-0.08827603608369827,0.3258078694343567,0.5000964999198914,-0.3157308101654053,0.7126036882400513,0.34018760919570923,0.99427330493927,-0.010339653119444847,-0.0575098842382431,0.08946692943572998,0.20464104323197158,-0.0819596231074076,-0.20984657441193816,-1.7792334402543915,-6.460082403269973,10.383907612050388,0.5204492807388306,-0.167169988155365,0.2541903257369995,0.42226642370224,-0.3157308101654053,0.7126036882400513,0.34018760919570923,-0.010339653119444847,-0.0575098842382431,0.08946692943572998,0.99427330493927,0.20464104413986206,-0.08195962011814117,-0.20984657108783722,-0.167169988155365,0.2541903257369995,0.42226642370224,-0.23277395963668823,0.29722458124160767,0.42226642370224,-0.30430227518081665,0.329466313123703,0.42226642370224,-0.3799937069416046,0.3501215875148773,0.42226642370224,-0.45798441767692566,0.3586818277835846,0.42226642370224,-0.5363540649414062,0.35493624210357666,0.42226642370224,-0.6131728887557983,0.33897706866264343,0.42226642370224,-0.6865493655204773,0.3111972510814667,0.42226642370224,-0.7546768188476562,0.27228081226348877,0.42226642370224,-0.8158775568008423,0.22318604588508606,0.42226642370224,-0.8149172067642212,-1.5707963705062866,0.8171461820602417,0.20000000298023224,-13.21176435081825,-14.65460566202708,1.3498479315738285,38675.0
0.6002,0.0051,0,1,0.07361481338739395,0.08460941165685654,0.08489935100078583,-0.10072474926710129,0.33514511585235596,0.5000964999198914,-0.3114243745803833,0.6758617162704468,0.3431788384914398,0.9946382641792297,-0.0054381550289690495,-0.05668995901942253,0.08630986511707306,-1.2907971624222547,-0.3586534300602329,-0.26336600895514534,-1.188048016471539,-6.4210064772320194,9.985474478830954,0.5153164863586426,-0.17433956265449524,0.2505356967449188,0.41519713401794434,-0.3114243745803833,0.6758617162704468,0.3431788384914398,-0.0054381550289690495,-0.05668995901942253,0.08630986511707306,0.9946382641792297,-1.2907971143722534,-0.3586534261703491,-0.2633660137653351,-0.17433956265449524,0.2505356967449188,0.41519713401794434,-0.2412509322166443,0.29150763154029846,0.41519713401794434,-0.31374794244766235,0.32150784134864807,0.41519713401794434,-0.3900454640388489,0.339797705411911,0.41519713401794434,-0.46826478838920593,0.34592679142951965,0.41519713401794434,-0.5464799404144287,0.3397442400455475,0.41519713401794434,-0.6227649450302124,0.32140228152275085,0.41519713401794434,-0.6952414512634277,0.2913525104522705,0.41519713401794434,-0.76212477684021,0.25033488869667053,0.41519713401794434,-0.8217681646347046,0.19935941696166992,0.41519713401794434,-0.40545785427093506,-1.5707963705062866,0.8481875658035278,0.20000000298023224,-14.105882175409125,-14.82730283101354,0.5529816651349709,38675.0
0.6199,0.0055,0,1,0.0691361352801323,0.10162225365638733,0.08913113921880722,-0.11363692581653595,0.34421202540397644,0.5000964999198914,-0.3173105716705322,0.7012665867805481,0.32305049896240234,0.9945688843727112,-0.01913250982761383,-0.06091864034533501,0.08217982947826385,-1.858391492386717,-0.7703196782005559,-0.21132313078881895,-2.774666657397817,-6.778477017751808,9.611413877123244,0.5110267400741577,-0.18277305364608765,0.2425897717475891,0.41096535325050354,-0.3173105716705322,0.7012665867805481,0.32305049896240234,-0.01913250982761383,-0.06091864034533501,0.08217982947826385,0.9945688843727112,-1.858391523361206,-0.7703197002410889,-0.21132312715053558,-0.18277305364608765,0.2425897717475891,0.41096535325050354,-0.2509438395500183,0.28143012523651123,0.41096535325050354,-0.32435131072998047,0.3091280460357666,0.41096535325050354,-0.4011878967285156,0.3250015079975128,0.41096535325050354,-0.4795616865158081,0.32865965366363525,0.41096535325050354,-0.5575428009033203,0.3200123906135559,0.41096535325050354,-0.633211076259613,0.29927265644073486,0.41096535325050354,-0.7047033905982971,0.2669511139392853,0.41096535325050354,-0.7702593207359314,0.22384366393089294,0.41096535325050354,-0.8282646536827087,0.17101174592971802,0.41096535325050354,0.1970738172531128,-1.5707963705062866,0.8480969667434692,0.20000000298023224,-1.4071920971366474,-14.91365141550677,-0.19513953828046154,38675.0
0.6398,0.0053,0,1,0.06291870772838593,0.11614779382944107,0.0933694988489151,-0.1266540288925171,0.35275620222091675,0.5000964999198914,-0.3396521508693695,0.7098931670188904,0.305782288312912,0.9938344955444336,-0.036682385951280594,-0.06965785473585129,0.07805881649255753,-1.7019973573718137,-0.7641541273818863,-0.16725984890718337,-4.849298191498301,-7.627376654691178,9.305362233123564,0.5072950124740601,-0.18957273662090302,0.23660841584205627,0.40672701597213745,-0.3396521508693695,0.7098931670188904,0.305782288312912,-0.036682385951280594,-0.06965785473585129,0.07805881649255753,0.9938344955444336,-1.7019973993301392,-0.7641541361808777,-0.1672598421573639,-0.18957273662090302,0.23660841584205627,0.40672701597213745,-0.2589198648929596,0.27330729365348816,0.40672701597213745,-0.33315420150756836,0.2987060248851776,0.40672701597213745,-0.41044777631759644,0.3121792674064636,0.40672701597213745,-0.488897442817688,0.31339526176452637,0.40672701597213745,-0.5665715336799622,0.3023240268230438,0.40672701597213745,-0.6415573358535767,0.279238224029541,0.40672701597213745,-0.712008535861969,0.24470624327659607,0.40672701597213745,-0.7761904001235962,0.1995784342288971,0.40672701597213745,-0.8325225114822388,0.1449659764766693,0.40672701597213745,0.5330451726913452,-1.5707963705062866,0.8684204816818237,0.20000000298023224,6.796403951431676,-14.956825707753385,-0.8072428262798484,38675.0
0.6598,0.0054,0,1,0.05750518664717674,0.13382552564144135,0.10078645497560501,-0.14005593955516815,0.36096489429473877,0.5000964999198914,-0.36319875717163086,0.7351111769676208,0.3130754828453064,0.9928244948387146,-0.05260075256228447,-0.07762140035629272,0.07419911026954651,-0.7235638905225797,-0.6487101554476136,-0.18777787392007622,-6.7321059008178485,-8.413898530508604,9.043898139445002,0.5000712275505066,-0.1975611299276352,0.22713936865329742,0.39931005239486694,-0.36319875717163086,0.7351111769676208,0.3130754828453064,-0.05260075256228447,-0.07762140035629272,0.07419911026954651,0.9928244948387146,-0.7235639095306396,-0.6487101316452026,-0.18777787685394287,-0.1975611299276352,0.22713936865329742,0.39931005239486694,-0.2680273652076721,0.26164066791534424,0.39931005239486694,-0.34302324056625366,0.28469377756118774,0.39931005239486694,-0.42070212960243225,0.29573118686676025,0.39931005239486694,-0.4991512596607208,0.2944810390472412,0.39931005239486694,-0.5764389634132385,0.2809741497039795,0.39931005239486694,-0.6506622433662415,0.255543053150177,0.39931005239486694,-0.7199933528900146,0.21881400048732758,0.39931005239486694,-0.7827252149581909,0.17169134318828583,0.39931005239486694,-0.837313175201416,0.11533544957637787,0.39931005239486694,0.6720525026321411,-1.5707963705062866,0.9198945760726929,0.20000000298023224,10.898201975715839,-14.978412853876693,-1.3301710136369544,38675.0
0.68,0.0058,0,1,0.05001601204276085,0.14942629635334015,0.10475143790245056,-0.1538870930671692,0.36884602904319763,0.5000964999198914,-0.3986746370792389,0.763893187046051,0.2966138422489166,0.9920580387115479,-0.05911007523536682,-0.0848836824297905,0.07155115157365799,0.8211955758219663,-0.584168646166625,-0.13064895728294376,-7.534123240618075,-9.20459138402422,8.857849469707226,0.49600324034690857,-0.20390310883522034,0.21941973268985748,0.3953450620174408,-0.3986746370792389,0.763893187046051,0.2966138422489166,-0.05911007523536682,-0.0848836824297905,0.07155115157365799,0.9920580387115479,0.8211956024169922,-0.5841686725616455,-0.13064895570278168,-0.20390310883522034,0.21941973268985748,0.3953450620174408,-0.27543196082115173,0.2516602873802185,0.3953450620174408,-0.3511236906051636,0.2723143696784973,0.3953450620174408,-0.42911455035209656,0.2808733582496643,0.3953450620174408,-0.5074841380119324,0.2771264910697937,0.3953450620174408,-0.5843026638031006,0.2611660361289978,0.3953450620174408,-0.6576787233352661,0.23338504135608673,0.3953450620174408,-0.7258055210113525,0.19446752965450287,0.3953450620174408,-0.7870054841041565,0.14537177979946136,0.3953450620174408,-0.8397716879844666,0.0873066782951355,0.3953450620174408,0.4502660036087036,-1.5707963705062866,0.9029399156570435,0.20000000298023224,12.94910098785792,-14.989206426938345,-1.702268353112516,38675.0
0.7009,0.0052,0,1,0.044175226241350174,0.16826137900352478,0.11431990563869476,-0.16789498925209045,0.37624871730804443,0.5000964999198914,-0.41899988055229187,0.7828718423843384,0.3301168978214264,0.992404580116272,-0.05010240525007248,-0.08823145925998688,0.0695420578122139,1.9158366760480532,-0.33074380144182514,-0.19774039337341276,-6.507255838823606,-9.680515318767533,8.568426543583431,0.48688405752182007,-0.21207021176815033,0.20798733830451965,0.3857765793800354,-0.41899988055229187,0.7828718423843384,0.3301168978214264,-0.05010240525007248,-0.08823145925998688,0.0695420578122139,0.992404580116272,1.9158366918563843,-0.33074378967285156,-0.19774039089679718,-0.21207021176815033,0.20798733830451965,0.3857765793800354,-0.284584641456604,0.23794546723365784,0.3857765793800354,-0.36089277267456055,0.2561909854412079,0.3857765793800354,-0.43911564350128174,0.2622746527194977,0.3857765793800354,-0.5173271894454956,0.25604668259620667,0.3857765793800354,-0.5936014652252197,0.23766037821769714,0.3857765793800354,-0.6660605072975159,0.20756852626800537,0.3857765793800354,-0.7329200506210327,0.16651207208633423,0.3857765793800354,-0.7925337553024292,0.11550194025039673,0.3857765793800354,-0.8434337973594666,0.05579419434070587,0.3857765793800354,0.26283347606658936,-1.5707963705062866,0.8784435987472534,0.20000000298023224,13.974550493928959,-14.994603213469173,-2.281114205360109,38675.0
0.72,0.0049,0,1,0.036906834691762924,0.18436361849308014,0.12319041788578033,-0.1817307323217392,0.3830161988735199,0.5000964999198914,-0.4412291944026947,0.7720595002174377,0.3543575406074524,0.9932101368904114,-0.028465332463383675,-0.0897160992026329,0.06835521757602692,2.3787650467468753,-0.3211381455745592,-0.15007585190771752,-4.007048239569081,-10.0392266715225,8.226144002675428,0.4788772761821747,-0.21863757073879242,0.19865258038043976,0.3769060969352722,-0.4412291944026947,0.7720595002174377,0.3543575406074524,-0.028465332463383675,-0.0897160992026329,0.06835521757602692,0.9932101368904114,2.378765106201172,-0.3211381435394287,-0.15007585287094116,-0.21863757073879242,0.19865258038043976,0.3769060969352722,-0.29204031825065613,0.22636298835277557,0.3769060969352722,-0.3688742220401764,0.2422495037317276,0.3769060969352722,-0.44724735617637634,0.24592097103595734,0.3769060969352722,-0.5252299308776855,0.2372869998216629,0.3769060969352722,-0.6009017825126648,0.21656014025211334,0.3769060969352722,-0.6723995804786682,0.18425075709819794,0.3769060969352722,-0.7379628419876099,0.1411544531583786,0.3769060969352722,-0.7959771156311035,0.088332399725914,0.3769060969352722,-0.8450139760971069,0.027085229754447937,0.3769060969352722,0.018916010856628418,-1.5707963705062866,0.8461979627609253,0.20000000298023224,7.529179040618706,-14.997301606734586,-2.9656792871761057,38675.0
0.7399,0.0057,0,1,0.029766861349344254,0.20255140960216522,0.1321459710597992,-0.1961507499217987,0.38951972126960754,0.5000964999198914,-0.4664667546749115,0.7687300443649292,0.36413103342056274,0.9935896396636963,-0.0038672122173011303,-0.09067561477422714,0.0673837661743164,2.17705829104871,-0.2877001607177968,-0.1579423137803504,-1.1594155271442288,-10.35039486651794,7.864543569333109,0.47051408886909485,-0.22591760754585266,0.18696831166744232,0.36795052886009216,-0.4664667546749115,0.7687300443649292,0.36413103342056274,-0.0038672122173011303,-0.09067561477422714,0.0673837661743164,0.9935896396636963,2.177058219909668,-0.2877001464366913,-0.15794230997562408,-0.22591760754585266,0.18696831166744232,0.36795052886009216,-0.3001601994037628,0.21234287321567535,0.36795052886009216,-0.3774581849575043,0.22579093277454376,0.36795052886009216,-0.45590823888778687,0.22698132693767548,0.36795052886009216,-0.5335786938667297,0.21588478982448578,0.36795052886009216,-0.6085569858551025,0.19277454912662506,0.36795052886009216,-0.6789969205856323,0.1582196205854416,0.36795052886009216,-0.7431640625,0.11307089030742645,0.36795052886009216,-0.7994784116744995,0.05844007432460785,0.36795052886009216,-0.8465532660484314,-0.004327669739723206,0.36795052886009216,0.15191113948822021,-1.5707963705062866,0.8639942407608032,0.20000000298023224,8.116523097158431,-14.998650803367294,-3.688880153860756,38675.0
0.7599,0.0052,0,1,0.020145971328020096,0.21926195919513702,0.1365167498588562,-0.21072669327259064,0.3955470323562622,0.5000964999198914,-0.5054336190223694,0.7789615392684937,0.33711758255958557,0.9933491945266724,0.016498427838087082,-0.09242559969425201,0.0666390210390091,1.4068959390895506,-0.2633717014619754,-0.12317257360860184,1.193083807431631,-10.70898289308048,7.564052709902489,0.4653695821762085,-0.23087266087532043,0.17628507316112518,0.36357975006103516,-0.5054336190223694,0.7789615392684937,0.33711758255958557,0.016498427838087082,-0.09242559969425201,0.0666390210390091,0.9933491945266724,1.4068959951400757,-0.26337170600891113,-0.1231725737452507,-0.23087266087532043,0.17628507316112518,0.36357975006103516,-0.3058786690235138,0.19930525124073029,0.36357975006103516,-0.3835623860359192,0.21030844748020172,0.36357975006103516,-0.4620109796524048,0.20902381837368011,0.36357975006103516,-0.5392927527427673,0.19548289477825165,0.36357975006103516,-0.6135047674179077,0.17001919448375702,0.36357975006103516,-0.6828197240829468,0.1332596391439438,0.36357975006103516,-0.745530903339386,0.08610941469669342,0.36357975006103516,-0.8000940084457397,0.02972950041294098,0.36357975006103516,-0.8451656103134155,-0.03449183702468872,0.36357975006103516,0.6582924127578735,-1.5707963705062866,0.9084640741348267,0.20000000298023224,11.558261548579216,-14.999325401683647,-4.289861872721989,38675.0
0.7799,0.0058,0,1,0.011111524887382984,0.2369760125875473,0.14317581057548523,-0.22532548010349274,0.4010540843009949,0.5000964999198914,-0.534944474697113,0.7728736400604248,0.331118106842041,0.9930033087730408,0.030730148777365685,-0.09343402087688446,0.06533142924308777,0.6670161921486003,-0.10452715031619819,-0.14418250944196756,2.8501282066550604,-10.92803366446776,7.255628826319384,0.4584936797618866,-0.23643700778484344,0.16407807171344757,0.35692068934440613,-0.534944474697113,0.7728736400604248,0.331118106842041,0.030730148777365685,-0.09343402087688446,0.06533142924308777,0.9930033087730408,0.6670162081718445,-0.10452715307474136,-0.1441825032234192,-0.23643700778484344,0.16407807171344757,0.35692068934440613,-0.31212475895881653,0.1847466677427292,0.35692068934440613,-0.3901139795780182,0.1933206468820572,0.35692068934440613,-0.4684842824935913,0.18958885967731476,0.35692068934440613,-0.5453059077262878,0.17364318668842316,0.35692068934440613,-0.6186872720718384,0.14587630331516266,0.35692068934440613,-0.6868215203285217,0.106971874833107,0.35692068934440613,-0.748030960559845,0.05788789689540863,0.35692068934440613,-0.8008083701133728,-0.00016704201698303223,0.35692068934440613,-0.8438541889190674,-0.0657634437084198,0.35692068934440613,1.1725448369979858,-1.5707963705062866,0.9485126733779907,0.20000000298023224,13.279130774289609,-14.999662700841824,-4.906709639888203,38675.0
0.7999,0.0058,0,1,-0.0009630675776861608,0.2512431740760803,0.1486731469631195,-0.2402709722518921,0.40616196393966675,0.5000964999198914,-0.5792283415794373,0.757133424282074,0.3260825276374817,0.9926828145980835,0.03802258521318436,-0.09456290304660797,0.06473799794912338,0.5667722787149821,-0.16021205939839767,-0.10115799354351736,3.6954267807129173,-11.108348623919536,7.103047775387267,0.4525113105773926,-0.23930791020393372,0.15491878986358643,0.35142335295677185,-0.5792283415794373,0.757133424282074,0.3260825276374817,0.03802258521318436,-0.09456290304660797,0.06473799794912338,0.9926828145980835,0.5667722821235657,-0.16021205484867096,-0.10115799307823181,-0.23930791020393372,0.15491878986358643,0.35142335295677185,-0.31561070680618286,0.1731865406036377,0.35142335295677185,-0.3938318192958832,0.1792929768562317,0.35142335295677185,-0.4720451533794403,0.17308774590492249,0.35142335295677185,-0.5483248233795166,0.15472367405891418,0.35142335295677185,-0.62079256772995,0.1246529221534729,0.35142335295677185,-0.6876640915870667,0.08361589908599854,0.35142335295677185,-0.7472926378250122,0.03262314200401306,0.35142335295677185,-0.798210084438324,-0.02706979215145111,0.35142335295677185,-0.8391625881195068,-0.09399303793907166,0.35142335295677185,1.3302069902420044,-1.5707963705062866,0.9617656469345093,0.20000000298023224,14.139565387144804,-14.999831350420912,-5.2118717417523985,38675.0
0.8199,0.0049,1,1,-0.01135377399623394,0.26770642399787903,0.15469348430633545,-0.25511983036994934,0.41072264313697815,0.5000964999198914,-0.608616054058075,0.7429780960083008,0.3180268704891205,0.9924570918083191,0.043786194175481796,-0.0956830158829689,0.06288377940654755,0.8390182487851037,-0.2746689972536597,-0.06764164101049018,4.378807000239874,-11.269812425643151,6.818760124491596,0.44629448652267456,-0.24376605451107025,0.14301621913909912,0.3454030156135559,-0.608616054058075,0.7429780960083008,0.3180268704891205,0.043786194175481796,-0.0956830158829689,0.06288377940654755,0.9924570918083191,0.8390182256698608,-0.27466899156570435,-0.06764163821935654,-0.24376605451107025,0.14301621913909912,0.3454030156135559,-0.3205994963645935,0.15890493988990784,0.3454030156135559,-0.3989725410938263,0.16257864236831665,0.3454030156135559,-0.476955384016037,0.15394684672355652,0.3454030156135559,-0.5526278018951416,0.13322213292121887,0.3454030156135559,-0.6241264939308167,0.10091480612754822,0.3454030156135559,-0.6896909475326538,0.05782037973403931,0.3454030156135559,-0.7477067708969116,0.00499996542930603,0.3454030156135559,-0.7967453598976135,-0.056245818734169006,0.3454030156135559,-0.8355992436408997,-0.12440888583660126,0.3454030156135559,1.3685730695724487,-1.5707963705062866,0.9722012281417847,0.20000000298023224,14.569782693572403,-14.999915675210456,-5.780447043543735,38675.0
0.8402,0.0052,1,1,-0.02331695891916752,0.28134772181510925,0.15991632640361786,-0.27048182487487793,0.4149169325828552,0.5000964999198914,-0.63951575756073,0.7127759456634521,0.3106257915496826,0.9918947219848633,0.05338047072291374,-0.09745994955301285,0.06160343438386917,1.1176331020231225,-0.16761406597692072,-0.023543009826572984,5.498647801681858,-11.53209726289128,6.552110651682132,0.4411957859992981,-0.24716486036777496,0.13356921076774597,0.3401801586151123,-0.63951575756073,0.7127759456634521,0.3106257915496826,0.05338047072291374,-0.09745994955301285,0.06160343438386917,0.9918947219848633,1.1176331043243408,-0.16761407256126404,-0.023543009534478188,-0.24716486036777496,0.13356921076774597,0.3401801586151123,-0.3244653046131134,0.1470031440258026,0.3401801586151123,-0.4029155969619751,0.14817923307418823,0.3401801586151123,-0.4805839955806732,0.137068510055542,0.3401801586151123,-0.5555580258369446,0.11394456028938293,0.3401801586151123,-0.625991702079773,0.07937675714492798,0.3401801586151123,-0.6901505589485168,0.03421631455421448,0.3401801586151123,-0.7464549541473389,-0.02042481303215027,0.3401801586151123,-0.7935183048248291,-0.08320112526416779,0.3401801586151123,-0.830181896686554,-0.15256690979003906,0.3401801586151123,1.2836748361587524,-1.5707963705062866,0.9525333642959595,0.20000000298023224,14.784891346786202,-14.999957837605228,-6.313745989162672,38675.0
0.8604,0.0053,1,1,-0.0366048663854599,0.29384517669677734,0.16457529366016388,-0.2859370708465576,0.41861268877983093,0.5000964999198914,-0.6746538877487183,0.6833055019378662,0.3020077347755432,0.9911074638366699,0.0650295689702034,-0.09858973324298859,0.061280425637960434,1.2002883011953667,-0.02163238315914448,-0.009322931148932291,6.852479267894254,-11.735625545579396,6.37112545372211,0.4362430274486542,-0.24933220446109772,0.12476751208305359,0.33552122116088867,-0.6746538877487183,0.6833055019378662,0.3020077347755432,0.0650295689702034,-0.09858973324298859,0.061280425637960434,0.9911074638366699,1.2002882957458496,-0.02163238264620304,-0.009322931058704853,-0.24933220446109772,0.12476751208305359,0.33552122116088867,-0.327020525932312,0.13573819398880005,0.33552122116088867,-0.40546858310699463,0.13442069292068481,0.33552122116088867,-0.48274463415145874,0.1208474338054657,0.33552122116088867,-0.5569460391998291,0.0953526496887207,0.33552122116088867,-0.6262456178665161,0.058564066886901855,0.33552122116088867,-0.6889370083808899,0.01138758659362793,0.33552122116088867,-0.7434765100479126,-0.04501517117023468,0.33552122116088867,-0.7885212302207947,-0.10925537347793579,0.33552122116088867,-0.8229619860649109,-0.1797512173652649,0.33552122116088867,1.2733246088027954,-1.5707963705062866,0.945062518119812,0.20000000298023224,14.892445673393102,-14.999978918802615,-6.675716385082731,38675.0
0.8802,0.0057,1,1,-0.04774533957242966,0.3102383315563202,0.1726003885269165,-0.3009549081325531,0.42171159386634827,0.5000964999198914,-0.6993281245231628,0.6623154878616333,0.3109928071498871,0.9904066920280457,0.07703566551208496,-0.09812405705451965,0.059412382543087006,1.0111587897982912,-0.2179790361431995,0.031082398066641294,8.276271038548698,-11.742827581858746,6.013296381525543,0.42871329188346863,-0.25320956110954285,0.11147326231002808,0.32749611139297485,-0.6993281245231628,0.6623154878616333,0.3109928071498871,0.07703566551208496,-0.09812405705451965,0.059412382543087006,0.9904066920280457,1.01115882396698,-0.21797902882099152,0.03108239732682705,-0.25320956110954285,0.11147326231002808,0.32749611139297485,-0.3311977684497833,0.12005648016929626,0.32749611139297485,-0.4095684885978699,0.1163339912891388,0.32749611139297485,-0.4863920211791992,0.10039746761322021,0.32749611139297485,-0.5597767233848572,0.07263928651809692,0.32749611139297485,-0.627915620803833,0.03374296426773071,0.32749611139297485,-0.6891308426856995,-0.015333771705627441,0.32749611139297485,-0.7419151067733765,-0.0733824372291565,0.32749611139297485,-0.7849687337875366,-0.13897371292114258,0.32749611139297485,-0.8172315359115601,-0.21049252152442932,0.32749611139297485,1.4722286462783813,-1.5707963705062866,0.9756535291671753,0.20000000298023224,14.94622283669655,-14.999989459401307,-7.39137452947588,38675.0
0.9002,0.0058,1,1,-0.11219877749681473,0.2434326857328415,0.1411953866481781,-0.31676185131073,0.4244593381881714,0.5000964999198914,-0.9128552079200745,0.37840139865875244,0.17255441844463348,0.9863789677619934,0.10045258700847626,-0.11209337413311005,0.06632427871227264,0.8238200544972122,-0.13729672335124274,0.03644332053502478,10.868489577884457,-13.559674954965871,6.397612285218696,0.4510284960269928,-0.20456308126449585,0.1810266524553299,0.35890111327171326,-0.9128552079200745,0.37840139865875244,0.17255441844463348,0.10045258700847626,-0.11209337413311005,0.06632427871227264,0.9863789677619934,0.8238200545310974,-0.13729672133922577,0.0364433191716671,-0.20456308126449585,0.1810266524553299,0.35890111327171326,-0.28278648853302,0.18710331618785858,0.35890111327171326,-0.3609974682331085,0.18086831271648407,0.35890111327171326,-0.4372701644897461,0.16247518360614777,0.35890111327171326,-0.5097264647483826,0.13237683475017548,0.35890111327171326,-0.5765823125839233,0.09131436049938202,0.35890111327171326,-0.6361914873123169,0.04029889404773712,0.35890111327171326,-0.6870861649513245,-0.019413411617279053,0.35890111327171326,-0.7280132174491882,-0.08635225892066956,0.35890111327171326,-0.7579647898674011,-0.15886935591697693,0.35890111327171326,-1.2397936582565308,-1.2251689434051514,0.8962360620498657,0.20000000298023224,-0.026888581651723698,-14.999994729700653,-6.622742722089571,38675.0
0.9198,0.0056,1,1,-0.13536864519119263,0.24196739494800568,0.14400048553943634,-0.33206042647361755,0.4266248345375061,0.5000964999198914,-0.9528984427452087,0.30611148476600647,0.18608936667442322,0.9850546717643738,0.11015234142541885,-0.11299289017915726,0.06902372092008591,0.6255923192890718,0.012328884763791362,0.008337526175494745,11.967857493458455,-13.757591960782895,6.567445345601675,0.44675543904304504,-0.19669178128242493,0.18465743958950043,0.3560960292816162,-0.9528984427452087,0.30611148476600647,0.18608936667442322,0.11015234142541885,-0.11299289017915726,0.06902372092008591,0.9850546717643738,0.6255922913551331,0.012328884564340115,0.008337526582181454,-0.19669178128242493,0.18465743958950043,0.3560960292816162,-0.2750656008720398,0.18831421434879303,0.3560960292816162,-0.35304656624794006,0.17966561019420624,0.3560960292816162,-0.4287145137786865,0.15892456471920013,0.3560960292816162,-0.5002062320709229,0.12660177052021027,0.3560960292816162,-0.565761387348175,0.0834931880235672,0.3560960292816162,-0.6237658262252808,0.030660226941108704,0.3560960292816162,-0.6727911829948425,-0.03059612214565277,0.3560960292816162,-0.7116303443908691,-0.09876757860183716,0.3560960292816162,-0.7393270134925842,-0.17217552661895752,0.3560960292816162,-1.5707963705062866,-0.9423739314079285,0.8875945806503296,0.20000000298023224,-7.513444290825862,-14.999997364850326,-6.283076601323623,38675.0
0.9398,0.0054,1,1,-0.15418778359889984,0.24626439809799194,0.14521446824073792,-0.3475416600704193,0.4283282458782196,0.5000964999198914,-0.9852167367935181,0.264885812997818,0.1785253882408142,0.9843845963478088,0.11501042544841766,-0.11257480829954147,0.07130580395460129,-0.2791674924537238,0.058830705702017524,0.0680785617156421,12.509436289203371,-13.770630969372913,6.769673142178779,0.44325414299964905,-0.19335387647151947,0.18206384778022766,0.35488203167915344,-0.9852167367935181,0.264885812997818,0.1785253882408142,0.11501042544841766,-0.11257480829954147,0.07130580395460129,0.9843845963478088,-0.279167503118515,0.05883070454001427,0.06807856261730194,-0.19335387647151947,0.18206384778022766,0.35488203167915344,-0.2718035578727722,0.18327784538269043,0.35488203167915344,-0.3494773507118225,0.1722046434879303,0.35488203167915344,-0.42446255683898926,0.14911693334579468,0.35488203167915344,-0.49491292238235474,0.11458319425582886,0.35488203167915344,-0.5590936541557312,0.06945377588272095,0.35488203167915344,-0.615424394607544,0.014839887619018555,0.35488203167915344,-0.6625180840492249,-0.047913700342178345,0.35488203167915344,-0.6992151737213135,-0.11726175248622894,0.35488203167915344,-0.7246120572090149,-0.19149671494960785,0.35488203167915344,-1.2712080478668213,-0.6892217993736267,0.8651641607284546,0.20000000298023224,-11.256722145412931,-14.999998682425163,-5.878621008169403,38675.0
0.9603,0.0059,1,1,-0.1723097264766693,0.2533654272556305,0.1532372534275055,-0.36358463764190674,0.4295808672904968,0.5000964999198914,-1.0164047479629517,0.22915296256542206,0.18852142989635468,0.9849745631217957,0.11068183928728104,-0.11111146956682205,0.07229754328727722,-1.601392851926599,0.19006021961903094,0.07422324833164672,11.9925644459411,-13.58502041087756,6.962391960649792,0.4335311949253082,-0.19127491116523743,0.17621544003486633,0.34685924649238586,-1.0164047479629517,0.22915296256542206,0.18852142989635468,0.11068183928728104,-0.11111146956682205,0.07229754328727722,0.9849745631217957,-1.6013928651809692,0.19006021320819855,0.07422325015068054,-0.19127491116523743,0.17621544003486633,0.34685924649238586,-0.2697230577468872,0.17490434646606445,0.34685924649238586,-0.34700027108192444,0.16133737564086914,0.34685924649238586,-0.42120370268821716,0.13584864139556885,0.34685924649238586,-0.4905063211917877,0.09906575083732605,0.34685924649238586,-0.5532015562057495,0.05189436674118042,0.34685924649238586,-0.6077456474304199,-0.004503920674324036,0.34685924649238586,-0.652795672416687,-0.06874044239521027,0.34685924649238586,-0.6872421503067017,-0.13923346996307373,0.34685924649238586,-0.7102370262145996,-0.21424724161624908,0.34685924649238586,-0.6390314698219299,-0.6073270440101624,0.8163357973098755,0.20000000298023224,-13.128361072706465,-14.999999341212582,-5.493183371227376,38675.0
0.98,0.0045,1,1,-0.19203044474124908,0.2595402002334595,0.15715304017066956,-0.3790869116783142,0.4302992820739746,0.5000964999198914,-1.0350481271743774,0.1924104392528534,0.19301481544971466,0.9869306087493896,0.09387209266424179,-0.10902915149927139,0.07257204502820969,-2.679416492740864,0.22167956505689185,0.03312006375985038,10.025403288471036,-13.228398462882403,7.24568120063612,0.426332026720047,-0.18705646693706512,0.17075908184051514,0.3429434597492218,-1.0350481271743774,0.1924104392528534,0.19301481544971466,0.09387209266424179,-0.10902915149927139,0.07257204502820969,0.9869306087493896,-2.6794164180755615,0.22167956829071045,0.033120062202215195,-0.18705646693706512,0.17075908184051514,0.3429434597492218,-0.2654261589050293,0.16701403260231018,0.3429434597492218,-0.34224510192871094,0.15105539560317993,0.3429434597492218,-0.415621817111969,0.12327608466148376,0.3429434597492218,-0.48374950885772705,0.08436015248298645,0.3429434597492218,-0.5449506044387817,0.035265833139419556,0.3429434597492218,-0.5977181792259216,-0.02279803156852722,0.3429434597492218,-0.640752911567688,-0.08840170502662659,0.3429434597492218,-0.6729951500892639,-0.1599297970533371,0.3429434597492218,-0.6936509609222412,-0.23562106490135193,0.3429434597492218,0.06263422966003418,-0.5214564800262451,0.7649446725845337,0.20000000298023224,-4.769842030066693,-14.999999670606291,-4.926604891254682,38675.0
1.0001,0.0058,1,1,-0.21039581298828125,0.26610198616981506,0.1679503321647644,-0.39496877789497375,0.4305360019207001,0.5000964999198914,-1.0555468797683716,0.1694510132074356,0.21784184873104095,0.9895790219306946,0.06656807661056519,-0.10686562955379486,0.06985534727573395,-2.8995810853221506,-0.026725102419216374,0.049156153025113405,6.879102570883186,-12.756274409498069,7.305844658197057,0.41403719782829285,-0.1845729649066925,0.164434015750885,0.33214616775512695,-1.0555468797683716,0.1694510132074356,0.21784184873104095,0.06656807661056519,-0.10686562955379486,0.06985534727573395,0.9895790219306946,-2.89958119392395,-0.026725102216005325,0.049156151711940765,-0.1845729649066925,0.164434015750885,0.33214616775512695,-0.26278412342071533,0.15820160508155823,0.33214616775512695,-0.33905744552612305,0.1398109793663025,0.33214616775512695,-0.4115147590637207,0.10971501469612122,0.33214616775512695,-0.47837191820144653,0.06865477561950684,0.33214616775512695,-0.5379827618598938,0.017641276121139526,0.33214616775512695,-0.588879406452179,-0.04206936061382294,0.33214616775512695,-0.6298086643218994,-0.1090068519115448,0.33214616775512695,-0.6597626805305481,-0.18152296543121338,0.33214616775512695,-0.6780038475990295,-0.2578321397304535,0.33214616775512695,0.51514732837677,-0.4232163429260254,0.7539123296737671,0.20000000298023224,5.115078984966653,-14.999999835303147,-4.80627797613286,38675.0
1.0207,0.0049,1,1,-0.23169837892055511,0.26945093274116516,0.172806054353714,-0.4105691909790039,0.4302772879600525,0.5000964999198914,-1.0905197858810425,0.14720618724822998,0.2230098694562912,0.9911483526229858,0.03790343925356865,-0.10805387794971466,0.06716150790452957,-2.2735107951964366,-0.04657242071454578,0.05335225460577748,3.562313445592109,-12.667108650927748,7.35748502278097,0.40617597103118896,-0.1788708120584488,0.16082635521888733,0.32729044556617737,-1.0905197858810425,0.14720618724822998,0.2230098694562912,0.03790343925356865,-0.10805387794971466,0.06716150790452957,0.9911483526229858,-2.273510694503784,-0.04657242074608803,0.05335225537419319,-0.1788708120584488,0.16082635521888733,0.32729044556617737,-0.25684940814971924,0.15215668082237244,0.32729044556617737,-0.3325117826461792,0.13139519095420837,0.32729044556617737,-0.4039947986602783,0.09905311465263367,0.32729044556617737,-0.46953827142715454,0.05592682957649231,0.32729044556617737,-0.5275284051895142,0.0030782222747802734,0.32729044556617737,-0.5765372514724731,-0.05819137394428253,0.32729044556617737,-0.6153579950332642,-0.1263733208179474,0.32729044556617737,-0.643034815788269,-0.19978873431682587,0.32729044556617737,-0.658886194229126,-0.27662989497184753,0.32729044556617737,0.650328516960144,0.005919456481933594,0.8159517049789429,0.20000000298023224,10.057539492483325,-7.330419980938497,-4.702997246965014,38675.0
1.0403,0.0051,1,1,-0.2507643699645996,0.27623873949050903,0.17273303866386414,-0.4263029396533966,0.42952245473861694,0.5000964999198914,-1.1004711389541626,0.1536564975976944,0.200087308883667,0.9918705821037292,0.01574796810746193,-0.10832758992910385,0.06486784666776657,-0.9349447786175398,0.11629441913887578,0.03355648720289251,1.0087555098397332,-12.529190103328148,7.372818796113249,0.401841402053833,-0.175538569688797,0.1532837152481079,0.3273634612560272,-1.1004711389541626,0.1536564975976944,0.200087308883667,0.01574796810746193,-0.10832758992910385,0.06486784666776657,0.9918705821037292,-0.934944748878479,0.11629442125558853,0.033556487411260605,-0.175538569688797,0.1532837152481079,0.3273634612560272,-0.25320541858673096,0.14216205477714539,0.3273634612560272,-0.32817620038986206,0.1190275251865387,0.3273634612560272,-0.39860498905181885,0.08444979786872864,0.3273634612560272,-0.46275752782821655,0.03928029537200928,0.3273634612560272,-0.519054114818573,-0.015368759632110596,0.3273634612560272,-0.5661086440086365,-0.07815173268318176,0.3273634612560272,-0.6027624607086182,-0.1475226879119873,0.3273634612560272,-0.6281129717826843,-0.22177347540855408,0.3273634612560272,-0.6415359973907471,-0.29907581210136414,0.3273634612560272,0.6575287580490112,0.2570333480834961,0.9124106168746948,0.20000000298023224,12.528769746241663,3.6982530291814184,-4.672329700300471,38675.0
1.0601,0.0056,1,1,-0.2713469862937927,0.28173887729644775,0.18257562816143036,-0.4417875111103058,0.4282931387424469,0.5000964999198914,-1.136250615119934,0.1559794396162033,0.22555987536907196,0.9921274781227112,0.0073588090017437935,-0.10735602676868439,0.06404288858175278,0.6430114567680348,0.33998187449963285,0.09220375520126323,0.0499130895601845,-12.35477139933407,7.381340845153515,0.3890342116355896,-0.17044052481651306,0.14655426144599915,0.3175208568572998,-1.136250615119934,0.1559794396162033,0.22555987536907196,0.0073588090017437935,-0.10735602676868439,0.06404288858175278,0.9921274781227112,0.6430114507675171,0.33998188376426697,0.09220375865697861,-0.17044052481651306,0.14655426144599915,0.3175208568572998,-0.24772441387176514,0.1330253779888153,0.3175208568572998,-0.32194042205810547,0.10757321119308472,0.3175208568572998,-0.39126110076904297,0.07082447409629822,0.3175208568572998,-0.45397961139678955,0.023683995008468628,0.3175208568572998,-0.5085514783859253,-0.032687410712242126,0.3175208568572998,-0.5536330938339233,-0.09690172970294952,0.3175208568572998,-0.588114321231842,-0.167377769947052,0.3175208568572998,-0.6111462116241455,-0.24238020181655884,0.3175208568572998,-0.6221615076065063,-0.32006219029426575,0.3175208568572998,0.2353426218032837,0.4273245334625244,0.9180794954299927,0.20000000298023224,13.006454357556663,9.349126514590708,-4.655285602219935,38675.0
1.0801,0.005,1,1,-0.29356566071510315,0.2858209013938904,0.18505412340164185,-0.4574809670448303,0.42655113339424133,0.5000964999198914,-1.1674683094024658,0.16119641065597534,0.21789251267910004,0.9925298690795898,0.013447183184325695,-0.10240815579891205,0.06491691619157791,1.5621931180514501,1.1878570647010402,0.13549948908960277,0.7843018641646317,-11.831384378679138,7.4029750920692345,0.38200122117996216,-0.16391530632972717,0.14073023200035095,0.3150423765182495,-1.1674683094024658,0.16119641065597534,0.21789251267910004,0.013447183184325695,-0.10240815579891205,0.06491691619157791,0.9925298690795898,1.5621931552886963,1.1878570318222046,0.1354994922876358,-0.16391530632972717,0.14073023200035095,0.3150423765182495,-0.24073347449302673,0.12476781010627747,0.3150423765182495,-0.31410881876945496,0.09698489308357239,0.3150423765182495,-0.3822345435619354,0.05806562304496765,0.3150423765182495,-0.4434332549571991,0.0089682936668396,0.3150423765182495,-0.49619802832603455,-0.0490981787443161,0.3150423765182495,-0.5392295122146606,-0.1147039532661438,0.3150423765182495,-0.5714682340621948,-0.18623363971710205,0.3150423765182495,-0.5921202898025513,-0.26192590594291687,0.3150423765182495,-0.6006772518157959,-0.33991700410842896,0.3150423765182495,0.07019686698913574,0.4300328493118286,0.8751746416091919,0.20000000298023224,8.514219285537676,12.174563257295354,-4.612017108388499,38675.0
1.1002,0.0053,1,1,-0.3131772577762604,0.29372429847717285,0.19644635915756226,-0.4731118381023407,0.4243144392967224,0.5000964999198914,-1.1859921216964722,0.1751045435667038,0.26641330122947693,0.9937127828598022,0.025931891053915024,-0.08610958606004715,0.06667432934045792,1.6556470359698021,2.1696941180024227,0.14848574499985845,2.331431779474868,-10.055054150243613,7.4720012602072705,0.3672005534172058,-0.15993458032608032,0.13059014081954956,0.3036501407623291,-1.1859921216964722,0.1751045435667038,0.26641330122947693,0.025931891053915024,-0.08610958606004715,0.06667432934045792,0.9937127828598022,1.6556470394134521,2.169694185256958,0.14848574995994568,-0.15993458032608032,0.13059014081954956,0.3036501407623291,-0.236210435628891,0.11221003532409668,0.3036501407623291,-0.30867186188697815,0.08212408423423767,0.3036501407623291,-0.3755347430706024,0.04107305407524109,0.3036501407623291,-0.4351526200771332,-0.009932249784469604,0.3036501407623291,-0.48605749011039734,-0.06963585317134857,0.3036501407623291,-0.5269960165023804,-0.13656769692897797,0.3036501407623291,-0.5569599866867065,-0.20907968282699585,0.3036501407623291,-0.5752116441726685,-0.285386323928833,0.3036501407623291,-0.5813016891479492,-0.363608717918396,0.3036501407623291,0.3573209047317505,0.006164908409118652,0.848016619682312,0.20000000298023224,11.757109642768839,6.263893245111282,-4.473964772112398,38675.0
1.1198,0.0058,1,1,-0.336271733045578,0.2981652021408081,0.198974609375,-0.48837223649024963,0.42164120078086853,0.5000964999198914,-1.209978461265564,0.17305277287960052,0.24818949401378632,0.9948188662528992,0.03921128436923027,-0.06229976937174797,0.07010401040315628,1.081952935265595,2.920971062565449,0.09233058824817825,4.006475903960082,-7.4379098034182265,7.801298046951344,0.35924264788627625,-0.15210050344467163,0.12347599864006042,0.30112189054489136,-1.209978461265564,0.17305277287960052,0.24818949401378632,0.03921128436923027,-0.06229976937174797,0.07010401040315628,0.9948188662528992,1.0819529294967651,2.920971155166626,0.09233058989048004,-0.15210050344467163,0.12347599864006042,0.30112189054489136,-0.22777029871940613,0.10274156928062439,0.30112189054489136,-0.2992648184299469,0.07042506337165833,0.30112189054489136,-0.3648237884044647,0.027322202920913696,0.30112189054489136,-0.42283275723457336,-0.025505661964416504,0.30112189054489136,-0.4718635380268097,-0.08675773441791534,0.30112189054489136,-0.5107086896896362,-0.15492580831050873,0.30112189054489136,-0.5384117364883423,-0.2283313274383545,0.30112189054489136,-0.5542905330657959,-0.3051668107509613,0.30112189054489136,-0.5579541921615601,-0.3835403323173523,0.30112189054489136,0.8456186056137085,-0.18002104759216309,0.8554362058639526,0.20000000298023224,13.37855482138442,-2.025276502721697,-3.815371198624274,38675.0
1.1403,0.0052,1,1,-0.3572736084461212,0.30638760328292847,0.2136913537979126,-0.504012405872345,0.41839122772216797,0.5000964999198914,-1.2299184799194336,0.17909541726112366,0.32618680596351624,0.9957967400550842,0.04605551064014435,-0.03151976689696312,0.0726105198264122,0.6456073730405896,2.6797355394394553,0.027628754588972293,5.011605871026803,-3.983132324362673,8.166513800415716,0.3407418131828308,-0.14673879742622375,0.1120036244392395,0.28640514612197876,-1.2299184799194336,0.17909541726112366,0.32618680596351624,0.04605551064014435,-0.03151976689696312,0.0726105198264122,0.9957967400550842,0.6456073522567749,2.6797354221343994,0.027628755196928978,-0.14673879742622375,0.1120036244392395,0.28640514612197876,-0.2217075526714325,0.08886253833770752,0.28640514612197876,-0.29213330149650574,0.054278671741485596,0.28640514612197876,-0.35628190636634827,0.009103566408157349,0.28640514612197876,-0.4125737249851227,-0.045550405979156494,0.28640514612197876,-0.4596227705478668,-0.10833747684955597,0.28640514612197876,-0.4962705075740814,-0.1777116358280182,0.28640514612197876,-0.5216145515441895,-0.25196465849876404,0.28640514612197876,-0.5350308418273926,-0.3292681574821472,0.28640514612197876,-0.5361889600753784,-0.4077187180519104,0.28640514612197876,1.4052594900131226,-0.24422180652618408,0.9082571268081665,0.20000000298023224,14.18927741069221,-8.009077640866295,-3.084939691695505,38675.0
1.1599,0.0051,1,1,-0.38302019238471985,0.3070233464241028,0.21018663048744202,-0.5190378427505493,0.4147728979587555,0.5000964999198914,-1.2325472831726074,0.15415440499782562,0.2674104571342468,0.9958471059799194,0.05219888687133789,-0.0071787284687161446,0.07423137128353119,0.7469533025332824,1.50620801245775,0.05724391526195345,5.907541708480183,-1.263326583071487,8.460788071090134,0.3378734886646271,-0.13601765036582947,0.10774955153465271,0.28990986943244934,-1.2325472831726074,0.15415440499782562,0.2674104571342468,0.05219888687133789,-0.0071787284687161446,0.07423137128353119,0.9958471059799194,0.7469533085823059,1.506208062171936,0.057243913412094116,-0.13601765036582947,0.10774955153465271,0.28990986943244934,-0.21023544669151306,0.0823025107383728,0.28990986943244934,-0.2795586884021759,0.04555857181549072,0.28990986943244934,-0.34228041768074036,-0.0015775561332702637,0.28990986943244934,-0.3968562185764313,-0.057945191860198975,0.28990986943244934,-0.4419423043727875,-0.12215638160705566,0.28990986943244934,-0.47642841935157776,-0.19263003766536713,0.28990986943244934,-0.4994654357433319,-0.2676308751106262,0.28990986943244934,-0.5104861259460449,-0.34531211853027344,0.28990986943244934,-0.5092191696166992,-0.42376095056533813,0.28990986943244934,1.1989160776138306,0.5108484029769897,0.9841424226760864,0.20000000298023224,14.594638705346105,3.4954611795668526,-2.496391150346704,38675.0
1.1801,0.0051,1,1,-0.40926775336265564,0.31332117319107056,0.22376768290996552,-0.5344467163085938,0.4105457067489624,0.5000964999198914,-1.2226766347885132,0.14300204813480377,0.32319191098213196,0.9954885244369507,0.05726268142461777,0.008249538019299507,0.07519028335809708,0.8911390410580717,-0.1389220339197613,0.09294350645068157,6.618204894109862,0.44768205603127964,8.664684501137339,0.3185592591762543,-0.1251789629459381,0.09722453355789185,0.27632880210876465,-1.2226766347885132,0.14300204813480377,0.32319191098213196,0.05726268142461777,0.008249538019299507,0.07519028335809708,0.9954885244369507,0.891139030456543,-0.13892203569412231,0.09294350445270538,-0.1251789629459381,0.09722453355789185,0.27632880210876465,-0.19854572415351868,0.06941908597946167,0.27632880210876465,-0.26665952801704407,0.030478864908218384,0.27632880210876465,-0.32784315943717957,-0.01863729953765869,0.27632880210876465,-0.3805899918079376,-0.0767199695110321,0.27632880210876465,-0.423601359128952,-0.14233897626399994,0.27632880210876465,-0.4558180868625641,-0.2138785719871521,0.27632880210876465,-0.47644689679145813,-0.2895771861076355,0.27632880210876465,-0.48497989773750305,-0.3675708770751953,0.27632880210876465,-0.4812069237232208,-0.44593921303749084,0.27632880210876465,1.1201988458633423,1.1259709596633911,1.0918701887130737,0.20000000298023224,14.797319352673053,9.247730589783426,-2.0885982902522557,38675.0
1.1999,0.0052,1,1,-0.4337742328643799,0.3160989284515381,0.2302938997745514,-0.5491778254508972,0.4060026705265045,0.5000964999198914,-1.2195004224777222,0.12146346271038055,0.3363485336303711,0.9949485063552856,0.0653543621301651,0.008063015528023243,0.07575785368680954,0.933306668231032,-0.382609962225068,0.11309002049150838,7.543137308020815,0.3519334086625793,8.73166522280988,0.30691060423851013,-0.11540359258651733,0.08990374207496643,0.26980260014533997,-1.2195004224777222,0.12146346271038055,0.3363485336303711,0.0653543621301651,0.008063015528023243,0.07575785368680954,0.9949485063552856,0.9333066940307617,-0.3826099634170532,0.11309002339839935,-0.11540359258651733,0.08990374207496643,0.26980260014533997,-0.1878783106803894,0.05984976887702942,0.26980260014533997,-0.2547593116760254,0.018828243017196655,0.26980260014533997,-0.3143996596336365,-0.032150715589523315,0.26980260014533997,-0.36533093452453613,-0.09183184802532196,0.26980260014533997,-0.4062989354133606,-0.15874561667442322,0.26980260014533997,-0.43629491329193115,-0.23124437034130096,0.26980260014533997,-0.45458030700683594,-0.30754294991493225,0.26980260014533997,-0.46070486307144165,-0.38576263189315796,0.26980260014533997,-0.45451778173446655,-0.4639773964881897,0.26980260014533997,1.1295136213302612,1.474694848060608,1.1104177236557007,0.20000000298023224,14.898659676336527,12.123865294891713,-1.9546368469072015,38675.0
1.2201,0.006,1,1,-0.4585990607738495,0.3252486288547516,0.2421078234910965,-0.5642790198326111,0.4008212685585022,0.5000964999198914,-1.2087568044662476,0.13057155907154083,0.38019460439682007,0.9945284128189087,0.07127537578344345,0.007609082385897636,0.07598105072975159,0.8178716178864113,0.6319081389722492,0.08119472163044482,8.217335275374706,0.24658697785080105,8.755410719654618,0.28885576128959656,-0.1056799590587616,0.07557263970375061,0.25798869132995605,-1.2087568044662476,0.13057155907154083,0.38019460439682007,0.07127537578344345,0.007609082385897636,0.07598105072975159,0.9945284128189087,0.817871630191803,0.631908118724823,0.08119472116231918,-0.1056799590587616,0.07557263970375061,0.25798869132995605,-0.1771582067012787,0.04322010278701782,0.25798869132995605,-0.2426954209804535,8.422136306762695e-05,0.25798869132995605,-0.3006778061389923,-0.0527728796005249,0.25798869132995605,-0.3496776521205902,-0.11404964327812195,0.25798869132995605,-0.38848844170570374,-0.18223728239536285,0.25798869132995605,-0.41615453362464905,-0.25565674901008606,0.25798869132995605,-0.43199464678764343,-0.3325002193450928,0.25798869132995605,-0.4356187880039215,-0.4108755588531494,0.25798869132995605,-0.42693766951560974,-0.48885291814804077,0.25798869132995605,1.5707963705062866,1.396565556526184,1.1238821744918823,0.20000000298023224,14.949329838168264,13.561932647445857,-1.9071458532177024,38675.0
1.2405,0.006,1,1,-0.4822888970375061,0.32761847972869873,0.25029394030570984,-0.5789750218391418,0.3952525854110718,0.5000964999198914,-1.1904903650283813,0.10081616044044495,0.39359191060066223,0.993766725063324,0.07880047708749771,0.01529243215918541,0.07734625041484833,0.713414383871206,1.4704549416653816,0.054212963302955865,9.149470419627434,1.0430916228919607,8.984324822757074,0.27626779675483704,-0.09668612480163574,0.06763410568237305,0.24980255961418152,-1.1904903650283813,0.10081616044044495,0.39359191060066223,0.07880047708749771,0.01529243215918541,0.07734625041484833,0.993766725063324,0.7134143710136414,1.4704549312591553,0.054212965071201324,-0.09668612480163574,0.06763410568237305,0.24980255961418152,-0.1671123504638672,0.03305116295814514,0.24980255961418152,-0.2312614917755127,-0.01212310791015625,0.24980255961418152,-0.2875540852546692,-0.0667763352394104,0.24980255961418152,-0.3346039652824402,-0.12956278026103973,0.24980255961418152,-0.3712525963783264,-0.19893646240234375,0.24980255961418152,-0.39659762382507324,-0.27318912744522095,0.24980255961418152,-0.41001492738723755,-0.3504924774169922,0.24980255961418152,-0.41117411851882935,-0.428943008184433,0.24980255961418152,-0.4000466465950012,-0.5066090226173401,0.24980255961418152,1.5707963705062866,1.129722237586975,1.101504921913147,0.20000000298023224,14.974664919084132,14.280966323722929,-1.4493176470127918,38675.0
1.2609,0.0063,1,1,-0.49701350927352905,0.3241155445575714,0.2466650903224945,-0.5935127139091492,0.3892143964767456,0.5000964999198914,-1.1346205472946167,0.05475524440407753,0.3205944001674652,0.9925757050514221,0.08640701323747635,0.03249461576342583,0.07917973399162292,0.6427346211727211,1.787542618959012,0.06071799642039421,10.189563365432107,2.91321930514117,9.381648192060291,0.2788860499858856,-0.09649920463562012,0.0650988519191742,0.25343140959739685,-1.1346205472946167,0.05475524440407753,0.3205944001674652,0.08640701323747635,0.03249461576342583,0.07917973399162292,0.9925757050514221,0.6427346467971802,1.7875425815582275,0.06071799620985985,-0.09649920463562012,0.0650988519191742,0.25343140959739685,-0.16580188274383545,0.02831605076789856,0.25343140959739685,-0.22849714756011963,-0.01885521411895752,0.25343140959739685,-0.2830413579940796,-0.075253427028656,0.25343140959739685,-0.32809144258499146,-0.13948988914489746,0.25343140959739685,-0.36253803968429565,-0.20998287200927734,0.25343140959739685,-0.38553303480148315,-0.2849965989589691,0.25343140959739685,-0.39651018381118774,-0.3626839816570282,0.25343140959739685,-0.3951992392539978,-0.441132128238678,0.25343140959739685,-0.38163238763809204,-0.5184093713760376,0.25343140959739685,1.5707963705062866,0.5054711103439331,1.0797568559646606,0.20000000298023224,14.987332459542067,14.640483161861464,-0.6546709084063678,38675.0
1.2796,0.0055,1,1,-0.5169905424118042,0.32659679651260376,0.25812140107154846,-0.60746169090271,0.382906049489975,0.5000964999198914,-1.113991141319275,0.02858135662972927,0.3452054560184479,0.9912195801734924,0.09090442955493927,0.051448460668325424,0.08106284588575363,0.5929695280419827,1.6407900591965772,0.040883068065917474,10.910507983937855,5.005737507003343,9.82893009377181,0.2644006609916687,-0.09047114849090576,0.056309252977371216,0.2419750988483429,-1.113991141319275,0.02858135662972927,0.3452054560184479,0.09090442955493927,0.051448460668325424,0.08106284588575363,0.9912195801734924,0.592969536781311,1.6407901048660278,0.04088306799530983,-0.09047114849090576,0.056309252977371216,0.2419750988483429,-0.15861517190933228,0.017422020435333252,0.2419750988483429,-0.2198370099067688,-0.031646519899368286,0.2419750988483429,-0.2726290225982666,-0.08968813717365265,0.2419750988483429,-0.31569141149520874,-0.1552736759185791,0.2419750988483429,-0.34796375036239624,-0.22678817808628082,0.2419750988483429,-0.36865144968032837,-0.30247071385383606,0.2419750988483429,-0.37724512815475464,-0.3804577589035034,0.2419750988483429,-0.37353307008743286,-0.45882898569107056,0.2419750988483429,-0.35760682821273804,-0.5356546640396118,0.2419750988483429,1.5707963705062866,0.37056779861450195,1.1172107458114624,0.20000000298023224,14.993666229771033,14.820241580930732,0.23989289501665273,38675.0
1.3002,0.0052,1,1,-0.5402708053588867,0.3259570598602295,0.25970932841300964,-0.6218692660331726,0.37583810091018677,0.5000964999198914,-1.0772390365600586,-0.00777897285297513,0.32640963792800903,0.9896537065505981,0.09550534188747406,0.06837490946054459,0.08238378167152405,0.35531728816269065,1.459095893825921,0.000272009005949456,11.639225144007597,6.868947762790751,10.218148358767634,0.2587130069732666,-0.08159846067428589,0.049881041049957275,0.2403871715068817,-1.0772390365600586,-0.00777897285297513,0.32640963792800903,0.09550534188747406,0.06837490946054459,0.08238378167152405,0.9896537065505981,0.35531729459762573,1.45909583568573,0.00027200899785384536,-0.08159846067428589,0.049881041049957275,0.2403871715068817,-0.14845949411392212,0.008826971054077148,0.2403871715068817,-0.20807504653930664,-0.04218101501464844,0.2403871715068817,-0.2589772343635559,-0.10188692808151245,0.2403871715068817,-0.299912691116333,-0.16882061958312988,0.2403871715068817,-0.32987338304519653,-0.2413339614868164,0.2403871715068817,-0.34812164306640625,-0.3176414370536804,0.2403871715068817,-0.35420817136764526,-0.3958640992641449,0.2403871715068817,-0.3479830026626587,-0.4740758538246155,0.2403871715068817,-0.32959944009780884,-0.5503508448600769,0.2403871715068817,1.5707963705062866,0.36411356925964355,1.1562589406967163,0.20000000298023224,14.996833114885517,14.910120790465367,1.0183294250083326,38675.0
1.3201,0.0055,1,1,-0.5630526542663574,0.32884085178375244,0.27222901582717896,-0.6355664134025574,0.3685738444328308,0.5000964999198914,-1.0429545640945435,-0.03351855278015137,0.3682703375816345,0.9883217215538025,0.09714237600564957,0.08340956270694733,0.08261009305715561,0.30418709194669125,1.1171796988475364,-0.0017342590843123316,12.011870002415183,8.558612825499148,10.458148736988914,0.2424057424068451,-0.07251375913619995,0.03973299264907837,0.2278674840927124,-1.0429545640945435,-0.03351855278015137,0.3682703375816345,0.09714237600564957,0.08340956270694733,0.08261009305715561,0.9883217215538025,0.3041870892047882,1.1171797513961792,-0.0017342590726912022,-0.07251375913619995,0.03973299264907837,0.2278674840927124,-0.138069748878479,-0.003374338150024414,0.2278674840927124,-0.1960752010345459,-0.05620616674423218,0.2278674840927124,-0.24510174989700317,-0.11746159195899963,0.2278674840927124,-0.28394222259521484,-0.18563230335712433,0.2278674840927124,-0.31164032220840454,-0.2590397000312805,0.2278674840927124,-0.3275138735771179,-0.3358762860298157,0.2278674840927124,-0.3311721682548523,-0.41425004601478577,0.2278674840927124,-0.3225250840187073,-0.49223119020462036,0.2278674840927124,-0.3017854690551758,-0.5678995251655579,0.2278674840927124,1.5707963705062866,0.3330955505371094,1.2179147005081177,0.20000000298023224,14.99841655744276,14.955060395232683,1.498330181450869,38675.0
1.3405,0.0055,1,1,-0.5845663547515869,0.32779574394226074,0.28005051612854004,-0.6493232846260071,0.3607158362865448,0.5000964999198914,-1.0024590492248535,-0.07144535332918167,0.3759852647781372,0.9869524240493774,0.0993310809135437,0.09540347009897232,0.0833934023976326,0.3115542943387183,0.8203659345633795,0.005760845520180677,12.426065138893854,9.889598399211138,10.738830944335989,0.23172706365585327,-0.06475692987442017,0.03292009234428406,0.22004598379135132,-1.0024590492248535,-0.07144535332918167,0.3759852647781372,0.0993310809135437,0.09540347009897232,0.0833934023976326,0.9869524240493774,0.31155428290367126,0.8203659057617188,0.0057608457282185555,-0.06475692987442017,0.03292009234428406,0.22004598379135132,-0.12891429662704468,-0.012242525815963745,0.22004598379135132,-0.1852167844772339,-0.0668855607509613,0.22004598379135132,-0.2322779893875122,-0.12966348230838776,0.22004598379135132,-0.2689392566680908,-0.19903050363063812,0.22004598379135132,-0.2942976951599121,-0.2732785940170288,0.22004598379135132,-0.30772900581359863,-0.35057950019836426,0.22004598379135132,-0.30890244245529175,-0.42902982234954834,0.22004598379135132,-0.2977890372276306,-0.5066978335380554,0.22004598379135132,-0.2746625542640686,-0.5816711187362671,0.22004598379135132,1.5707963705062866,0.29029178619384766,1.2626532316207886,0.20000000298023224,14.99920827872138,14.977530197616343,2.059694596145038,38675.0
1.3602,0.005,1,1,-0.6052502989768982,0.3293900191783905,0.3047194182872772,-0.6626023650169373,0.35256701707839966,0.5000964999198914,-0.9463121891021729,-0.10611801594495773,0.5033733248710632,0.9858128428459167,0.10010673105716705,0.10568994283676147,0.08354220539331436,0.26994142026557827,0.6891512552858756,-0.004892457348327691,12.655803165220233,11.049368227699848,10.916911311718241,0.204935684800148,-0.05735206604003906,0.023176997900009155,0.19537708163261414,-0.9463121891021729,-0.10611801594495773,0.5033733248710632,0.10010673105716705,0.10568994283676147,0.08354220539331436,0.9858128428459167,0.26994141936302185,0.6891512274742126,-0.004892457276582718,-0.05735206604003906,0.023176997900009155,0.19537708163261414,-0.1200711727142334,-0.02396261692047119,0.19537708163261414,-0.17464381456375122,-0.08033329248428345,0.19537708163261414,-0.2197263240814209,-0.1445469856262207,0.19537708163261414,-0.254208505153656,-0.21502256393432617,0.19537708163261414,-0.27724140882492065,-0.29002466797828674,0.19537708163261414,-0.28825777769088745,-0.3677065372467041,0.19537708163261414,-0.28698641061782837,-0.446155309677124,0.19537708163261414,-0.2734586000442505,-0.5234394073486328,0.19537708163261414,-0.2480074167251587,-0.5976557731628418,0.19537708163261414,1.5707963705062866,-0.3806670904159546,1.3652046918869019,0.20000000298023224,14.99960413936069,-0.011234901191828683,2.4158553309095137,38675.0
1.3802,0.0051,1,1,-0.6237444877624512,0.32708224654197693,0.31490182876586914,-0.6756265163421631,0.34400469064712524,0.5000964999198914,-0.8983173370361328,-0.1416933834552765,0.5097192525863647,0.9847540259361267,0.10219794511795044,0.1130061224102974,0.08392105996608734,0.2231078682837718,0.5619715313759508,-0.03281785323277523,13.00557838069731,11.8536971257447,11.097894650295848,0.19306781888008118,-0.051882028579711914,0.016922444105148315,0.18519467115402222,-0.8983173370361328,-0.1416933834552765,0.5097192525863647,0.10219794511795044,0.1130061224102974,0.08392105996608734,0.9847540259361267,0.22310787439346313,0.5619715452194214,-0.03281785175204277,-0.051882028579711914,0.016922444105148315,0.18519467115402222,-0.11310136318206787,-0.032149165868759155,0.18519467115402222,-0.16589045524597168,-0.09019345045089722,0.18519467115402222,-0.20894956588745117,-0.15578114986419678,0.18519467115402222,-0.24121832847595215,-0.22729727625846863,0.18519467115402222,-0.26190221309661865,-0.30298087000846863,0.18519467115402222,-0.27049195766448975,-0.3809683322906494,0.18519467115402222,-0.2667759656906128,-0.4593393802642822,0.18519467115402222,-0.25084584951400757,-0.5361642837524414,0.18519467115402222,-0.22309374809265137,-0.6095512509346008,0.18519467115402222,1.5707963705062866,-0.7120455503463745,1.4266444444656372,0.20000000298023224,14.999802069680346,-7.505617450595914,2.777822008064735,38675.0
1.4006,0.0054,1,1,-0.6415333151817322,0.3252926766872406,0.34391042590141296,-0.6884691715240479,0.3349739611148834,0.5000964999198914,-0.8393482565879822,-0.18401674926280975,0.6655541062355042,0.9840521216392517,0.10319095104932785,0.11827772855758667,0.0836745873093605,0.23735451511417793,-0.1777098267085453,-0.061664937441431526,13.193940521687153,12.44568305938985,11.16535310616794,0.1633731573820114,-0.046935856342315674,0.009681284427642822,0.1561860740184784,-0.8393482565879822,-0.18401674926280975,0.6655541062355042,0.10319095104932785,0.11827772855758667,0.0836745873093605,0.9840521216392517,0.23735451698303223,-0.17770983278751373,-0.06166493892669678,-0.046935856342315674,0.009681284427642822,0.1561860740184784,-0.10658437013626099,-0.04128819704055786,0.1561860740184784,-0.15752512216567993,-0.10096122324466705,0.1561860740184784,-0.19850373268127441,-0.1678684651851654,0.1561860740184784,-0.2285112738609314,-0.24036243557929993,0.1561860740184784,-0.24680882692337036,-0.3166581094264984,0.1561860740184784,-0.25294584035873413,-0.3948768377304077,0.1561860740184784,-0.24677115678787231,-0.47309255599975586,0.1561860740184784,-0.2284368872642517,-0.5493794083595276,0.1561860740184784,-0.19839441776275635,-0.6218589544296265,0.1561860740184784,1.5707963705062866,-1.3758310079574585,1.5707963705062866,0.20000000298023224,14.999901034840173,-11.252808725297957,2.9127389198089424,38675.0
1.4199,0.0048,1,1,-0.6569331288337708,0.3291584849357605,0.3243321478366852,-0.7010430693626404,0.3255281150341034,0.5000964999198914,-0.7729811668395996,-0.1585872620344162,0.4221968650817871,0.9844744205474854,0.10380249470472336,0.11558353155851364,0.08169164508581161,0.26296014320501726,-1.6001583436032927,-0.012775183749110106,13.202267276044896,12.15859846704313,10.89932466231309,0.1812511384487152,-0.04410994052886963,-0.0036303699016571045,0.17576435208320618,-0.7729811668395996,-0.1585872620344162,0.4221968650817871,0.10380249470472336,0.11558353155851364,0.08169164508581161,0.9844744205474854,0.26296013593673706,-1.6001583337783813,-0.012775183655321598,-0.04410994052886963,-0.0036303699016571045,0.17576435208320618,-0.10212600231170654,-0.05645054578781128,0.17576435208320618,-0.15116482973098755,-0.1176961213350296,0.17576435208320618,-0.19001901149749756,-0.18585902452468872,0.17576435208320618,-0.21773183345794678,-0.2592608630657196,0.17576435208320618,-0.23362088203430176,-0.3360942304134369,0.17576435208320618,-0.23729491233825684,-0.4144672751426697,0.17576435208320618,-0.22866344451904297,-0.49245011806488037,0.17576435208320618,-0.20793908834457397,-0.5681226253509521,0.17576435208320618,-0.1756320595741272,-0.6396214962005615,0.17576435208320618,1.5707963705062866,-0.4419991970062256,1.5707963705062866,0.20000000298023224,14.999950517420086,-13.126404362648978,2.3806820320992306,38675.0
1.4463,0.0108,1,1,-0.6741155385971069,0.3275792598724365,0.3265140652656555,-0.7169079780578613,0.31268760561943054,0.5000964999198914,-0.7287644743919373,-0.18551722168922424,0.39467769861221313,0.9866028428077698,0.10504993051290512,0.09839403629302979,0.07678557187318802,0.1971389683754888,-2.610549277480287,0.05902416354926576,13.062018140225305,10.25439534280843,10.077568680999262,0.17939847707748413,-0.042792439460754395,-0.014891654253005981,0.17358243465423584,-0.7287644743919373,-0.18551722168922424,0.39467769861221313,0.10504993051290512,0.09839403629302979,0.07678557187318802,0.9866028428077698,0.1971389651298523,-2.610549211502075,0.05902416259050369,-0.042792439460754395,-0.014891654253005981,0.17358243465423584,-0.09860444068908691,-0.07003554701805115,0.17358243465423584,-0.14510291814804077,-0.13323146104812622,0.17358243465423584,-0.1811428666114807,-0.20292329788208008,0.17358243465423584,-0.2058369517326355,-0.27739498019218445,0.17358243465423584,-0.21857702732086182,-0.3548128008842468,0.17358243465423584,-0.21904945373535156,-0.43327048420906067,0.17358243465423584,-0.20724260807037354,-0.510836124420166,0.17358243465423584,-0.18344712257385254,-0.5855997800827026,0.17358243465423584,-0.14824903011322021,-0.655720591545105,0.17358243465423584,1.5707963705062866,0.10760772228240967,1.5707963705062866,0.20000000298023224,14.999975258710043,-3.480468016425519,0.7371700694715688,38675.0
1.4603,0.0059,1,1,-0.6992684602737427,0.3290368914604187,0.3433668613433838,-0.7254578471183777,0.30530697107315063,0.5000964999198914,-0.6987537145614624,-0.19957183301448822,0.4407223165035248,0.9889797568321228,0.10860147327184677,0.07134877890348434,0.07093693315982819,0.1555958358333952,-3.0444083127745127,0.17554297897711593,13.104671454504036,7.222179967505679,9.035917768669012,0.16066478192806244,-0.02618938684463501,-0.023729920387268066,0.15672963857650757,-0.6987537145614624,-0.19957183301448822,0.4407223165035248,0.10860147327184677,0.07134877890348434,0.07093693315982819,0.9889797568321228,0.1555958390235901,-3.0444083213806152,0.17554298043251038,-0.02618938684463501,-0.023729920387268066,0.15672963857650757,-0.08074158430099487,-0.08012045919895172,0.15672963857650757,-0.12580066919326782,-0.1443505585193634,0.15672963857650757,-0.1602572202682495,-0.2148386836051941,0.15672963857650757,-0.18326282501220703,-0.2898491621017456,0.15672963857650757,-0.19425088167190552,-0.3675350248813629,0.15672963857650757,-0.19295096397399902,-0.445983350276947,0.15672963857650757,-0.17939502000808716,-0.5232625007629395,0.15672963857650757,-0.15391689538955688,-0.5974695682525635,0.15672963857650757,-0.11714386940002441,-0.6667773723602295,0.15672963857650757,1.5707963705062866,1.2858010530471802,1.5707963705062866,0.20000000298023224,14.999987629355022,5.759765991787241,-1.3461317551889307,38675.0
1.4809,0.0056,1,1,-0.7072176933288574,0.3166738450527191,0.344330370426178,-0.7369422316551208,0.29484251141548157,0.5000964999198914,-0.6542105078697205,-0.28472527861595154,0.4165566861629486,0.9901700019836426,0.11503001302480698,0.04461746662855148,0.06586897373199463,0.09300113059876816,-2.295262962347986,0.1603121276763574,13.550658835458176,4.198031711615501,8.110704719613777,0.16007262468338013,-0.029724538326263428,-0.02183133363723755,0.15576612949371338,-0.6542105078697205,-0.28472527861595154,0.4165566861629486,0.11503001302480698,0.04461746662855148,0.06586897373199463,0.9901700019836426,0.09300112724304199,-2.2952630519866943,0.16031213104724884,-0.029724538326263428,-0.02183133363723755,0.15576612949371338,-0.08249831199645996,-0.07988958060741425,0.15576612949371338,-0.12554001808166504,-0.1454886794090271,0.15576612949371338,-0.15778988599777222,-0.21701332926750183,0.15576612949371338,-0.1784537434577942,-0.2927023768424988,0.15576612949371338,-0.187022864818573,-0.3706921339035034,0.15576612949371338,-0.1832861304283142,-0.44906219840049744,0.15576612949371338,-0.16733568906784058,-0.5258828401565552,0.15576612949371338,-0.13956421613693237,-0.5992624759674072,0.15576612949371338,-0.10065555572509766,-0.6673943400382996,0.15576612949371338,1.5707963705062866,0.9115992784500122,1.5707963705062866,0.20000000298023224,14.999993814677511,10.37988299589362,-3.1965578532994163,38675.0
1.5001,0.0057,1,1,-0.7220818996429443,0.3101131319999695,0.3555607497692108,-0.748308539390564,0.2838134169578552,0.5000964999198914,-0.6321603059768677,-0.3316724896430969,0.4436294138431549,0.9907075762748718,0.11646586656570435,0.0253666453063488,0.06548881530761719,-0.004375020232836156,-0.9280226237331786,0.22077954976649958,13.546431672946781,2.0061880256519564,7.802132054515276,0.1492316871881485,-0.02622663974761963,-0.026299715042114258,0.14453575015068054,-0.6321603059768677,-0.3316724896430969,0.4436294138431549,0.11646586656570435,0.0253666453063488,0.06548881530761719,0.9907075762748718,-0.004375020042061806,-0.9280226230621338,0.22077955305576324,-0.02622663974761963,-0.026299715042114258,0.14453575015068054,-0.07713514566421509,-0.08600026369094849,0.14453575015068054,-0.11807763576507568,-0.1529296487569809,0.14453575015068054,-0.14804601669311523,-0.22543981671333313,0.14453575015068054,-0.1663023829460144,-0.30174535512924194,0.14453575015068054,-0.17239707708358765,-0.3799673914909363,0.14453575015068054,-0.16618019342422485,-0.458179771900177,0.14453575015068054,-0.14780467748641968,-0.534456729888916,0.14453575015068054,-0.11772310733795166,-0.6069200038909912,0.14453575015068054,-0.07667607069015503,-0.6737853288650513,0.14453575015068054,1.5707963705062866,0.8145583868026733,1.5707963705062866,0.20000000298023224,14.999996907338755,12.68994149794681,-3.813703183496406,38675.0
1.52,0.005,1,1,-0.7346780896186829,0.3036118149757385,0.3629959523677826,-0.7592236399650574,0.27253255248069763,0.5000964999198914,-0.6183168292045593,-0.375244677066803,0.4401460289955139,0.9906338453292847,0.1163950115442276,0.020077325403690338,0.06849614530801773,0.030994782147372286,0.582101900002669,0.16253087375952965,13.49888453015579,1.3656789269259337,8.072317870394999,0.14270587265491486,-0.02454555034637451,-0.031079262495040894,0.13710054755210876,-0.6183168292045593,-0.375244677066803,0.4401460289955139,0.1163950115442276,0.020077325403690338,0.06849614530801773,0.9906338453292847,0.030994782224297523,0.5821018815040588,0.16253086924552917,-0.02454555034637451,-0.031079262495040894,0.13710054755210876,-0.07355493307113647,-0.09234842658042908,0.13710054755210876,-0.11237633228302002,-0.1605300009250641,0.13710054755210876,-0.1400538682937622,-0.23394516110420227,0.13710054755210876,-0.15590590238571167,-0.3107861876487732,0.13710054755210876,-0.1595422625541687,-0.38916096091270447,0.13710054755210876,-0.1508733034133911,-0.46713966131210327,0.13710054755210876,-0.13011252880096436,-0.5428022146224976,0.13710054755210876,-0.09777110815048218,-0.6142855286598206,0.13710054755210876,-0.054645419120788574,-0.6798294186592102,0.13710054755210876,1.5707963705062866,0.2997925281524658,1.5707963705062866,0.20000000298023224,14.999998453669377,13.844970748973406,-3.2733315517369435,38675.0
1.5396,0.0055,1,1,-0.753747284412384,0.298081636428833,0.383561372756958,-0.76957768201828,0.26114338636398315,0.5000964999198914,-0.6191706657409668,-0.41415736079216003,0.46857818961143494,0.9904115200042725,0.11511973291635513,0.02806592546403408,0.0710124671459198,0.1054786728065483,1.3681944826543555,0.09559719667413422,13.426438913730877,2.249079322867045,8.466923907515083,0.12326991558074951,-0.015830397605895996,-0.036938250064849854,0.11653512716293335,-0.6191706657409668,-0.41415736079216003,0.46857818961143494,0.11511973291635513,0.02806592546403408,0.0710124671459198,0.9904115200042725,0.1054786741733551,1.3681944608688354,0.09559720009565353,-0.015830397605895996,-0.036938250064849854,0.11653512716293335,-0.06293070316314697,-0.09968690574169159,0.11653512716293335,-0.09963500499725342,-0.16903112828731537,0.11653512716293335,-0.12503963708877563,-0.24326343834400177,0.11653512716293335,-0.13851898908615112,-0.32055598497390747,0.11653512716293335,-0.13974112272262573,-0.3990055322647095,0.11653512716293335,-0.12867605686187744,-0.4766804575920105,0.11653512716293335,-0.10559618473052979,-0.5516681671142578,0.11653512716293335,-0.07106977701187134,-0.622122049331665,0.11653512716293335,-0.02594703435897827,-0.6863074898719788,0.11653512716293335,1.5707963705062866,0.4639180898666382,1.5707963705062866,0.20000000298023224,14.999999226834689,14.422485374486703,-2.484119477496802,38675.0
1.5602,0.0062,1,1,-0.7665988206863403,0.29116231203079224,0.38482052087783813,-0.7800195813179016,0.24890486896038055,0.5000964999198914,-0.5991008281707764,-0.4473804235458374,0.4327274262905121,0.9897069334983826,0.11443310976028442,0.043270934373140335,0.07423578202724457,0.06251890085091145,1.4076878300396856,0.061162444716814805,13.50239545641955,3.9370845340698613,9.04543378737361,0.12350854277610779,-0.01342076063156128,-0.04225744307041168,0.11527597904205322,-0.5991008281707764,-0.4473804235458374,0.4327274262905121,0.11443310976028442,0.043270934373140335,0.07423578202724457,0.9897069334983826,0.0625189021229744,1.407687783241272,0.061162445694208145,-0.01342076063156128,-0.04225744307041168,0.11527597904205322,-0.058477938175201416,-0.106488898396492,0.11527597904205322,-0.09293240308761597,-0.17697805166244507,0.11527597904205322,-0.11593568325042725,-0.2519892454147339,0.11527597904205322,-0.12692147493362427,-0.3296754062175751,0.11527597904205322,-0.12561917304992676,-0.4081237018108368,0.11527597904205322,-0.11206096410751343,-0.4854024350643158,0.11527597904205322,-0.08658057451248169,-0.5596087574958801,0.11527597904205322,-0.049805402755737305,-0.6289154887199402,0.11527597904205322,-0.002641141414642334,-0.6916160583496094,0.11527597904205322,1.5707963705062866,0.258556604385376,1.5707963705062866,0.20000000298023224,14.999999613417344,14.61834378550123,-1.3270997177797166,38675.0
1.58,0.0057,1,1,-0.7760103344917297,0.2834767997264862,0.4025094211101532,-0.789703905582428,0.23679983615875244,0.5000964999198914,-0.5616260766983032,-0.4905273914337158,0.5008885264396667,0.9889546036720276,0.11330576241016388,0.05848420038819313,0.07555308938026428,0.10942295586138855,1.4811520608159028,-0.006748126149651586,13.53772082425354,5.655980708063914,9.409310111182707,0.10903894156217575,-0.013693571090698242,-0.046676963567733765,0.09758707880973816,-0.5616260766983032,-0.4905273914337158,0.5008885264396667,0.11330576241016388,0.05848420038819313,0.07555308938026428,0.9889546036720276,0.1094229593873024,1.481152057647705,-0.006748126354068518,-0.013693571090698242,-0.046676963567733765,0.09758707880973816,-0.05673789978027344,-0.11227434873580933,0.09758707880973816,-0.08899056911468506,-0.18379773199558258,0.09758707880973816,-0.1096574068069458,-0.25948598980903625,0.09758707880973816,-0.11822956800460815,-0.33747538924217224,0.09758707880973816,-0.11449599266052246,-0.4158456027507782,0.09758707880973816,-0.0985485315322876,-0.49266690015792847,0.09758707880973816,-0.07077997922897339,-0.5660476684570312,0.09758707880973816,-0.031874001026153564,-0.634181022644043,0.09758707880973816,0.017211437225341797,-0.6953892707824707,0.09758707880973816,1.5707963705062866,-0.6028043627738953,1.5707963705062866,0.15733014047145844,14.999999806708672,-0.19082810724938604,-0.599347070161562,34675.0
1.6002,0.0053,1,1,-0.7871294021606445,0.2731844186782837,0.41250351071357727,-0.7991542220115662,0.22419944405555725,0.5000964999198914,-0.5364641547203064,-0.5345954298973083,0.5019019246101379,0.9879937767982483,0.1132923886179924,0.07129498571157455,0.07712448388338089,0.14779854957007715,1.0403608172042007,0.030904825559176455,13.690113264617798,7.088527132552972,9.779074778879668,0.10107747465372086,-0.01202481985092163,-0.04898497462272644,0.08759298920631409,-0.5364641547203064,-0.5345954298973083,0.5019019246101379,0.1132923886179924,0.07129498571157455,0.07712448388338089,0.9879937767982483,0.147798553109169,1.0403608083724976,0.030904825776815414,-0.01202481985092163,-0.04898497462272644,0.08759298920631409,-0.052981674671173096,-0.11590558290481567,0.08759298920631409,-0.08296555280685425,-0.18840935826301575,0.08759298920631409,-0.1012381911277771,-0.2647109925746918,0.08759298920631409,-0.107349693775177,-0.34293168783187866,0.08759298920631409,-0.10114949941635132,-0.4211454391479492,0.08759298920631409,-0.0827903151512146,-0.497426301240921,0.08759298920631409,-0.052724242210388184,-0.5698959827423096,0.08759298920631409,-0.011691510677337646,-0.6367701292037964,0.08759298920631409,0.039297401905059814,-0.6964019536972046,0.08759298920631409,1.5707963705062866,-0.6368505358695984,1.5707963705062866,0.09472682327032089,14.999999903354336,-7.595414053624693,0.14018226523240737,30675.0
1.6207,0.006,1,1,-0.8018234968185425,0.26593583822250366,0.42351847887039185,-0.808200478553772,0.21131135523319244,0.5000964999198914,-0.5134785771369934,-0.5536788702011108,0.4755527675151825,0.9874457120895386,0.11258627474308014,0.07918418943881989,0.07748012989759445,0.02706213377754431,0.3978701748768446,-0.05036496184390037,13.704459031655984,7.986153297472083,9.934258820392335,0.09427987039089203,-0.006376981735229492,-0.05462448298931122,0.07657802104949951,-0.5134785771369934,-0.5536788702011108,0.4755527675151825,0.11258627474308014,0.07918418943881989,0.07748012989759445,0.9874457120895386,0.027062132954597473,0.39787018299102783,-0.050364959985017776,-0.006376981735229492,-0.05462448298931122,0.07657802104949951,-0.045206308364868164,-0.12280157208442688,0.07657802104949951,-0.07289230823516846,-0.1962135136127472,0.07657802104949951,-0.08875328302383423,-0.2730526924133301,0.07657802104949951,-0.09239870309829712,-0.3514270484447479,0.07657802104949951,-0.08373880386352539,-0.4294067621231079,0.07657802104949951,-0.06298679113388062,-0.5050716996192932,0.07657802104949951,-0.030653655529022217,-0.5765587687492371,0.07657802104949951,0.012464404106140137,-0.6421076655387878,0.07657802104949951,0.06530576944351196,-0.7001044154167175,0.07657802104949951,1.5707963705062866,-0.015530705451965332,1.5707963705062866,0.042223989963531494,14.999999951677168,-4.242628964441562,0.45055034825771945,29452.0
1.6398,0.0058,1,1,-0.8117901086807251,0.25445443391799927,0.4329213798046112,-0.8167572021484375,0.198269784450531,0.5000964999198914,-0.4808123707771301,-0.594008207321167,0.4640142619609833,0.987496554851532,0.11321840435266495,0.0780097246170044,0.07710110396146774,0.13933570606083465,-1.1163567820707019,0.036568330981068785,13.760557366713993,7.851736839535741,9.877759655400563,0.087714783847332,-0.004967093467712402,-0.05618464946746826,0.06717512011528015,-0.4808123707771301,-0.594008207321167,0.4640142619609833,0.11321840435266495,0.0780097246170044,0.07710110396146774,0.987496554851532,0.13933570683002472,-1.1163567304611206,0.036568332463502884,-0.004967093467712402,-0.05618464946746826,0.06717512011528015,-0.04165089130401611,-0.12553973495960236,0.06717512011528015,-0.06703352928161621,-0.19977957010269165,0.06717512011528015,-0.08049005270004272,-0.2770760953426361,0.06717512011528015,-0.08168900012969971,-0.35552603006362915,0.06717512011528015,-0.07060092687606812,-0.43319767713546753,0.06717512011528015,-0.04749882221221924,-0.5081784725189209,0.06717512011528015,-0.01295161247253418,-0.5786222219467163,0.06717512011528015,0.032190144062042236,-0.6427942514419556,0.06717512011528015,0.08681482076644897,-0.6991145610809326,0.06717512011528015,1.5707963705062866,0.8480304479598999,1.5707963705062866,0.021362630650401115,14.999999975838584,5.3786855177792186,0.3375520182741633,29452.0
1.66,0.006,1,1,-0.8211691975593567,0.24222473800182343,0.4419983923435211,-0.8250221610069275,0.18476587533950806,0.5000964999198914,-0.45224228501319885,-0.631904661655426,0.44148170948028564,0.9883617162704468,0.11492972075939178,0.0648757666349411,0.07564029842615128,0.016329359477334996,-1.6430829077370808,-0.013983404799922113,13.796168034410956,6.364594031651502,9.523493605218947,0.08180315792560577,-0.0038529634475708008,-0.05745886266231537,0.05809810757637024,-0.45224228501319885,-0.631904661655426,0.44148170948028564,0.11492972075939178,0.0648757666349411,0.07564029842615128,0.9883617162704468,0.016329359263181686,-1.643082857131958,-0.013983405195176601,-0.0038529634475708008,-0.05745886266231537,0.05809810757637024,-0.0383225679397583,-0.12794062495231628,0.05809810757637024,-0.06134200096130371,-0.20294687151908875,0.05809810757637024,-0.07234442234039307,-0.2806306779384613,0.05809810757637024,-0.07105898857116699,-0.3590792417526245,0.05809810757637024,-0.05751734972000122,-0.4363608956336975,0.05809810757637024,-0.03205287456512451,-0.5105726718902588,0.05809810757637024,0.00470733642578125,-0.579887330532074,0.05809810757637024,0.05185818672180176,-0.6425979733467102,0.05809810757637024,0.10823863744735718,-0.697160542011261,0.05809810757637024,1.5707963705062866,1.3968547582626343,1.5707963705062866,0.021362630650401115,14.999999987919292,10.189342758889609,-0.370980082089032,29452.0
1.6801,0.0048,1,1,-0.8279402852058411,0.231329545378685,0.47479110956192017,-0.8327869176864624,0.1711319535970688,0.5000964999198914,-0.41954365372657776,-0.6640392541885376,0.5711455941200256,0.9896300435066223,0.11349321156740189,0.04778085649013519,0.07393699884414673,-0.0015172858367278818,-1.5165703722592483,0.11903391308369941,13.43854903210628,4.46143388447133,9.071326294805953,0.06547979265451431,-0.004846632480621338,-0.06019759178161621,0.02530539035797119,-0.41954365372657776,-0.6640392541885376,0.5711455941200256,0.11349321156740189,0.04778085649013519,0.07393699884414673,0.9896300435066223,-0.0015172858256846666,-1.5165703296661377,0.11903391033411026,-0.004846632480621338,-0.06019759178161621,0.02530539035797119,-0.03708779811859131,-0.13172617554664612,0.02530539035797119,-0.05774247646331787,-0.20741772651672363,0.02530539035797119,-0.06630212068557739,-0.28540852665901184,0.02530539035797119,-0.06255590915679932,-0.36377811431884766,0.02530539035797119,-0.04659610986709595,-0.4405968487262726,0.02530539035797119,-0.01881575584411621,-0.5139731168746948,0.02530539035797119,0.02010124921798706,-0.5821002125740051,0.02530539035797119,0.06919646263122559,-0.6433005928993225,0.02530539035797119,0.12726110219955444,-0.6960673332214355,0.02530539035797119,1.5707963705062866,1.1797071695327759,1.5707963705062866,0.021362630650401115,14.999999993959646,12.594671379444804,-1.2753147029150695,29452.0
1.7001,0.0052,1,1,-0.8359024524688721,0.2177245020866394,0.4859185814857483,-0.8401638269424438,0.15717509388923645,0.5000964999198914,-0.3990086615085602,-0.7002316117286682,0.5378888249397278,0.9900842905044556,0.11402547359466553,0.03608165681362152,0.0736708790063858,-0.08012646946056519,-0.393437942453653,0.12346946613587524,13.382563831782033,3.132605766852162,8.878511443769638,0.06233300641179085,-0.004261374473571777,-0.060549408197402954,0.014177918434143066,-0.3990086615085602,-0.7002316117286682,0.5378888249397278,0.11402547359466553,0.03608165681362152,0.0736708790063858,0.9900842905044556,-0.08012647181749344,-0.3934379518032074,0.12346946448087692,-0.004261374473571777,-0.060549408197402954,0.014177918434143066,-0.034228384494781494,-0.13306015729904175,0.014177918434143066,-0.05248326063156128,-0.2093660533428192,0.014177918434143066,-0.05857652425765991,-0.2875881791114807,0.014177918434143066,-0.052358150482177734,-0.3658004701137543,0.014177918434143066,-0.03398120403289795,-0.44207704067230225,0.014177918434143066,-0.0038982629776000977,-0.5145397782325745,0.014177918434143066,0.037150025367736816,-0.5814043283462524,0.014177918434143066,0.08815282583236694,-0.6410243511199951,0.014177918434143066,0.14785432815551758,-0.6919317245483398,0.014177918434143066,1.479565978050232,0.7137457132339478,1.5707963705062866,0.021362630650401115,14.999999996979824,13.797335689722402,-1.6609444049876771,29452.0
1.7201,0.0058,1,1,-0.8420934677124023,0.2041938304901123,0.5197668671607971,-0.8470630645751953,0.14306339621543884,0.5000964999198914,-0.3770627975463867,-0.7364044785499573,0.6576936841011047,0.9903600811958313,0.11132200807332993,0.03470218554139137,0.07475349307060242,-0.032023259590252665,0.7105083424897116,0.09146703329758483,13.061265753991723,2.9859975448137424,8.975017772571999,0.06440924108028412,-0.004969596862792969,-0.06113043427467346,-0.01967036724090576,-0.3770627975463867,-0.7364044785499573,0.6576936841011047,0.11132200807332993,0.03470218554139137,0.07475349307060242,0.9903600811958313,-0.03202325850725174,0.7105083465576172,0.09146703034639359,-0.004969596862792969,-0.06113043427467346,-0.01967036724090576,-0.03264415264129639,-0.13454672694206238,-0.01967036724090576,-0.04849308729171753,-0.21138837933540344,-0.01967036724090576,-0.05212622880935669,-0.28976330161094666,-0.01967036724090576,-0.043454110622406006,-0.3677416741847992,-0.01967036724090576,-0.022690236568450928,-0.44340336322784424,-0.01967036724090576,0.009654104709625244,-0.5148853063583374,-0.01967036724090576,0.052782416343688965,-0.5804275274276733,-0.01967036724090576,0.10563284158706665,-0.6384159326553345,-0.01967036724090576,0.1669040322303772,-0.6874228715896606,-0.01967036724090576,0.9242054224014282,-0.4812331199645996,1.5239201784133911,0.021362630650401115,14.999999998489912,-0.6013321551387989,-1.4679317473829698,29452.0
1.7399,0.0046,1,1,-0.8494309186935425,0.18919959664344788,0.5325908660888672,-0.8534376621246338,0.1289224773645401,0.5000964999198914,-0.36225709319114685,-0.770997941493988,0.621063768863678,0.9898526668548584,0.11126035451889038,0.04351750761270523,0.07692288607358932,0.0990307020766541,1.3257032148299233,0.08565291987426472,13.149958777394982,3.9585573480214826,9.343646712839083,0.06859496235847473,-0.004006743431091309,-0.060277119278907776,-0.03249436616897583,-0.36225709319114685,-0.770997941493988,0.621063768863678,0.11126035451889038,0.04351750761270523,0.07692288607358932,0.9898526668548584,0.09903070330619812,1.3257032632827759,0.0856529176235199,-0.004006743431091309,-0.060277119278907776,-0.03249436616897583,-0.02939063310623169,-0.13451650738716125,-0.03249436616897583,-0.042848408222198486,-0.2118128091096878,-0.03249436616897583,-0.0440487265586853,-0.29026272892951965,-0.03249436616897583,-0.03296196460723877,-0.36793455481529236,-0.03249436616897583,-0.009861171245574951,-0.44291576743125916,-0.03249436616897583,0.024684906005859375,-0.5133600831031799,-0.03249436616897583,0.06982553005218506,-0.5775328874588013,-0.03249436616897583,0.12444925308227539,-0.63385409116745,-0.03249436616897583,0.18721109628677368,-0.680936872959137,-0.03249436616897583,0.4613147974014282,-0.9384514689445496,1.3816546201705933,0.021362630650401115,14.999999999244956,-7.8006660775693994,-0.7306738668487742,29452.0
1.7601,0.0045,1,1,-0.8224097490310669,0.19312095642089844,0.5441493988037109,-0.8594579696655273,0.11436964571475983,0.5000964999198914,-0.15544827282428741,-0.7076228857040405,0.5740396976470947,0.9889740943908691,0.10561984777450562,0.06887232512235641,0.0776483491063118,0.25054377047852494,0.9602214397347272,0.06607410439286954,12.779521260247366,6.881915055115991,9.75021146351736,0.0975448414683342,-0.03704822063446045,-0.07875131070613861,-0.04405289888381958,-0.15544827282428741,-0.7076228857040405,0.5740396976470947,0.10561984777450562,0.06887232512235641,0.0776483491063118,0.9889740943908691,0.2505437731742859,0.9602214694023132,0.06607410311698914,-0.03704822063446045,-0.07875131070613861,-0.04405289888381958,-0.060081422328948975,-0.15375331044197083,-0.04405289888381958,-0.07109814882278442,-0.23143510520458221,-0.04405289888381958,-0.069827139377594,-0.30988389253616333,-0.04405289888381958,-0.056299686431884766,-0.3871680498123169,-0.04405289888381958,-0.030848920345306396,-0.46138453483581543,-0.04405289888381958,0.005898594856262207,-0.5307059288024902,-0.04405289888381958,0.05303788185119629,-0.5934252738952637,-0.04405289888381958,0.10940831899642944,-0.6479982137680054,-0.04405289888381958,0.1736217737197876,-0.6930809617042542,-0.04405289888381958,1.3977829217910767,-1.5707963705062866,1.3735789060592651,0.021362630650401115,14.999999999622478,-11.4003330387847,0.08245563450779184,29452.0
1.78,0.0056,1,1,-0.8255462646484375,0.17870678007602692,0.5551314949989319,-0.8650423884391785,0.0995636135339737,0.5000964999198914,-0.13204017281532288,-0.7404115796089172,0.5376156568527222,0.9882717132568359,0.10720304399728775,0.07522892206907272,0.07851866632699966,0.24134584457415012,-0.5276881926101701,0.04819694897949412,13.042615418964752,7.576992551005057,9.952645955480593,0.10417502373456955,-0.03949612379074097,-0.07914316654205322,-0.05503499507904053,-0.13204017281532288,-0.7404115796089172,0.5376156568527222,0.10720304399728775,0.07522892206907272,0.07851866632699966,0.9882717132568359,0.2413458377122879,-0.527688205242157,0.0481969490647316,-0.03949612379074097,-0.07914316654205322,-0.05503499507904053,-0.06014442443847656,-0.1548364758491516,-0.05503499507904053,-0.06869745254516602,-0.23282799124717712,-0.05503499507904053,-0.06494462490081787,-0.31119728088378906,-0.05503499507904053,-0.048978328704833984,-0.38801464438438416,-0.05503499507904053,-0.021191716194152832,-0.46138858795166016,-0.05503499507904053,0.0177309513092041,-0.5295124053955078,-0.05503499507904053,0.06683140993118286,-0.5907086133956909,-0.05503499507904053,0.12490051984786987,-0.6434704065322876,-0.05503499507904053,0.1905084252357483,-0.6864986419677734,-0.05503499507904053,0.8591111898422241,-1.5707963705062866,1.4186776876449585,0.021362630650401115,14.999999999811239,-13.20016651939235,0.48732461843425195,29452.0
1.7999,0.0056,1,1,-0.8223899602890015,0.16621001064777374,0.5759499073028564,-0.8701055645942688,0.08474234491586685,0.5000964999198914,-0.07886439561843872,-0.7631336450576782,0.5630580186843872,0.9887143969535828,0.10853315144777298,0.06785944104194641,0.07782944291830063,0.19826951354774108,-2.020216611812619,0.09411577170588561,13.105491643390543,6.735903170523604,9.77644010736319,0.12110944837331772,-0.047715604305267334,-0.08146766573190689,-0.07585340738296509,-0.07886439561843872,-0.7631336450576782,0.5630580186843872,0.10853315144777298,0.06785944104194641,0.07782944291830063,0.9887143969535828,0.19826951622962952,-2.020216703414917,0.09411577135324478,-0.047715604305267334,-0.08146766573190689,-0.07585340738296509,-0.06598299741744995,-0.1577705591917038,-0.07585340738296509,-0.07208907604217529,-0.2359916865825653,-0.07585340738296509,-0.06588351726531982,-0.31420499086380005,-0.07585340738296509,-0.04751908779144287,-0.39048460125923157,-0.07585340738296509,-0.017448008060455322,-0.46295225620269775,-0.07585340738296509,0.023589253425598145,-0.5298235416412354,-0.07585340738296509,0.07458227872848511,-0.5894519090652466,-0.07585340738296509,0.1342754364013672,-0.6403690576553345,-0.07585340738296509,0.20119887590408325,-0.6813212633132935,-0.07585340738296509,0.35905492305755615,-1.5707963705062866,1.2815357446670532,0.021362630650401115,14.999999999905619,-14.100083259696175,0.13491292219941253,29452.0
1.8202,0.0056,1,1,-0.8243717551231384,0.1510404348373413,0.586698591709137,-0.8747341632843018,0.06965894997119904,0.5000964999198914,-0.060298893600702286,-0.7943423986434937,0.5221010446548462,0.9897609949111938,0.1121024340391159,0.04507267847657204,0.07597798109054565,0.1802431919849968,-2.9224408611710637,0.10280172985782789,13.25920014548606,4.1396526303454655,9.260616584184298,0.1290706843137741,-0.05036240816116333,-0.08138148486614227,-0.0866020917892456,-0.060298893600702286,-0.7943423986434937,0.5221010446548462,0.1121024340391159,0.04507267847657204,0.07597798109054565,0.9897609949111938,0.18024319410324097,-2.922440767288208,0.10280173271894455,-0.05036240816116333,-0.08138148486614227,-0.0866020917892456,-0.06621325016021729,-0.1582227498292923,-0.0866020917892456,-0.06984835863113403,-0.23659759759902954,-0.0866020917892456,-0.06117814779281616,-0.3145761489868164,-0.0866020917892456,-0.04041612148284912,-0.39023834466934204,-0.0866020917892456,-0.008073568344116211,-0.46172115206718445,-0.0866020917892456,0.035053133964538574,-0.5272643566131592,-0.0866020917892456,0.08790212869644165,-0.5852541327476501,-0.0866020917892456,0.14917206764221191,-0.6342625617980957,-0.0866020917892456,0.21735429763793945,-0.6730828881263733,-0.0866020917892456,-0.1166539192199707,-1.5707963705062866,1.2491534948349,0.021362630650401115,4.158111382470631,-14.550041629848089,-0.8967341241583786,29452.0
1.8401,0.0055,1,1,-0.8259684443473816,0.13479137420654297,0.5964905023574829,-0.8788432478904724,0.05459840968251228,0.5000964999198914,-0.048744041472673416,-0.8295112252235413,0.4794136881828308,0.9904494881629944,0.11539269238710403,0.01515897922217846,0.07390902191400528,-0.020757719913972995,-2.960264939185132,0.19032009420715224,13.346617668032174,0.7432206915069812,8.622139380547734,0.13608254492282867,-0.05287480354309082,-0.08019296824932098,-0.09639400243759155,-0.048744041472673416,-0.8295112252235413,0.4794136881828308,0.11539269238710403,0.01515897922217846,0.07390902191400528,0.9904494881629944,-0.02075771987438202,-2.9602649211883545,0.19032008945941925,-0.05287480354309082,-0.08019296824932098,-0.09639400243759155,-0.06631910800933838,-0.15749160945415497,-0.09639400243759155,-0.06750565767288208,-0.23594173789024353,-0.09639400243759155,-0.05640530586242676,-0.31361162662506104,-0.09639400243759155,-0.033291399478912354,-0.3885888159275055,-0.09639400243759155,0.0012669563293457031,-0.45902708172798157,-0.09639400243759155,0.046418845653533936,-0.5231920480728149,-0.09639400243759155,0.10105240345001221,-0.5795036554336548,-0.09639400243759155,0.16382241249084473,-0.6265754699707031,-0.09639400243759155,0.23318332433700562,-0.6632483005523682,-0.09639400243759155,-0.4954264163970947,-1.5707963705062866,1.169582486152649,0.021362630650401115,-5.420944308764684,-14.775020814924044,-2.1736885314314978,29452.0
1.8601,0.0059,1,1,-0.8258429765701294,0.11815810203552246,0.6083412170410156,-0.8825281262397766,0.03920167312026024,0.5000964999198914,-0.03909936547279358,-0.8654617071151733,0.45299774408340454,0.9904781579971313,0.11615285277366638,-0.013452202081680298,0.07265403121709824,-0.4970582115172736,-2.4504927633343065,0.24145759747139256,13.200269033020609,-2.4946539988944076,8.101838855729886,0.14547935128211975,-0.05668514966964722,-0.07895642518997192,-0.10824471712112427,-0.03909936547279358,-0.8654617071151733,0.45299774408340454,0.11615285277366638,-0.013452202081680298,0.07265403121709824,0.9904781579971313,-0.4970582127571106,-2.4504928588867188,0.24145759642124176,-0.05668514966964722,-0.07895642518997192,-0.10824471712112427,-0.06767553091049194,-0.15664196014404297,-0.10824471712112427,-0.06637781858444214,-0.23509033024311066,-0.10824471712112427,-0.05282407999038696,-0.3123698830604553,-0.10824471712112427,-0.027348041534423828,-0.38657769560813904,-0.10824471712112427,0.009423017501831055,-0.4558865427970886,-0.10824471712112427,0.05658364295959473,-0.5185898542404175,-0.10824471712112427,0.11297261714935303,-0.5731436014175415,-0.10824471712112427,0.17720144987106323,-0.6182045936584473,-0.10824471712112427,0.24768859148025513,-0.6526631712913513,-0.10824471712112427,-0.618636965751648,-1.5707963705062866,1.087480902671814,0.021362630650401115,-10.210472154382341,-14.887510407462022,-3.2142895810671797,29452.0
1.8798,0.0057,1,1,-0.827733039855957,0.10129481554031372,0.6168578267097473,-0.8856655359268188,0.024002546444535255,0.5000964999198914,-0.04774221405386925,-0.8986377716064453,0.4091714918613434,0.990667998790741,0.10960596054792404,-0.036398861557245255,0.07236383855342865,-1.4558075556699457,-1.8076870357604804,0.2632947860407425,12.281988966756009,-5.047488574418193,7.812118432820513,0.15153704583644867,-0.057932496070861816,-0.07729227095842361,-0.11676132678985596,-0.04774221405386925,-0.8986377716064453,0.4091714918613434,0.10960596054792404,-0.036398861557245255,0.07236383855342865,0.990667998790741,-1.4558075666427612,-1.8076870441436768,0.2632947862148285,-0.057932496070861816,-0.07729227095842361,-0.11676132678985596,-0.06650650501251221,-0.15528146922588348,-0.11676132678985596,-0.06277477741241455,-0.2336517721414566,-0.11676132678985596,-0.046829164028167725,-0.3104734420776367,-0.11676132678985596,-0.019062340259552002,-0.38385483622550964,-0.11676132678985596,0.019842028617858887,-0.4519891142845154,-0.11676132678985596,0.06892597675323486,-0.5131986141204834,-0.11676132678985596,0.12698084115982056,-0.5659760236740112,-0.11676132678985596,0.19257724285125732,-0.6090219020843506,-0.11676132678985596,0.2640998363494873,-0.6412762403488159,-0.11676132678985596,-0.14715993404388428,-1.5707963705062866,1.0816696882247925,0.021362630650401115,-9.321057644260236,-14.943755203731012,-3.7937304268859164,29452.0
1.9001,0.006,1,1,-0.8289830684661865,0.07914143055677414,0.6241164803504944,-0.8883795738220215,0.008397478610277176,0.5000964999198914,-0.06253866106271744,-0.9583656787872314,0.35950443148612976,0.992734432220459,0.09542281180620193,-0.05162297561764717,0.052018601447343826,-2.421064300656713,-1.3723416902618815,0.28564376759257853,10.676455304725696,-6.4550290491153195,5.395227089847807,0.15464025735855103,-0.05939650535583496,-0.07074394822120667,-0.12401998043060303,-0.06253866106271744,-0.9583656787872314,0.35950443148612976,0.09542281180620193,-0.05162297561764717,0.052018601447343826,0.992734432220459,-2.4210643768310547,-1.3723416328430176,0.2856437563896179,-0.05939650535583496,-0.07074394822120667,-0.12401998043060303,-0.06549596786499023,-0.14896559715270996,-0.12401998043060303,-0.05928373336791992,-0.22717836499214172,-0.12401998043060303,-0.04091286659240723,-0.3034564256668091,-0.12401998043060303,-0.010835587978363037,-0.3759215176105499,-0.12401998043060303,0.030207395553588867,-0.44278931617736816,-0.12401998043060303,0.08120548725128174,-0.5024133324623108,-0.12401998043060303,0.14090293645858765,-0.5533254146575928,-0.12401998043060303,0.20782983303070068,-0.5942719578742981,-0.12401998043060303,0.28033822774887085,-0.6242446899414062,-0.12401998043060303,0.1279008388519287,-1.5707963705062866,1.106009840965271,0.021362630650401115,-0.9964396909309272,-14.971877601865506,-8.627513112831359,29452.0
1.9203,0.0059,1,1,-0.830435037612915,0.05896449834108353,0.6305684447288513,-0.8905678987503052,-0.0070459432899951935,0.5000964999198914,-0.07860802859067917,-0.9923616051673889,0.31742873787879944,0.9939806461334229,0.07025855034589767,-0.06523960828781128,0.0529911145567894,-2.874379325610622,-1.175860722412724,0.44363080583448544,7.7021481690791225,-7.882382467196392,5.571876653795909,0.15810208022594452,-0.06013286113739014,-0.06601044535636902,-0.13047194480895996,-0.07860802859067917,-0.9923616051673889,0.31742873787879944,0.07025855034589767,-0.06523960828781128,0.0529911145567894,0.9939806461334229,-2.8743793964385986,-1.1758607625961304,0.44363081455230713,-0.06013286113739014,-0.06601044535636902,-0.13047194480895996,-0.0637894868850708,-0.14438427984714508,-0.13047194480895996,-0.055140674114227295,-0.22236523032188416,-0.13047194480895996,-0.03439950942993164,-0.2980331480503082,-0.13047194480895996,-0.002076566219329834,-0.3695248067378998,-0.13047194480895996,0.04103213548660278,-0.4350798726081848,-0.13047194480895996,0.09386515617370605,-0.493084192276001,-0.13047194480895996,0.15512162446975708,-0.5421094298362732,-0.13047194480895996,0.22329318523406982,-0.5809484720230103,-0.13047194480895996,0.29670119285583496,-0.608644962310791,-0.13047194480895996,0.4402660131454468,-1.3457775115966797,1.0289031267166138,0.021362630650401115,7.001780154534536,-14.985938800932754,-8.274213984935129,29452.0
1.9401,0.0057,1,1,-0.9743044972419739,0.1868160367012024,0.5593119263648987,-0.8922827243804932,-0.022649334743618965,0.5000964999198914,-0.6177189946174622,-0.4910376965999603,-0.1268276870250702,0.9933861494064331,0.0158424973487854,-0.1036638393998146,0.046742118895053864,-2.508925447127844,-0.8403028245369034,0.3409239677352484,1.276018744077747,-11.972223465913464,5.254120845212758,0.23261509835720062,0.08202177286148071,-0.2094653695821762,-0.059215426445007324,-0.6177189946174622,-0.4910376965999603,-0.1268276870250702,0.0158424973487854,-0.1036638393998146,0.046742118895053864,0.9933861494064331,-2.508925437927246,-0.8403028249740601,0.3409239649772644,0.08202177286148071,-0.2094653695821762,-0.059215426445007324,0.08082717657089233,-0.2879153788089752,-0.059215426445007324,0.09191954135894775,-0.36558640003204346,-0.059215426445007324,0.11502581834793091,-0.44056594371795654,-0.059215426445007324,0.14957696199417114,-0.5110077261924744,-0.059215426445007324,0.1947222352027893,-0.5751773118972778,-0.059215426445007324,0.24935007095336914,-0.6314945220947266,-0.059215426445007324,0.31211531162261963,-0.6785727739334106,-0.059215426445007324,0.3814724087715149,-0.715252697467804,-0.059215426445007324,0.4557136297225952,-0.7406312227249146,-0.059215426445007324,1.5707963705062866,1.5707963705062866,1.5707963705062866,0.021362630650401115,11.000890077267268,0.007030599533623061,-8.909725602101455,29452.0
1.9603,0.0061,1,1,-0.9986073970794678,0.20183469355106354,0.5459133982658386,-0.8935186862945557,-0.03848715499043465,0.5000964999198914,-0.6752102971076965,-0.4083569347858429,-0.2514944076538086,0.9922028183937073,-0.00983455590903759,-0.1136939525604248,0.05008535832166672,-0.9701503034897878,-0.7285227630513346,0.39807563775494426,-1.81744378788236,-12.98110919949707,5.986329935300462,0.2662656903266907,0.10508871078491211,-0.24032184481620789,-0.045816898345947266,-0.6752102971076965,-0.4083569347858429,-0.2514944076538086,-0.00983455590903759,-0.1136939525604248,0.05008535832166672,0.9922028183937073,-0.9701502919197083,-0.728522777557373,0.3980756402015686,0.10508871078491211,-0.24032184481620789,-0.045816898345947266,0.10638689994812012,-0.3187702000141144,-0.045816898345947266,0.11994117498397827,-0.3960496485233307,-0.045816898345947266,0.1454176902770996,-0.4702572822570801,-0.045816898345947266,0.1821892261505127,-0.539565920829773,-0.045816898345947266,0.2293502688407898,-0.6022689342498779,-0.045816898345947266,0.28573960065841675,-0.6568223237991333,-0.045816898345947266,0.34996867179870605,-0.7018828392028809,-0.045816898345947266,0.42045605182647705,-0.7363409399986267,-0.045816898345947266,0.49546605348587036,-0.7593481540679932,-0.045816898345947266,1.5707963705062866,1.5707963705062866,1.5707963705062866,0.021362630650401115,13.000445038633634,7.5035152997668115,-7.44530742192601,29452.0
1.9798,0.0058,1,1,-1.0172924995422363,0.23368112742900848,0.5520274043083191,-0.8942370414733887,-0.05390477925539017,0.5000964999198914,-0.7183645367622375,-0.27640053629875183,-0.2455960363149643,0.9912402629852295,-0.022790592163801193,-0.11807440221309662,0.05458643659949303,0.6993401767213825,0.33222615019407686,0.2790427899356809,-3.4223273813876243,-13.390822791575753,6.70591357542074,0.3170885145664215,0.12305545806884766,-0.28758591413497925,-0.051930904388427734,-0.7183645367622375,-0.27640053629875183,-0.2455960363149643,-0.022790592163801193,-0.11807440221309662,0.05458643659949303,0.9912402629852295,0.6993401646614075,0.3322261571884155,0.2790427803993225,0.12305545806884766,-0.28758591413497925,-0.051930904388427734,0.1267743706703186,-0.3659568130970001,-0.051930904388427734,0.14270740747451782,-0.44278109073638916,-0.051930904388427734,0.17046219110488892,-0.5161670446395874,-0.051930904388427734,0.2093554139137268,-0.5843077301979065,-0.051930904388427734,0.25842928886413574,-0.6455252170562744,-0.051930904388427734,0.3164755702018738,-0.6983121633529663,-0.051930904388427734,0.3820648789405823,-0.7413687705993652,-0.051930904388427734,0.453582227230072,-0.7736348509788513,-0.051930904388427734,0.5292665958404541,-0.7943159341812134,-0.051930904388427734,1.5707963705062866,1.5707963705062866,1.5707963705062866,0.021362630650401115,14.000222519316818,11.251757649883405,-6.006140141685454,29452.0
2.0,0.006,1,1,-1.0292317867279053,0.22410936653614044,0.5457392334938049,-0.8944790363311768,-0.06984474509954453,0.5000964999198914,-0.7496972680091858,-0.2855193614959717,-0.2808128297328949,0.9919783473014832,-0.010930725373327732,-0.1110130324959755,0.059443384408950806,2.0432870437037574,1.471642711511557,0.3448686752313874,-2.048846921606291,-12.647106479154353,7.085648710022725,0.3265739977359772,0.13475275039672852,-0.29395410418510437,-0.045642733573913574,-0.7496972680091858,-0.2855193614959717,-0.2808128297328949,-0.010930725373327732,-0.1110130324959755,0.059443384408950806,0.9919783473014832,2.0432870388031006,1.4716427326202393,0.3448686897754669,0.13475275039672852,-0.29395410418510437,-0.045642733573913574,0.1409682035446167,-0.37216663360595703,-0.045642733573913574,0.1593422293663025,-0.4484439194202423,-0.045642733573913574,0.18942248821258545,-0.5209077596664429,-0.045642733573913574,0.23046821355819702,-0.5877739191055298,-0.045642733573913574,0.2814687490463257,-0.6473957896232605,-0.045642733573913574,0.3411683440208435,-0.6983054280281067,-0.045642733573913574,0.40809690952301025,-0.7392492294311523,-0.045642733573913574,0.4806065559387207,-0.7692189812660217,-0.045642733573913574,0.5569117069244385,-0.7874767184257507,-0.045642733573913574,1.5707963705062866,1.5707963705062866,1.5707963705062866,0.021362630650401115,14.500111259658409,13.125878824941703,-5.246669872481479,29452.0
2.0207,0.0058,1,1,-1.0493240356445312,0.25745081901550293,0.5553677678108215,-0.894213855266571,-0.0857502669095993,0.5000964999198914,-0.7931857109069824,-0.16833505034446716,-0.23338502645492554,0.9938855171203613,0.0029444978572428226,-0.0893285721540451,0.06481768935918808,2.436531407635675,2.6934939622630227,0.30846176510189105,-0.3334657720438423,-10.250169660674288,7.492580421380028,0.38065874576568604,0.1551101803779602,-0.3432011008262634,-0.055271267890930176,-0.7931857109069824,-0.16833505034446716,-0.23338502645492554,0.0029444978572428226,-0.0893285721540451,0.06481768935918808,0.9938855171203613,2.4365313053131104,2.6934938430786133,0.3084617555141449,0.1551101803779602,-0.3432011008262634,-0.055271267890930176,0.16381055116653442,-0.42117631435394287,-0.055271267890930176,0.1846017837524414,-0.49683046340942383,-0.055271267890930176,0.21697193384170532,-0.568300724029541,-0.055271267890930176,0.2601240277290344,-0.6338273286819458,-0.055271267890930176,0.31299537420272827,-0.6917966604232788,-0.055271267890930176,0.3742842674255371,-0.7407814264297485,-0.055271267890930176,0.44248145818710327,-0.7795753479003906,-0.055271267890930176,0.5159077644348145,-0.8072233200073242,-0.055271267890930176,0.592755138874054,-0.82304447889328,-0.055271267890930176,1.5707963705062866,1.5707963705062866,1.5707963705062866,0.021362630650401115,14.750055629829205,14.06293941247085,-4.4328064497668995,29452.0
2.0408,0.0057,1,1,-1.0653489828109741,0.25290605425834656,0.5501068830490112,-0.893470287322998,-0.10121001303195953,0.5000964999198914,-0.8216258883476257,-0.1765788495540619,-0.2673760652542114,0.9955123066902161,0.02466556616127491,-0.05907508730888367,0.06967868655920029,2.225872835407372,3.265807280521051,0.23518798363312804,2.3601109334163572,-6.953125207050205,7.864106937514953,0.396789014339447,0.17187869548797607,-0.3541160821914673,-0.05001038312911987,-0.8216258883476257,-0.1765788495540619,-0.2673760652542114,0.02466556616127491,-0.05907508730888367,0.06967868655920029,0.9955123066902161,2.225872755050659,3.2658073902130127,0.23518797755241394,0.17187869548797607,-0.3541160821914673,-0.05001038312911987,0.18298828601837158,-0.43178462982177734,-0.05001038312911987,0.20611119270324707,-0.5067590475082397,-0.05001038312911987,0.24067795276641846,-0.5771931409835815,-0.05001038312911987,0.28583747148513794,-0.6413527131080627,-0.05001038312911987,0.34047776460647583,-0.6976578235626221,-0.05001038312911987,0.403253436088562,-0.7447221279144287,-0.05001038312911987,0.4726186990737915,-0.7813867330551147,-0.05001038312911987,0.5468655824661255,-0.8067487478256226,-0.05001038312911987,0.6241658329963684,-0.8201837539672852,-0.05001038312911987,1.5707963705062866,1.5707963705062866,1.5707963705062866,0.021362630650401115,14.875027814914603,14.531469706235425,-3.689753417497052,29452.0
2.0599,0.0057,1,1,-1.0815925598144531,0.24782605469226837,0.5442337393760681,-0.8922425508499146,-0.11670368909835815,0.5000964999198914,-0.835988461971283,-0.19242681562900543,-0.29948890209198,0.9960259199142456,0.043018847703933716,-0.02509870007634163,0.07382258772850037,1.6412218907673335,3.108117517635824,0.2149897210433696,4.710465715809787,-3.230295961879072,8.344783307845315,0.4131385385990143,0.18935000896453857,-0.36452972888946533,-0.04413723945617676,-0.835988461971283,-0.19242681562900543,-0.29948890209198,0.043018847703933716,-0.02509870007634163,0.07382258772850037,0.9960259199142456,1.6412218809127808,3.1081175804138184,0.21498972177505493,0.18935000896453857,-0.36452972888946533,-0.04413723945617676,0.2028682827949524,-0.44181549549102783,-0.04413723945617676,0.228310227394104,-0.5160350203514099,-0.04413723945617676,0.26504945755004883,-0.5853607654571533,-0.04413723945617676,0.312181293964386,-0.6480857133865356,-0.04413723945617676,0.3685452342033386,-0.7026653289794922,-0.04413723945617676,0.432753324508667,-0.747755765914917,-0.04413723945617676,0.5032246708869934,-0.7822467088699341,-0.04413723945617676,0.5782238841056824,-0.8052888512611389,-0.04413723945617676,0.6559044122695923,-0.8163148164749146,-0.04413723945617676,1.5707963705062866,1.5707963705062866,1.5707963705062866,0.021362630650401115,14.937513907457301,14.765734853117713,-2.7284006768363027,29452.0
2.0802,0.006,1,1,-1.091920018196106,0.2533750832080841,0.5587583184242249,-0.8904930353164673,-0.1324734389781952,0.5000964999198914,-0.8029839396476746,-0.19284430146217346,-0.18251988291740417,0.9952279329299927,0.055968958884477615,0.010468216612935066,0.07922964543104172,1.1421092834956592,2.6090698914947477,0.1618840917992903,6.492354290265013,0.6857163090647745,9.142258171093951,0.43919599056243896,0.20142698287963867,-0.3858485221862793,-0.058661818504333496,-0.8029839396476746,-0.19284430146217346,-0.18251988291740417,0.055968958884477615,0.010468216612935066,0.07922964543104172,0.9952279329299927,1.1421092748641968,2.60906982421875,0.1618840992450714,0.20142698287963867,-0.3858485221862793,-0.058661818504333496,0.21739059686660767,-0.46266645193099976,-0.058661818504333496,0.24517470598220825,-0.5360413193702698,-0.058661818504333496,0.28409504890441895,-0.6041665077209473,-0.058661818504333496,0.3331933617591858,-0.6653643846511841,-0.058661818504333496,0.39126062393188477,-0.7181282043457031,-0.058661818504333496,0.4568670988082886,-0.7611587047576904,-0.058661818504333496,0.5283973217010498,-0.7933962345123291,-0.058661818504333496,0.6040899157524109,-0.81404709815979,-0.058661818504333496,0.6820811033248901,-0.8226028680801392,-0.058661818504333496,1.5707963705062866,1.5707963705062866,1.5707963705062866,0.021362630650401115,14.96875695372865,14.882867426558857,-1.1334509503390358,29452.0
2.0999,0.0058,1,1,-1.1078577041625977,0.24772833287715912,0.5543674826622009,-0.8882865309715271,-0.14791277050971985,0.5000964999198914,-0.7985814213752747,-0.21737156808376312,-0.21594150364398956,0.9939433336257935,0.0643993616104126,0.03420989587903023,0.08220161497592926,0.7437872700503689,1.9080706319932732,0.17268567344356994,7.692918124482822,3.2916155564721468,9.67684439597465,0.45572876930236816,0.21957117319107056,-0.3956410884857178,-0.05427098274230957,-0.7985814213752747,-0.21737156808376312,-0.21594150364398956,0.0643993616104126,0.03420989587903023,0.08220161497592926,0.9939433336257935,0.7437872886657715,1.908070683479309,0.1726856678724289,0.21957117319107056,-0.3956410884857178,-0.05427098274230957,0.23792284727096558,-0.4719237685203552,-0.05427098274230957,0.2679818868637085,-0.5443964004516602,-0.05427098274230957,0.30900806188583374,-0.6112745404243469,-0.05427098274230957,0.3599911332130432,-0.6709113717079163,-0.05427098274230957,0.4196758270263672,-0.7218384742736816,-0.05427098274230957,0.4865924119949341,-0.7628018260002136,-0.05427098274230957,0.5590932369232178,-0.792792797088623,-0.05427098274230957,0.6353931427001953,-0.8110729455947876,-0.05427098274230957,0.7136132121086121,-0.817192018032074,-0.05427098274230957,1.5707963705062866,1.5707963705062866,1.5707963705062866,0.021362630650401115,14.984378476864325,14.941433713279428,-0.06427850057764527,29452.0
2.12,0.0061,1,1,-1.1251059770584106,0.2639888525009155,0.5604723691940308,-0.8855995535850525,-0.16327622532844543,0.5000964999198914,-0.7822500467300415,-0.18421830236911774,-0.19351278245449066,0.9927576780319214,0.06710366904735565,0.05308443307876587,0.08431632071733475,0.571413835599854,1.299543782390402,0.1839067861833211,8.211098385034848,5.398605810462317,10.096892059400764,0.493522047996521,0.23950642347335815,-0.42726507782936096,-0.060375869274139404,-0.7822500467300415,-0.18421830236911774,-0.19351278245449066,0.06710366904735565,0.05308443307876587,0.08431632071733475,0.9927576780319214,0.5714138150215149,1.2995437383651733,0.18390679359436035,0.23950642347335815,-0.42726507782936096,-0.060375869274139404,0.2602284550666809,-0.5029382705688477,-0.060375869274139404,0.2925332188606262,-0.5744380950927734,-0.060375869274139404,0.3356253504753113,-0.6400040984153748,-0.060375869274139404,0.3884437084197998,-0.6980217695236206,-0.060375869274139404,0.4496877193450928,-0.7470625638961792,-0.060375869274139404,0.5178493857383728,-0.7859188914299011,-0.060375869274139404,0.5912503600120544,-0.8136340379714966,-0.060375869274139404,0.6680832505226135,-0.8295254707336426,-0.060375869274139404,0.7464561462402344,-0.8332019448280334,-0.060375869274139404,1.5707963705062866,1.5707963705062866,1.5707963705062866,0.021362630650401115,14.992189238432163,14.970716856639715,0.7758168262745682,29452.0
2.1401,0.006,1,1,-1.1403884887695312,0.2580774426460266,0.5558514595031738,-0.8823436498641968,-0.17895467579364777,0.5000964999198914,-0.7620111107826233,-0.21261636912822723,-0.22801509499549866,0.991459310054779,0.07222665846347809,0.0658874362707138,0.08630510419607162,0.5604866193311498,1.0525007038752725,0.13344250507551758,8.95643801118892,6.787213323751524,10.482117726009294,0.510580837726593,0.2580448389053345,-0.4370321035385132,-0.05575495958328247,-0.7620111107826233,-0.21261636912822723,-0.22801509499549866,0.07222665846347809,0.0658874362707138,0.08630510419607162,0.991459310054779,0.5604866147041321,1.0525007247924805,0.13344250619411469,0.2580448389053345,-0.4370321035385132,-0.05575495958328247,0.28117942810058594,-0.5120029449462891,-0.05575495958328247,0.31575721502304077,-0.5824316740036011,-0.05575495958328247,0.3609267473220825,-0.646584153175354,-0.05575495958328247,0.41557586193084717,-0.7028807401657104,-0.05575495958328247,0.4783588647842407,-0.7499352693557739,-0.05575495958328247,0.5477297902107239,-0.7865889668464661,-0.05575495958328247,0.621980607509613,-0.8119394779205322,-0.05575495958328247,0.6992830038070679,-0.8253624439239502,-0.05575495958328247,0.7777334451675415,-0.8265274167060852,-0.05575495958328247,1.5707963705062866,1.5707963705062866,1.5707963705062866,0.021362630650401115,14.99609461921608,14.985358428319858,1.5462681594916439,29452.0
2.1602,0.0061,1,1,-1.1561188697814941,0.26622962951660156,0.5614337921142578,-0.8786572217941284,-0.1942499428987503,0.5000964999198914,-0.7357645034790039,-0.2064731866121292,-0.2016454041004181,0.9902904033660889,0.075442835688591,0.07724311947822571,0.08754841238260269,0.5707191500295069,0.8357606035606915,0.150659250634013,9.47174160324394,8.034909941595108,10.77112430593237,0.541099488735199,0.2774616479873657,-0.4604795575141907,-0.061337292194366455,-0.7357645034790039,-0.2064731866121292,-0.2016454041004181,0.075442835688591,0.07724311947822571,0.08754841238260269,0.9902904033660889,0.5707191228866577,0.8357605934143066,0.1506592482328415,0.2774616479873657,-0.4604795575141907,-0.061337292194366455,0.30294352769851685,-0.5346853733062744,-0.061337292194366455,0.33972007036209106,-0.6039913892745972,-0.061337292194366455,0.3868856430053711,-0.6666909456253052,-0.061337292194366455,0.4432789087295532,-0.7212402820587158,-0.061337292194366455,0.5075112581253052,-0.7662961483001709,-0.061337292194366455,0.5780011415481567,-0.8007491230964661,-0.061337292194366455,0.653012752532959,-0.8237509727478027,-0.061337292194366455,0.7306991815567017,-0.8347351551055908,-0.061337292194366455,0.8091474771499634,-0.8334313035011292,-0.061337292194366455,1.5707963705062866,1.5707963705062866,1.5707963705062866,0.021362630650401115,14.99804730960804,14.992679214159928,2.1242813193377934,29452.0
2.18,0.0057,1,1,-1.1704672574996948,0.25900352001190186,0.5566264986991882,-0.8745192885398865,-0.2093261182308197,0.5000964999198914,-0.7086467146873474,-0.23992089927196503,-0.23677362501621246,0.9889790415763855,0.08130349963903427,0.08597814291715622,0.08897189050912857,0.5629424533303665,0.759727554176011,0.1465047359782462,10.269911806798355,8.951231135616393,11.0873548274601,0.5568783283233643,0.29594796895980835,-0.46832963824272156,-0.056529998779296875,-0.7086467146873474,-0.23992089927196503,-0.23677362501621246,0.08130349963903427,0.08597814291715622,0.08897189050912857,0.9889790415763855,0.5629424452781677,0.7597275376319885,0.1465047299861908,0.29594796895980835,-0.46832963824272156,-0.056529998779296875,0.32373738288879395,-0.5417025089263916,-0.056529998779296875,0.362662672996521,-0.6098248362541199,-0.056529998779296875,0.4117653965950012,-0.6710191965103149,-0.056529998779296875,0.4698365330696106,-0.7237788438796997,-0.056529998779296875,0.5354461073875427,-0.7668045163154602,-0.056529998779296875,0.6069785952568054,-0.7990369200706482,-0.056529998779296875,0.6826727390289307,-0.8196823596954346,-0.056529998779296875,0.7606645822525024,-0.8282324075698853,-0.056529998779296875,0.8390337228775024,-0.8244765996932983,-0.056529998779296875,1.5707963705062866,1.5707963705062866,1.5707963705062866,0.021362630650401115,14.99902365480402,14.996339607079964,2.7567423623932394,29452.0
2.2002,0.0054,1,1,-1.1847952604293823,0.25713878870010376,0.5568075180053711,-0.8699705004692078,-0.22408585250377655,0.5000964999198914,-0.671773374080658,-0.2600993514060974,-0.24257397651672363,0.9875606894493103,0.08608528226613998,0.09589144587516785,0.09008844941854477,0.4791753844030141,0.7934928415307442,0.10423668266505462,10.964686591518992,10.013875443497396,11.388079649725196,0.5778476595878601,0.31482475996017456,-0.4812246561050415,-0.056711018085479736,-0.671773374080658,-0.2600993514060974,-0.24257397651672363,0.08608528226613998,0.09589144587516785,0.09008844941854477,0.9875606894493103,0.4791753888130188,0.79349285364151,0.10423668473958969,0.31482475996017456,-0.4812246561050415,-0.056711018085479736,0.34486711025238037,-0.5537042617797852,-0.056711018085479736,0.3858778476715088,-0.6205917596817017,-0.056711018085479736,0.4368472099304199,-0.6802403926849365,-0.056711018085479736,0.49652010202407837,-0.731181263923645,-0.056711018085479736,0.5634273290634155,-0.7721600532531738,-0.056711018085479736,0.6359212398529053,-0.8021677136421204,-0.056711018085479736,0.712216854095459,-0.8204653859138489,-0.056711018085479736,0.7904355525970459,-0.8266025185585022,-0.056711018085479736,0.8686513304710388,-0.8204280138015747,-0.056711018085479736,1.5707963705062866,1.5707963705062866,1.5707963705062866,0.021362630650401115,14.99951182740201,14.998169803539982,3.3581920069234523,29452.0
2.2197,0.006,1,1,-1.1979269981384277,0.24880869686603546,0.5513187050819397,-0.864884614944458,-0.23892973363399506,0.5000964999198914,-0.638744056224823,-0.29604601860046387,-0.2782112956047058,0.9862300157546997,0.09094101935625076,0.10373114794492722,0.09120297431945801,0.4814833130931904,0.769608414452423,0.05767590911908873,11.648055956741022,10.837102178025415,11.67559617521836,0.592815101146698,0.3330423831939697,-0.4877384305000305,-0.05122220516204834,-0.638744056224823,-0.29604601860046387,-0.2782112956047058,0.09094101935625076,0.10373114794492722,0.09120297431945801,0.9862300157546997,0.4814833104610443,0.7696084380149841,0.057675909250974655,0.3330423831939697,-0.4877384305000305,-0.05122220516204834,0.36534416675567627,-0.5592396259307861,-0.05122220516204834,0.40843355655670166,-0.6248074769973755,-0.05122220516204834,0.4612494707107544,-0.682827353477478,-0.05122220516204834,0.522491455078125,-0.731870710849762,-0.05122220516204834,0.5906515121459961,-0.7707298398017883,-0.05122220516204834,0.6640512943267822,-0.7984480261802673,-0.05122220516204834,0.7408835291862488,-0.8143426775932312,-0.05122220516204834,0.8192563056945801,-0.8180224895477295,-0.05122220516204834,0.8972398042678833,-0.8093967437744141,-0.05122220516204834,1.5707963705062866,1.5707963705062866,1.5707963705062866,0.021362630650401115,14.999755913701005,14.99908490176999,3.9332250579097727,29452.0
2.24,0.0056,1,1,-1.2101716995239258,0.24022239446640015,0.5473477840423584,-0.8592224717140198,-0.25389161705970764,0.5000964999198914,-0.6013558506965637,-0.3329779803752899,-0.3041427731513977,0.9850351810455322,0.09519278258085251,0.11032950133085251,0.09202925115823746,0.3142335342638789,0.43234885650858274,0.0902829835545572,12.2467485435284,11.527359549027864,11.91579734886275,0.6079035401344299,0.350949227809906,-0.4941140115261078,-0.04725128412246704,-0.6013558506965637,-0.3329779803752899,-0.3041427731513977,0.09519278258085251,0.11032950133085251,0.09202925115823746,0.9850351810455322,0.31423354148864746,0.4323488473892212,0.09028298407793045,0.350949227809906,-0.4941140115261078,-0.04725128412246704,0.3855218291282654,-0.5645452737808228,-0.04725128412246704,0.43068671226501465,-0.6287010908126831,-0.04725128412246704,0.4853317141532898,-0.6850016117095947,-0.04725128412246704,0.5481112599372864,-0.7320606708526611,-0.04725128412246704,0.6174795627593994,-0.768719494342804,-0.04725128412246704,0.6917285323143005,-0.7940753698348999,-0.04725128412246704,0.7690299153327942,-0.8075039982795715,-0.04725128412246704,0.847480297088623,-0.808674693107605,-0.04725128412246704,0.9251478910446167,-0.797558605670929,-0.04725128412246704,1.5707963705062866,1.5707963705062866,1.5707963705062866,0.021362630650401115,14.999877956850503,14.999542450884995,4.4136274051985405,29452.0
2.2597,0.0042,1,1,-1.2217556238174438,0.23093383014202118,0.5407295227050781,-0.8533115386962891,-0.26814156770706177,0.5000964999198914,-0.5626484751701355,-0.36887839436531067,-0.3423914909362793,0.9841244220733643,0.09803954511880875,0.11521045118570328,0.09280025959014893,0.18455914413709285,0.41780067326375236,0.042185574381993995,12.660246608693198,12.038367311053054,12.114123541981087,0.6216738224029541,0.3684440851211548,-0.49907541275024414,-0.04063302278518677,-0.5626484751701355,-0.36887839436531067,-0.3423914909362793,0.09803954511880875,0.11521045118570328,0.09280025959014893,0.9841244220733643,0.1845591515302658,0.4178006649017334,0.042185574769973755,0.3684440851211548,-0.49907541275024414,-0.04063302278518677,0.4051731824874878,-0.5684065222740173,-0.04063302278518677,0.45229578018188477,-0.6311383843421936,-0.04063302278518677,0.5086516737937927,-0.6857263445854187,-0.04063302278518677,0.5728532075881958,-0.730826199054718,-0.04063302278518677,0.6433194279670715,-0.765327513217926,-0.04063302278518677,0.7183153033256531,-0.7883806824684143,-0.04063302278518677,0.7959941625595093,-0.799418032169342,-0.04063302278518677,0.8744432926177979,-0.7981679439544678,-0.04063302278518677,0.9517310261726379,-0.7846609950065613,-0.04063302278518677,1.5707963705062866,1.5707963705062866,1.5707963705062866,0.021362630650401115,14.999938978425252,14.999771225442498,4.8102797914352475,29452.0
2.28,0.0058,1,1,-1.2323204278945923,0.2192600518465042,0.5332116484642029,-0.8467403650283813,-0.2826767563819885,0.5000964999198914,-0.52140212059021,-0.41076260805130005,-0.38195672631263733,0.9833991527557373,0.10013122111558914,0.1190047487616539,0.09346458315849304,0.04642792341946297,0.3697788853825798,0.010028803036155094,12.970492107761928,12.435527482032674,12.277525100978426,0.6338052749633789,0.38558006286621094,-0.5019367933273315,-0.03311514854431152,-0.52140212059021,-0.41076260805130005,-0.38195672631263733,0.10013122111558914,0.1190047487616539,0.09346458315849304,0.9833991527557373,0.04642792418599129,0.3697788715362549,0.010028802789747715,0.38558006286621094,-0.5019367933273315,-0.03311514854431152,0.42450201511383057,-0.5700610280036926,-0.03311514854431152,0.473601758480072,-0.6312578320503235,-0.03311514854431152,0.5316702723503113,-0.6840202808380127,-0.03311514854431152,0.5972777009010315,-0.7270492315292358,-0.03311514854431152,0.66880863904953,-0.7592851519584656,-0.03311514854431152,0.7445017099380493,-0.779934287071228,-0.03311514854431152,0.8224931955337524,-0.7884881496429443,-0.03311514854431152,0.900862455368042,-0.7847362160682678,-0.03311514854431152,0.9776800274848938,-0.7687708139419556,-0.03311514854431152,1.5707963705062866,1.5707963705062866,1.5707963705062866,0.044043418020009995,14.999969489212626,14.999885612721249,5.137082909429893,29452.0
2.2998,0.0051,1,1,-1.237120270729065,0.21079662442207336,0.5282261371612549,-0.83991539478302,-0.2965904772281647,0.5000964999198914,-0.500216007232666,-0.4536595642566681,-0.4278179407119751,0.9827307462692261,0.10117321461439133,0.12328321486711502,0.09382747858762741,-0.0029291692710861216,0.44455522233836553,-0.011387697627124839,13.163959660647027,12.90426977828381,12.402897518240607,0.644984245300293,0.3972048759460449,-0.507387101650238,-0.028129637241363525,-0.500216007232666,-0.4536595642566681,-0.4278179407119751,0.10117321461439133,0.12328321486711502,0.09382747858762741,0.9827307462692261,-0.0029291692189872265,0.44455522298812866,-0.011387697421014309,0.3972048759460449,-0.507387101650238,-0.028129637241363525,0.4382193684577942,-0.5742723941802979,-0.028129637241363525,0.48919206857681274,-0.6339181065559387,-0.028129637241363525,0.5488678812980652,-0.684855580329895,-0.028129637241363525,0.6157773733139038,-0.7258306741714478,-0.028129637241363525,0.6882729530334473,-0.7558342218399048,-0.028129637241363525,0.7645696401596069,-0.7741276025772095,-0.028129637241363525,0.8427886962890625,-0.7802603244781494,-0.028129637241363525,0.9210041165351868,-0.7740814685821533,-0.028129637241363525,0.9972899556159973,-0.7557430267333984,-0.028129637241363525,1.5707963705062866,1.5707963705062866,1.5707963705062866,0.0684271976351738,14.999984744606312,14.999942806360625,5.387827743954287,29452.0
2.3197,0.0057,1,1,-1.2462635040283203,0.19966138899326324,0.5195547938346863,-0.8325557708740234,-0.3104800879955292,0.5000964999198914,-0.456082284450531,-0.4748343825340271,-0.44866183400154114,0.9821766018867493,0.10140522569417953,0.127298966050148,0.09401631355285645,0.10120798607060519,0.2580485084960978,-0.004262851736822032,13.257882151109639,13.355519695367962,12.494735341705345,0.6570974588394165,0.4137077331542969,-0.5101414918899536,-0.019458293914794922,-0.456082284450531,-0.4748343825340271,-0.44866183400154114,0.10140522569417953,0.127298966050148,0.09401631355285645,0.9821766018867493,0.10120798647403717,0.25804850459098816,-0.0042628515511751175,0.4137077331542969,-0.5101414918899536,-0.019458293914794922,0.45680445432662964,-0.5757044553756714,-0.019458293914794922,0.5096268653869629,-0.6337184309959412,-0.019458293914794922,0.5708743333816528,-0.6827548742294312,-0.019458293914794922,0.6390387415885925,-0.721606433391571,-0.019458293914794922,0.7124416828155518,-0.7493163347244263,-0.019458293914794922,0.7892756462097168,-0.7652024030685425,-0.019458293914794922,0.8676488399505615,-0.768873393535614,-0.019458293914794922,0.9456313848495483,-0.7602388858795166,-0.019458293914794922,1.0213030576705933,-0.7395115494728088,-0.019458293914794922,1.5707963705062866,1.5707963705062866,1.5707963705062866,0.08936424553394318,14.999992372303156,14.999971403180313,5.5715033908837315,29452.0
2.3398,0.0059,1,1,-1.254953384399414,0.184551402926445,0.507144033908844,-0.8247376680374146,-0.3241746127605438,0.5000964999198914,-0.4143466353416443,-0.5201595425605774,-0.5057054162025452,0.9815947413444519,0.10334542393684387,0.13038209080696106,0.0937550961971283,0.15984585810375496,0.2589128873621534,-0.053374225684770626,13.531337144672678,13.685155803776992,12.543060098580005,0.666286289691925,0.4302157163619995,-0.5087260007858276,-0.007047533988952637,-0.4143466353416443,-0.5201595425605774,-0.5057054162025452,0.10334542393684387,0.13038209080696106,0.0937550961971283,0.9815947413444519,0.15984585881233215,0.2589128911495209,-0.05337422713637352,0.4302157163619995,-0.5087260007858276,-0.007047533988952637,0.4753584861755371,-0.5728973746299744,-0.007047533988952637,0.5299840569496155,-0.629216730594635,-0.007047533988952637,0.5927473902702332,-0.6762974858283997,-0.007047533988952637,0.6621030569076538,-0.7129801511764526,-0.007047533988952637,0.736343264579773,-0.738361656665802,-0.007047533988952637,0.8136399984359741,-0.7518168687820435,-0.007047533988952637,0.8920899629592896,-0.7530146241188049,-0.007047533988952637,0.9697614908218384,-0.7419252991676331,-0.007047533988952637,1.0447418689727783,-0.7188220620155334,-0.007047533988952637,1.5707963705062866,1.5707963705062866,1.5707963705062866,0.12385375052690506,14.999996186151577,14.999985701590155,5.668152904633081,29452.0
2.36,0.0055,1,1,-1.2627344131469727,0.16799096763134003,0.4963392913341522,-0.8164263963699341,-0.3377183675765991,0.5000964999198914,-0.37158259749412537,-0.5669041275978088,-0.5519900918006897,0.9809629321098328,0.10617935657501221,0.13329319655895233,0.0931054875254631,0.28327009211299087,0.21016929960178532,-0.060983863120968186,13.902041008582515,13.989236223470792,12.557571541257195,0.6744975447654724,0.4463080167770386,-0.5057093501091003,0.0037572085857391357,-0.37158259749412537,-0.5669041275978088,-0.5519900918006897,0.10617935657501221,0.13329319655895233,0.0931054875254631,0.9809629321098328,0.28327009081840515,0.21016930043697357,-0.06098386272788048,0.4463080167770386,-0.5057093501091003,0.0037572085857391357,0.49346715211868286,-0.5684137940406799,0.0037572085857391357,0.5498548150062561,-0.6229689121246338,0.0037572085857391357,0.6140825748443604,-0.6680313944816589,0.0037572085857391357,0.6845688819885254,-0.7024916410446167,0.0037572085857391357,0.7595781683921814,-0.7255011200904846,0.0037572085857391357,0.8372634649276733,-0.7364932894706726,0.0037572085857391357,0.9157118797302246,-0.7351974844932556,0.0037572085857391357,0.9929916858673096,-0.7216456532478333,0.0037572085857391357,1.0672001838684082,-0.6961713433265686,0.0037572085857391357,1.5707963705062866,1.5707963705062866,1.5707963705062866,0.14764349162578583,14.999998093075789,14.999992850795078,5.697175789987446,31160.0
2.3799,0.0057,1,1,-1.2697862386703491,0.15398842096328735,0.48062047362327576,-0.8078291416168213,-0.3507852256298065,0.5000964999198914,-0.3292858302593231,-0.6030815839767456,-0.6222718358039856,0.9802612066268921,0.10899104923009872,0.13689927756786346,0.09200829267501831,0.2851278467104029,0.24058549543817567,-0.11360234610621238,14.276181977355348,14.379181889188006,12.53433125689824,0.6845291256904602,0.46195709705352783,-0.5047736167907715,0.0194760262966156,-0.3292858302593231,-0.6030815839767456,-0.6222718358039856,0.10899104923009872,0.13689927756786346,0.09200829267501831,0.9802612066268921,0.2851278483867645,0.24058549106121063,-0.11360234767198563,0.46195709705352783,-0.5047736167907715,0.0194760262966156,0.5110544562339783,-0.5659723281860352,0.0194760262966156,0.5691210031509399,-0.618736982345581,0.0194760262966156,0.6347268223762512,-0.6617684364318848,0.0194760262966156,0.7062565088272095,-0.6940070390701294,0.0194760262966156,0.7819488048553467,-0.7146590948104858,0.0194760262966156,0.8599399328231812,-0.7232159376144409,0.0194760262966156,0.938309371471405,-0.7194669842720032,0.0194760262966156,1.0151275396347046,-0.7035045027732849,0.0194760262966156,1.0885028839111328,-0.6757215261459351,0.0194760262966156,1.5707963705062866,1.5707963705062866,1.5707963705062866,0.1764509081840515,14.999999046537894,14.999996425397539,5.65069522126954,35160.0
2.4001,0.0062,1,1,-1.2761250734329224,0.13398481905460358,0.46742916107177734,-0.7987762689590454,-0.36364713311195374,0.5000964999198914,-0.28625696897506714,-0.6552731990814209,-0.6713326573371887,0.9796390533447266,0.11349794268608093,0.13849148154258728,0.09079459309577942,0.3425541885070268,0.23654424835252133,-0.12198924791249557,14.814495225686269,14.520911032749884,12.488067770507552,0.6903380155563354,0.47734880447387695,-0.4976319670677185,0.032667338848114014,-0.28625696897506714,-0.6552731990814209,-0.6713326573371887,0.11349794268608093,0.13849148154258728,0.09079459309577942,0.9796390533447266,0.3425541818141937,0.23654425144195557,-0.12198925018310547,0.47734880447387695,-0.4976319670677185,0.032667338848114014,0.528346836566925,-0.5572560429573059,0.032667338848114014,0.5880441665649414,-0.6081682443618774,0.032667338848114014,0.6549710035324097,-0.6491149067878723,0.032667338848114014,0.7274793386459351,-0.67908775806427,0.032667338848114014,0.8037837743759155,-0.6973488330841064,0.032667338848114014,0.8820053935050964,-0.7034484148025513,0.032667338848114014,0.9602181911468506,-0.6972363591194153,0.032667338848114014,1.0364962816238403,-0.6788656115531921,0.032667338848114014,1.1089613437652588,-0.6487885117530823,0.032667338848114014,1.5707963705062866,1.5707963705062866,1.5707963705062866,0.1948270946741104,14.999999523268947,14.99999821269877,5.5581682484881805,37973.0
2.4202,0.0052,1,1,-1.2821797132492065,0.11373983323574066,0.44708698987960815,-0.789313018321991,-0.3762311339378357,0.5000964999198914,-0.24697820842266083,-0.7059152126312256,-0.7562741041183472,0.9787762761116028,0.11778609454631805,0.1418008655309677,0.08952119946479797,0.18218057509900218,0.3765383544138508,-0.1540183955854708,15.356269965889743,14.862126236589372,12.466486263692238,0.6969929337501526,0.4928666949272156,-0.48997098207473755,0.0530095100402832,-0.24697820842266083,-0.7059152126312256,-0.7562741041183472,0.11778609454631805,0.1418008655309677,0.08952119946479797,0.9787762761116028,0.18218056857585907,0.37653836607933044,-0.15401840209960938,0.4928666949272156,-0.48997098207473755,0.0530095100402832,0.5457167625427246,-0.5479598045349121,0.0530095100402832,0.6069875955581665,-0.5969671010971069,0.0530095100402832,0.6751704812049866,-0.6357861757278442,0.0530095100402832,0.7485865950584412,-0.6634611487388611,0.0530095100402832,0.8254281282424927,-0.6793106198310852,0.0530095100402832,0.9038031101226807,-0.6829442381858826,0.0530095100402832,0.9817814826965332,-0.6742725968360901,0.0530095100402832,1.0574432611465454,-0.653509259223938,0.0530095100402832,1.1289255619049072,-0.62116539478302,0.0530095100402832,1.5707963705062866,1.5707963705062866,1.5707963705062866,0.20000000298023224,14.999999761634474,14.999999106349385,5.515005234857534,38675.0
2.4398,0.0046,1,1,-1.287115216255188,0.09494920074939728,0.43137574195861816,-0.7796437740325928,-0.3882869482040405,0.5000964999198914,-0.20053279399871826,-0.7520003318786621,-0.7989853620529175,0.9783421754837036,0.11878582090139389,0.14461271464824677,0.08844007551670074,-0.09160769813741146,0.17445812366231536,-0.13852877657291904,15.506084582955587,15.185834298917307,12.410222831794062,0.7041072249412537,0.5074714422225952,-0.4832361340522766,0.0687207579612732,-0.20053279399871826,-0.7520003318786621,-0.7989853620529175,0.11878582090139389,0.14461271464824677,0.08844007551670074,0.9783421754837036,-0.09160769730806351,0.1744581162929535,-0.13852877914905548,0.5074714422225952,-0.4832361340522766,0.0687207579612732,0.5620884299278259,-0.5395639538764954,0.0687207579612732,0.6248445510864258,-0.5866542458534241,0.0687207579612732,0.6941946148872375,-0.6233475804328918,0.0687207579612732,0.7684309482574463,-0.6487404108047485,0.0687207579612732,0.8457256555557251,-0.6622074842453003,0.0687207579612732,0.9241753816604614,-0.6634172201156616,0.0687207579612732,1.001848578453064,-0.6523398160934448,0.0687207579612732,1.0768325328826904,-0.6292480230331421,0.0687207579612732,1.1472810506820679,-0.5947104692459106,0.0687207579612732,1.5707963705062866,1.5707963705062866,1.5707963705062866,0.20000000298023224,14.999999880817237,14.999999553174693,5.402478371061164,38675.0
2.4602,0.0055,1,1,-1.2910215854644775,0.06847555190324783,0.4145066738128662,-0.7693825364112854,-0.40029221773147583,0.5000964999198914,-0.15011771023273468,-0.8191107511520386,-0.8343660831451416,0.9781577587127686,0.12004057317972183,0.1453845500946045,0.08751535415649414,-0.0023607419833952775,0.026335729542495374,-0.09205293705978067,15.653112353951656,15.27233367092935,12.336755508147956,0.7065240144729614,0.5216390490531921,-0.46876776218414307,0.08558982610702515,-0.15011771023273468,-0.8191107511520386,-0.8343660831451416,0.12004057317972183,0.1453845500946045,0.08751535415649414,0.9781577587127686,-0.002360742073506117,0.02633572928607464,-0.09205293655395508,0.5216390490531921,-0.46876776218414307,0.08558982610702515,0.578007698059082,-0.5233425498008728,0.08558982610702515,0.6422197818756104,-0.5684273838996887,0.08558982610702515,0.7126940488815308,-0.602912187576294,0.08558982610702515,0.7876953482627869,-0.6259478330612183,0.08558982610702515,0.8653767704963684,-0.6369670629501343,0.08558982610702515,0.9438256025314331,-0.6356985569000244,0.08558982610702515,1.0211101770401,-0.6221736073493958,0.08558982610702515,1.0953274965286255,-0.5967252254486084,0.08558982610702515,1.1646500825881958,-0.5599799752235413,0.08558982610702515,1.5707963705062866,1.5707963705062866,1.5707963705062866,0.20000000298023224,14.999999940408618,14.999999776587346,5.2555437237689455,38675.0
2.4807,0.0056,1,1,-1.2955396175384521,0.04037288948893547,0.3913041055202484,-0.7586746215820312,-0.4120446443557739,0.5000964999198914,-0.1045750230550766,-0.8888925909996033,-0.8920850157737732,0.9780333638191223,0.12235884368419647,0.14480586349964142,0.08665035665035248,0.08106163847734651,-0.022741005106079428,-0.09877143502215648,15.903159153903333,15.191443241385443,12.260158333605558,0.7104515433311462,0.5368649959564209,-0.4524175226688385,0.10879239439964294,-0.1045750230550766,-0.8888925909996033,-0.8920850157737732,0.12235884368419647,0.14480586349964142,0.08665035665035248,0.9780333638191223,0.08106163889169693,-0.022741004824638367,-0.09877143800258636,0.5368649959564209,-0.4524175226688385,0.10879239439964294,0.5949403047561646,-0.5051724910736084,0.10879239439964294,0.6605532765388489,-0.5481930375099182,0.10879239439964294,0.7320883870124817,-0.5804197192192078,0.10879239439964294,0.8077841401100159,-0.6010591387748718,0.10879239439964294,0.8857766389846802,-0.6096029877662659,0.10879239439964294,0.9641454815864563,-0.6058409810066223,0.10879239439964294,1.0409610271453857,-0.5898656845092773,0.10879239439964294,1.114331603050232,-0.5620704293251038,0.10879239439964294,1.1824508905410767,-0.5231397151947021,0.10879239439964294,1.5707963705062866,1.5707963705062866,1.5707963705062866,0.20000000298023224,14.999999970204309,14.999999888293672,5.10234937468419,38675.0
2.5003,0.0058,1,1,-1.298831820487976,0.016743557527661324,0.37304726243019104,-0.7477307915687561,-0.42331862449645996,0.5000964999198914,-0.05331726744771004,-0.9445021152496338,-0.9118281602859497,0.9782187938690186,0.12300588935613632,0.1436067521572113,0.08563075214624405,-0.12601411655744596,-0.04559643043168059,-0.11303405249672469,15.94333363936895,15.063622703062183,12.126980017799134,0.7165951132774353,0.55110102891922,-0.44006219506263733,0.12704923748970032,-0.05331726744771004,-0.9445021152496338,-0.9118281602859497,0.12300588935613632,0.1436067521572113,0.08563075214624405,0.9782187938690186,-0.1260141134262085,-0.04559643194079399,-0.11303405463695526,0.55110102891922,-0.44006219506263733,0.12704923748970032,0.6108052134513855,-0.4909663796424866,0.12704923748970032,0.6777375340461731,-0.5319040417671204,0.12704923748970032,0.7502499222755432,-0.5618671774864197,0.12704923748970032,0.8265568017959595,-0.5801180005073547,0.12704923748970032,0.9047791957855225,-0.5862070918083191,0.12704923748970032,0.9829911589622498,-0.5799845457077026,0.12704923748970032,1.0592668056488037,-0.5616035461425781,0.12704923748970032,1.131727933883667,-0.5315167307853699,0.12704923748970032,1.1985902786254883,-0.4904649555683136,0.12704923748970032,1.5707963705062866,1.5707963705062866,1.5707963705062866,0.20000000298023224,14.999999985102153,14.999999944146836,4.835992743071345,38675.0
2.5204,0.0061,1,1,-1.3025542497634888,-0.01737361215054989,0.34978801012039185,-0.7365210652351379,-0.43416547775268555,0.5000964999198914,-0.00945577397942543,-1.0245802402496338,-0.9564180374145508,0.9784034490585327,0.12397485971450806,0.1420106589794159,0.08478111773729324,-0.34813054822403006,-0.22211777156950757,-0.1050009433188801,16.017617535921605,14.884181573130055,12.010677573757675,0.7188196182250977,0.5660331845283508,-0.4167918562889099,0.1503084897994995,-0.00945577397942543,-1.0245802402496338,-0.9564180374145508,0.12397485971450806,0.1420106589794159,0.08478111773729324,0.9784034490585327,-0.34813055396080017,-0.22211776673793793,-0.10500094294548035,0.5660331845283508,-0.4167918562889099,0.1503084897994995,0.6272962093353271,-0.4658088982105255,0.1503084897994995,0.6954729557037354,-0.5046388506889343,0.1503084897994995,0.7688846588134766,-0.5323255062103271,0.1503084897994995,0.8457236886024475,-0.5481871962547302,0.1503084897994995,0.924098014831543,-0.5518333315849304,0.1503084897994995,1.0020778179168701,-0.543174147605896,0.1503084897994995,1.0777429342269897,-0.5224227905273438,0.1503084897994995,1.1492302417755127,-0.4900903105735779,0.1503084897994995,1.2147796154022217,-0.4469728469848633,0.1503084897994995,1.5707963705062866,1.5707963705062866,1.5707963705062866,0.20000000298023224,14.999999992551077,14.999999972073418,4.603387854988417,38675.0
2.5402,0.0062,1,1,-1.304910659790039,-0.058634694665670395,0.32921913266181946,-0.724886953830719,-0.44473791122436523,0.5000964999198914,0.0377335287630558,-1.1196873188018799,-0.9802476763725281,0.9789595007896423,0.12376788258552551,0.1388561874628067,0.08388525992631912,-0.31559281168425535,-0.23131849379302696,-0.12319286356715688,15.92720238731712,14.54288432593457,11.84042417035033,0.7174275517463684,0.5800237059593201,-0.38610321283340454,0.1708773672580719,0.0377335287630558,-1.1196873188018799,-0.9802476763725281,0.12376788258552551,0.1388561874628067,0.08388525992631912,0.9789595007896423,-0.31559282541275024,-0.23131848871707916,-0.12319286167621613,0.5800237059593201,-0.38610321283340454,0.1708773672580719,0.6427974104881287,-0.4331701397895813,0.1708773672580719,0.712161123752594,-0.46983760595321655,0.1708773672580719,0.786406934261322,-0.49520277976989746,0.1708773672580719,0.8637065887451172,-0.5086410641670227,0.1708773672580719,0.9421567916870117,-0.5098215341567993,0.1708773672580719,1.0198259353637695,-0.4987151622772217,0.1708773672580719,1.0948011875152588,-0.47559547424316406,0.1708773672580719,1.1652368307113647,-0.4410316050052643,0.1708773672580719,1.229398250579834,-0.3958747684955597,0.1708773672580719,1.3172847032546997,1.5707963705062866,1.3090499639511108,0.20000000298023224,14.999999996275537,14.999999986036709,4.262881048173706,38675.0
2.56,0.0065,1,1,-1.307077407836914,-0.08685611933469772,0.3074207603931427,-0.7128928303718567,-0.4549669623374939,0.5000964999198914,0.08319006860256195,-1.1769510507583618,-1.0036526918411255,0.9795776605606079,0.1219327300786972,0.13673551380634308,0.08283314853906631,-0.27315142819599164,-0.13656933915613645,-0.16026059550926436,15.661242713875746,14.340621692696864,11.649248695883221,0.7250412702560425,0.5941845774650574,-0.3681108355522156,0.19267573952674866,0.08319006860256195,-1.1769510507583618,-1.0036526918411255,0.1219327300786972,0.13673551380634308,0.08283314853906631,0.9795776605606079,-0.2731514275074005,-0.1365693360567093,-0.16026060283184052,0.5941845774650574,-0.3681108355522156,0.19267573952674866,0.6584107875823975,-0.4131755232810974,0.19267573952674866,0.728895902633667,-0.44763821363449097,0.19267573952674866,0.8039044141769409,-0.470650315284729,0.19267573952674866,0.8815892934799194,-0.4816451668739319,0.19267573952674866,0.9600377082824707,-0.4803520441055298,0.19267573952674866,1.0373179912567139,-0.46680283546447754,0.19267573952674866,1.1115273237228394,-0.44133108854293823,0.19267573952674866,1.1808383464813232,-0.4045640826225281,0.19267573952674866,1.2435444593429565,-0.3574070930480957,0.19267573952674866,0.529274582862854,1.5707963705062866,1.0544692277908325,0.20000000298023224,14.999999998137769,14.999999993018355,3.8805300992394858,38675.0
2.5802,0.0064,1,1,-1.3035597801208496,-0.13413606584072113,0.2854645252227783,-0.7006624937057495,-0.4647507071495056,0.5000964999198914,0.142669215798378,-1.2777514457702637,-1.027026891708374,0.9797577261924744,0.12233028560876846,0.13584348559379578,0.08157621324062347,-0.36995784980783314,-0.14290469146143392,-0.1668872893154381,15.67557370806631,14.254471075218834,11.491293823733999,0.7203180193901062,0.6028972864151001,-0.3306146264076233,0.21463197469711304,0.142669215798378,-1.2777514457702637,-1.027026891708374,0.12233028560876846,0.13584348559379578,0.08157621324062347,0.9797577261924744,-0.3699578642845154,-0.14290469884872437,-0.1668872833251953,0.6028972864151001,-0.3306146264076233,0.21463197469711304,0.66850346326828,-0.3736456036567688,0.21463197469711304,0.7400333881378174,-0.4058837294578552,0.21463197469711304,0.8157258033752441,-0.4265352487564087,0.21463197469711304,0.8937169313430786,-0.4350915551185608,0.21463197469711304,0.9720864295959473,-0.43134206533432007,0.21463197469711304,1.0489044189453125,-0.41537904739379883,0.21463197469711304,1.1222795248031616,-0.387595534324646,0.21463197469711304,1.190405011177063,-0.3486757278442383,0.21463197469711304,1.251603364944458,-0.29957789182662964,0.21463197469711304,-0.6169080138206482,1.5707963705062866,0.7462254762649536,0.20000000298023224,-9.311147408652687e-10,14.999999996509178,3.5646203549410282,38675.0
2.6001,0.0056,1,1,-1.3019081354141235,-0.1854996383190155,0.2612106204032898,-0.6879839897155762,-0.47425371408462524,0.5000964999198914,0.19099098443984985,-1.383018136024475,-1.0624971389770508,0.9801511764526367,0.12264376133680344,0.13335275650024414,0.0804806500673294,-0.4180724821425086,-0.03856677954663185,-0.22060857482451648,15.65732431382876,13.985174691713464,11.320366639709759,0.7192692160606384,0.6139241456985474,-0.28875407576560974,0.23888587951660156,0.19099098443984985,-1.383018136024475,-1.0624971389770508,0.12264376133680344,0.13335275650024414,0.0804806500673294,0.9801511764526367,-0.41807249188423157,-0.03856677934527397,-0.22060857713222504,0.6139241456985474,-0.28875407576560974,0.23888587951660156,0.6808607578277588,-0.32968470454216003,0.23888587951660156,0.7533762454986572,-0.3596402108669281,0.23888587951660156,0.8296850919723511,-0.3778829872608185,0.23888587951660156,0.9079081416130066,-0.3839639127254486,0.23888587951660156,0.9861194491386414,-0.3777330815792084,0.23888587951660156,1.0623931884765625,-0.35934409499168396,0.23888587951660156,1.134851098060608,-0.32924965023994446,0.23888587951660156,1.2017091512680054,-0.2881907820701599,0.23888587951660156,1.2613210678100586,-0.2371785044670105,0.23888587951660156,-1.5707963705062866,1.5707963705062866,0.4753214120864868,0.20000000298023224,-7.500000000465557,14.999999998254589,3.2227659868925516,38675.0
2.6197,0.0046,1,1,-1.30112886428833,-0.21551759541034698,0.23989371955394745,-0.6754017472267151,-0.48308494687080383,0.5000964999198914,0.23643796145915985,-1.4321807622909546,-1.070793628692627,0.9812381267547607,0.11697687208652496,0.13103973865509033,0.07946508377790451,-1.2059581711561453,-0.14414256202561637,-0.15413743888619738,14.941669112851597,13.802228037312293,11.078518486654986,0.7285823225975037,0.625727117061615,-0.26756733655929565,0.2602027654647827,0.23643796145915985,-1.4321807622909546,-1.070793628692627,0.11697687208652496,0.13103973865509033,0.07946508377790451,0.9812381267547607,-1.2059581279754639,-0.14414256811141968,-0.15413743257522583,0.625727117061615,-0.26756733655929565,0.2602027654647827,0.6938903331756592,-0.3064209818840027,0.2602027654647827,0.7672923803329468,-0.3341331481933594,0.2602027654647827,0.8441259264945984,-0.3500215411186218,0.2602027654647827,0.9224989414215088,-0.3536949157714844,0.2602027654647827,1.0004818439483643,-0.345062792301178,0.2602027654647827,1.076154112815857,-0.32433778047561646,0.2602027654647827,1.1476526260375977,-0.2920301556587219,0.2602027654647827,1.21321702003479,-0.24893541634082794,0.2602027654647827,1.2712326049804688,-0.19611476361751556,0.2602027654647827,-1.5707963705062866,1.5707963705062866,0.4610844850540161,0.20000000298023224,-11.25000000023278,14.999999999127294,2.7390696807830133,38675.0
2.64,0.0055,1,1,-1.2720743417739868,-0.2626221776008606,0.21256133913993835,-0.6620399355888367,-0.491851270198822,0.5000964999198914,0.35897186398506165,-1.5118342638015747,-1.120054006576538,0.9817637801170349,0.10355622321367264,0.1292697638273239,0.09329186379909515,-2.4208909288697487,-0.03925427042084661,-0.35933523258880684,13.531479980012703,13.562318587179853,12.47285020295051,0.7122951745986938,0.6100344061851501,-0.22922909259796143,0.287535160779953,0.35897186398506165,-1.5118342638015747,-1.120054006576538,0.10355622321367264,0.1292697638273239,0.09329186379909515,0.9817637801170349,-2.420891046524048,-0.03925427049398422,-0.3593352437019348,0.6100344061851501,-0.22922909259796143,0.287535160779953,0.6794044971466064,-0.26588451862335205,0.287535160779953,0.7536546587944031,-0.2912368178367615,0.287535160779953,0.8309566974639893,-0.30466169118881226,0.287535160779953,0.9094071388244629,-0.3058285713195801,0.287535160779953,0.9870742559432983,-0.2947087287902832,0.287535160779953,1.0620455741882324,-0.271575927734375,0.287535160779953,1.1324751377105713,-0.23699989914894104,0.287535160779953,1.1966288089752197,-0.19183191657066345,0.287535160779953,1.2529267072677612,-0.13718420267105103,0.287535160779953,-1.5707963705062866,1.5707963705062866,0.4044855833053589,0.20000000298023224,-13.12500000011639,14.999999999563647,5.527733113374083,38675.0
2.6596,0.0057,1,1,-1.2610660791397095,-0.32869791984558105,0.1851254403591156,-0.6489219069480896,-0.499880850315094,0.5000964999198914,0.4141739010810852,-1.6341863870620728,-1.1568318605422974,0.9841471314430237,0.08129723370075226,0.1262512356042862,0.09435977786779404,-3.1894320815153225,0.11488801208958334,-0.3093449026088749,10.897550696070583,13.483021168320235,12.245522040503955,0.7093876600265503,0.6121441721916199,-0.17118293046951294,0.31497105956077576,0.4141739010810852,-1.6341863870620728,-1.1568318605422974,0.08129723370075226,0.1262512356042862,0.09435977786779404,0.9841471314430237,-3.189432144165039,0.1148880124092102,-0.3093448877334595,0.6121441721916199,-0.17118293046951294,0.31497105956077576,0.6826088428497314,-0.20568740367889404,0.31497105956077576,0.7576037049293518,-0.22874397039413452,0.31497105956077576,0.835282027721405,-0.23978489637374878,0.31497105956077576,0.9137312173843384,-0.23853826522827148,0.31497105956077576,0.991019606590271,-0.2250348925590515,0.31497105956077576,1.0652439594268799,-0.19960719347000122,0.31497105956077576,1.1345767974853516,-0.1628812551498413,0.31497105956077576,1.1973108053207397,-0.11576148867607117,0.31497105956077576,1.2519012689590454,-0.059408038854599,0.31497105956077576,-1.5707963705062866,1.5707963705062866,0.2570788860321045,0.20000000298023224,-14.062500000058195,14.999999999781824,5.073076788480971,38675.0
2.6796,0.0049,1,1,-1.1810628175735474,-0.5306922793388367,0.1850663125514984,-0.6353050470352173,-0.5076450705528259,0.5000964999198914,0.638073742389679,-1.9382699728012085,-1.0568969249725342,0.9851731657981873,0.05613553151488304,0.12509828805923462,0.10310699045658112,-3.19915581528742,-0.20821673646956648,-0.3303711586262958,8.066962425507047,13.586377858333151,12.912006387165459,0.630576491355896,0.5457577705383301,0.023047208786010742,0.31503018736839294,0.638073742389679,-1.9382699728012085,-1.0568969249725342,0.05613553151488304,0.12509828805923462,0.10310699045658112,0.9851731657981873,-3.199155807495117,-0.20821674168109894,-0.3303711712360382,0.5457577705383301,0.023047208786010742,0.31503018736839294,0.6172693967819214,-0.0092315673828125,0.31503018736839294,0.6929501295089722,-0.029926002025604248,0.31503018736839294,0.7709363698959351,-0.03852659463882446,0.31503018736839294,0.8493079543113708,-0.034821510314941406,0.31503018736839294,0.9261350631713867,-0.018902122974395752,0.31503018736839294,0.9995259046554565,0.008839726448059082,0.31503018736839294,1.0676734447479248,0.047720909118652344,0.31503018736839294,1.1288995742797852,0.09678399562835693,0.31503018736839294,1.1816967725753784,0.15482091903686523,0.31503018736839294,-1.5707963705062866,1.5707963705062866,-0.23076629638671875,0.20000000298023224,-14.531250000029097,14.999999999890912,6.406045481803978,38675.0
2.7001,0.0053,1,1,-1.1689341068267822,-0.5649573802947998,0.16492228209972382,-0.6212576627731323,-0.5150774121284485,0.5000964999198914,0.6780625581741333,-1.9353914260864258,-1.0439693927764893,0.9871519804000854,0.022448984906077385,0.11879457533359528,0.10446473956108093,-2.9897799545981534,-0.4010127049631381,-0.1443102413057505,4.073887140433916,13.28802565886636,12.556324313346915,0.6440335512161255,0.5476764440536499,0.04987996816635132,0.33517420291900635,0.6780625581741333,-1.9353914260864258,-1.0439693927764893,0.022448984906077385,0.11879457533359528,0.10446473956108093,0.9871519804000854,-2.9897799491882324,-0.40101271867752075,-0.14431023597717285,0.5476764440536499,0.04987996816635132,0.33517420291900635,0.6201778054237366,0.019890248775482178,0.33517420291900635,0.696478009223938,0.001611471176147461,0.33517420291900635,0.7746981978416443,-0.004506289958953857,0.33517420291900635,0.852912425994873,0.0016875863075256348,0.33517420291900635,0.9291947484016418,0.020040571689605713,0.33517420291900635,1.0016669034957886,0.050100862979888916,0.33517420291900635,1.0685443878173828,0.0911281406879425,0.33517420291900635,1.1281802654266357,0.14211228489875793,0.33517420291900635,1.17910635471344,0.20179781317710876,0.33517420291900635,-1.5707963705062866,1.5707963705062866,-0.30130791664123535,0.20000000298023224,-14.765625000014548,14.999999999945455,5.694681334166899,38675.0
2.7204,0.0054,1,1,-1.1149710416793823,-0.7640416622161865,0.1391209065914154,-0.607008159160614,-0.5220468044281006,0.5000964999198914,0.8238922953605652,-2.151043653488159,-1.0001413822174072,0.9873191714286804,-0.004965115338563919,0.11172150075435638,0.1126614362001419,-2.7521301115638424,-0.462071432039062,-0.08780969752782221,0.9031007535472086,12.810565445645691,13.120909550771389,0.668499231338501,0.5079628825187683,0.24199485778808594,0.36097559332847595,0.8238922953605652,-2.151043653488159,-1.0001413822174072,-0.004965115338563919,0.11172150075435638,0.1126614362001419,0.9873191714286804,-2.7521300315856934,-0.46207141876220703,-0.08780969679355621,0.5079628825187683,0.24199485778808594,0.36097559332847595,0.5813790559768677,0.21432006359100342,0.36097559332847595,0.658220648765564,0.19847077131271362,0.36097559332847595,0.7365955710411072,0.19483733177185059,0.36097559332847595,0.8145740032196045,0.20350909233093262,0.36097559332847595,0.8902357220649719,0.22427266836166382,0.36097559332847595,0.9617178440093994,0.2566167116165161,0.36097559332847595,1.027260184288025,0.29974478483200073,0.36097559332847595,1.0852488279342651,0.3525949716567993,0.36097559332847595,1.1342560052871704,0.41386592388153076,0.36097559332847595,-1.5707963705062866,1.5707963705062866,-0.5230729579925537,0.20000000298023224,-14.882812500007274,14.999999999972728,6.8238518090158315,38675.0
2.7402,0.0062,1,1,-1.0961642265319824,-0.7984827160835266,0.1325601041316986,-0.5928437113761902,-0.5284316539764404,0.5000964999198914,0.849791407585144,-2.085754156112671,-0.8901898860931396,0.9874505996704102,-0.039084549993276596,0.10016009211540222,0.11567053198814392,-2.4609715032754416,-0.3993845814307182,-0.12983763357922953,-3.1649683695468913,11.937709278568478,13.031400755818797,0.6792216897010803,0.5033205151557922,0.2700510621070862,0.36753639578819275,0.849791407585144,-2.085754156112671,-0.8901898860931396,-0.039084549993276596,0.10016009211540222,0.11567053198814392,0.9874505996704102,-2.4609715938568115,-0.39938458800315857,-0.12983763217926025,0.5033205151557922,0.2700510621070862,0.36753639578819275,0.5775611400604248,0.24467068910598755,0.36753639578819275,0.6548580527305603,0.23121654987335205,0.36753639578819275,0.7333080768585205,0.23001998662948608,0.36753639578819275,0.8109793663024902,0.24111038446426392,0.36753639578819275,0.8859594464302063,0.26421475410461426,0.36753639578819275,0.9564021229743958,0.2987641394138336,0.36753639578819275,1.0205727815628052,0.34390780329704285,0.36753639578819275,1.0768914222717285,0.39853420853614807,0.36753639578819275,1.1239712238311768,0.46129822731018066,0.36753639578819275,-1.5707963705062866,1.5707963705062866,-0.5341541767120361,0.20000000298023224,-14.941406250003638,14.999999999986365,6.644834219110624,38675.0
2.7604,0.0061,1,1,-1.0731955766677856,-0.8123114109039307,0.16063253581523895,-0.5782530903816223,-0.534466028213501,0.5000964999198914,0.8430835008621216,-1.8448785543441772,-0.5348256230354309,0.9861091375350952,-0.07708414644002914,0.08602560311555862,0.11935007572174072,-2.014974445522907,-0.373779386103556,-0.09046373729116793,-7.693932863844221,10.839663355391087,13.070938292391748,0.6613636612892151,0.49494248628616333,0.2778453826904297,0.3394639492034912,0.8430835008621216,-1.8448785543441772,-0.5348256230354309,-0.07708414644002914,0.08602560311555862,0.11935007572174072,0.9861091375350952,-2.014974355697632,-0.37377938628196716,-0.09046373516321182,0.49494248628616333,0.2778453826904297,0.3394639492034912,0.5699474215507507,0.2548217177391052,0.3394639492034912,0.6476306319236755,0.24381494522094727,0.3394639492034912,0.7260792255401611,0.24509596824645996,0.3394639492034912,0.8033616542816162,0.25863325595855713,0.3394639492034912,0.8775749206542969,0.28409355878829956,0.3394639492034912,0.9468915462493896,0.3208499252796173,0.3394639492034912,1.0096049308776855,0.36799725890159607,0.3394639492034912,1.0641705989837646,0.42437463998794556,0.3394639492034912,1.1092451810836792,0.4885939061641693,0.3394639492034912,-1.5707963705062866,1.5707963705062866,-0.48604464530944824,0.20000000298023224,-14.970703125001819,14.999999999993182,6.72390929225654,38675.0
2.7797,0.0056,1,1,-1.0947847366333008,-0.8516457676887512,0.1276533305644989,-0.5636864900588989,-0.5399622917175293,0.5000964999198914,0.6001281142234802,-1.662611961364746,-0.6666489839553833,0.985264241695404,-0.10958544909954071,0.06573620438575745,0.11367560178041458,-1.4394434960358449,-0.2543371937799906,0.07286761611301232,-11.738027291300364,8.884867382672944,12.24773763010836,0.7196706533432007,0.5310982465744019,0.3116834759712219,0.37244316935539246,0.6001281142234802,-1.662611961364746,-0.6666489839553833,-0.10958544909954071,0.06573620438575745,0.11367560178041458,0.985264241695404,-1.4394434690475464,-0.2543371915817261,0.07286761701107025,0.5310982465744019,0.3116834759712219,0.37244316935539246,0.6067836284637451,0.2910062074661255,0.37244316935539246,0.6847718954086304,0.28242337703704834,0.37244316935539246,0.7631425857543945,0.28614622354507446,0.37244316935539246,0.8399660587310791,0.3020831346511841,0.37244316935539246,0.9133506417274475,0.329841673374176,0.37244316935539246,0.9814893007278442,0.3687382936477661,0.37244316935539246,1.0427043437957764,0.41781529784202576,0.37244316935539246,1.0954883098602295,0.4758642315864563,0.37244316935539246,1.1385416984558105,0.5414557456970215,0.37244316935539246,-1.5707963705062866,1.5707963705062866,-0.49401938915252686,0.20000000298023224,-14.98535156250091,14.999999999996591,5.077507967689746,38675.0
2.7998,0.0056,1,1,-1.1046735048294067,-0.876141369342804,0.10342466831207275,-0.5487852096557617,-0.5450577139854431,0.5000964999198914,0.5070477724075317,-1.5311089754104614,-0.7346726655960083,0.9830807447433472,-0.12929439544677734,0.05532596632838249,0.11735501885414124,-0.48958761189592415,0.3514135933473389,-0.012167499282327162,-14.09894756217369,7.99730238793955,12.62434075973842,0.7589312791824341,0.555888295173645,0.33108365535736084,0.3966718316078186,0.5070477724075317,-1.5311089754104614,-0.7346726655960083,-0.12929439544677734,0.05532596632838249,0.11735501885414124,0.9830807447433472,-0.48958760499954224,0.3514136075973511,-0.012167499400675297,0.555888295173645,0.33108365535736084,0.3966718316078186,0.6321873664855957,0.31280016899108887,0.3966718316078186,0.7104071974754333,0.3066776394844055,0.3966718316078186,0.7886217832565308,0.31286680698394775,0.3966718316078186,0.8649052381515503,0.3312152028083801,0.3966718316078186,0.9373792409896851,0.3612710237503052,0.3966718316078186,1.0042591094970703,0.40229424834251404,0.3966718316078186,1.0638982057571411,0.45327475666999817,0.3966718316078186,1.1148278713226318,0.5129572153091431,0.3966718316078186,1.1557941436767578,0.5798720121383667,0.3966718316078186,-1.5707963705062866,1.5707963705062866,-0.5422325134277344,0.20000000298023224,-14.992675781250455,14.999999999998295,5.830714226949897,38675.0
2.8201,0.0062,1,1,-1.1041229963302612,-0.8905973434448242,0.08054691553115845,-0.5335686802864075,-0.5497283935546875,0.5000964999198914,0.4415043294429779,-1.3154021501541138,-0.7841469645500183,0.9798480868339539,-0.14763668179512024,0.05280943587422371,0.12373451888561249,15.454511292270562,-12.155424618135662,1.566623020208688,-16.200718867507877,8.049348269266204,13.246824901282832,0.7859680652618408,0.5705543160438538,0.3408689498901367,0.4195495843887329,0.4415043294429779,-1.3154021501541138,-0.7841469645500183,-0.14763668179512024,0.05280943587422371,0.12373451888561249,0.9798480868339539,15.454511642456055,-12.155425071716309,1.5666229724884033,0.5705543160438538,0.3408689498901367,0.4195495843887329,0.6473966836929321,0.3250234127044678,0.4195495843887329,0.7257717847824097,0.32139378786087036,0.4195495843887329,0.8037497997283936,0.330069363117218,0.4195495843887329,0.8794105052947998,0.3508365750312805,0.4195495843887329,0.9508910775184631,0.3831840753555298,0.4195495843887329,1.0164313316345215,0.4263153374195099,0.4195495843887329,1.0744174718856812,0.4791683554649353,0.4195495843887329,1.1234216690063477,0.540441632270813,0.4195495843887329,1.1622371673583984,0.6086266040802002,0.4195495843887329,-1.5707963705062866,1.5707963705062866,-0.8284137845039368,0.20000000298023224,-14.996337890625227,14.999999999999147,7.075682510038728,38675.0
2.8399,0.0054,1,1,-1.0897996425628662,-0.9316098690032959,0.08315243571996689,-0.5185422897338867,-0.5538275837898254,0.5000964999198914,0.3730916678905487,-1.2885408401489258,-0.19654503464698792,0.9880512356758118,-0.035000260919332504,-0.01593455858528614,0.1492440402507782,-16.5514939768851,8.296589952397946,-1.0260541826702407,-4.2401327804391356,-1.2056586331966996,17.223661401584458,0.8018084168434143,0.5712573528289795,0.37778228521347046,0.41694405674934387,0.3730916678905487,-1.2885408401489258,-0.19654503464698792,-0.035000260919332504,-0.01593455858528614,0.1492440402507782,0.9880512356758118,-16.551494598388672,8.296589851379395,-1.0260541439056396,0.5712573528289795,0.37778228521347046,0.41694405674934387,0.6485559940338135,0.36433786153793335,0.41694405674934387,0.7270060777664185,0.3631511330604553,0.41694405674934387,0.8046759963035583,0.3742513060569763,0.41694405674934387,0.8796532154083252,0.3973650336265564,0.41694405674934387,0.950091540813446,0.4319232702255249,0.41694405674934387,1.0142565965652466,0.4770749807357788,0.41694405674934387,1.070568323135376,0.5317084789276123,0.41694405674934387,1.1176402568817139,0.5944783687591553,0.41694405674934387,1.1543132066726685,0.6638392210006714,0.41694405674934387,-1.5707963705062866,1.5707963705062866,0.1843775510787964,0.20000000298023224,-14.998168945312614,14.999999999999574,15.029355510641974,38675.0
2.8601,0.006,1,1,-1.0842747688293457,-0.9238346815109253,0.09799407422542572,-0.5033184289932251,-0.5574740171432495,0.5000964999198914,0.3695566952228546,-0.835075855255127,0.6466458439826965,0.97816401720047,-0.1528545618057251,0.008000634610652924,0.1405869424343109,-10.65206485646375,3.7257415923643515,-0.39553498207500865,-17.29523948874688,3.361212196233826,15.846320554635879,0.795874834060669,0.5809563398361206,0.3663606643676758,0.40210241079330444,0.3695566952228546,-0.835075855255127,0.6466458439826965,-0.1528545618057251,0.008000634610652924,0.1405869424343109,0.97816401720047,-10.65206527709961,3.7257416248321533,-0.3955349922180176,0.5809563398361206,0.3663606643676758,0.40210241079330444,0.6586379408836365,0.35534268617630005,0.40210241079330444,0.7370867729187012,0.3566123843193054,0.40210241079330444,0.8143711090087891,0.37013858556747437,0.40210241079330444,0.888588011264801,0.395588219165802,0.40210241079330444,0.9579099416732788,0.4323345720767975,0.40210241079330444,1.020630121231079,0.4794728755950928,0.40210241079330444,1.0752038955688477,0.5358424186706543,0.40210241079330444,1.1202877759933472,0.6000551581382751,0.40210241079330444,1.1547714471817017,0.6705300211906433,0.40210241079330444,-1.5707963705062866,1.5707963705062866,0.6535173654556274,0.20000000298023224,-14.999084472656307,14.999999999999787,12.274673816744793,38675.0
2.8801,0.0055,1,1,-1.0812416076660156,-0.9293612241744995,0.09068994969129562,-0.48782476782798767,-0.5606730580329895,0.5000964999198914,0.29850560426712036,-0.5244743824005127,0.537079393863678,0.9489431381225586,-0.2853231728076935,0.03299371525645256,0.13041096925735474,-9.011300896245857,3.1127378358110027,-0.19290447566323557,-32.54630012455485,7.876418312971155,13.34743582452859,0.809745728969574,0.5934168100357056,0.36868816614151,0.40940654277801514,0.29850560426712036,-0.5244743824005127,0.537079393863678,-0.2853231728076935,0.03299371525645256,0.13041096925735474,0.9489431381225586,-9.011301040649414,3.1127378940582275,-0.19290447235107422,0.5934168100357056,0.36868816614151,0.40940654277801514,0.6714081764221191,0.3601332902908325,0.40940654277801514,0.7497775554656982,0.3638842701911926,0.40940654277801514,0.8265952467918396,0.3798487186431885,0.40940654277801514,0.8999698162078857,0.40763360261917114,0.40940654277801514,0.9680945873260498,0.4465547204017639,0.40940654277801514,1.0292919874191284,0.4956536889076233,0.40940654277801514,1.0820550918579102,0.55372154712677,0.40940654277801514,1.1250848770141602,0.619328498840332,0.40940654277801514,1.1573216915130615,0.6908590197563171,0.40940654277801514,-1.0786454677581787,1.5707963705062866,0.6561390161514282,0.20000000298023224,-14.999542236328153,14.999999999999893,7.276904356530233,38675.0
2.9002,0.006,1,1,-1.0764511823654175,-0.9269129633903503,0.10342925786972046,-0.4722552001476288,-0.5633776187896729,0.5000964999198914,0.2719680070877075,-0.25754594802856445,0.49389269948005676,0.9141479730606079,-0.38367974758148193,0.04916031286120415,0.12126235663890839,-6.423302734244143,1.9329437576262862,-0.12009501633052787,-44.53891293779123,10.540553595926921,10.785789228310167,0.8090460896492004,0.6041959524154663,0.3635353446006775,0.3966672420501709,0.2719680070877075,-0.25754594802856445,0.49389269948005676,-0.38367974758148193,0.04916031286120415,0.12126235663890839,0.9141479730606079,-6.42330265045166,1.9329437017440796,-0.12009501457214355,0.6041959524154663,0.3635353446006775,0.3966672420501709,0.682418704032898,0.35744941234588623,0.3966672420501709,0.7606303691864014,0.3636751174926758,0.3966672420501709,0.8369052410125732,0.38205915689468384,0.3966672420501709,0.909365177154541,0.4121488928794861,0.3966672420501709,0.9762259125709534,0.453203409910202,0.3966672420501709,1.0358411073684692,0.5042117834091187,0.3966672420501709,1.086742877960205,0.5639180541038513,0.3966672420501709,1.1276779174804688,0.6308519840240479,0.3966672420501709,1.1576380729675293,0.7033655643463135,0.3966672420501709,-0.5191217660903931,1.5707963705062866,0.6587332487106323,0.20000000298023224,-14.999771118164077,14.999999999999947,2.153611164093388,38675.0
2.9202,0.0061,1,1,-1.0731284618377686,-0.9348638653755188,0.08766906708478928,-0.45672231912612915,-0.5655744075775146,0.5000964999198914,0.255113422870636,-0.06299614906311035,0.2401452511548996,0.8825284838676453,-0.4524282217025757,0.05829968303442001,0.11424192041158676,-3.575826395649393,0.4797575181277918,0.08398147836223896,-53.36952717061554,11.904134784330845,8.752300383024606,0.8285092711448669,0.6164061427116394,0.36928945779800415,0.4124274253845215,0.255113422870636,-0.06299614906311035,0.2401452511548996,-0.4524282217025757,0.05829968303442001,0.11424192041158676,0.8825284838676453,-3.575826406478882,0.47975751757621765,0.0839814767241478,0.6164061427116394,0.36928945779800415,0.4124274253845215,0.6947812438011169,0.3656604290008545,0.4124274253845215,0.772759199142456,0.3743366599082947,0.4124274253845215,0.8484197854995728,0.39510446786880493,0.4124274253845215,0.9199000597000122,0.42745256423950195,0.4124274253845215,0.9854399561882019,0.47058433294296265,0.4124274253845215,1.0434256792068481,0.5234377980232239,0.4124274253845215,1.092429280281067,0.5847115516662598,0.4124274253845215,1.131244421005249,0.6528967022895813,0.4124274253845215,1.1589150428771973,0.7263144254684448,0.4124274253845215,-0.5379194021224976,1.5707963705062866,0.4550260305404663,0.20000000298023224,-14.999885559082038,14.999999999999973,-1.9133665264777355,38675.0
2.9402,0.0062,1,1,-1.069007396697998,-0.9318435788154602,0.08985988795757294,-0.44117626547813416,-0.5672783255577087,0.5000964999198914,0.24169321358203888,0.14742891490459442,0.14173755049705505,0.8633689284324646,-0.4880172610282898,0.05933117866516113,0.11362677067518234,-0.2844900196293289,-0.40342296561820074,0.15900639643864836,-58.074622095802006,12.31892188129703,8.137757862035345,0.8338907361030579,0.6278311014175415,0.36456525325775146,0.4102365970611572,0.24169321358203888,0.14742891490459442,0.14173755049705505,-0.4880172610282898,0.05933117866516113,0.11362677067518234,0.8633689284324646,-0.28449001908302307,-0.4034229516983032,0.15900640189647675,0.6278311014175415,0.36456525325775146,0.4102365970611572,0.7062814235687256,0.36338913440704346,0.4102365970611572,0.7839498519897461,0.3744997978210449,0.4102365970611572,0.8589239120483398,0.3976237177848816,0.4102365970611572,0.9293575286865234,0.4321914613246918,0.4102365970611572,0.9935164451599121,0.4773519039154053,0.4102365970611572,1.0498207807540894,0.5319929718971252,0.4102365970611572,1.0968842506408691,0.594769299030304,0.4102365970611572,1.1335479021072388,0.6641350388526917,0.4102365970611572,1.1589088439941406,0.7383822798728943,0.4102365970611572,-1.2192115783691406,1.5707963705062866,0.02616715431213379,0.20000000298023224,-14.99994277954102,14.999999999999986,-3.1424515684562686,38675.0
2.9602,0.0052,1,1,-1.0664021968841553,-0.9297671914100647,0.07943539321422577,-0.4255146086215973,-0.5684996247291565,0.5000964999198914,0.21710088849067688,0.3335486650466919,-0.028132226318120956,0.8595231175422668,-0.4945707619190216,0.05544842779636383,0.11637532711029053,3.022139226055379,-0.23520083338538766,0.027844803532404972,-58.92166672065402,12.147557181724823,8.541983646750671,0.8474708795547485,0.6408876180648804,0.3612675666809082,0.4206610918045044,0.21710088849067688,0.3335486650466919,-0.028132226318120956,-0.4945707619190216,0.05544842779636383,0.11637532711029053,0.8595231175422668,3.022139310836792,-0.23520083725452423,0.027844803407788277,0.6408876180648804,0.3612675666809082,0.4206610918045044,0.7193360924720764,0.362556517124176,0.4206610918045044,0.7966171503067017,0.37610161304473877,0.4206610918045044,0.8708277940750122,0.4015694260597229,0.4206610918045044,0.9401407241821289,0.438332736492157,0.4206610918045044,1.0028493404388428,0.4854864180088043,0.4206610918045044,1.057409405708313,0.5418692827224731,0.4206610918045044,1.1024774312973022,0.6060930490493774,0.4206610918045044,1.1369438171386719,0.6765763759613037,0.4206610918045044,1.1599599123001099,0.7515836954116821,0.4206610918045044,-1.5707963705062866,1.5707963705062866,-0.4188655614852905,0.20000000298023224,-14.99997138977051,14.999999999999993,-2.333999999025628,38675.0
2.98,0.006,1,1,-1.0483102798461914,-0.9373586773872375,0.09614406526088715,-0.409818172454834,-0.5692284107208252,0.5000964999198914,0.29671263694763184,0.434948593378067,0.042647626250982285,0.8772486448287964,-0.4611140489578247,0.06197269260883331,0.11817827075719833,5.771925489543842,-0.015524534510858936,0.00403381650210899,-54.47879188409102,12.575049689637364,8.85195463740775,0.8404579758644104,0.6384921073913574,0.36813026666641235,0.403952419757843,0.29671263694763184,0.434948593378067,0.042647626250982285,-0.4611140489578247,0.06197269260883331,0.11817827075719833,0.8772486448287964,5.771925449371338,-0.01552453450858593,0.004033816512674093,0.6384921073913574,0.36813026666641235,0.403952419757843,0.716861367225647,0.3718836307525635,0.403952419757843,0.7936786413192749,0.38785046339035034,0.403952419757843,0.8670523762702942,0.4156376123428345,0.403952419757843,0.935175895690918,0.454560786485672,0.403952419757843,0.9963718056678772,0.5036616325378418,0.403952419757843,1.0491331815719604,0.5617311000823975,0.403952419757843,1.092160940170288,0.6273393630981445,0.403952419757843,1.124395489692688,0.6988708972930908,0.403952419757843,1.1450432538986206,0.7745643258094788,0.403952419757843,-1.5707963705062866,1.5707963705062866,-0.5543712377548218,0.20000000298023224,-14.999985694885254,14.999999999999996,-1.7140580177114257,38675.0
2.9999,0.0059,1,1,-1.041745901107788,-0.9347521662712097,0.09436436742544174,-0.3941553235054016,-0.5694636702537537,0.5000964999198914,0.3055444359779358,0.562014102935791,-0.019681455567479134,0.9024392366409302,-0.4094911813735962,0.06799191981554031,0.1153060644865036,6.325686162383943,0.24023231034336073,0.023491290405965808,-47.82403664100885,12.541739827554693,8.98381363833886,0.8470110893249512,0.6475905776023865,0.36528849601745605,0.405732125043869,0.3055444359779358,0.562014102935791,-0.019681455567479134,-0.4094911813735962,0.06799191981554031,0.1153060644865036,0.9024392366409302,6.325685977935791,0.24023230373859406,0.02349129132926464,0.6475905776023865,0.36528849601745605,0.405732125043869,0.725803792476654,0.37149500846862793,0.405732125043869,0.8020831942558289,0.3898603320121765,0.405732125043869,0.874550461769104,0.4199322462081909,0.405732125043869,0.9414212703704834,0.46097034215927124,0.405732125043869,1.0010490417480469,0.5119640827178955,0.405732125043869,1.0519654750823975,0.5716578364372253,0.405732125043869,1.0929169654846191,0.6385817527770996,0.405732125043869,1.1228950023651123,0.7110879421234131,0.405732125043869,1.1411614418029785,0.7873910665512085,0.405732125043869,-1.5707963705062866,1.5707963705062866,-0.5694378614425659,0.20000000298023224,-14.999992847442627,14.999999999999998,-1.4503400158492203,38675.0
3.0198,0.0048,1,1,-1.0333434343338013,-0.9318392276763916,0.09895835071802139,-0.3786311447620392,-0.5692125558853149,0.5000964999198914,0.3350732624530792,0.6417076587677002,-0.018152015283703804,0.9279552698135376,-0.347323477268219,0.07788033783435822,0.11044467240571976,5.185903283258522,0.534405117643027,-0.009605651706076723,-40.041622578134145,12.782990594635269,8.900012000350067,0.8491514325141907,0.6547123193740845,0.36262667179107666,0.40113815665245056,0.3350732624530792,0.6417076587677002,-0.018152015283703804,-0.347323477268219,0.07788033783435822,0.11044467240571976,0.9279552698135376,5.185903072357178,0.5344051122665405,-0.0096056517213583,0.6547123193740845,0.36262667179107666,0.40113815665245056,0.7326951026916504,0.37125861644744873,0.40113815665245056,0.8083674907684326,0.3919834494590759,0.40113815665245056,0.8798661828041077,0.42429089546203613,0.40113815665245056,0.9454305768013,0.4673854410648346,0.40113815665245056,1.0034462213516235,0.5202059745788574,0.40113815665245056,1.0524847507476807,0.5814518332481384,0.40113815665245056,1.0913385152816772,0.6496149301528931,0.40113815665245056,1.1190508604049683,0.7230169773101807,0.40113815665245056,1.134939432144165,0.7998504638671875,0.40113815665245056,-1.5707963705062866,1.5707963705062866,-0.4785834550857544,0.20000000298023224,-14.999996423721313,15.0,-1.6179432918268175,38675.0
3.0401,0.0052,1,1,-1.025947093963623,-0.9313310384750366,0.10220687836408615,-0.36260300874710083,-0.5684466361999512,0.5000964999198914,0.34962713718414307,0.6784000396728516,-0.01980540156364441,0.9462774395942688,-0.29329249262809753,0.08682993054389954,0.10486725717782974,3.6208354159683864,0.520535041790758,-0.07854713171036413,-33.44248296936786,13.052511423655444,8.710778490954123,0.8544159531593323,0.6633440852165222,0.36288440227508545,0.3978896141052246,0.34962713718414307,0.6784000396728516,-0.01980540156364441,-0.29329249262809753,0.08682993054389954,0.10486725717782974,0.9462774395942688,3.620835304260254,0.5205350518226624,-0.07854713499546051,0.6633440852165222,0.36288440227508545,0.3978896141052246,0.7410097122192383,0.3740142583847046,0.3978896141052246,0.8159781694412231,0.39715665578842163,0.3978896141052246,0.8864032626152039,0.43174174427986145,0.3978896141052246,0.9505510330200195,0.47691798210144043,0.3978896141052246,1.0068418979644775,0.5315729379653931,0.3978896141052246,1.0538898706436157,0.5943608283996582,0.3978896141052246,1.09053635597229,0.6637356281280518,0.3978896141052246,1.1158791780471802,0.737989068031311,0.3978896141052246,1.1292940378189087,0.8152928352355957,0.3978896141052246,-1.5707963705062866,1.5707963705062866,-0.3515317440032959,0.20000000298023224,-14.999998211860657,15.0,-1.9964103106187012,38675.0
3.061,0.006,1,1,-1.0145567655563354,-0.9320063591003418,0.10572400689125061,-0.34686219692230225,-0.5671912431716919,0.5000964999198914,0.40748369693756104,0.6921968460083008,-0.01598818600177765,0.9576970934867859,-0.25214263796806335,0.09598158299922943,0.10012953728437424,2.638389164567648,0.33385101135416145,-0.09976181469728651,-28.490541540958443,13.55251009392585,8.481628677738636,0.8569923043251038,0.6676945686340332,0.3648151159286499,0.39437249302864075,0.40748369693756104,0.6921968460083008,-0.01598818600177765,-0.25214263796806335,0.09598158299922943,0.10012953728437424,0.9576970934867859,2.6383891105651855,0.33385100960731506,-0.09976181387901306,0.6676945686340332,0.3648151159286499,0.39437249302864075,0.7449700832366943,0.37839192152023315,0.39437249302864075,0.8191702365875244,0.40389013290405273,0.39437249302864075,0.8884681463241577,0.4406818449497223,0.39437249302864075,0.9511573910713196,0.48786115646362305,0.39437249302864075,1.0056943893432617,0.544266402721405,0.39437249302864075,1.0507360696792603,0.6085087060928345,0.39437249302864075,1.0851736068725586,0.6790060997009277,0.39437249302864075,1.1081589460372925,0.7540227770805359,0.39437249302864075,1.1191262006759644,0.8317115902900696,0.39437249302864075,-1.5707963705062866,1.5707963705062866,-0.2745567560195923,0.20000000298023224,-14.999999105930328,15.0,-2.4547099370496968,38675.0
3.0801,0.006,1,1,-1.0074387788772583,-0.9297462105751038,0.11332976818084717,-0.3314134478569031,-0.5654705166816711,0.5000964999198914,0.41767141222953796,0.7118811011314392,0.02150905504822731,0.9656230211257935,-0.22040840983390808,0.09837784618139267,0.0964989885687828,2.213100581135461,-0.034006634247926965,-0.014685568027267521,-24.717071408500345,13.446081300907982,8.454665436101337,0.8598229885101318,0.6760253310203552,0.3642756938934326,0.3867667317390442,0.41767141222953796,0.7118811011314392,0.02150905504822731,-0.22040840983390808,0.09837784618139267,0.0964989885687828,0.9656230211257935,2.2131006717681885,-0.03400663286447525,-0.014685568399727345,0.6760253310203552,0.3642756938934326,0.3867667317390442,0.7528414726257324,0.3802480101585388,0.3867667317390442,0.8262131810188293,0.4080403447151184,0.3867667317390442,0.8943339586257935,0.4469684064388275,0.3867667317390442,0.9555262923240662,0.4960736334323883,0.3867667317390442,1.0082836151123047,0.5541468858718872,0.3867667317390442,1.0513066053390503,0.6197582483291626,0.3867667317390442,1.083536148071289,0.6912920475006104,0.3867667317390442,1.1041784286499023,0.7669869661331177,0.3867667317390442,1.1127253770828247,0.8449791669845581,0.3867667317390442,-1.5707963705062866,1.5707963705062866,-0.2238389253616333,0.20000000298023224,-14.999999552965164,15.0,-2.5086364203242932,38675.0
3.1005,0.0063,1,1,-0.9997721314430237,-0.9334518313407898,0.11643853038549423,-0.3158077597618103,-0.5632357597351074,0.5000964999198914,0.4322137236595154,0.693210244178772,0.028295038267970085,0.9719324111938477,-0.19182363152503967,0.0988926887512207,0.09364430606365204,1.8186254373057629,0.035372363592163045,-0.06926734689198304,-21.34345287669873,13.18879099566935,8.510784804801473,0.8672143220901489,0.6839643716812134,0.3702160716056824,0.38365796208381653,0.4322137236595154,0.693210244178772,0.028295038267970085,-0.19182363152503967,0.0988926887512207,0.09364430606365204,0.9719324111938477,1.8186254501342773,0.03537236526608467,-0.06926734745502472,0.6839643716812134,0.3702160716056824,0.38365796208381653,0.760238766670227,0.3886021375656128,0.38365796208381653,0.832697868347168,0.41869378089904785,0.38365796208381653,0.8995574712753296,0.45975005626678467,0.38365796208381653,0.9591713547706604,0.5107600092887878,0.38365796208381653,1.0100716352462769,0.5704675912857056,0.38365796208381653,1.0510047674179077,0.6374026536941528,0.38365796208381653,1.080963134765625,0.7099170088768005,0.38365796208381653,1.0992088317871094,0.7862250804901123,0.38365796208381653,1.105292797088623,0.8644479513168335,0.38365796208381653,-1.5707963705062866,1.5707963705062866,-0.1789916753768921,0.20000000298023224,-14.999999776482582,15.0,-2.396397682924,38675.0
3.1202,0.0059,1,1,-0.9928275346755981,-0.9298688769340515,0.12215227633714676,-0.30031439661979675,-0.5605167150497437,0.5000964999198914,0.4453282952308655,0.708696186542511,0.05414652079343796,0.9762551188468933,-0.1697865128517151,0.09930060803890228,0.09075159579515457,1.5919695227254627,0.14639756038912732,-0.07657923043474212,-18.766588385676545,12.985369884907927,8.466950136481442,0.8711126446723938,0.692513108253479,0.36935216188430786,0.3779442310333252,0.4453282952308655,0.708696186542511,0.05414652079343796,-0.1697865128517151,0.09930060803890228,0.09075159579515457,0.9762551188468933,1.5919694900512695,0.14639756083488464,-0.07657922804355621,0.692513108253479,0.36935216188430786,0.3779442310333252,0.7681714296340942,0.390128493309021,0.3779442310333252,0.8396481275558472,0.42248451709747314,0.3779442310333252,0.9051831960678101,0.4656236469745636,0.3779442310333252,0.9631629586219788,0.5184836387634277,0.3779442310333252,1.012159824371338,0.5797628164291382,0.3779442310333252,1.0509672164916992,0.6479523181915283,0.3779442310333252,1.0786296129226685,0.7213732004165649,0.3779442310333252,1.094465970993042,0.7982174158096313,0.3779442310333252,1.0980862379074097,0.8765929937362671,0.3779442310333252,-1.5707963705062866,1.5707963705062866,-0.12459957599639893,0.20000000298023224,-14.999999888241291,15.0,-2.484067019564048,38675.0
3.14,0.0056,1,1,-0.9890657067298889,-0.9258317947387695,0.1258791983127594,-0.2852100133895874,-0.5573779344558716,0.5000964999198914,0.4369448721408844,0.7226518392562866,0.06844379007816315,0.9796218276023865,-0.1512516289949417,0.09858675301074982,0.0879925787448883,1.2545981453053525,0.2733013641653631,-0.08154072451269496,-16.617496495562516,12.695730621833572,8.403839067590692,0.8781854510307312,0.7038556933403015,0.36845386028289795,0.37421730160713196,0.4369448721408844,0.7226518392562866,0.06844379007816315,-0.1512516289949417,0.09858675301074982,0.0879925787448883,0.9796218276023865,1.2545981407165527,0.273301362991333,-0.08154072612524033,0.7038556933403015,0.36845386028289795,0.37421730160713196,0.7788369655609131,0.3915543556213379,0.37421730160713196,0.8492814302444458,0.42610010504722595,0.37421730160713196,0.9134544730186462,0.47124046087265015,0.37421730160713196,0.969775915145874,0.5258639454841614,0.37421730160713196,1.0168589353561401,0.5886255502700806,0.37421730160713196,1.0535441637039185,0.6579798460006714,0.37421730160713196,1.0789284706115723,0.7322191596031189,0.37421730160713196,1.0923864841461182,0.8095153570175171,0.37421730160713196,1.0935871601104736,0.8879653215408325,0.37421730160713196,-1.5707963705062866,1.5707963705062866,-0.05993664264678955,0.20000000298023224,-14.999999944120646,15.0,-2.6102891573455396,38675.0
3.16,0.0051,1,1,-0.9792835116386414,-0.9230824112892151,0.13022448122501373,-0.2699269950389862,-0.5537020564079285,0.5000964999198914,0.47270432114601135,0.7231565117835999,0.08112549781799316,0.9819228053092957,-0.13487352430820465,0.10137424618005753,0.08577907085418701,1.0743608622090244,0.3381327085967364,-0.06494385882623992,-14.704023559080646,12.839576498984753,8.321660693526796,0.8811548352241516,0.7093565464019775,0.3693803548812866,0.3698720335960388,0.47270432114601135,0.7231565117835999,0.08112549781799316,-0.13487352430820465,0.10137424618005753,0.08577907085418701,0.9819228053092957,1.0743608474731445,0.33813270926475525,-0.06494385749101639,0.7093565464019775,0.3693803548812866,0.3698720335960388,0.783574640750885,0.39482635259628296,0.3698720335960388,0.852898359298706,0.431569367647171,0.3698720335960388,0.915620744228363,0.47870463132858276,0.3698720335960388,0.970197319984436,0.5350715517997742,0.3698720335960388,1.0152841806411743,0.5992821455001831,0.3698720335960388,1.0497713088989258,0.6697553396224976,0.3698720335960388,1.0728093385696411,0.7447558641433716,0.3698720335960388,1.0838310718536377,0.8224369287490845,0.3698720335960388,1.082565188407898,0.900885820388794,0.3698720335960388,-1.5707963705062866,1.5707963705062866,-0.03839468955993652,0.20000000298023224,-14.999999972060323,15.0,-2.774645905473335,38675.0
3.18,0.0059,1,1,-0.9739392399787903,-0.9272432327270508,0.13429409265518188,-0.25455889105796814,-0.5494869947433472,0.5000964999198914,0.47717857360839844,0.689504086971283,0.09588897228240967,0.9839889407157898,-0.1196991503238678,0.10199875384569168,0.08385758101940155,0.8401787212301057,0.2697243892814936,-0.04757654479761415,-12.943323459051367,12.756416065030725,8.289219185367276,0.8910776376724243,0.7193803787231445,0.3777562379837036,0.3658024072647095,0.47717857360839844,0.689504086971283,0.09588897228240967,-0.1196991503238678,0.10199875384569168,0.08385758101940155,0.9839889407157898,0.8401787281036377,0.26972439885139465,-0.04757654294371605,0.7193803787231445,0.3777562379837036,0.3658024072647095,0.7927498817443848,0.40555447340011597,0.3658024072647095,0.8608675003051758,0.444487988948822,0.3658024072647095,0.9220559597015381,0.4935981035232544,0.3658024072647095,0.9748085737228394,0.55167555809021,0.3658024072647095,1.0178263187408447,0.6172903776168823,0.3658024072647095,1.050050139427185,0.6888267993927002,0.3658024072647095,1.0706863403320312,0.7645233869552612,0.3658024072647095,1.079227089881897,0.8425162434577942,0.3658024072647095,1.0754618644714355,0.920884907245636,0.3658024072647095,-1.5707963705062866,1.5707963705062866,-0.027263760566711426,0.20000000298023224,-14.999999986030161,15.0,-2.8395289217924216,38675.0
3.2002,0.0066,1,1,-0.9648879170417786,-0.9166415333747864,0.13729438185691833,-0.23946280777454376,-0.5448266863822937,0.5000964999198914,0.5080388188362122,0.7224275469779968,0.09743241220712662,0.9849258661270142,-0.11034667491912842,0.10480058938264847,0.08221634477376938,0.7662248682874774,0.3564057553897197,-0.05973551884356115,-11.851778263082007,12.97854779234815,8.19048695611805,0.8922517895698547,0.725425124168396,0.3718148469924927,0.362802118062973,0.5080388188362122,0.7224275469779968,0.09743241220712662,-0.11034667491912842,0.10480058938264847,0.08221634477376938,0.9849258661270142,0.7662248611450195,0.35640576481819153,-0.05973551794886589,0.725425124168396,0.3718148469924927,0.362802118062973,0.7978797554969788,0.4019172191619873,0.362802118062973,0.8647332787513733,0.4429834187030792,0.362802118062973,0.9243395924568176,0.49400222301483154,0.362802118062973,0.9752309322357178,0.5537173748016357,0.362802118062973,1.0161542892456055,0.6206585168838501,0.362802118062973,1.0461018085479736,0.6931772828102112,0.362802118062973,1.0643361806869507,0.7694880962371826,0.362802118062973,1.0704084634780884,0.8477118611335754,0.362802118062973,1.0641690492630005,0.9259224534034729,0.362802118062973,-1.5707963705062866,1.5707963705062866,-0.0012685060501098633,0.20000000298023224,-14.99999999301508,15.0,-3.036993380290839,38675.0
3.2199,0.006,1,1,-0.9591482877731323,-0.916370689868927,0.1414649784564972,-0.22495576739311218,-0.5398485064506531,0.5000964999198914,0.5171017646789551,0.7055438756942749,0.11096850782632828,0.9860773086547852,-0.09981135278940201,0.1058160588145256,0.08056187629699707,0.4511014054558348,0.013025928688119472,-0.00965323282402127,-10.632872236786987,12.989213099015378,8.127398337472114,0.8996800184249878,0.7341924905776978,0.3765221834182739,0.35863152146339417,0.5171017646789551,0.7055438756942749,0.11096850782632828,-0.09981135278940201,0.1058160588145256,0.08056187629699707,0.9860773086547852,0.4511013925075531,0.013025928288698196,-0.009653232991695404,0.7341924905776978,0.3765221834182739,0.35863152146339417,0.805689811706543,0.40883272886276245,0.35863152146339417,0.8712523579597473,0.45193004608154297,0.35863152146339417,0.9292657971382141,0.504753053188324,0.35863152146339417,0.9783016443252563,0.5660010576248169,0.35863152146339417,1.0171525478363037,0.6341658234596252,0.35863152146339417,1.0448617935180664,0.7075690031051636,0.35863152146339417,1.0607470273971558,0.7844032049179077,0.35863152146339417,1.0644172430038452,0.8627763986587524,0.35863152146339417,1.0557819604873657,0.9407588243484497,0.35863152146339417,-1.5707963705062866,1.5707963705062866,0.011474847793579102,0.20000000298023224,-14.99999999650754,15.0,-3.1631706175827268,38675.0
3.2401,0.006,1,1,-0.9520224332809448,-0.9056609272956848,0.14604416489601135,-0.2100035548210144,-0.5341881513595581,0.5000964999198914,0.5355716347694397,0.7316014170646667,0.1240069791674614,0.9867937564849854,-0.09429119527339935,0.10484182834625244,0.07970897108316422,0.26178415784666553,0.18377813885791347,-0.07454770457620243,-10.003643847071515,12.823370300726516,8.109159293918042,0.9021846055984497,0.7420188784599304,0.3714727759361267,0.35405233502388,0.5355716347694397,0.7316014170646667,0.1240069791674614,-0.09429119527339935,0.10484182834625244,0.07970897108316422,0.9867937564849854,0.261784166097641,0.18377813696861267,-0.07454770803451538,0.7420188784599304,0.3714727759361267,0.35405233502388,0.8124465942382812,0.4060526490211487,0.35405233502388,0.8765977025032043,0.45122411847114563,0.35405233502388,0.9328926801681519,0.5058748722076416,0.35405233502388,0.9799453020095825,0.5686593055725098,0.35405233502388,1.016597032546997,0.6380313634872437,0.35405233502388,1.041945219039917,0.7122828960418701,0.35405233502388,1.0553659200668335,0.7895857095718384,0.35405233502388,1.0565285682678223,0.868036150932312,0.35405233502388,1.0454044342041016,0.9457026720046997,0.35405233502388,-1.5707963705062866,1.5707963705062866,0.06980681419372559,0.20000000298023224,-14.99999999825377,15.0,-3.199648704690857,38675.0
3.2606,0.0049,1,1,-0.9457461833953857,-0.9005497097969055,0.15321466326713562,-0.1955939382314682,-0.5282062292098999,0.5000964999198914,0.5477313995361328,0.73124098777771,0.15271513164043427,0.9874860048294067,-0.0888168141245842,0.103905089199543,0.07864305377006531,0.3685482386428542,0.29356593946626447,-0.059492580295497074,-9.382934071394988,12.66083355559585,8.06356059853083,0.9064739346504211,0.7501522302627563,0.3723434805870056,0.34688183665275574,0.5477313995361328,0.73124098777771,0.15271513164043427,-0.0888168141245842,0.103905089199543,0.07864305377006531,0.9874860048294067,0.3685482442378998,0.29356592893600464,-0.059492580592632294,0.7501522302627563,0.3723434805870056,0.34688183665275574,0.819466769695282,0.4091038405895233,0.34688183665275574,0.8821773529052734,0.45625483989715576,0.34688183665275574,0.9367398023605347,0.5126354098320007,0.34688183665275574,0.9818106293678284,0.5768572688102722,0.34688183665275574,1.0162800550460815,0.6473391056060791,0.34688183665275574,1.0392992496490479,0.7223454117774963,0.34688183665275574,1.0503015518188477,0.8000292778015137,0.34688183665275574,1.049015998840332,0.8784778118133545,0.34688183665275574,1.035474181175232,0.9557594060897827,0.34688183665275574,-1.5707963705062866,1.5707963705062866,0.07572460174560547,0.20000000298023224,-14.999999999126885,15.0,-3.2908460954652754,38675.0
3.2801,0.0049,1,1,-0.9400550723075867,-0.899983286857605,0.15668563544750214,-0.1813066452741623,-0.5217440724372864,0.5000964999198914,0.5573780536651611,0.713775098323822,0.1584760546684265,0.9880375862121582,-0.08274734020233154,0.10452625155448914,0.07750383764505386,0.3826410546307946,0.11377399516084638,0.025274422397395968,-8.684346623202448,12.672514524485155,8.00427289735962,0.9147104024887085,0.7587484121322632,0.3782392144203186,0.343410849571228,0.5573780536651611,0.713775098323822,0.1584760546684265,-0.08274734020233154,0.10452625155448914,0.07750383764505386,0.9880375862121582,0.3826410472393036,0.11377399414777756,0.025274422019720078,0.7587484121322632,0.3782392144203186,0.343410849571228,0.826876163482666,0.41715508699417114,0.343410849571228,0.8880773186683655,0.4662493169307709,0.343410849571228,0.9408449530601501,0.5243130922317505,0.343410849571228,0.983879804611206,0.5899167060852051,0.343410849571228,1.0161221027374268,0.6614447832107544,0.343410849571228,1.0367779731750488,0.7371360063552856,0.343410849571228,1.0453388690948486,0.8151266574859619,0.343410849571228,1.0415940284729004,0.8934963345527649,0.343410849571228,1.0256354808807373,0.9703153371810913,0.343410849571228,-1.5707963705062866,1.5707963705062866,0.04420292377471924,0.20000000298023224,-14.999999999563443,15.0,-3.409421497807714,38675.0
3.3,0.0055,1,1,-0.9333305358886719,-0.8960671424865723,0.16366919875144958,-0.167263001203537,-0.514854371547699,0.5000964999198914,0.5721292495727539,0.7081612348556519,0.18275733292102814,0.9886108636856079,-0.07647432386875153,0.10412327945232391,0.07717830687761307,0.2748126747944694,0.32739211334141954,-0.014861231589185368,-7.958434942123465,12.572753496802125,8.04964065703384,0.919437825679779,0.7660675048828125,0.3812127709388733,0.3364273011684418,0.5721292495727539,0.7081612348556519,0.18275733292102814,-0.07647432386875153,0.10412327945232391,0.07717830687761307,0.9886108636856079,0.2748126685619354,0.3273921012878418,-0.014861231669783592,0.7660675048828125,0.3812127709388733,0.3364273011684418,0.8329445719718933,0.422240674495697,0.3364273011684418,0.8925800323486328,0.4732253849506378,0.3364273011684418,0.943505585193634,0.5329114198684692,0.3364273011684418,0.9844671487808228,0.5998290777206421,0.3364273011684418,1.0144561529159546,0.6723307371139526,0.3364273011684418,1.0327342748641968,0.7486310601234436,0.3364273011684418,1.038851261138916,0.8268513679504395,0.3364273011684418,1.0326566696166992,0.9050655364990234,0.3364273011684418,1.0143029689788818,0.9813476800918579,0.3364273011684418,-1.5707963705062866,1.5707963705062866,0.07587885856628418,0.20000000298023224,-14.999999999781721,15.0,-3.3186859784592913,38675.0
3.3196,0.0055,1,1,-0.775695264339447,-1.0658575296401978,0.15615631639957428,-0.15349626541137695,-0.5075587630271912,0.5000964999198914,1.0497957468032837,0.27096986770629883,0.10871866345405579,0.9882071018218994,-0.05173391476273537,0.13046739995479584,0.061209190636873245,0.12230551493669929,0.25538091990070627,0.021019968460534746,-5.132215100819004,15.318875821542834,6.398030601630076,0.9039490818977356,0.6221989989280701,0.5582987666130066,0.34394019842147827,1.0497957468032837,0.27096986770629883,0.10871866345405579,-0.05173391476273537,0.13046739995479584,0.061209190636873245,0.9882071018218994,0.12230551242828369,0.25538092851638794,0.021019969135522842,0.6221989989280701,0.5582987666130066,0.34394019842147827,0.6877652406692505,0.6013904809951782,0.34394019842147827,0.745783269405365,0.6542084217071533,0.34394019842147827,0.7948244214057922,0.7154521942138672,0.34394019842147827,0.8336811661720276,0.7836136817932129,0.34394019842147827,0.8613966703414917,0.8570144176483154,0.34394019842147827,0.8772886395454407,0.9338472485542297,0.34394019842147827,0.8809655904769897,1.0122201442718506,0.34394019842147827,0.8723370432853699,1.0902032852172852,0.34394019842147827,0.8516154885292053,1.1658766269683838,0.34394019842147827,-1.5707963705062866,1.5707963705062866,-0.38983452320098877,0.20000000298023224,-14.99999999989086,15.0,-6.621906089266822,38675.0
3.34,0.0062,1,1,-0.760780394077301,-1.0680842399597168,0.16318443417549133,-0.1397341787815094,-0.4997020661830902,0.5000964999198914,1.062315583229065,0.2692340314388275,0.13898928463459015,0.988352358341217,-0.049198444932699203,0.13060800731182098,0.06065157800912857,-0.15201173699360976,0.08807939252246316,0.1594161903513843,-4.841833122728611,15.315940345668773,6.371836309404651,0.9067890048027039,0.6210461854934692,0.5683821439743042,0.3369120657444,1.062315583229065,0.2692340314388275,0.13898928463459015,-0.049198444932699203,0.13060800731182098,0.06065157800912857,0.988352358341217,-0.15201173722743988,0.08807939291000366,0.15941618382930756,0.6210461854934692,0.5683821439743042,0.3369120657444,0.6852139830589294,0.6135300397872925,0.3369120657444,0.7415290474891663,0.668160080909729,0.3369120657444,0.7886047959327698,0.7309271097183228,0.3369120657444,0.8252819776535034,0.8002856969833374,0.3369120657444,0.85065758228302,0.8745279908180237,0.3369120657444,0.8641066551208496,0.9518257975578308,0.3369120657444,0.8652981519699097,1.030275821685791,0.3369120657444,0.8542026877403259,1.1079463958740234,0.3369120657444,0.8310934901237488,1.1829249858856201,0.3369120657444,-1.5707963705062866,1.5707963705062866,-0.39430344104766846,0.20000000298023224,-14.99999999994543,15.0,-6.674294673717636,38675.0
3.36,0.0062,1,1,-0.7454144954681396,-1.0654048919677734,0.17125080525875092,-0.12633807957172394,-0.4914831519126892,0.5000964999198914,1.0698710680007935,0.29496997594833374,0.17226269841194153,0.9885356426239014,-0.051004808396101,0.12833495438098907,0.0610240139067173,-0.4385686692344628,-0.24144604601016434,0.16230185855053966,-5.060617448032621,15.067237124432184,6.395261923019986,0.9059697985649109,0.6190764307975769,0.5739217400550842,0.32884567975997925,1.0698710680007935,0.29496997594833374,0.17226269841194153,-0.051004808396101,0.12833495438098907,0.0610240139067173,0.9885356426239014,-0.43856868147850037,-0.24144604802131653,0.16230185329914093,0.6190764307975769,0.5739217400550842,0.32884567975997925,0.6817935109138489,0.6210640072822571,0.32884567975997925,0.7363638281822205,0.6774370074272156,0.32884567975997925,0.7814435958862305,0.7416526079177856,0.32884567975997925,0.8159227967262268,0.8121296167373657,0.32884567975997925,0.8389524817466736,0.8871327638626099,0.32884567975997925,0.8499655723571777,0.964815080165863,0.32884567975997925,0.8486908674240112,1.0432637929916382,0.32884567975997925,0.8351597785949707,1.1205472946166992,0.32884567975997925,0.8097054958343506,1.1947625875473022,0.32884567975997925,-1.5707963705062866,1.5707963705062866,-0.3826289176940918,0.20000000298023224,-14.999999999972715,15.0,-6.627443446486964,38675.0
3.3798,0.0061,1,1,-0.7282480001449585,-1.063735842704773,0.17770686745643616,-0.11328275501728058,-0.48289886116981506,0.5000964999198914,1.0925849676132202,0.30762729048728943,0.18947866559028625,0.9887616634368896,-0.054459694772958755,0.12431785464286804,0.06267036497592926,-0.5514988834158097,-0.34801240374017145,0.1834359559473519,-5.462960296864879,14.635415960704375,6.551340192186243,0.9052563309669495,0.6149652600288391,0.5808370113372803,0.3223896324634552,1.0925849676132202,0.30762729048728943,0.18947866559028625,-0.054459694772958755,0.12431785464286804,0.06267036497592926,0.9887616634368896,-0.5514988899230957,-0.34801241755485535,0.18343596160411835,0.6149652600288391,0.5808370113372803,0.3223896324634552,0.6761787533760071,0.6299158334732056,0.3223896324634552,0.7289609909057617,0.6879664063453674,0.3223896324634552,0.7720122933387756,0.7535592317581177,0.3223896324634552,0.8042725920677185,0.8250791430473328,0.3223896324634552,0.8249474763870239,0.9007651805877686,0.3223896324634552,0.8335279822349548,0.9787536859512329,0.3223896324634552,0.8298026919364929,1.0571242570877075,0.3223896324634552,0.8138634562492371,1.1339472532272339,0.3223896324634552,0.7861026525497437,1.2073309421539307,0.3223896324634552,-1.5707963705062866,1.5707963705062866,-0.3882077932357788,0.20000000298023224,-14.999999999986358,15.0,-6.315286908154465,38675.0
3.4003,0.005,1,1,-0.717531144618988,-1.069649338722229,0.17939963936805725,-0.10044427961111069,-0.47386887669563293,0.5000964999198914,1.0827038288116455,0.3009638488292694,0.18154357373714447,0.9892145991325378,-0.05845559015870094,0.1179262325167656,0.06425582617521286,-0.5783815305388555,-0.08699055911078427,0.10798000524851319,-5.943209715967383,13.934997140384546,6.7060420052094445,0.9157494306564331,0.6170868873596191,0.5957804918289185,0.3206968605518341,1.0827038288116455,0.3009638488292694,0.18154357373714447,-0.05845559015870094,0.1179262325167656,0.06425582617521286,0.9892145991325378,-0.5783815383911133,-0.08699055761098862,0.10798000544309616,0.6170868873596191,0.5957804918289185,0.3206968605518341,0.676729679107666,0.6467565298080444,0.3206968605518341,0.7276638150215149,0.7064352035522461,0.3206968605518341,0.7686350345611572,0.773347020149231,0.3206968605518341,0.7986345291137695,0.8458443284034729,0.3206968605518341,0.8169236183166504,0.9221420288085938,0.3206968605518341,0.823051929473877,1.000361442565918,0.3206968605518341,0.8168686032295227,1.0785764455795288,0.3206968605518341,0.798525869846344,1.154861330986023,0.3206968605518341,0.7684754133224487,1.2273374795913696,0.3206968605518341,-1.5707963705062866,1.5707963705062866,-0.37783026695251465,0.20000000298023224,-14.999999999993179,15.0,-6.005883282108038,38675.0
3.4205,0.0054,1,1,-0.7048287987709045,-1.0731120109558105,0.18717627227306366,-0.08777143806219101,-0.46434396505355835,0.5000964999198914,1.0824869871139526,0.30185821652412415,0.21008867025375366,0.9893844127655029,-0.06285400688648224,0.11343441903591156,0.06556256115436554,-0.422605315475878,0.04317006181321222,0.10745434718360199,-6.464655526553584,13.456215790819469,6.818986050420578,0.9215624928474426,0.6170573830604553,0.6087680459022522,0.3129202127456665,1.0824869871139526,0.30185821652412415,0.21008867025375366,-0.06285400688648224,0.11343441903591156,0.06556256115436554,0.9893844127655029,-0.4226053059101105,0.04317006096243858,0.1074543446302414,0.6170573830604553,0.6087680459022522,0.3129202127456665,0.675054132938385,0.6616093516349792,0.3129202127456665,0.7240707278251648,0.7228727340698242,0.3129202127456665,0.7629000544548035,0.7910498380661011,0.3129202127456665,0.7905861735343933,0.8644617199897766,0.3129202127456665,0.8064472079277039,0.9413008689880371,0.3129202127456665,0.8100926876068115,1.0196752548217773,0.3129202127456665,0.8014328479766846,1.097654938697815,0.3129202127456665,0.7806809544563293,1.173319935798645,0.3129202127456665,0.7483478784561157,1.2448070049285889,0.3129202127456665,-1.5707963705062866,1.5707963705062866,-0.37887120246887207,0.20000000298023224,-14.99999999999659,15.0,-5.7799951916857735,38675.0
3.4404,0.0053,1,1,-0.6958547830581665,-1.0794769525527954,0.18707843124866486,-0.07562073320150375,-0.45459920167922974,0.5000964999198914,1.0658806562423706,0.2987048327922821,0.18927933275699615,0.98955237865448,-0.0658644586801529,0.10950245708227158,0.0667468011379242,-0.2889111333549695,0.25228983875772176,0.10468758912711866,-6.82255384101149,13.032829668206178,6.9374436345822055,0.9344211220741272,0.6202340722084045,0.6248777508735657,0.3130180835723877,1.0658806562423706,0.2987048327922821,0.18927933275699615,-0.0658644586801529,0.10950245708227158,0.0667468011379242,0.98955237865448,-0.2889111340045929,0.2522898316383362,0.10468758642673492,0.6202340722084045,0.6248777508735657,0.3130180835723877,0.6765568256378174,0.6794998645782471,0.3130180835723877,0.7236413955688477,0.7422603368759155,0.3130180835723877,0.7603284120559692,0.8116136789321899,0.3130180835723877,0.7857144474983215,0.8858523368835449,0.3130180835723877,0.799174427986145,0.963148295879364,0.3130180835723877,0.8003770112991333,1.0415982007980347,0.3130180835723877,0.7892925143241882,1.1192703247070312,0.3130180835723877,0.7661938667297363,1.1942521333694458,0.3130180835723877,0.7316498756408691,1.264697551727295,0.3130180835723877,-1.5707963705062866,1.5707963705062866,-0.3883211612701416,0.20000000298023224,-14.999999999998295,15.0,-5.54308002336255,38675.0
3.46,0.0055,1,1,-0.6844552755355835,-1.0808942317962646,0.194774329662323,-0.06375429779291153,-0.4444585144519806,0.5000964999198914,1.0589040517807007,0.3133871555328369,0.21482819318771362,0.9895864725112915,-0.06812120974063873,0.10731308907270432,0.06752736866474152,-0.2286929831428587,0.25913233183597595,0.12341888271992055,-7.088266003415831,12.802512239075826,7.0111368251263135,0.939969003200531,0.6207009553909302,0.6364357471466064,0.30532217025756836,1.0589040517807007,0.3133871555328369,0.21482819318771362,-0.06812120974063873,0.10731308907270432,0.06752736866474152,0.9895864725112915,-0.22869297862052917,0.2591323256492615,0.1234188824892044,0.6207009553909302,0.6364357471466064,0.30532217025756836,0.6752912998199463,0.6927893161773682,0.30532217025756836,0.7203938961029053,0.7569888830184937,0.30532217025756836,0.754898190498352,0.82745361328125,0.30532217025756836,0.7779545187950134,0.9024485349655151,0.30532217025756836,0.7889952659606934,0.9801269173622131,0.30532217025756836,0.7877484560012817,1.0585761070251465,0.30532217025756836,0.7742448449134827,1.1358643770217896,0.30532217025756836,0.7488169074058533,1.2100887298583984,0.30532217025756836,0.7120908498764038,1.2794214487075806,0.30532217025756836,-1.5707963705062866,1.5707963705062866,-0.3910653591156006,0.20000000298023224,-14.999999999999147,15.0,-5.3956936422743045,38675.0
3.4811,0.0062,1,1,-0.6713253855705261,-1.0803879499435425,0.20268574357032776,-0.05186343938112259,-0.4336264431476593,0.5000964999198914,1.0606201887130737,0.3321816325187683,0.2362581193447113,0.9865595698356628,-0.06114978343248367,0.1329328566789627,0.07271664589643478,-0.22141176756452757,0.2205522156779477,0.1466996627252832,-6.042586690982704,15.73482783332343,7.595233587460002,0.9436560869216919,0.6194619536399841,0.6467615365982056,0.2974107563495636,1.0606201887130737,0.3321816325187683,0.2362581193447113,-0.06114978343248367,0.1329328566789627,0.07271664589643478,0.9865595698356628,-0.22141176462173462,0.2205522209405899,0.1466996669769287,0.6194619536399841,0.6467615365982056,0.2974107563495636,0.6722113490104675,0.7048418521881104,0.2974107563495636,0.7152255773544312,0.7704589366912842,0.2974107563495636,0.7474454641342163,0.8419971466064453,0.2974107563495636,0.7680776119232178,0.9176948666572571,0.2974107563495636,0.7766140699386597,0.9956881999969482,0.2974107563495636,0.7728444933891296,1.074056625366211,0.2974107563495636,0.7568618655204773,1.150870680809021,0.2974107563495636,0.729059636592865,1.224238634109497,0.2974107563495636,0.6901223659515381,1.2923541069030762,0.2974107563495636,-1.5707963705062866,1.5707963705062866,-0.4007149934768677,0.20000000298023224,-14.999999999999574,15.0,-4.227500117606968,38675.0
3.5003,0.0059,1,1,-0.5153648257255554,-1.0685362815856934,0.19149570167064667,-0.040802329778671265,-0.4228936731815338,0.5000964999198914,1.5205326080322266,0.27675968408584595,0.10162030160427094,0.9860259890556335,-0.06305742263793945,0.1349729299545288,0.07454413920640945,-0.285786046973816,0.05391241725156202,0.06914571533157207,-6.22470542356275,15.996268792718206,7.771257804656174,0.8586608171463013,0.47456249594688416,0.6456426382064819,0.3086007833480835,1.5205326080322266,0.27675968408584595,0.10162030160427094,-0.06305742263793945,0.1349729299545288,0.07454413920640945,0.9860259890556335,-0.2857860326766968,0.053912416100502014,0.06914571672677994,0.47456249594688416,0.6456426382064819,0.3086007833480835,0.525496780872345,0.705321192741394,0.3086007833480835,0.5664681792259216,0.7722328901290894,0.3086007833480835,0.5964678525924683,0.8447300791740417,0.3086007833480835,0.6147571206092834,0.9210277795791626,0.3086007833480835,0.6208856105804443,0.999247133731842,0.3086007833480835,0.6147025227546692,1.0774621963500977,0.3086007833480835,0.5963599681854248,1.1537470817565918,0.3086007833480835,0.5663096308708191,1.226223349571228,0.3086007833480835,0.5252915024757385,1.2931064367294312,0.3086007833480835,-1.5707963705062866,1.5707963705062866,-0.48670732975006104,0.20000000298023224,-14.999999999999787,15.0,-3.8754516832146106,38675.0
3.5202,0.0054,1,1,-0.4891577363014221,-1.0667835474014282,0.2007281631231308,-0.029742302373051643,-0.41146817803382874,0.5000964999198914,1.5377322435379028,0.29659250378608704,0.1492438167333603,0.9862672686576843,-0.06549574434757233,0.13197049498558044,0.07462608814239502,-0.35730756831384775,-0.21241224716136367,0.11009463005544176,-6.529933547693286,15.669726084954759,7.754588095587465,0.8544718623161316,0.4594154357910156,0.6553153991699219,0.29936832189559937,1.5377322435379028,0.29659250378608704,0.1492438167333603,-0.06549574434757233,0.13197049498558044,0.07462608814239502,0.9862672686576843,-0.3573075830936432,-0.2124122530221939,0.11009462922811508,0.4594154357910156,0.6553153991699219,0.29936832189559937,0.5084261894226074,0.7165834307670593,0.29936832189559937,0.5472491383552551,0.7847641706466675,0.29936832189559937,0.5749282836914062,0.8581786751747131,0.29936832189559937,0.5907820463180542,0.9350193738937378,0.29936832189559937,0.5944201350212097,1.0133939981460571,0.29936832189559937,0.5857529044151306,1.0913729667663574,0.29936832189559937,0.5649937987327576,1.1670359373092651,0.29936832189559937,0.5326539874076843,1.2385200262069702,0.29936832189559937,0.4895297884941101,1.3040648698806763,0.29936832189559937,-1.5707963705062866,1.5707963705062866,-0.5115675926208496,0.20000000298023224,-14.999999999999893,15.0,-3.9087911013520023,38675.0
3.5399,0.006,1,1,-0.43808498978614807,-1.0400162935256958,0.19661517441272736,-0.01936010643839836,-0.40004763007164,0.5000964999198914,1.6247941255569458,0.3561611473560333,0.10165753215551376,0.9854438900947571,-0.06839297711849213,0.13234539330005646,0.08188637346029282,-0.5130772253426411,-0.48003588504073236,-0.009589889121374817,-6.7509413752878284,15.785624856517991,8.563272691608322,0.8227947950363159,0.4187248945236206,0.6399686336517334,0.3034813404083252,1.6247941255569458,0.3561611473560333,0.10165753215551376,-0.06839297711849213,0.13234539330005646,0.08188637346029282,0.9854438900947571,-0.5130771994590759,-0.4800358712673187,-0.009589889086782932,0.4187248945236206,0.6399686336517334,0.3034813404083252,0.4658212661743164,0.7027202844619751,0.3034813404083252,0.502521276473999,0.7720667123794556,0.3034813404083252,0.5279213190078735,0.8463006019592285,0.3034813404083252,0.5413958430290222,0.9235939979553223,0.3034813404083252,0.54261314868927,1.0020437240600586,0.3034813404083252,0.5315432548522949,1.0797178745269775,0.3034813404083252,0.5084587335586548,1.1547040939331055,0.3034813404083252,0.47392794489860535,1.2251559495925903,0.3034813404083252,0.42880120873451233,1.2893385887145996,0.3034813404083252,-1.5707963705062866,1.5707963705062866,-0.4943113327026367,0.20000000298023224,-14.999999999999947,15.0,-2.2914219093103094,38675.0
3.5604,0.0244,1,1,-0.3951207995414734,-1.0144859552383423,0.1985253095626831,-0.008973187766969204,-0.3878740966320038,0.5000964999198914,1.671498417854309,0.4256003797054291,0.09296417981386185,0.9853082895278931,-0.07337690889835358,0.12636974453926086,0.08838585019111633,-0.5130772253426411,-0.48003588504073236,-0.009589889121374817,-7.278040073996102,15.188606419959687,9.280184920456964,0.7954229116439819,0.3861476182937622,0.6266118288040161,0.30157119035720825,1.671498417854309,0.4256003797054291,0.09296417981386185,-0.07337690889835358,0.12636974453926086,0.08838585019111633,0.9853082895278931,-0.5130771994590759,-0.4800358712673187,-0.009589889086782932,0.3861476182937622,0.6266118288040161,0.30157119035720825,0.4312117397785187,0.6908384561538696,0.30157119035720825,0.4656738042831421,0.761323869228363,0.30157119035720825,0.4886852502822876,0.8363325595855713,0.30157119035720825,0.49967944622039795,0.9140175580978394,0.30157119035720825,0.49838563799858093,0.9924659729003906,0.30157119035720825,0.48483574390411377,1.0697461366653442,0.30157119035720825,0.4593634009361267,1.1439552307128906,0.30157119035720825,0.4225957691669464,1.2132658958435059,0.30157119035720825,0.37543824315071106,1.2759716510772705,0.30157119035720825,-1.5707963705062866,1.5707963705062866,-0.4917595386505127,0.20000000298023224,-14.999999999999973,15.0,-0.8575974516130017,38675.0
3.5802,0.0034,1,1,-0.39873969554901123,-1.0750855207443237,0.18044914305210114,0.0007973163155838847,-0.37566059827804565,0.5000964999198914,1.5965619087219238,0.3123953342437744,0.0013883011415600777,0.9856629967689514,-0.07038071751594543,0.11700008809566498,0.0991167202591896,-0.417396705015901,-0.08283614432355835,-0.06898631681795242,-6.844193204568334,14.158026425994198,10.633576483626374,0.8666022419929504,0.39953699707984924,0.6994249224662781,0.3196473717689514,1.5965619087219238,0.3123953342437744,0.0013883011415600777,-0.07038071751594543,0.11700008809566498,0.0991167202591896,0.9856629967689514,-0.4173966944217682,-0.08283614367246628,-0.06898631900548935,0.39953699707984924,0.6994249224662781,0.3196473717689514,0.4425702393054962,0.7650295495986938,0.3196473717689514,0.4748108386993408,0.8365584015846252,0.3196473717689514,0.49546492099761963,0.9122501611709595,0.3196473717689514,0.5040239095687866,0.9902409911155701,0.3196473717689514,0.5002771019935608,1.0686105489730835,0.3196473717689514,0.4843166768550873,1.1454291343688965,0.3196473717689514,0.4565356969833374,1.218805193901062,0.3196473717689514,0.41761818528175354,1.2869319915771484,0.3196473717689514,0.3685224652290344,1.3481320142745972,0.3196473717689514,-1.5707963705062866,1.5707963705062866,-0.5053863525390625,0.20000000298023224,-14.999999999999986,15.0,1.8491856747258173,38675.0
3.6004,0.0063,1,1,-0.36692726612091064,-1.0656139850616455,0.18605701625347137,0.010320487432181835,-0.362955242395401,0.5000964999198914,1.6079531908035278,0.3448322117328644,0.04446699842810631,0.9859914183616638,-0.07394415140151978,0.11293810606002808,0.09795985370874405,-0.23726270263559746,0.24598635283934275,-0.18758055032805818,-7.314953969665198,13.721289101192593,10.466304780429104,0.8571265935897827,0.37724775075912476,0.7026587724685669,0.3140394687652588,1.6079531908035278,0.3448322117328644,0.04446699842810631,-0.07394415140151978,0.11293810606002808,0.09795985370874405,0.9859914183616638,-0.23726269602775574,0.24598635733127594,-0.18758055567741394,0.37724775075912476,0.7026587724685669,0.3140394687652588,0.41817617416381836,0.7695966958999634,0.3140394687652588,0.4481292963027954,0.842113196849823,0.3140394687652588,0.4663695693016052,0.9184225797653198,0.3140394687652588,0.47244787216186523,0.9966459274291992,0.3140394687652588,0.46621450781822205,1.0748569965362549,0.3140394687652588,0.4478229582309723,1.1511300802230835,0.3140394687652588,0.4177261292934418,1.2235870361328125,0.3140394687652588,0.37666505575180054,1.2904436588287354,0.3140394687652588,0.3256508409976959,1.3500539064407349,0.3140394687652588,-1.5707963705062866,1.5707963705062866,-0.4757183790206909,0.20000000298023224,-14.999999999999993,15.0,1.5146422683312784,38675.0
3.6204,0.0027,1,1,-0.3318101167678833,-1.0557582378387451,0.18817616999149323,0.019274810329079628,-0.35019075870513916,0.5000964999198914,1.6370364427566528,0.38160091638565063,0.05195465683937073,0.9854317903518677,-0.0761614739894867,0.11349803954362869,0.10119172185659409,-0.423917987577178,0.058004143723440996,-0.05877410104528573,-7.523425366475095,13.833603220961168,10.812048689404172,0.8475732207298279,0.3510849177837372,0.705567479133606,0.3119203448295593,1.6370364427566528,0.38160091638565063,0.05195465683937073,-0.0761614739894867,0.11349803954362869,0.10119172185659409,0.9854317903518677,-0.4239179790019989,0.058004144579172134,-0.05877410247921944,0.3510849177837372,0.705567479133606,0.3119203448295593,0.3899063169956207,0.7737491130828857,0.3119203448295593,0.41758379340171814,0.8471642732620239,0.3119203448295593,0.43343585729599,0.9240052700042725,0.3119203448295593,0.43707215785980225,1.0023800134658813,0.3119203448295593,0.42840316891670227,1.0803587436676025,0.3119203448295593,0.4076423645019531,1.156021237373352,0.3119203448295593,0.37530094385147095,1.2275046110153198,0.3119203448295593,0.33217522501945496,1.2930485010147095,0.3119203448295593,0.2793271541595459,1.3510390520095825,0.3119203448295593,-1.5707963705062866,1.5707963705062866,-0.5281504392623901,0.20000000298023224,-14.999999999999996,15.0,2.2061300862814055,38675.0
3.64,0.0028,1,1,-0.2997036576271057,-1.0460925102233887,0.1946430653333664,0.027825141325592995,-0.33715587854385376,0.5000964999198914,1.6486293077468872,0.41355255246162415,0.09340129047632217,0.9848052859306335,-0.07967439293861389,0.11314015090465546,0.10491836071014404,-0.4333133202973549,0.1610984259882033,-0.1382457491280709,-7.884761338742686,13.860611072087567,11.202470576688839,0.8385511636734009,0.32752880454063416,0.7089366316795349,0.30545341968536377,1.6486293077468872,0.41355255246162415,0.09340129047632217,-0.07967439293861389,0.11314015090465546,0.10491836071014404,0.9848052859306335,-0.4333133101463318,0.1610984206199646,-0.13824574649333954,0.32752880454063416,0.7089366316795349,0.30545341968536377,0.36420580744743347,0.7782952785491943,0.30545341968536377,0.38958117365837097,0.8525376319885254,0.30545341968536377,0.40303006768226624,0.9298354387283325,0.30545341968536377,0.4042213559150696,1.0082855224609375,0.30545341968536377,0.39312565326690674,1.08595609664917,0.30545341968536377,0.3700162172317505,1.160934567451477,0.30545341968536377,0.3354620933532715,1.231374979019165,0.30545341968536377,0.29031404852867126,1.295542597770691,0.30545341968536377,0.2356838583946228,1.3518575429916382,0.30545341968536377,-1.5707963705062866,1.399901270866394,-0.5373573303222656,0.20000000298023224,-14.999999999999998,15.0,2.9869738608507443,38675.0
3.6604,0.0029,1,1,-0.26127949357032776,-1.030928373336792,0.19342799484729767,0.036037832498550415,-0.3237374722957611,0.5000964999198914,1.6877628564834595,0.4753127694129944,0.06757193803787231,0.984157919883728,-0.08462436497211456,0.11271918565034866,0.10753750801086426,-0.3830582055260419,0.1928152431219611,-0.12235145446550316,-8.430631922738229,13.890526968554928,11.442940868897395,0.8261731863021851,0.2973173260688782,0.7071908712387085,0.3066685199737549,1.6877628564834595,0.4753127694129944,0.06757193803787231,-0.08462436497211456,0.11271918565034866,0.10753750801086426,0.984157919883728,-0.38305822014808655,0.19281524419784546,-0.12235145270824432,0.2973173260688782,0.7071908712387085,0.3066685199737549,0.3317941129207611,0.7776691317558289,0.3066685199737549,0.35482123494148254,0.8526729941368103,0.3066685199737549,0.3658316433429718,0.9303557276725769,0.3066685199737549,0.364554226398468,1.008804440498352,0.3066685199737549,0.351020485162735,1.0860874652862549,0.3066685199737549,0.3255636394023895,1.1603018045425415,0.3066685199737549,0.28881049156188965,1.2296202182769775,0.3066685199737549,0.24166607856750488,1.2923357486724854,0.3066685199737549,0.18529121577739716,1.3469040393829346,0.3066685199737549,-1.5707963705062866,0.5004373788833618,-0.5569920539855957,0.20000000298023224,-15.0,15.0,3.4679144452678177,38675.0
3.6802,0.0032,1,1,-0.227820485830307,-1.019338607788086,0.19814267754554749,0.04389439895749092,-0.30993959307670593,0.5000964999198914,1.7077606916427612,0.5185624957084656,0.08935687690973282,0.9839511513710022,-0.08936894685029984,0.11227642744779587,0.1060439869761467,-0.4441353084134873,0.048813707959632045,-0.1210672032864613,-9.011401802825851,13.880822439727941,11.203253739785968,0.8174667954444885,0.2717148959636688,0.7093989849090576,0.30195382237434387,1.7077606916427612,0.5185624957084656,0.08935687690973282,-0.08936894685029984,0.11227642744779587,0.1060439869761467,0.9839511513710022,-0.44413530826568604,0.04881370812654495,-0.12106720358133316,0.2717148959636688,0.7093989849090576,0.30195382237434387,0.3039364814758301,0.7809364199638367,0.30195382237434387,0.3245704770088196,0.8566336631774902,0.30195382237434387,0.3331087827682495,0.9346267580986023,0.30195382237434387,0.3293411433696747,1.0129953622817993,0.30195382237434387,0.313360333442688,1.0898096561431885,0.30195382237434387,0.28555986285209656,1.1631783246994019,0.30195382237434387,0.24662429094314575,1.231294870376587,0.30195382237434387,0.19751231372356415,1.292481780052185,0.30195382237434387,0.13943323493003845,1.345232605934143,0.30195382237434387,-1.5707963705062866,-0.2587331533432007,-0.5950326919555664,0.20000000298023224,-15.0,0.08784114666172727,2.9885401870450066,38675.0
3.6998,0.0043,1,1,-0.19165076315402985,-1.0054728984832764,0.1991184949874878,0.05108937621116638,-0.29633086919784546,0.5000964999198914,1.7364835739135742,0.5653501749038696,0.08102244883775711,0.9832946062088013,-0.0935245156288147,0.11253147572278976,0.10825703293085098,-0.35797821885535697,0.023747492744615233,-0.16981448618284187,-9.464052672224607,13.97819179846366,11.402648424373284,0.8077085018157959,0.24274013936519623,0.7091420292854309,0.30097800493240356,1.7364835739135742,0.5653501749038696,0.08102244883775711,-0.0935245156288147,0.11253147572278976,0.10825703293085098,0.9832946062088013,-0.3579782247543335,0.02374749258160591,-0.16981448233127594,0.24274013936519623,0.7091420292854309,0.30097800493240356,0.2727442979812622,0.78163743019104,0.30097800493240356,0.29103824496269226,0.8579339385032654,0.30097800493240356,0.29717159271240234,0.9361529350280762,0.30097800493240356,0.29099327325820923,1.0143684148788452,0.30097800493240356,0.2726553976535797,1.0906543731689453,0.30097800493240356,0.24260956048965454,1.1631325483322144,0.30097800493240356,0.20159555971622467,1.230018138885498,0.30097800493240356,0.15062329173088074,1.2896642684936523,0.30097800493240356,0.09094788134098053,1.340602159500122,0.30097800493240356,-1.5707963705062866,-1.0841273069381714,-0.6069487929344177,0.20000000298023224,-15.0,-7.456079426669136,3.3873295562196173,38675.0
3.7206,0.0041,1,1,-0.16544705629348755,-1.0038800239562988,0.19528363645076752,0.058133579790592194,-0.28192955255508423,0.5000964999198914,1.7282965183258057,0.568504273891449,0.04759897291660309,0.9828329682350159,-0.09280886501073837,0.10932805389165878,0.1160661056637764,-0.21141790603411215,-0.6487590244536166,-0.16849184387221083,-9.301864524858184,13.676895999586412,12.352160858017939,0.8149304389953613,0.22358062863349915,0.7219504714012146,0.30481284856796265,1.7282965183258057,0.568504273891449,0.04759897291660309,-0.09280886501073837,0.10932805389165878,0.1160661056637764,0.9828329682350159,-0.21141791343688965,-0.6487590074539185,-0.16849184036254883,0.22358062863349915,0.7219504714012146,0.30481284856796265,0.2512452006340027,0.7953705191612244,0.30481284856796265,0.2670837342739105,0.8722143173217773,0.30481284856796265,0.2707062363624573,0.9505897760391235,0.30481284856796265,0.26202356815338135,1.0285669565200806,0.30481284856796265,0.2412494421005249,1.104225754737854,0.30481284856796265,0.20889542996883392,1.1757034063339233,0.30481284856796265,0.1657581925392151,1.2412397861480713,0.30481284856796265,0.11289989948272705,1.2992210388183594,0.30481284856796265,0.051622115075588226,1.348219633102417,0.30481284856796265,-1.5707963705062866,-1.3142220973968506,-0.6070992350578308,0.20000000298023224,-15.0,-11.228039713334567,5.286354423508934,38675.0
3.7402,0.0039,1,1,-0.12960156798362732,-0.9956099390983582,0.19135212898254395,0.06457461416721344,-0.2676294147968292,0.5000964999198914,1.7455424070358276,0.5954148173332214,0.017318036407232285,0.9833223819732666,-0.09192325174808502,0.09925907850265503,0.1215435117483139,-0.2137780160368972,-1.8748769921665256,-0.23929023375250202,-9.235681500390474,12.565331639040666,13.073591804518252,0.8142377734184265,0.19417618215084076,0.7279804944992065,0.3087443709373474,1.7455424070358276,0.5954148173332214,0.017318036407232285,-0.09192325174808502,0.09925907850265503,0.1215435117483139,0.9833223819732666,-0.21377801895141602,-1.8748769760131836,-0.2392902374267578,0.19417618215084076,0.7279804944992065,0.3087443709373474,0.21952441334724426,0.8022320866584778,0.3087443709373474,0.232945054769516,0.8795348405838013,0.3087443709373474,0.23410764336585999,0.9579853415489197,0.3087443709373474,0.22298356890678406,1.0356518030166626,0.3087443709373474,0.19984674453735352,1.1106219291687012,0.3087443709373474,0.16526684165000916,1.1810495853424072,0.3087443709373474,0.12009537220001221,1.245200753211975,0.3087443709373474,0.06544458866119385,1.3014956712722778,0.3087443709373474,0.0026601701974868774,1.3485482931137085,0.3087443709373474,-1.5707963705062866,-1.5707963705062866,-0.5946923494338989,0.20000000298023224,-15.0,-13.114019856667284,6.729216316509559,38675.0
3.7602,0.0036,1,1,-0.08940447866916656,-0.9832882285118103,0.1989167034626007,0.07052198797464371,-0.2532406151294708,0.5000964999198914,1.7508715391159058,0.6316896080970764,0.06284937262535095,0.9853906035423279,-0.09067025035619736,0.07596523314714432,0.12252213060855865,-0.18047099212673945,-2.717702629204061,-0.3002885237164379,-9.351806558649812,9.899998726935562,13.363634869331719,0.8057637214660645,0.15992647409439087,0.7300475835800171,0.30117979645729065,1.7508715391159058,0.6316896080970764,0.06284937262535095,-0.09067025035619736,0.07596523314714432,0.12252213060855865,0.9853906035423279,-0.18047098815441132,-2.717702627182007,-0.30028852820396423,0.15992647409439087,0.7300475835800171,0.30117979645729065,0.18295057117938995,0.8050523996353149,0.30117979645729065,0.1939578652381897,0.882735550403595,0.30117979645729065,0.1926773190498352,0.9611842036247253,0.30117979645729065,0.17914047837257385,1.0384666919708252,0.30117979645729065,0.15368065237998962,1.1126800775527954,0.30117979645729065,0.11692474037408829,1.1819969415664673,0.30117979645729065,0.06977780908346176,1.2447105646133423,0.30117979645729065,0.013400763273239136,1.2992767095565796,0.30117979645729065,-0.05081820487976074,1.3443516492843628,0.30117979645729065,-1.5707963705062866,-1.5707963705062866,-0.630108654499054,0.20000000298023224,-15.0,-14.057009928333642,7.309302446136498,38675.0
3.7801,0.0059,1,1,-0.05135495215654373,-0.9702486991882324,0.20226667821407318,0.07608866691589355,-0.23847833275794983,0.5000964999198914,1.7323460578918457,0.6620968580245972,0.08129899948835373,0.9873533844947815,-0.08851725608110428,0.044952161610126495,0.12359291315078735,-0.2778877936156703,-3.0344182628934075,-0.25322678876348204,-9.479538469501987,6.352645260545633,13.742596944746275,0.8002701997756958,0.1274436116218567,0.731770396232605,0.297829806804657,1.7323460578918457,0.6620968580245972,0.08129899948835373,-0.08851725608110428,0.044952161610126495,0.12359291315078735,0.9873533844947815,-0.2778877913951874,-3.0344183444976807,-0.25322678685188293,0.1274436116218567,0.731770396232605,0.297829806804657,0.14808985590934753,0.8074642419815063,0.297829806804657,0.15664076805114746,0.8854559659957886,0.297829806804657,0.1528858095407486,0.9638251662254333,0.297829806804657,0.13691744208335876,1.0406421422958374,0.297829806804657,0.10912884771823883,1.1140153408050537,0.297829806804657,0.07020428776741028,1.1821380853652954,0.297829806804657,0.02110220678150654,1.243332862854004,0.297829806804657,-0.03696833550930023,1.296093225479126,0.297829806804657,-0.10257745534181595,1.339119553565979,0.297829806804657,-1.5707963705062866,-1.5707963705062866,-0.6766033172607422,0.20000000298023224,-15.0,-14.528504964166821,8.067226596965616,38675.0
3.8002,0.0044,1,1,-0.018530363216996193,-0.9534557461738586,0.21487748622894287,0.08117464184761047,-0.2235853523015976,0.5000964999198914,1.693471908569336,0.7089159488677979,0.1602013260126114,0.9884580969810486,-0.08767672628164291,0.01088815089315176,0.12305618822574615,-0.2475304702841275,-2.802601807910806,-0.27907341628821675,-9.83483506969666,2.47040191967166,13.980227516112956,0.7899377942085266,0.09970500320196152,0.7298703789710999,0.2852190136909485,1.693471908569336,0.7089159488677979,0.1602013260126114,-0.08767672628164291,0.01088815089315176,0.12305618822574615,0.9884580969810486,-0.2475304752588272,-2.8026018142700195,-0.27907341718673706,0.09970500320196152,0.7298703789710999,0.2852190136909485,0.11795884370803833,0.8061765432357788,0.2852190136909485,0.1240510419011116,0.8843987584114075,0.2852190136909485,0.11783158034086227,0.9626109600067139,0.2852190136909485,0.09945361316204071,1.0388872623443604,0.2852190136909485,0.06936965882778168,1.1113495826721191,0.2852190136909485,0.02832048386335373,1.1782135963439941,0.2852190136909485,-0.02268313802778721,1.2378329038619995,0.2852190136909485,-0.0823853388428688,1.2887394428253174,0.2852190136909485,-0.14931604266166687,1.3296797275543213,0.2852190136909485,-1.5707963705062866,-1.5707963705062866,-0.7100493311882019,0.20000000298023224,-15.0,-14.76425248208341,8.542487739698972,38675.0
3.8203,0.0041,1,1,0.018423892557621002,-0.937677800655365,0.20944596827030182,0.08579640835523605,-0.208515465259552,0.5000964999198914,1.6506822109222412,0.747353196144104,0.10692110657691956,0.9873959422111511,-0.08654507994651794,-0.018013903871178627,0.1312735378742218,-0.14788174006462848,-2.337144099966681,-0.34612046081226555,-10.116633599581059,-0.736360047162052,15.211189378336702,0.7878416776657104,0.06737251579761505,0.729162335395813,0.29065054655075073,1.6506822109222412,0.747353196144104,0.10692110657691956,-0.08654507994651794,-0.018013903871178627,0.1312735378742218,0.9873959422111511,-0.14788174629211426,-2.337144136428833,-0.3461204469203949,0.06737251579761505,0.729162335395813,0.29065054655075073,0.08321201056241989,0.8060059547424316,0.29065054655075073,0.08683550357818604,0.8843812942504883,0.29065054655075073,0.07815377414226532,0.9623585939407349,0.29065054655075073,0.057380594313144684,1.038017749786377,0.29065054655075073,0.025027472525835037,1.109495759010315,0.29065054655075073,-0.018108952790498734,1.175032615661621,0.29065054655075073,-0.07096651941537857,1.2330145835876465,0.29065054655075073,-0.13224369287490845,1.2820138931274414,0.29065054655075073,-0.20043164491653442,1.320824146270752,0.29065054655075073,-1.5707963705062866,-1.5707963705062866,-0.6457691192626953,0.20000000298023224,-15.0,-14.882126241041705,11.004411464146475,38675.0
3.8401,0.0035,1,1,0.057135581970214844,-0.9265457987785339,0.2103995829820633,0.08990392088890076,-0.19345180690288544,0.5000964999198914,1.5968161821365356,0.7519267797470093,0.11019235849380493,0.9869792461395264,-0.08285491913557053,-0.043189577758312225,0.13091835379600525,-0.12935853922150267,-1.7800021446485617,-0.4992395734766438,-10.091174425077451,-3.644174768225252,15.43365958712685,0.7889390587806702,0.03276833891868591,0.7330939769744873,0.28969693183898926,1.5968161821365356,0.7519267797470093,0.11019235849380493,-0.08285491913557053,-0.043189577758312225,0.13091835379600525,0.9869792461395264,-0.12935854494571686,-1.7800021171569824,-0.49923956394195557,0.03276833891868591,0.7330939769744873,0.28969693183898926,0.04620078206062317,0.8103947043418884,0.28969693183898926,0.047375358641147614,0.8888450264930725,0.28969693183898926,0.03626313805580139,0.9665132164955139,0.28969693183898926,0.013137750327587128,1.0414868593215942,0.28969693183898926,-0.021431386470794678,1.1119197607040405,0.28969693183898926,-0.06659306585788727,1.1760778427124023,0.28969693183898926,-0.12123525887727737,1.2323811054229736,0.28969693183898926,-0.1840124875307083,1.2794432640075684,0.28969693183898926,-0.2533789873123169,1.316105604171753,0.28969693183898926,-1.5707963705062866,-1.5707963705062866,-0.5975872278213501,0.20000000298023224,-15.0,-14.941063120520852,11.449351881726756,38675.0
3.8603,0.0038,1,1,0.09389099478721619,-0.9085505604743958,0.2103324830532074,0.09352921694517136,-0.17831146717071533,0.5000964999198914,1.5313087701797485,0.7949590682983398,0.0985877588391304,0.9853103756904602,-0.08211241662502289,-0.06341184675693512,0.13563907146453857,-0.043175691902204216,-1.457852730229072,-0.4875379432524583,-10.367779950797194,-5.893828697992435,16.211436938017954,0.7856287360191345,-0.0003617778420448303,0.7302390933036804,0.28976401686668396,1.5313087701797485,0.7949590682983398,0.0985877588391304,-0.08211241662502289,-0.06341184675693512,0.13563907146453857,0.9853103756904602,-0.04317569360136986,-1.4578527212142944,-0.4875379502773285,-0.0003617778420448303,0.7302390933036804,0.28976401686668396,0.01065756380558014,0.807920515537262,0.28976401686668396,0.00938919186592102,0.8863693475723267,0.28976401686668396,-0.0041356757283210754,0.9636539220809937,0.28976401686668396,-0.029583998024463654,1.037871241569519,0.28976401686668396,-0.06632915884256363,1.1071938276290894,0.28976401686668396,-0.11346636712551117,1.169914722442627,0.28976401686668396,-0.1698349565267563,1.224489688873291,0.28976401686668396,-0.23404693603515625,1.269574522972107,0.28976401686668396,-0.30452120304107666,1.3040595054626465,0.28976401686668396,-1.5707963705062866,-1.5707963705062866,-0.5833016633987427,0.20000000298023224,-15.0,-14.970531560260426,13.004906583508953,38675.0
3.8805,0.0065,1,1,0.13099150359630585,-0.8945435881614685,0.20782619714736938,0.09671424329280853,-0.16289308667182922,0.5000964999198914,1.4537997245788574,0.8086501359939575,0.07419966161251068,0.983819842338562,-0.07978608459234238,-0.08074698597192764,0.13860240578651428,-0.0335403334664055,-1.3978896609151206,-0.46742009148286345,-10.432391678132348,-7.860629344312977,16.75702570447129,0.7886122465133667,-0.034277260303497314,0.7316504716873169,0.292270302772522,1.4537997245788574,0.8086501359939575,0.07419966161251068,-0.07978608459234238,-0.08074698597192764,0.13860240578651428,0.983819842338562,-0.033540334552526474,-1.3978896141052246,-0.4674201011657715,-0.034277260303497314,0.7316504716873169,0.292270302772522,-0.025709092617034912,0.8096403479576111,0.292270302772522,-0.029446721076965332,0.8880103826522827,0.292270302772522,-0.04539810121059418,0.9648308157920837,0.292270302772522,-0.07317046076059341,1.038210153579712,0.292270302772522,-0.11207994818687439,1.1063414812088013,0.292270302772522,-0.16116850078105927,1.1675472259521484,0.292270302772522,-0.2192273736000061,1.2203203439712524,0.292270302772522,-0.28482696413993835,1.2633612155914307,0.292270302772522,-0.3563520312309265,1.2956101894378662,0.292270302772522,-1.5707963705062866,-1.5707963705062866,-0.5699484348297119,0.20000000298023224,-15.0,-14.985265780130213,14.096084116415655,38675.0
3.9009,0.0063,1,1,0.16136996448040009,-0.8725775480270386,0.21371270716190338,0.09939926862716675,-0.14746439456939697,0.5000964999198914,1.3829033374786377,0.8637035489082336,0.10463022440671921,0.9821791648864746,-0.0788506343960762,-0.09692136198282242,0.14039576053619385,-0.14124542558901684,-1.0318741883374725,-0.5792971919006521,-10.6459223643589,-9.685951956176416,17.174421076670832,0.7820774912834167,-0.06197069585323334,0.7251131534576416,0.28638380765914917,1.3829033374786377,0.8637035489082336,0.10463022440671921,-0.0788506343960762,-0.09692136198282242,0.14039576053619385,0.9821791648864746,-0.14124542474746704,-1.031874179840088,-0.5792971849441528,-0.06197069585323334,0.7251131534576416,0.28638380765914917,-0.055849164724349976,0.8033331036567688,0.28638380765914917,-0.06203930079936981,0.8815476298332214,0.28638380765914917,-0.08038867264986038,0.9578308463096619,0.28638380765914917,-0.11044545471668243,1.0303044319152832,0.28638380765914917,-0.15146955847740173,1.0971838235855103,0.28638380765914917,-0.20245081186294556,1.1568222045898438,0.28638380765914917,-0.262133926153183,1.2077511548995972,0.28638380765914917,-0.329049289226532,1.2487165927886963,0.28638380765914917,-0.40154919028282166,1.2787097692489624,0.28638380765914917,-1.5707963705062866,-1.5707963705062866,-0.5461059808731079,0.20000000298023224,-15.0,-14.992632890065106,14.930874860814715,38675.0
3.9206,0.003,1,1,0.1871333122253418,-0.8546594977378845,0.21769613027572632,0.10162432491779327,-0.13176412880420685,0.5000964999198914,1.3054423332214355,0.8892027735710144,0.12884563207626343,0.9813621640205383,-0.0770193338394165,-0.11125554889440536,0.13644260168075562,-0.05380591161390486,-0.9423084190316089,-0.49560672214415313,-10.67100339092481,-11.381834396073376,16.89705105224844,0.7807941436767578,-0.08550898730754852,0.7228953838348389,0.28240036964416504,1.3054423332214355,0.8892027735710144,0.12884563207626343,-0.0770193338394165,-0.11125554889440536,0.13644260168075562,0.9813621640205383,-0.05380591005086899,-0.9423084259033203,-0.4956067204475403,-0.08550898730754852,0.7228953838348389,0.28240036964416504,-0.0818709209561348,0.801270067691803,0.28240036964416504,-0.0905381441116333,0.8792489767074585,0.28240036964416504,-0.11129724979400635,0.9549119472503662,0.28240036964416504,-0.14363707602024078,1.0263960361480713,0.28240036964416504,-0.18676131963729858,1.0919408798217773,0.28240036964416504,-0.23960809409618378,1.149932622909546,0.28240036964416504,-0.3008761703968048,1.1989433765411377,0.28240036964416504,-0.3690568804740906,1.2377662658691406,0.28240036964416504,-0.442471444606781,1.2654454708099365,0.28240036964416504,-1.5707963705062866,-1.5707963705062866,-0.5690412521362305,0.20000000298023224,-15.0,-14.996316445032553,14.376134811969914,38675.0
3.94,0.0046,1,1,0.23543928563594818,-0.8414795398712158,0.21934647858142853,0.10333843529224396,-0.11612897366285324,0.5000964999198914,1.314914345741272,0.9056699872016907,0.13387401401996613,0.9805464744567871,-0.07560256123542786,-0.11611523479223251,0.13902543485164642,-0.012443392368286363,-0.7003827377091213,-0.504047012007914,-10.633988625304063,-11.928530547493157,17.25373728633472,0.7889262437820435,-0.13210085034370422,0.725350558757782,0.280750036239624,1.314914345741272,0.9056699872016907,0.13387401401996613,-0.07560256123542786,-0.11611523479223251,0.13902543485164642,0.9805464744567871,-0.012443392537534237,-0.7003827095031738,-0.5040470361709595,-0.13210085034370422,0.725350558757782,0.280750036239624,-0.13092976808547974,0.8038009405136108,0.280750036239624,-0.14204543828964233,0.881468653678894,0.280750036239624,-0.16517415642738342,0.9564412236213684,0.280750036239624,-0.19974641501903534,1.0268726348876953,0.280750036239624,-0.24491095542907715,1.0910286903381348,0.280750036239624,-0.2995556592941284,1.147329568862915,0.280750036239624,-0.3623349666595459,1.19438898563385,0.280750036239624,-0.4317030906677246,1.2310481071472168,0.280750036239624,-0.5059519410133362,1.2564043998718262,0.280750036239624,-1.5707963705062866,-1.5707963705062866,-0.5782855153083801,0.20000000298023224,-15.0,-14.998158222516278,15.089507280142481,38675.0
3.9597,0.0051,1,1,0.27031409740448,-0.8291178941726685,0.2194395661354065,0.10454311221837997,-0.1007172092795372,0.5000964999198914,1.2542964220046997,0.898700475692749,0.12766791880130768,0.9799689650535583,-0.0721563845872879,-0.12465043365955353,0.13753055036067963,-0.07519128242075529,-0.6021429861538423,-0.5410532665407327,-10.387783361061336,-12.97110852700565,17.161687068709426,0.7980074882507324,-0.1657709777355194,0.728400707244873,0.28065693378448486,1.2542964220046997,0.898700475692749,0.12766791880130768,-0.0721563845872879,-0.12465043365955353,0.13753055036067963,0.9799689650535583,-0.07519128173589706,-0.6021429896354675,-0.541053295135498,-0.1657709777355194,0.728400707244873,0.28065693378448486,-0.16702565550804138,0.8068497180938721,0.28065693378448486,-0.18053701519966125,0.8841366767883301,0.28065693378448486,-0.20597238838672638,0.9583584666252136,0.28065693378448486,-0.24270543456077576,1.0276875495910645,0.28065693378448486,-0.2898316979408264,1.090416669845581,0.28065693378448486,-0.34619075059890747,1.1450012922286987,0.28065693378448486,-0.4103948473930359,1.190097451210022,0.28065693378448486,-0.480863094329834,1.2245947122573853,0.28065693378448486,-0.5558602809906006,1.2476434707641602,0.28065693378448486,-1.5707963705062866,-1.5707963705062866,-0.563058614730835,0.20000000298023224,-15.0,-14.999079111258139,14.9054068448919,38675.0
3.9798,0.0048,1,1,0.2926868796348572,-0.8082542419433594,0.23353402316570282,0.1052805557847023,-0.08496322482824326,0.5000964999198914,1.1549303531646729,0.932933509349823,0.2181679904460907,0.9795259237289429,-0.07123881578445435,-0.1336851716041565,0.13259068131446838,-0.1644948052606518,-0.6066675636878325,-0.4932100103211363,-10.394191449740543,-14.063964618595355,16.703225668626104,0.7933010458946228,-0.18740633130073547,0.7232910394668579,0.26656246185302734,1.1549303531646729,0.932933509349823,0.2181679904460907,-0.07123881578445435,-0.1336851716041565,0.13259068131446838,0.9795259237289429,-0.1644948124885559,-0.6066675782203674,-0.4932100176811218,-0.18740633130073547,0.7232910394668579,0.26656246185302734,-0.19113454222679138,0.801661491394043,0.26656246185302734,-0.20707669854164124,0.8784838914871216,0.26656246185302734,-0.2348402589559555,0.9518665075302124,0.26656246185302734,-0.27374157309532166,1.0200026035308838,0.26656246185302734,-0.32282277941703796,1.081214189529419,0.26656246185302734,-0.3808753192424774,1.133994221687317,0.26656246185302734,-0.4464697241783142,1.177043080329895,0.26656246185302734,-0.5179909467697144,1.2093006372451782,0.26656246185302734,-0.5936777591705322,1.2299727201461792,0.26656246185302734,-1.5707963705062866,-1.5707963705062866,-0.6144077181816101,0.20000000298023224,-15.0,-14.99953955562907,13.98848404472527,38675.0
3.9998,0.0051,1,1,0.31644755601882935,-0.7880163788795471,0.23797166347503662,0.10552077740430832,-0.06919993460178375,0.5000964999198914,1.0933506488800049,0.9604644179344177,0.22558408975601196,0.9793022274971008,-0.0715024545788765,-0.1398194283246994,0.12768346071243286,-0.22571853181086285,-0.42682336316839997,-0.4799084194930584,-10.47394830205344,-14.80864266382475,16.221720326329578,0.7936602830886841,-0.21092677116394043,0.7188164591789246,0.26212483644485474,1.0933506488800049,0.9604644179344177,0.22558408975601196,-0.0715024545788765,-0.1398194283246994,0.12768346071243286,0.9793022274971008,-0.22571852803230286,-0.42682337760925293,-0.47990840673446655,-0.21092677116394043,0.7188164591789246,0.26212483644485474,-0.217123880982399,0.7970303893089294,0.26212483644485474,-0.23548004031181335,0.8733119964599609,0.26212483644485474,-0.26554328203201294,0.9457828998565674,0.26212483644485474,-0.3065733313560486,1.0126585960388184,0.26212483644485474,-0.3575599193572998,1.0722925662994385,0.26212483644485474,-0.41724756360054016,1.123216152191162,0.26212483644485474,-0.48416656255722046,1.1641756296157837,0.26212483644485474,-0.5566691160202026,1.194162368774414,0.26212483644485474,-0.6329700946807861,1.2124379873275757,0.26212483644485474,-1.5707963705062866,-1.5707963705062866,-0.6171451210975647,0.20000000298023224,-15.0,-14.999769777814535,13.025473360132214,38675.0
4.0198,0.0059,1,1,0.3634189963340759,-0.7696037888526917,0.24381251633167267,0.10526883602142334,-0.053591009229421616,0.5000964999198914,1.1681702136993408,0.9835197925567627,0.2376706749200821,0.9801487326622009,-0.0720200166106224,-0.13619652390480042,0.12478037178516388,-0.2269380598530374,-0.19349852703389137,-0.5019976096805572,-10.420278163965156,-14.419074769894051,15.832030514048038,0.8031172156333923,-0.2581501603126526,0.7160127758979797,0.2562839984893799,1.1681702136993408,0.9835197925567627,0.2376706749200821,-0.0720200166106224,-0.13619652390480042,0.12478037178516388,0.9801487326622009,-0.22693805396556854,-0.19349852204322815,-0.5019975900650024,-0.2581501603126526,0.7160127758979797,0.2562839984893799,-0.2667859196662903,0.7939951419830322,0.2562839984893799,-0.28751450777053833,0.8696665167808533,0.2562839984893799,-0.31982550024986267,0.9411635994911194,0.2562839984893799,-0.3629232943058014,1.0067259073257446,0.2562839984893799,-0.41574668884277344,1.0647389888763428,0.2562839984893799,-0.47699496150016785,1.1137744188308716,0.2562839984893799,-0.5451600551605225,1.1526248455047607,0.2562839984893799,-0.6185634136199951,1.1803336143493652,0.2562839984893799,-0.695397675037384,1.1962183713912964,0.2562839984893799,-1.5707963705062866,-1.5707963705062866,-0.636652410030365,0.20000000298023224,-15.0,-14.999884888907268,12.246093735569119,38675.0
4.0402,0.0063,1,1,0.39564037322998047,-0.7331305742263794,0.24602797627449036,0.104502834379673,-0.03757374361157417,0.5000964999198914,1.1572703123092651,1.091660737991333,0.20685774087905884,0.9801004528999329,-0.07790996134281158,-0.13516512513160706,0.12272559851408005,-0.0972631537387901,-0.17064748968230503,-0.473159137052957,-11.056722580764017,-14.230753931385678,15.658964655422105,0.7956828474998474,-0.29113754630088806,0.6955568194389343,0.254068523645401,1.1572703123092651,1.091660737991333,0.20685774087905884,-0.07790996134281158,-0.13516512513160706,0.12272559851408005,0.9801004528999329,-0.0972631573677063,-0.1706474870443344,-0.47315913438796997,-0.29113754630088806,0.6955568194389343,0.254068523645401,-0.30226951837539673,0.7732222080230713,0.254068523645401,-0.3254140019416809,0.8481899499893188,0.254068523645401,-0.3600010871887207,0.9186140894889832,0.254068523645401,-0.40517908334732056,0.9827606678009033,0.254068523645401,-0.45983561873435974,1.0390499830245972,0.254068523645401,-0.5226248502731323,1.086096167564392,0.254068523645401,-0.5920006632804871,1.1227407455444336,0.254068523645401,-0.6662548184394836,1.1480814218521118,0.254068523645401,-0.743558943271637,1.161494255065918,0.254068523645401,-1.5707963705062866,-1.5707963705062866,-0.5985418558120728,0.20000000298023224,-15.0,-14.999942444453634,11.899962018317272,38675.0
4.0602,0.0039,1,1,0.44001132249832153,-0.71958327293396,0.24340859055519104,0.10325831174850464,-0.021951492875814438,0.5000964999198914,1.20159912109375,1.0756381750106812,0.15458156168460846,0.9810681939125061,-0.07540519535541534,-0.13152137398719788,0.12049633264541626,0.003342496553604273,-0.27363480857859784,-0.4618658027133942,-10.664315557576469,-13.880093887464389,15.305943689300411,0.8160768151283264,-0.3367530107498169,0.6976317763328552,0.2566879093647003,1.20159912109375,1.0756381750106812,0.15458156168460846,-0.07540519535541534,-0.13152137398719788,0.12049633264541626,0.9810681939125061,0.0033424964640289545,-0.27363482117652893,-0.4618658125400543,-0.3367530107498169,0.6976317763328552,0.2566879093647003,-0.35031354427337646,0.7749100923538208,0.2566879093647003,-0.3757961094379425,0.8491157293319702,0.2566879093647003,-0.41257327795028687,0.9184213280677795,0.2566879093647003,-0.45973941683769226,0.9811204671859741,0.2566879093647003,-0.516133189201355,1.0356693267822266,0.2566879093647003,-0.5803659558296204,1.0807245969772339,0.2566879093647003,-0.6508561372756958,1.1151769161224365,0.2566879093647003,-0.7258679866790771,1.1381781101226807,0.2566879093647003,-0.8035544753074646,1.1491615772247314,0.2566879093647003,-1.5707963705062866,-1.5707963705062866,-0.5767959952354431,0.20000000298023224,-15.0,-14.999971222226817,11.193920086073897,38675.0
4.0806,0.0053,1,1,0.4629020392894745,-0.6941569447517395,0.25457534193992615,0.10151252150535583,-0.006279465742409229,0.5000964999198914,1.1412019729614258,1.1208906173706055,0.21301770210266113,0.9814892411231995,-0.07402943074703217,-0.13168548047542572,0.11770953983068466,-0.02179803177894741,-0.2004354624623025,-0.45388800406243923,-10.467481949559351,-13.94957276802192,14.961651204281782,0.8148978352546692,-0.36138951778411865,0.6878774762153625,0.2455211579799652,1.1412019729614258,1.1208906173706055,0.21301770210266113,-0.07402943074703217,-0.13168548047542572,0.11770953983068466,0.9814892411231995,-0.02179803140461445,-0.20043545961380005,-0.4538879990577698,-0.36138951778411865,0.6878774762153625,0.2455211579799652,-0.3773801922798157,0.7646897435188293,0.2455211579799652,-0.405190110206604,0.838054895401001,0.2455211579799652,-0.4441344439983368,0.9061663150787354,0.2455211579799652,-0.49325430393218994,0.9673469066619873,0.2455211579799652,-0.5513401627540588,1.0200903415679932,0.2455211579799652,-0.6169617772102356,1.0630977153778076,0.2455211579799652,-0.6885032653808594,1.095310091972351,0.2455211579799652,-0.7642031908035278,1.1159343719482422,0.2455211579799652,-0.8421974182128906,1.124462604522705,0.2455211579799652,-1.5707963705062866,-1.5707963705062866,-0.6160686016082764,0.20000000298023224,-15.0,-14.99998561111341,10.505335116036619,38675.0
4.1002,0.0068,1,1,0.49507391452789307,-0.6753336191177368,0.25662559270858765,0.0992923155426979,0.00921112671494484,0.5000964999198914,1.0952955484390259,1.1248586177825928,0.2007448375225067,0.9815983772277832,-0.07279479503631592,-0.13541734218597412,0.11325061321258545,-0.00868370330754277,-0.15019654303936855,-0.4635721233133216,-10.325788734175244,-14.439807785834692,14.4742178945679,0.8273588418960571,-0.39578160643577576,0.6845447421073914,0.2434709072113037,1.0952955484390259,1.1248586177825928,0.2007448375225067,-0.07279479503631592,-0.13541734218597412,0.11325061321258545,0.9815983772277832,-0.008683702908456326,-0.15019653737545013,-0.46357211470603943,-0.39578160643577576,0.6845447421073914,0.2434709072113037,-0.41416820883750916,0.7608190178871155,0.2434709072113037,-0.4442603588104248,0.8332778811454773,0.2434709072113037,-0.4853171110153198,0.9001372456550598,0.2434709072113037,-0.5363274812698364,0.959750771522522,0.2434709072113037,-0.5960354804992676,1.010650634765625,0.2434709072113037,-0.662970781326294,1.0515832901000977,0.2434709072113037,-0.735485315322876,1.0815410614013672,0.2434709072113037,-0.8117935657501221,1.0997862815856934,0.2434709072113037,-0.8900164365768433,1.1058696508407593,0.2434709072113037,-1.5707963705062866,-1.5707963705062866,-0.602801501750946,0.20000000298023224,-15.0,-14.999992805556705,9.530468496608842,38675.0
4.1197,0.0061,1,1,0.5170978307723999,-0.6447691917419434,0.2690408229827881,0.0966433510184288,0.024337533861398697,0.5000964999198914,1.0218318700790405,1.1887465715408325,0.25792503356933594,0.9816389083862305,-0.07428362965583801,-0.13734500110149384,0.10955021530389786,-0.22062468694911147,0.0024475841815468037,-0.5196267374114729,-10.478479847635674,-14.677069929515337,14.088815245207353,0.8233301043510437,-0.4204544723033905,0.6691067218780518,0.23105567693710327,1.0218318700790405,1.1887465715408325,0.25792503356933594,-0.07428362965583801,-0.13734500110149384,0.10955021530389786,0.9816389083862305,-0.22062468528747559,0.0024475841782987118,-0.5196267366409302,-0.4204544723033905,0.6691067218780518,0.23105567693710327,-0.44117477536201477,0.7447803616523743,0.23105567693710327,-0.47347790002822876,0.8162809610366821,0.23105567693710327,-0.5165685415267944,0.8818479776382446,0.23105567693710327,-0.5693855285644531,0.939866840839386,0.23105567693710327,-0.6306284666061401,0.9889090061187744,0.23105567693710327,-0.6987892389297485,1.0277669429779053,0.23105567693710327,-0.7721896171569824,1.0554836988449097,0.23105567693710327,-0.8490221500396729,1.071376919746399,0.23105567693710327,-0.9273949265480042,1.0750551223754883,0.23105567693710327,-1.5707963705062866,-1.5707963705062866,-0.6146648526191711,0.20000000298023224,-15.0,-14.999996402778352,8.759663197887782,38675.0
4.1396,0.0059,1,1,0.5363287329673767,-0.6204624176025391,0.27453380823135376,0.0934661477804184,0.039666350930929184,0.5000964999198914,0.9514318704605103,1.21504807472229,0.2629532217979431,0.9819116592407227,-0.07593515515327454,-0.13882321119308472,0.10396870970726013,-0.1292629234159904,-0.0801960362216651,-0.494042348030327,-10.61260650348766,-14.88231507354411,13.47834458410282,0.8263024687767029,-0.4428625702857971,0.6601287722587585,0.2255626916885376,0.9514318704605103,1.21504807472229,0.2629532217979431,-0.07593515515327454,-0.13882321119308472,0.10396870970726013,0.9819116592407227,-0.12926292419433594,-0.08019603788852692,-0.4940423369407654,-0.4428625702857971,0.6601287722587585,0.2255626916885376,-0.46594172716140747,0.7351166605949402,0.2255626916885376,-0.5004673600196838,0.8055709600448608,0.2255626916885376,-0.5455894470214844,0.869756817817688,0.2255626916885376,-0.600196897983551,0.9260938167572021,0.2255626916885376,-0.6629450917243958,0.9731947183609009,0.2255626916885376,-0.7322889566421509,1.0098997354507446,0.2255626916885376,-0.8065209984779358,1.035305142402649,0.2255626916885376,-0.8838133811950684,1.0487852096557617,0.2255626916885376,-0.9622629880905151,1.0500082969665527,0.2255626916885376,-1.5707963705062866,-1.5707963705062866,-0.598665714263916,0.20000000298023224,-15.0,-14.999998201389175,7.538721875678707,38675.0
4.1601,0.0056,1,1,0.5559426546096802,-0.5865181088447571,0.2876458764076233,0.08970270305871964,0.05530775710940361,0.5000964999198914,0.8931422233581543,1.289209246635437,0.31318098306655884,0.9820895195007324,-0.07869475334882736,-0.13910001516342163,0.0997818112373352,-0.035667774736080085,-0.06526752860603621,-0.5049763553598108,-10.876555080866325,-14.922527023544548,13.03150640676421,0.8212523460388184,-0.46623995900154114,0.6418258547782898,0.21245062351226807,0.8931422233581543,1.289209246635437,0.31318098306655884,-0.07869475334882736,-0.13910001516342163,0.0997818112373352,0.9820895195007324,-0.035667773336172104,-0.06526752561330795,-0.5049763321876526,-0.46623995900154114,0.6418258547782898,0.21245062351226807,-0.4917196035385132,0.7160324454307556,0.21245062351226807,-0.5284940004348755,0.7853395342826843,0.21245062351226807,-0.5756577253341675,0.8480405807495117,0.21245062351226807,-0.6320493221282959,0.9025915861129761,0.21245062351226807,-0.696280300617218,0.9476494193077087,0.21245062351226807,-0.7667691111564636,0.9821045398712158,0.21245062351226807,-0.8417800664901733,1.0051085948944092,0.21245062351226807,-0.9194661378860474,1.0160951614379883,0.21245062351226807,-0.9979144334793091,1.0147936344146729,0.21245062351226807,-1.5707963705062866,-1.5707963705062866,-0.5775441527366638,0.20000000298023224,-15.0,-14.999999100694588,6.6450455210014905,38675.0
4.1797,0.0057,1,1,0.5758134722709656,-0.5566182136535645,0.29058921337127686,0.08561781048774719,0.07020337879657745,0.5000964999198914,0.8571953773498535,1.3411035537719727,0.2898743748664856,0.9825965166091919,-0.08023214340209961,-0.13803091645240784,0.0949329063296318,0.015260795218265124,0.07873195509001564,-0.49904576192831335,-10.965561649641616,-14.834273643312304,12.468722369730132,0.8228550553321838,-0.4901956617832184,0.6268215775489807,0.2095072865486145,0.8571953773498535,1.3411035537719727,0.2898743748664856,-0.08023214340209961,-0.13803091645240784,0.0949329063296318,0.9825965166091919,0.015260795131325722,0.0787319540977478,-0.4990457594394684,-0.4901956617832184,0.6268215775489807,0.2095072865486145,-0.5179551839828491,0.7002058029174805,0.2095072865486145,-0.5568528175354004,0.7683439254760742,0.2095072865486145,-0.6059306263923645,0.829558253288269,0.2095072865486145,-0.6639803051948547,0.8823414444923401,0.2095072865486145,-0.7295724153518677,0.92539381980896,0.2095072865486145,-0.8010917901992798,0.9576553106307983,0.2095072865486145,-0.8767775297164917,0.9783315658569336,0.2095072865486145,-0.954765796661377,0.9869133234024048,0.2095072865486145,-1.0331364870071411,0.9831893444061279,0.2095072865486145,-1.5707963705062866,-1.5707963705062866,-0.5079423189163208,0.20000000298023224,-15.0,-14.999999550347294,5.5194774469333305,38675.0
4.2004,0.0056,1,1,0.5903920531272888,-0.5210375189781189,0.3037877678871155,0.0809289887547493,0.08541391789913177,0.5000964999198914,0.7953291535377502,1.4169694185256958,0.34637629985809326,0.9830655455589294,-0.08215676248073578,-0.13676497340202332,0.0901431143283844,-0.04152702041749863,0.1663928734590649,-0.5135581922355094,-11.099041556346872,-14.719441026406368,11.916264484880536,0.8160104751586914,-0.5094630718231201,0.6064514517784119,0.19630873203277588,0.7953291535377502,1.4169694185256958,0.34637629985809326,-0.08215676248073578,-0.13676497340202332,0.0901431143283844,0.9830655455589294,-0.041527021676301956,0.16639287769794464,-0.5135582089424133,-0.5094630718231201,0.6064514517784119,0.19630873203277588,-0.5395443439483643,0.6789148449897766,0.19630873203277588,-0.5805910229682922,0.745780348777771,0.19630873203277588,-0.6315924525260925,0.8054015636444092,0.19630873203277588,-0.6912927627563477,0.8563103675842285,0.19630873203277588,-0.7582219243049622,0.897253155708313,0.19630873203277588,-0.830731987953186,0.9272218346595764,0.19630873203277588,-0.9070374369621277,0.9454785585403442,0.19630873203277588,-0.9852594137191772,0.9515736103057861,0.19630873203277588,-1.063471794128418,0.945357084274292,0.19630873203277588,-1.5707963705062866,-1.5707963705062866,-0.4151444435119629,0.20000000298023224,-15.0,-14.999999775173647,4.414561677234109,38675.0
4.2201,0.0065,1,1,0.6054960489273071,-0.49254024028778076,0.3109876215457916,0.07584904134273529,0.10021650046110153,0.5000964999198914,0.7330465316772461,1.4438074827194214,0.350872665643692,0.9837244749069214,-0.081515371799469,-0.13568106293678284,0.08502884209156036,-0.11118679241848325,0.3417030422226375,-0.566825075883593,-10.930858035976518,-14.660038312612338,11.290523792476566,0.8170977234840393,-0.5296469926834106,0.5927567481994629,0.18910887837409973,0.7330465316772461,1.4438074827194214,0.350872665643692,-0.081515371799469,-0.13568106293678284,0.08502884209156036,0.9837244749069214,-0.11118679493665695,0.34170302748680115,-0.5668250918388367,-0.5296469926834106,0.5927567481994629,0.18910887837409973,-0.5619813799858093,0.664243221282959,0.18910887837409973,-0.6051005721092224,0.7297914028167725,0.18910887837409973,-0.6579429507255554,0.7877871990203857,0.18910887837409973,-0.719207227230072,0.8368026614189148,0.18910887837409973,-0.7873849868774414,0.875630795955658,0.18910887837409973,-0.8607974052429199,0.903315544128418,0.18910887837409973,-0.9376368522644043,0.9191752076148987,0.18910887837409973,-1.0160112380981445,0.9228192567825317,0.18910887837409973,-1.0939908027648926,0.9141579866409302,0.18910887837409973,-1.5707963705062866,-1.5707963705062866,-0.3276292085647583,0.20000000298023224,-15.0,-14.999999887586824,3.1630802924261743,38675.0
4.2402,0.0059,1,1,0.6222268342971802,-0.4586215913295746,0.3152333199977875,0.07026194781064987,0.11496972292661667,0.5000964999198914,0.7052457332611084,1.5036150217056274,0.3256341218948364,0.9844706058502197,-0.0843525156378746,-0.13193349540233612,0.07933434844017029,-0.09653968106153486,0.14422388830740465,-0.48913840319905505,-11.126026057424408,-14.263709084672048,10.610948563463358,0.8172188401222229,-0.5519648790359497,0.5735912919044495,0.18486317992210388,0.7052457332611084,1.5036150217056274,0.3256341218948364,-0.0843525156378746,-0.13193349540233612,0.07933434844017029,0.9844706058502197,-0.0965396836400032,0.1442238837480545,-0.4891383945941925,-0.5519648790359497,0.5735912919044495,0.18486317992210388,-0.5865383744239807,0.6440221667289734,0.18486317992210388,-0.6317040324211121,0.708177387714386,0.18486317992210388,-0.6863496899604797,0.7644773125648499,0.18486317992210388,-0.7491298317909241,0.8115355968475342,0.18486317992210388,-0.8184985518455505,0.8481935858726501,0.18486317992210388,-0.8927478790283203,0.8735485672950745,0.18486317992210388,-0.9700493812561035,0.8869762420654297,0.18486317992210388,-1.0484997034072876,0.8881459832191467,0.18486317992210388,-1.1261672973632812,0.8770289421081543,0.18486317992210388,-1.5707963705062866,-1.5707963705062866,-0.19174206256866455,0.20000000298023224,-15.0,-14.999999943793412,1.803929834399772,38675.0
4.2599,0.0064,1,1,0.6749257445335388,-0.46225953102111816,0.31967949867248535,0.06426017731428146,0.12942874431610107,0.5000964999198914,0.8720071315765381,1.3931056261062622,0.3294551372528076,0.9874016046524048,-0.07477772235870361,-0.11916100978851318,0.07242242246866226,-0.1611245749011565,0.15389906932387845,-0.47612699706125494,-9.744272924115059,-12.972794720693894,9.500367584785183,0.8692282438278198,-0.6106655597686768,0.5916882753372192,0.180417001247406,0.8720071315765381,1.3931056261062622,0.3294551372528076,-0.07477772235870361,-0.11916100978851318,0.07242242246866226,0.9874016046524048,-0.1611245721578598,0.15389907360076904,-0.4761269986629486,-0.6106655597686768,0.5916882753372192,0.180417001247406,-0.6474270224571228,0.6610022187232971,0.180417001247406,-0.694579005241394,0.7237120270729065,0.180417001247406,-0.7509604692459106,0.7782735824584961,0.180417001247406,-0.8151830434799194,0.8233433961868286,0.180417001247406,-0.8856654167175293,0.857811689376831,0.180417001247406,-0.9606720805168152,0.8808298110961914,0.180417001247406,-1.038356065750122,0.8918308019638062,0.180417001247406,-1.116804599761963,0.8905439376831055,0.180417001247406,-1.1940860748291016,0.8770009279251099,0.180417001247406,-1.5707963705062866,-1.5707963705062866,-0.20879602432250977,0.20000000298023224,-15.0,-14.999999971896706,-0.41723212295660117,38675.0
4.2799,0.0066,1,1,0.6914119720458984,-0.43417084217071533,0.32664522528648376,0.05779224634170532,0.14372766017913818,0.5000964999198914,0.8162957429885864,1.4185093641281128,0.3336692154407501,0.9888460040092468,-0.07114627957344055,-0.11282739788293839,0.06625564396381378,-0.12167347190861783,0.03561675023406984,-0.3532884920442683,-9.168444455796289,-12.339866108856981,8.659744900508553,0.8749434351921082,-0.6336197257041931,0.5778985023498535,0.1734512746334076,0.8162957429885864,1.4185093641281128,0.3336692154407501,-0.07114627957344055,-0.11282739788293839,0.06625564396381378,0.9888460040092468,-0.12167347222566605,0.03561675176024437,-0.3532885015010834,-0.6336197257041931,0.5778985023498535,0.1734512746334076,-0.6725383996963501,0.6460245847702026,0.1734512746334076,-0.7216352224349976,0.7072237133979797,0.1734512746334076,-0.7797012329101562,0.7599889039993286,0.1734512746334076,-0.8453066349029541,0.8030210137367249,0.1734512746334076,-0.9168360233306885,0.8352603912353516,0.1734512746334076,-0.9925281405448914,0.8559131026268005,0.1734512746334076,-1.070519208908081,0.8644707202911377,0.1734512746334076,-1.1488885879516602,0.860722541809082,0.1734512746334076,-1.225706934928894,0.8447607755661011,0.1734512746334076,-1.4529523849487305,-1.5707963705062866,-0.1533808708190918,0.20000000298023224,-15.0,-14.999999985948353,-2.0984774915098217,38675.0
4.2996,0.0055,1,1,0.7310624718666077,-0.42364269495010376,0.32784026861190796,0.0509985014796257,0.15758174657821655,0.5000964999198914,0.8791801929473877,1.376160979270935,0.30481529235839844,0.9892212748527527,-0.07116638123989105,-0.11227806657552719,0.0613873228430748,-0.25127297727450226,0.05255333124588892,-0.3337342317403615,-9.104072408965399,-12.321574690331948,8.086762665838485,0.9110329747200012,-0.6800639629364014,0.5812244415283203,0.1722562313079834,0.8791801929473877,1.376160979270935,0.30481529235839844,-0.07116638123989105,-0.11227806657552719,0.0613873228430748,0.9892212748527527,-0.251272976398468,0.05255332961678505,-0.3337342441082001,-0.6800639629364014,0.5812244415283203,0.1722562313079834,-0.7210662961006165,0.648117184638977,0.1722562313079834,-0.7720280885696411,0.7077721953392029,0.1722562313079834,-0.8316946029663086,0.7587205767631531,0.1722562313079834,-0.8985966444015503,0.7997077703475952,0.1722562313079834,-0.9710867404937744,0.8297246098518372,0.1722562313079834,-1.0473800897598267,0.8480319380760193,0.1722562313079834,-1.1255979537963867,0.8541789054870605,0.1722562313079834,-1.2038145065307617,0.8480142951011658,0.1722562313079834,-1.2801036834716797,0.8296897411346436,0.1722562313079834,-1.2698707580566406,-1.5707963705062866,-0.11495506763458252,0.20000000298023224,-15.0,-14.999999992974177,-3.244441960849976,38675.0
4.3198,0.0061,1,1,0.7567022442817688,-0.40002456307411194,0.32933303713798523,0.04360121488571167,0.17154577374458313,0.5000964999198914,0.8466432690620422,1.3847898244857788,0.2810932993888855,0.9891848564147949,-0.07377972453832626,-0.1128535196185112,0.05772336572408676,-0.35526415809894357,-0.03221984873237635,-0.29574130931318204,-9.368883420283048,-12.400764395992628,7.699441240716785,0.9297127723693848,-0.7131010293960571,0.5715703368186951,0.17076346278190613,0.8466432690620422,1.3847898244857788,0.2810932993888855,-0.07377972453832626,-0.1128535196185112,0.05772336572408676,0.9891848564147949,-0.35526415705680847,-0.03221984952688217,-0.29574131965637207,-0.7131010293960571,0.5715703368186951,0.17076346278190613,-0.7561967372894287,0.6371339559555054,0.17076346278190613,-0.8090182542800903,0.695148766040802,0.17076346278190613,-0.8702649474143982,0.7441861629486084,0.17076346278190613,-0.9384287595748901,0.7830387949943542,0.17076346278190613,-1.011831283569336,0.810749888420105,0.17076346278190613,-1.0886650085449219,0.8266371488571167,0.17076346278190613,-1.1670382022857666,0.830309271812439,0.17076346278190613,-1.245020866394043,0.8216760158538818,0.17076346278190613,-1.320692777633667,0.8009498715400696,0.17076346278190613,-0.9899156093597412,-1.5707963705062866,-0.050632357597351074,0.20000000298023224,-15.0,-14.999999996487087,-4.019084811093397,38675.0
4.34,0.006,1,1,0.7716528177261353,-0.36837154626846313,0.3480353057384491,0.035745859146118164,0.18530365824699402,0.5000964999198914,0.788037896156311,1.4322516918182373,0.36191174387931824,0.9891601204872131,-0.07806505262851715,-0.11234721541404724,0.0533318892121315,-0.34362464610718413,-0.20588056162707852,-0.263092968364385,-9.809057240510175,-12.352880973602886,7.236464218753483,0.9334012269973755,-0.7359069585800171,0.5536751747131348,0.15206119418144226,0.788037896156311,1.4322516918182373,0.36191174387931824,-0.07806505262851715,-0.11234721541404724,0.0533318892121315,0.9891601204872131,-0.34362465143203735,-0.2058805674314499,-0.263092964887619,-0.7359069585800171,0.5536751747131348,0.15206119418144226,-0.781058132648468,0.6178406476974487,0.15206119418144226,-0.8356911540031433,0.6741528511047363,0.15206119418144226,-0.8984606266021729,0.7212252616882324,0.15206119418144226,-0.9678211212158203,0.7578988671302795,0.15206119418144226,-1.0420646667480469,0.7832705974578857,0.15206119418144226,-1.1193631887435913,0.7967156767845154,0.15206119418144226,-1.1978132724761963,0.7979030609130859,0.15206119418144226,-1.2754833698272705,0.7868036031723022,0.15206119418144226,-1.3504607677459717,0.7636904716491699,0.15206119418144226,-0.6799301505088806,-1.5707963705062866,0.006850719451904297,0.20000000298023224,-15.0,-14.999999998243544,-4.945038855019987,38675.0
4.3599,0.0057,1,1,0.7896060347557068,-0.3450382649898529,0.3445700407028198,0.027521949261426926,0.19870609045028687,0.5000964999198914,0.7529200911521912,1.4304101467132568,0.3003876209259033,0.9890077114105225,-0.07892194390296936,-0.11490315198898315,0.049298662692308426,-0.28969766469341074,0.008531627966772188,-0.28058123151839237,-9.882220106366606,-12.679591782061712,6.807916915695391,0.9490092396736145,-0.7620840668678284,0.5437443256378174,0.15552645921707153,0.7529200911521912,1.4304101467132568,0.3003876209259033,-0.07892194390296936,-0.11490315198898315,0.049298662692308426,0.9890077114105225,-0.28969767689704895,0.008531628176569939,-0.2805812358856201,-0.7620840668678284,0.5437443256378174,0.15552645921707153,-0.809230625629425,0.606458306312561,0.15552645921707153,-0.8656073212623596,0.6610246896743774,0.15552645921707153,-0.929826021194458,0.7061001062393188,0.15552645921707153,-1.000305414199829,0.7405744791030884,0.15552645921707153,-1.0753099918365479,0.7635990381240845,0.15552645921707153,-1.1529932022094727,0.7746068239212036,0.15552645921707153,-1.2314417362213135,0.7733268141746521,0.15552645921707153,-1.3087244033813477,0.7597904205322266,0.15552645921707153,-1.3829379081726074,0.7343311309814453,0.15552645921707153,-0.4688143730163574,-1.5707963705062866,0.06626021862030029,0.20000000298023224,-15.0,-14.999999999121773,-5.802133461136163,38675.0
4.3799,0.0051,1,1,0.8102400302886963,-0.3189692497253418,0.35173943638801575,0.018904348835349083,0.21180850267410278,0.5000964999198914,0.7149372100830078,1.4453386068344116,0.3135721683502197,0.9889605641365051,-0.08075899630784988,-0.11577115207910538,0.0450555756688118,-0.264384018926585,-0.06831035243783067,-0.24320511384443214,-10.050159942393732,-12.80942603202767,6.348013420603716,0.9643375873565674,-0.7913357019424438,0.5307777523994446,0.1483570635318756,0.7149372100830078,1.4453386068344116,0.3135721683502197,-0.08075899630784988,-0.11577115207910538,0.0450555756688118,0.9889605641365051,-0.26438403129577637,-0.06831035017967224,-0.24320511519908905,-0.7913357019424438,0.5307777523994446,0.1483570635318756,-0.8404257893562317,0.5919822454452515,0.1483570635318756,-0.8984860181808472,0.6447538137435913,0.1483570635318756,-0.9640867114067078,0.6877930760383606,0.1483570635318756,-1.0356125831604004,0.7200402617454529,0.1483570635318756,-1.111302375793457,0.7407013177871704,0.1483570635318756,-1.1892924308776855,0.7492674589157104,0.1483570635318756,-1.2676624059677124,0.7455278635025024,0.1483570635318756,-1.344482421875,0.72957444190979,0.1483570635318756,-1.4178611040115356,0.7018002271652222,0.1483570635318756,-0.26559650897979736,-1.5707963705062866,0.10325610637664795,0.20000000298023224,-15.0,-14.999999999560886,-6.721940451319514,38675.0
4.4,0.0055,1,1,0.8224573135375977,-0.29142674803733826,0.35492831468582153,0.00982847809791565,0.22470514476299286,0.5000964999198914,0.6632129549980164,1.4687854051589966,0.3002486526966095,0.9888046979904175,-0.08291115611791611,-0.11668919771909714,0.04210217669606209,-0.21531406077462764,-0.015196791967129954,-0.1381578814568551,-10.271564813793237,-12.931393497794657,6.043380056655919,0.973566472530365,-0.8126288652420044,0.5161318778991699,0.14516818523406982,0.6632129549980164,1.4687854051589966,0.3002486526966095,-0.08291115611791611,-0.11668919771909714,0.04210217669606209,0.9888046979904175,-0.21531406044960022,-0.015196791850030422,-0.13815787434577942,-0.8126288652420044,0.5161318778991699,0.14516818523406982,-0.8636246919631958,0.5757578611373901,0.14516818523406982,-0.9233202338218689,0.6266721487045288,0.14516818523406982,-0.9902455806732178,0.6676212549209595,0.14516818523406982,-1.0627528429031372,0.6975966691970825,0.14516818523406982,-1.13905668258667,0.7158604860305786,0.14516818523406982,-1.217278003692627,0.7219628691673279,0.14516818523406982,-1.2954909801483154,0.7157536149024963,0.14516818523406982,-1.3717697858810425,0.6973855495452881,0.14516818523406982,-1.4442360401153564,0.6673110723495483,0.14516818523406982,-0.057163357734680176,-1.5707963705062866,0.1319495439529419,0.20000000298023224,-9.137609570496842,-14.999999999780442,-7.331207179215113,38675.0
4.4201,0.006,1,1,0.8350993990898132,-0.26186105608940125,0.36112141609191895,0.0003442891757003963,0.2373170256614685,0.5000964999198914,0.610697329044342,1.4988983869552612,0.3006393015384674,0.9886782765388489,-0.08531078696250916,-0.11677628010511398,0.03998180106282234,-0.2533503594380617,-0.03767529053291703,-0.14082631061246562,-10.525506842353378,-12.949171892422086,5.82933927438801,0.9825013279914856,-0.8347551226615906,0.49917808175086975,0.1389750838279724,0.610697329044342,1.4988983869552612,0.3006393015384674,-0.08531078696250916,-0.11677628010511398,0.03998180106282234,0.9886782765388489,-0.2533503472805023,-0.037675291299819946,-0.14082631468772888,-0.8347551226615906,0.49917808175086975,0.1389750838279724,-0.8876070976257324,0.5571650862693787,0.1389750838279724,-0.948879599571228,0.6061702966690063,0.1389750838279724,-1.017063856124878,0.6449871063232422,0.1389750838279724,-1.090480923652649,0.6726595759391785,0.1389750838279724,-1.1673229932785034,0.6885063648223877,0.1389750838279724,-1.2456979751586914,0.6921373605728149,0.1389750838279724,-1.3236761093139648,0.6834630966186523,0.1389750838279724,-1.3993372917175293,0.6626971960067749,0.1389750838279724,-1.470818281173706,0.6303509473800659,0.1389750838279724,0.17733240127563477,-1.5707963705062866,0.17033922672271729,0.20000000298023224,0.5113942967586826,-14.999999999890221,-7.7592887437509415,38675.0
4.44,0.0055,1,1,0.8444196581840515,-0.22630631923675537,0.3840484619140625,-0.009353280998766422,0.24940621852874756,0.5000964999198914,0.5427423119544983,1.5551133155822754,0.39909544587135315,0.9884757399559021,-0.08740317076444626,-0.11756990104913712,0.03810250386595726,0.05195875140420431,0.005138898577403597,-0.14353782472108662,-10.752582017288733,-13.048127562517314,5.648188433915505,0.9842244386672974,-0.8537729382514954,0.47571253776550293,0.11604803800582886,0.5427423119544983,1.5551133155822754,0.39909544587135315,-0.08740317076444626,-0.11756990104913712,0.03810250386595726,0.9884757399559021,0.05195875093340874,0.0051388987340033054,-0.14353781938552856,-0.8537729382514954,0.47571253776550293,0.11604803800582886,-0.9083967208862305,0.5320336818695068,0.11604803800582886,-0.9711585640907288,0.5791163444519043,0.11604803800582886,-1.040513038635254,0.6158012747764587,0.11604803800582886,-1.1147525310516357,0.6411851048469543,0.11604803800582886,-1.1920487880706787,0.6546428203582764,0.11604803800582886,-1.2704987525939941,0.6558430194854736,0.11604803800582886,-1.348170518875122,0.6447561979293823,0.11604803800582886,-1.4231517314910889,0.621655285358429,0.11604803800582886,-1.493596076965332,0.5871091485023499,0.11604803800582886,0.4058922529220581,-1.5707963705062866,0.17525136470794678,0.20000000298023224,7.755697148379341,-14.99999999994511,-8.121590424695937,38675.0
4.4602,0.0062,1,1,0.8718600273132324,-0.1963357776403427,0.3809932470321655,-0.019677558913826942,0.2614800035953522,0.5000964999198914,0.5803011655807495,1.5676193237304688,0.31229710578918457,0.9894609451293945,-0.08344157040119171,-0.11280632019042969,0.03573904186487198,0.8665406204915003,0.12816322930049104,-0.17162505289468907,-10.21986752152626,-12.548775699186477,5.263821495984821,1.0092670917510986,-0.891537606716156,0.4578157663345337,0.11910325288772583,0.5803011655807495,1.5676193237304688,0.31229710578918457,-0.08344157040119171,-0.11280632019042969,0.03573904186487198,0.9894609451293945,0.8665406107902527,0.12816323339939117,-0.1716250479221344,-0.891537606716156,0.4578157663345337,0.11910325288772583,-0.9479230046272278,0.5123732089996338,0.11910325288772583,-1.0121488571166992,0.557438313961029,0.11910325288772583,-1.0826338529586792,0.591901421546936,0.11910325288772583,-1.157642126083374,0.6149140000343323,0.11910325288772583,-1.2353270053863525,0.6259093284606934,0.11910325288772583,-1.3137754201889038,0.6246167421340942,0.11910325288772583,-1.3910558223724365,0.6110680103302002,0.11910325288772583,-1.4652652740478516,0.5855967402458191,0.11910325288772583,-1.534576654434204,0.5488302111625671,0.11910325288772583,0.6186860799789429,-1.5707963705062866,0.23736143112182617,0.20000000298023224,11.37784857418967,-14.999999999972555,-8.890324300557293,38675.0
4.4799,0.0058,1,1,0.8852244019508362,-0.15865714848041534,0.39383986592292786,-0.03021056205034256,0.2730393707752228,0.5000964999198914,0.5482078790664673,1.629166841506958,0.3542234003543854,0.9906270503997803,-0.07240737229585648,-0.11047166585922241,0.034774016588926315,1.9942059169199784,0.008408532187910333,-0.0797611836275472,-8.900513779469952,-12.347285111709091,4.985534967216447,1.0176804065704346,-0.9154349565505981,0.4316965341567993,0.1062566339969635,0.5482078790664673,1.629166841506958,0.3542234003543854,-0.07240737229585648,-0.11047166585922241,0.034774016588926315,0.9906270503997803,1.9942059516906738,0.008408532477915287,-0.07976118475198746,-0.9154349565505981,0.4316965341567993,0.1062566339969635,-0.9734990000724792,0.4844639301300049,0.1062566339969635,-1.0391027927398682,0.5274984240531921,0.1062566339969635,-1.110630989074707,0.559740424156189,0.1062566339969635,-1.1863223314285278,0.5803959369659424,0.1062566339969635,-1.264312982559204,0.5889564752578735,0.1062566339969635,-1.3426827192306519,0.5852111577987671,0.1062566339969635,-1.419501543045044,0.5692522525787354,0.1062566339969635,-1.4928781986236572,0.5414726734161377,0.1062566339969635,-1.561005711555481,0.5025565028190613,0.1062566339969635,0.806867241859436,-1.5707963705062866,0.22980308532714844,0.20000000298023224,13.188924287094835,-14.999999999986278,-9.446897358094065,38675.0
4.4997,0.0057,1,1,0.8976086974143982,-0.12821345031261444,0.3915538787841797,-0.041030410677194595,0.2841942608356476,0.5000964999198914,0.5115525126457214,1.6436219215393066,0.30133622884750366,0.9920411109924316,-0.04959433898329735,-0.1102510318160057,0.03517978638410568,2.6794343359201673,-0.09455351216531058,-0.05612571633806723,-6.240658565720728,-12.430645004563074,4.7422457587500455,1.0309728384017944,-0.9386391043663025,0.41240769624710083,0.10854262113571167,0.5115525126457214,1.6436219215393066,0.30133622884750366,-0.04959433898329735,-0.1102510318160057,0.03517978638410568,0.9920411109924316,2.679434299468994,-0.09455351531505585,-0.056125715374946594,-0.9386391043663025,0.41240769624710083,0.10854262113571167,-0.9983149766921997,0.46334517002105713,0.10854262113571167,-1.0652244091033936,0.5043201446533203,0.10854262113571167,-1.1377201080322266,0.5343236327171326,0.10854262113571167,-1.2140167951583862,0.5526170134544373,0.10854262113571167,-1.2922358512878418,0.5587496757507324,0.10854262113571167,-1.3704512119293213,0.5525707006454468,0.10854262113571167,-1.4467370510101318,0.5342321991920471,0.10854262113571167,-1.5192148685455322,0.5041857361793518,0.10854262113571167,-1.5861001014709473,0.46317118406295776,0.10854262113571167,0.8674031496047974,-1.5707963705062866,0.24636399745941162,0.20000000298023224,14.094462143547418,-14.99999999999314,-9.933475775026846,38675.0
4.5202,0.0065,1,1,0.8999807238578796,-0.10806167125701904,0.4051980674266815,-0.05255889892578125,0.2953520119190216,0.5000964999198914,0.4774308502674103,1.668456792831421,0.3663384020328522,0.9926690459251404,-0.034661613404750824,-0.11030159890651703,0.03518902510404587,2.8375342256132665,0.008015421522987516,-0.03655434522415667,-4.498845909593064,-12.50627577054978,4.553640476808819,1.0387877225875854,-0.9525396227836609,0.40341368317604065,0.09489843249320984,0.4774308502674103,1.668456792831421,0.3663384020328522,-0.034661613404750824,-0.11030159890651703,0.03518902510404587,0.9926690459251404,2.837534189224243,0.008015421219170094,-0.03655434399843216,-0.9525396227836609,0.40341368317604065,0.09489843249320984,-1.0138189792633057,0.4524103105068207,0.09489843249320984,-1.0820086002349854,0.4912174940109253,0.09489843249320984,-1.1554296016693115,0.5188796520233154,0.09489843249320984,-1.2322739362716675,0.5347157716751099,0.09489843249320984,-1.3106493949890137,0.5383357405662537,0.09489843249320984,-1.3886263370513916,0.5296505689620972,0.09489843249320984,-1.4642845392227173,0.5088739991188049,0.09489843249320984,-1.5357611179351807,0.4765176773071289,0.09489843249320984,-1.601296067237854,0.43337833881378174,0.09489843249320984,0.9359349012374878,-1.5707963705062866,0.2083899974822998,0.20000000298023224,14.547231071773709,-14.99999999999657,-10.310686338909306,38675.0
4.5403,0.0057,1,1,0.912920355796814,-0.07593865692615509,0.4063017964363098,-0.06404279172420502,0.30578523874282837,0.5000964999198914,0.45547354221343994,1.669619083404541,0.32844555377960205,0.993363618850708,-0.006799615919589996,-0.1088155135512352,0.0366019569337368,2.475639928243489,-0.04703634753762679,-0.03512724874214567,-1.2601709090710447,-12.455951737028421,4.357905042890912,1.0530753135681152,-0.9769631624221802,0.38172388076782227,0.09379470348358154,0.45547354221343994,1.669619083404541,0.32844555377960205,-0.006799615919589996,-0.1088155135512352,0.0366019569337368,0.993363618850708,2.475639820098877,-0.047036346048116684,-0.035127248615026474,-0.9769631624221802,0.38172388076782227,0.09379470348358154,-1.0397332906723022,0.42879557609558105,0.09379470348358154,-1.1090941429138184,0.4654683470726013,0.09379470348358154,-1.1833380460739136,0.4908391833305359,0.09379470348358154,-1.2606366872787476,0.5042833685874939,0.09379470348358154,-1.3390867710113525,0.505469799041748,0.09379470348358154,-1.4167566299438477,0.49436938762664795,0.09379470348358154,-1.4917337894439697,0.471255362033844,0.09379470348358154,-1.5621720552444458,0.4366968870162964,0.09379470348358154,-1.626336932182312,0.3915449380874634,0.09379470348358154,1.092241644859314,-1.5707963705062866,0.23885273933410645,0.20000000298023224,14.773615535886854,-14.999999999998284,-10.702157206745113,38675.0
4.5601,0.0058,1,1,0.9221751093864441,-0.0379243865609169,0.4181458353996277,-0.07598240673542023,0.31597083806991577,0.5000964999198914,0.418403297662735,1.6972708702087402,0.3763464093208313,0.9933500289916992,0.017090201377868652,-0.10719417035579681,0.038354162126779556,2.061011046548507,-0.0772944223454829,0.01764546039853853,1.509474580103561,-12.37291598954563,4.258649979379361,1.0622034072875977,-0.9981575012207031,0.3538952171802521,0.08195066452026367,0.418403297662735,1.6972708702087402,0.3763464093208313,0.017090201377868652,-0.10719417035579681,0.038354162126779556,0.9933500289916992,2.0610110759735107,-0.07729442417621613,0.0176454596221447,-0.9981575012207031,0.3538952171802521,0.08195066452026367,-1.0623739957809448,0.3989737331867218,0.08195066452026367,-1.1328517198562622,0.4334516227245331,0.08195066452026367,-1.207855224609375,0.45647984743118286,0.08195066452026367,-1.2855377197265625,0.4674914479255676,0.08195066452026367,-1.3639864921569824,0.46621525287628174,0.08195066452026367,-1.4412696361541748,0.4526826739311218,0.08195066452026367,-1.5154845714569092,0.4272269606590271,0.08195066452026367,-1.5848033428192139,0.3904748857021332,0.08195066452026367,-1.647519588470459,0.34333139657974243,0.08195066452026367,1.337856411933899,-1.5707963705062866,0.23302221298217773,0.20000000298023224,14.886807767943427,-14.999999999999142,-10.900667333768222,38675.0
4.5801,0.0063,1,1,0.9315924048423767,-0.0033100061118602753,0.4211844801902771,-0.08818172663450241,0.32573479413986206,0.5000964999198914,0.38521629571914673,1.6933900117874146,0.35395941138267517,0.9928042888641357,0.037108100950717926,-0.1066867783665657,0.03973076492547989,1.6725746204905638,0.00831672959215421,-0.008925853830401478,3.8280771698701344,-12.403022492889008,4.167234955670343,1.0744471549987793,-1.019774079322815,0.32904478907585144,0.07891201972961426,0.38521629571914673,1.6933900117874146,0.35395941138267517,0.037108100950717926,-0.1066867783665657,0.03973076492547989,0.9928042888641357,1.6725746393203735,0.008316729217767715,-0.008925854228436947,-1.019774079322815,0.32904478907585144,0.07891201972961426,-1.0853677988052368,0.3720947206020355,0.07891201972961426,-1.156888484954834,0.4043534994125366,0.07891201972961426,-1.2325749397277832,0.4250268340110779,0.07891201972961426,-1.310563564300537,0.43360570073127747,0.07891201972961426,-1.3889341354370117,0.4298788011074066,0.07891201972961426,-1.4657567739486694,0.41393792629241943,0.07891201972961426,-1.539139986038208,0.38617563247680664,0.07891201972961426,-1.6072766780853271,0.3472754657268524,0.07891201972961426,-1.6684890985488892,0.2981953024864197,0.07891201972961426,1.5100988149642944,-1.5707963705062866,0.24958884716033936,0.20000000298023224,14.943403883971714,-14.99999999999957,-11.083497381186255,38675.0
4.6003,0.006,1,1,0.939661979675293,0.0301325935870409,0.42594584822654724,-0.10076770931482315,0.3351763188838959,0.5000964999198914,0.3528381884098053,1.6724278926849365,0.34016501903533936,0.9921005368232727,0.05418028682470322,-0.1058100089430809,0.04004133865237236,1.4403922471741857,-0.10162526180152857,0.029343368438981762,5.8189979539081325,-12.37371436416985,3.991083281707019,1.0867584943771362,-1.040429711341858,0.3050437271595001,0.07415065169334412,0.3528381884098053,1.6724278926849365,0.34016501903533936,0.05418028682470322,-0.1058100089430809,0.04004133865237236,0.9921005368232727,1.440392255783081,-0.10162526369094849,0.029343368485569954,-1.040429711341858,0.3050437271595001,0.07415065169334412,-1.107345461845398,0.3460085391998291,0.07415065169334412,-1.1798455715179443,0.3760010600090027,0.07415065169334412,-1.2561450004577637,0.39428281784057617,0.07415065169334412,-1.3343650102615356,0.40040361881256104,0.07415065169334412,-1.4125795364379883,0.3942127525806427,0.07415065169334412,-1.4888625144958496,0.37586265802383423,0.07415065169334412,-1.561335802078247,0.34580522775650024,0.07415065169334412,-1.6282148361206055,0.3047804832458496,0.07415065169334412,-1.6878528594970703,0.2537986636161804,0.07415065169334412,1.5707963705062866,-1.5707963705062866,0.25104236602783203,0.20000000298023224,14.971701941985856,-14.999999999999785,-11.435800729112934,38675.0
4.62,0.0059,1,1,0.946016788482666,0.0727698802947998,0.44081947207450867,-0.11363991349935532,0.3442140519618988,0.5000964999198914,0.3204103708267212,1.6981418132781982,0.3893589675426483,0.9914950728416443,0.06597012281417847,-0.10465560853481293,0.0403810553252697,1.3312290077757287,-0.0901078973576413,0.0570504449311376,7.194381383371639,-12.289945486504973,3.8888545063580913,1.0954761505126953,-1.0596567392349243,0.271444171667099,0.05927702784538269,0.3204103708267212,1.6981418132781982,0.3893589675426483,0.06597012281417847,-0.10465560853481293,0.0403810553252697,0.9914950728416443,1.3312289714813232,-0.09010789543390274,0.057050444185733795,-1.0596567392349243,0.271444171667099,0.05927702784538269,-1.127827763557434,0.3102840483188629,0.05927702784538269,-1.2012354135513306,0.3379814326763153,0.05927702784538269,-1.2780721187591553,0.35385432839393616,0.05927702784538269,-1.3564459085464478,0.3575119078159332,0.05927702784538269,-1.43442702293396,0.3488640785217285,0.05927702784538269,-1.5100951194763184,0.3281238079071045,0.05927702784538269,-1.5815871953964233,0.2958017587661743,0.05927702784538269,-1.6471428871154785,0.2526938319206238,0.05927702784538269,-1.7051477432250977,0.19986146688461304,0.05927702784538269,1.5707963705062866,-1.5707963705062866,0.24331462383270264,0.20000000298023224,14.985850970992928,-14.999999999999893,-11.64025827981079,38675.0
4.64,0.0062,1,1,0.9519104361534119,0.08025537431240082,0.4372536540031433,-0.1267813742160797,0.3528369665145874,0.5000964999198914,0.28630709648132324,1.5308696031570435,0.34043198823928833,0.9896765351295471,0.0876557007431984,-0.1057412251830101,0.040909893810749054,1.2128933089508207,-0.048357050734089115,0.08795445697782482,9.721168986252978,-12.501853080477845,3.6667907785297214,1.1143724918365479,-1.078691840171814,0.2725815773010254,0.06284284591674805,0.28630709648132324,1.5308696031570435,0.34043198823928833,0.0876557007431984,-0.1057412251830101,0.040909893810749054,0.9896765351295471,1.2128933668136597,-0.048357050865888596,0.08795445412397385,-1.078691840171814,0.2725815773010254,0.06284284591674805,-1.14805006980896,0.3092595338821411,0.06284284591674805,-1.2222919464111328,0.3346359133720398,0.06284284591674805,-1.2995896339416504,0.34808582067489624,0.06284284591674805,-1.3780397176742554,0.34927815198898315,0.06284284591674805,-1.4557104110717773,0.3381834626197815,0.06284284591674805,-1.5306892395019531,0.3150750398635864,0.06284284591674805,-1.6011300086975098,0.28052186965942383,0.06284284591674805,-1.6652982234954834,0.23537470400333405,0.06284284591674805,-1.721613883972168,0.1807452291250229,0.06284284591674805,1.5313831567764282,-1.5707963705062866,0.21398353576660156,0.20000000298023224,14.992925485496464,-14.999999999999947,-12.084385735467517,38675.0
4.6599,0.0058,1,1,0.9553881883621216,0.11451803147792816,0.45779624581336975,-0.14016182720661163,0.36102747917175293,0.5000964999198914,0.23988351225852966,1.5075383186340332,0.41068050265312195,0.9885690808296204,0.09878484159708023,-0.10553526133298874,0.04281396418809891,0.98555029880928,0.0037985576887938385,0.11814359336415071,11.001025594941241,-12.539729387753829,3.747386840943595,1.1237375736236572,-1.0955500602722168,0.24650944769382477,0.042300254106521606,0.23988351225852966,1.5075383186340332,0.41068050265312195,0.09878484159708023,-0.10553526133298874,0.04281396418809891,0.9885690808296204,0.9855502843856812,0.0037985576782375574,0.11814359575510025,-1.0955500602722168,0.24650944769382477,0.042300254106521606,-1.1660246849060059,0.28099340200424194,0.042300254106521606,-1.2410262823104858,0.30402809381484985,0.042300254106521606,-1.3187079429626465,0.31504637002944946,0.042300254106521606,-1.3971567153930664,0.3137769103050232,0.042300254106521606,-1.4744410514831543,0.3002510070800781,0.042300254106521606,-1.5486581325531006,0.27480167150497437,0.042300254106521606,-1.6179802417755127,0.2380555421113968,0.042300254106521606,-1.6807005405426025,0.1909174770116806,0.042300254106521606,-1.7352745532989502,0.1345481425523758,0.042300254106521606,1.5707963705062866,-1.5707963705062866,0.18288958072662354,0.20000000298023224,14.996462742748232,-14.999999999999973,-11.923193610639784,38675.0
4.6799,0.0059,1,1,0.9597130417823792,0.14446260035037994,0.46600425243377686,-0.15372641384601593,0.36875778436660767,0.5000964999198914,0.19722899794578552,1.4665005207061768,0.41216760873794556,0.987516462802887,0.10834183543920517,-0.10513747483491898,0.04491591453552246,0.7680532615338712,0.07927454087260566,0.10265242638921533,12.095687962907341,-12.555342147032407,3.872937946282694,1.1363177299499512,-1.1134394407272339,0.22429518401622772,0.0340922474861145,0.19722899794578552,1.4665005207061768,0.41216760873794556,0.10834183543920517,-0.10513747483491898,0.04491591453552246,0.987516462802887,0.7680532336235046,0.07927454262971878,0.1026524230837822,-1.1134394407272339,0.22429518401622772,0.0340922474861145,-1.184956431388855,0.2565619945526123,0.0340922474861145,-1.2606406211853027,0.27724379301071167,0.0340922474861145,-1.3386282920837402,0.2858313322067261,0.0340922474861145,-1.416999340057373,0.282113254070282,0.0340922474861145,-1.493823766708374,0.26618099212646484,0.0340922474861145,-1.5672099590301514,0.23842684924602509,0.0340922474861145,-1.6353509426116943,0.1995343118906021,0.0340922474861145,-1.6965689659118652,0.15046100318431854,0.0340922474861145,-1.7493565082550049,0.09241527318954468,0.0340922474861145,1.5707963705062866,-1.5707963705062866,0.1769498586654663,0.20000000298023224,14.998231371374116,-14.999999999999986,-11.672091399961555,38675.0
4.7007,0.0054,1,1,0.9559173583984375,0.16722652316093445,0.4799952208995819,-0.16773782670497894,0.37616878747940063,0.5000964999198914,0.10730933398008347,1.3811376094818115,0.47491100430488586,0.9860708713531494,0.11863850802183151,-0.10675942152738571,0.046793077141046524,0.702246218102877,-0.08216814862076081,0.17027045265097707,13.279056489861851,-12.805824875736555,3.9369561622901634,1.1430931091308594,-1.1236552000045776,0.2089422643184662,0.020101279020309448,0.10730933398008347,1.3811376094818115,0.47491100430488586,0.11863850802183151,-0.10675942152738571,0.046793077141046524,0.9860708713531494,0.7022461891174316,-0.08216814696788788,0.17027045786380768,-1.1236552000045776,0.2089422643184662,0.020101279020309448,-1.1961590051651,0.238925963640213,0.020101279020309448,-1.272460699081421,0.25719839334487915,0.020101279020309448,-1.3506814241409302,0.26330965757369995,0.020101279020309448,-1.4288952350616455,0.25710925459861755,0.020101279020309448,-1.505176067352295,0.23874986171722412,0.020101279020309448,-1.5776455402374268,0.2086835503578186,0.020101279020309448,-1.644519567489624,0.16765066981315613,0.020101279020309448,-1.7041513919830322,0.11666157841682434,0.020101279020309448,-1.7550723552703857,0.056971773505210876,0.020101279020309448,1.5707963705062866,-1.5707963705062866,0.14274203777313232,0.17618486285209656,14.999115685687059,-14.999999999999993,-11.544054967946597,35375.0
4.72,0.0062,1,1,0.9574066996574402,0.19456227123737335,0.48950356245040894,-0.18165390193462372,0.382980078458786,0.5000964999198914,0.06279876083135605,1.3315374851226807,0.47705286741256714,0.9850539565086365,0.1251189410686493,-0.10770725458860397,0.04910380393266678,0.5064817071659781,0.009942006871159129,0.17334468930006686,14.01045786317707,-12.972451908246857,4.106759328153998,1.1545876264572144,-1.139060616493225,0.18841780722141266,0.010592937469482422,0.06279876083135605,1.3315374851226807,0.47705286741256714,0.1251189410686493,-0.10770725458860397,0.04910380393266678,0.9850539565086365,0.5064817070960999,0.00994200725108385,0.173344686627388,-1.139060616493225,0.18841780722141266,0.010592937469482422,-1.212458610534668,0.21614067256450653,0.010592937469482422,-1.2892898321151733,0.23204024136066437,0.010592937469482422,-1.3676624298095703,0.2357250303030014,0.010592937469482422,-1.4456464052200317,0.22710426151752472,0.010592937469482422,-1.5213217735290527,0.20639024674892426,0.010592937469482422,-1.5928250551223755,0.17409302294254303,0.010592937469482422,-1.658395528793335,0.1310078650712967,0.010592937469482422,-1.7164188623428345,0.07819564640522003,0.010592937469482422,-1.7654662132263184,0.016956806182861328,0.010592937469482422,1.5707963705062866,-1.5707963705062866,0.1315246820449829,0.15996821224689484,14.99955784284353,-14.999999999999996,-11.204448636218968,33018.0
4.7401,0.0062,1,1,0.9545716047286987,0.22230488061904907,0.5162287950515747,-0.19616970419883728,0.38952791690826416,0.5000964999198914,-0.002691912464797497,1.2758209705352783,0.6167547702789307,0.984309732913971,0.13007023930549622,-0.10766179859638214,0.05121546983718872,0.35271245030048415,-0.04678932686295433,0.1963805500313047,14.566006625098911,-13.018657385961644,4.286144501585124,1.1629400253295898,-1.1507413387298584,0.1672230362892151,-0.01613229513168335,-0.002691912464797497,1.2758209705352783,0.6167547702789307,0.13007023930549622,-0.10766179859638214,0.05121546983718872,0.984309732913971,0.3527124524116516,-0.04678932577371597,0.19638055562973022,-1.1507413387298584,0.1672230362892151,-0.01613229513168335,-1.224984884262085,0.1925945281982422,-0.01613229513168335,-1.302283525466919,0.2060393989086151,-0.01613229513168335,-1.380733609199524,0.20722654461860657,-0.01613229513168335,-1.4584035873413086,0.1961268186569214,-0.01613229513168335,-1.5333809852600098,0.17301344871520996,-0.01613229513168335,-1.6038193702697754,0.13845562934875488,-0.01613229513168335,-1.6679847240447998,0.09330424666404724,-0.01613229513168335,-1.7242968082427979,0.03867107629776001,-0.01613229513168335,-1.7713689804077148,-0.02409859001636505,-0.01613229513168335,1.5707963705062866,-1.5707963705062866,0.0875999927520752,0.09213832020759583,14.999778921421765,-14.999999999999998,-10.845678289356684,29452.0
4.7601,0.0058,1,1,0.9703382253646851,0.2484976202249527,0.4999699592590332,-0.21085496246814728,0.3955976963043213,0.5000964999198914,0.09313741326332092,1.2529996633529663,0.3849712312221527,0.9845909476280212,0.1319434642791748,-0.10251334309577942,0.0515802726149559,0.2767597618016968,0.12688845731045417,0.16120335453515242,14.787888271931086,-12.443617721381257,4.376592406485751,1.1903175115585327,-1.181193232536316,0.1471000760793686,0.0001265406608581543,0.09313741326332092,1.2529996633529663,0.3849712312221527,0.1319434642791748,-0.10251334309577942,0.0515802726149559,0.9845909476280212,0.2767597734928131,0.1268884539604187,0.16120335459709167,-1.181193232536316,0.1471000760793686,0.0001265406608581543,-1.2562055587768555,0.17009954154491425,0.0001265406608581543,-1.3338923454284668,0.18108133971691132,0.0001265406608581543,-1.412340521812439,0.17977504432201385,0.0001265406608581543,-1.4896185398101807,0.16621284186840057,0.0001265406608581543,-1.5638235807418823,0.1407286375761032,0.0001265406608581543,-1.6331284046173096,0.10394997894763947,0.0001265406608581543,-1.695826530456543,0.056782469153404236,0.0001265406608581543,-1.7503740787506104,0.0003875046968460083,0.0001265406608581543,-1.7954280376434326,-0.06384626030921936,0.0001265406608581543,1.5707963705062866,-1.5707963705062866,0.1386415958404541,0.1590232402086258,14.999889460710882,-15.0,-10.66478247955546,32878.0
4.7798,0.0056,1,1,0.9694755673408508,0.26438239216804504,0.49943462014198303,-0.2253192663192749,0.4010518491268158,0.5000964999198914,0.04467198997735977,1.1559321880340576,0.3229808211326599,0.9837847352027893,0.13698799908161163,-0.10266132652759552,0.05348394066095352,0.3608471091396448,0.03633140951259261,0.21654119547066572,15.357561248198833,-12.512148117863415,4.5300798926794865,1.20258629322052,-1.1947948932647705,0.13666945695877075,0.0006618797779083252,0.04467198997735977,1.1559321880340576,0.3229808211326599,0.13698799908161163,-0.10266132652759552,0.05348394066095352,0.9837847352027893,0.3608471155166626,0.036331407725811005,0.21654120087623596,-1.1947948932647705,0.13666945695877075,0.0006618797779083252,-1.2704823017120361,0.15733906626701355,0.0006618797779083252,-1.3484714031219482,0.16591405868530273,0.0006618797779083252,-1.4268417358398438,0.16218331456184387,0.0006618797779083252,-1.5036635398864746,0.14623865485191345,0.0006618797779083252,-1.5770454406738281,0.11847272515296936,0.0006618797779083252,-1.6451802253723145,0.07956922054290771,0.0006618797779083252,-1.706390142440796,0.03048604726791382,0.0006618797779083252,-1.7591683864593506,-0.027568206191062927,0.0006618797779083252,-1.8022150993347168,-0.09316404163837433,0.0006618797779083252,1.5707963705062866,-1.5707963705062866,0.13279032707214355,0.16843023896217346,14.999944730355441,-15.0,-10.357807507167964,34260.0
4.8008,0.0062,1,1,0.9667392373085022,0.28747478127479553,0.5118240714073181,-0.24033783376216888,0.406183660030365,0.5000964999198914,0.0014034766936674714,1.1054152250289917,0.33010733127593994,0.9831308722496033,0.14095138013362885,-0.10281729698181152,0.05489107593894005,0.31516693893643805,-0.1554337991258207,0.28005588970386064,15.80648935816038,-12.570436799592803,4.6394153628999755,1.2129567861557007,-1.2070770263671875,0.11870887875556946,-0.011727571487426758,0.0014034766936674714,1.1054152250289917,0.33010733127593994,0.14095138013362885,-0.10281729698181152,0.05489107593894005,0.9831308722496033,0.3151669502258301,-0.1554338037967682,0.2800558805465698,-1.2070770263671875,0.11870887875556946,-0.011727571487426758,-1.2833824157714844,0.13696587085723877,-0.011727571487426758,-1.3616044521331787,0.1430613100528717,-0.011727571487426758,-1.4398168325424194,0.13684511184692383,-0.011727571487426758,-1.5160939693450928,0.11847028136253357,-0.011727571487426758,-1.588557481765747,0.0883893370628357,-0.011727571487426758,-1.6554231643676758,0.04734295606613159,-0.011727571487426758,-1.715044617652893,-0.003658205270767212,-0.011727571487426758,-1.7659536600112915,-0.06335829198360443,-0.011727571487426758,-1.806896686553955,-0.130287304520607,-0.011727571487426758,1.5707963705062866,-1.5707963705062866,0.11771559715270996,0.14623573422431946,14.99997236517772,-15.0,-10.139136566726982,30944.0
4.8197,0.0061,1,1,0.9665464758872986,0.30902016162872314,0.511353075504303,-0.25515979528427124,0.41073423624038696,0.5000964999198914,-0.031107762828469276,1.057076334953308,0.263217031955719,0.9825630784034729,0.14363554120063782,-0.10406453162431717,0.05574275553226471,0.2537591546653889,-0.08314904910688585,0.3164980534282869,16.110518402931156,-12.739178347953116,4.683810065497263,1.225984811782837,-1.2217062711715698,0.10171407461166382,-0.011256575584411621,-0.031107762828469276,1.057076334953308,0.263217031955719,0.14363554120063782,-0.10406453162431717,0.05574275553226471,0.9825630784034729,0.25375914573669434,-0.08314904570579529,0.3164980411529541,-1.2217062711715698,0.10171407461166382,-0.011256575584411621,-1.2985410690307617,0.11759638786315918,-0.011256575584411621,-1.376914381980896,0.12126356363296509,-0.011256575584411621,-1.4548964500427246,0.11262530088424683,-0.011256575584411621,-1.5305671691894531,0.09189429879188538,-0.011256575584411621,-1.6020631790161133,0.05958101153373718,-0.011256575584411621,-1.6676241159439087,0.016481101512908936,-0.011256575584411621,-1.7256355285644531,-0.03634414076805115,-0.011256575584411621,-1.7746689319610596,-0.0975939929485321,-0.011256575584411621,-1.8135173320770264,-0.16576029360294342,-0.011256575584411621,1.5707963705062866,-1.5707963705062866,0.1199800968170166,0.15548016130924225,14.99998618258886,-15.0,-10.050347161532443,32349.0
4.8398,0.0059,1,1,0.9609174728393555,0.33264052867889404,0.5249590873718262,-0.2703961431980133,0.4148949980735779,0.5000964999198914,-0.08576864004135132,1.0146535634994507,0.297260582447052,0.9822226166725159,0.14442035555839539,-0.10511119663715363,0.05771594122052193,0.12395868882812279,0.12460585361776885,0.22482028086469275,16.176559196970207,-12.894462269511486,4.885633628900265,1.2343083620071411,-1.2313135862350464,0.08225446939468384,-0.024862587451934814,-0.08576864004135132,1.0146535634994507,0.297260582447052,0.14442035555839539,-0.10511119663715363,0.05771594122052193,0.9822226166725159,0.12395869195461273,0.12460585683584213,0.22482028603553772,-1.2313135862350464,0.08225446939468384,-0.024862587451934814,-1.3086116313934326,0.09570208191871643,-0.024862587451934814,-1.3870618343353271,0.09689202904701233,-0.024862587451934814,-1.4647321701049805,0.08579504489898682,-0.024862587451934814,-1.539710283279419,0.06268435716629028,-0.024862587451934814,-1.6101500988006592,0.028129011392593384,-0.024862587451934814,-1.6743168830871582,-0.017020076513290405,-0.024862587451934814,-1.730630874633789,-0.07165125012397766,-0.024862587451934814,-1.777705430984497,-0.13441923260688782,-0.024862587451934814,-1.8143812417984009,-0.20377853512763977,-0.024862587451934814,1.5707963705062866,-1.5707963705062866,0.10356521606445312,0.1266811043024063,14.99999309129443,-15.0,-9.646700034726406,29452.0
4.8602,0.0061,1,1,0.9590777158737183,0.35351160168647766,0.5236517190933228,-0.28579992055892944,0.41858217120170593,0.5000964999198914,-0.1156894862651825,0.9712854623794556,0.22387532889842987,0.9818679690361023,0.14557327330112457,-0.10445260256528854,0.061898600310087204,0.15587451899671517,-0.028874968337507263,0.24699986872644283,16.25997811711662,-12.893462486708922,5.3649295138618465,1.2467995882034302,-1.244877576828003,0.06507056951522827,-0.023555219173431396,-0.1156894862651825,0.9712854623794556,0.22387532889842987,0.14557327330112457,-0.10445260256528854,0.061898600310087204,0.9818679690361023,0.15587452054023743,-0.028874969109892845,0.24699987471103668,-1.244877576828003,0.06507056951522827,-0.023555219173431396,-1.3225629329681396,0.07606309652328491,-0.023555219173431396,-1.4010112285614014,0.07476761937141418,-0.023555219173431396,-1.4782912731170654,0.0612160861492157,-0.023555219173431396,-1.552499771118164,0.0357421338558197,-0.023555219173431396,-1.621809720993042,-0.0010269582271575928,-0.023555219173431396,-1.6845142841339111,-0.04818582534790039,-0.023555219173431396,-1.7390697002410889,-0.10457324981689453,-0.023555219173431396,-1.784132480621338,-0.16880078613758087,-0.023555219173431396,-1.8185930252075195,-0.23928695917129517,-0.023555219173431396,1.5707963705062866,-1.5707963705062866,0.11278331279754639,0.13732177019119263,14.999996545647214,-15.0,-8.688108264803281,29555.0
4.8802,0.0062,1,1,0.9500380158424377,0.3751383125782013,0.5466151237487793,-0.301094114780426,0.42173805832862854,0.5000964999198914,-0.1803835928440094,0.9214184880256653,0.3168767988681793,0.9815865755081177,0.14526128768920898,-0.10604836791753769,0.06433223932981491,0.07064114686267882,0.07103631835655454,0.1735082073909977,16.18852869948314,-13.113528687274423,5.6264657826490945,1.2528635263442993,-1.2511321306228638,0.046599745750427246,-0.04651862382888794,-0.1803835928440094,0.9214184880256653,0.3168767988681793,0.14526128768920898,-0.10604836791753769,0.06433223932981491,0.9815865755081177,0.07064114511013031,0.07103631645441055,0.17350821197032928,-1.2511321306228638,0.046599745750427246,-0.04651862382888794,-1.32912278175354,0.05516088008880615,-0.04651862382888794,-1.4074923992156982,0.05141618847846985,-0.04651862382888794,-1.4843114614486694,0.035457879304885864,-0.04651862382888794,-1.5576882362365723,0.00767892599105835,-0.04651862382888794,-1.6258161067962646,-0.031236708164215088,-0.04651862382888794,-1.6870174407958984,-0.08033078908920288,-0.04651862382888794,-1.7397851943969727,-0.13839441537857056,-0.04651862382888794,-1.782820224761963,-0.2039978951215744,-0.04651862382888794,-1.8150627613067627,-0.275525838136673,-0.04651862382888794,1.5707963705062866,-1.5707963705062866,0.07978737354278564,0.08408352732658386,14.999998272823607,-15.0,-8.165035727228776,29452.0
4.9,0.0062,1,1,0.9460955262184143,0.39626771211624146,0.5410948395729065,-0.31643182039260864,0.42440730333328247,0.5000964999198914,-0.20685355365276337,0.8990602493286133,0.19226443767547607,0.9814782738685608,0.1449296474456787,-0.10720698535442352,0.06481080502271652,0.06764425839849902,-0.0033517515585409488,0.27030369339761307,16.14067324226627,-13.251664478695298,5.668691919002689,1.263506293296814,-1.262527346611023,0.028139591217041016,-0.04099833965301514,-0.20685355365276337,0.8990602493286133,0.19226443767547607,0.1449296474456787,-0.10720698535442352,0.06481080502271652,0.9814782738685608,0.06764426082372665,-0.003351751482114196,0.2703036963939667,-1.262527346611023,0.028139591217041016,-0.04099833965301514,-1.3407466411590576,0.03426849842071533,-0.04099833965301514,-1.418961763381958,0.028085768222808838,-0.04099833965301514,-1.4952467679977417,0.009743601083755493,-0.04099833965301514,-1.5677231550216675,-0.020306318998336792,-0.04099833965301514,-1.6346063613891602,-0.061324089765548706,-0.04099833965301514,-1.6942496299743652,-0.11229971051216125,-0.04099833965301514,-1.7451841831207275,-0.17197801172733307,-0.04099833965301514,-1.7861559391021729,-0.23888948559761047,-0.04099833965301514,-1.8161561489105225,-0.3113865554332733,-0.04099833965301514,1.5707963705062866,-1.5707963705062866,0.09251284599304199,0.10874765366315842,14.999999136411803,-15.0,-8.080583454521564,29452.0
4.9198,0.0058,1,1,0.9318172931671143,0.42047107219696045,0.55339515209198,-0.3320040702819824,0.4266177713871002,0.5000964999198914,-0.2861529290676117,0.8784734606742859,0.21885836124420166,0.9814721345901489,0.1418856531381607,-0.10912888497114182,0.0683358684182167,-0.03379434910012862,0.0685523380735672,0.23318999695956652,15.729720502918498,-13.50944651376917,6.090990343606162,1.264959692955017,-1.2638213634490967,0.0061466991901397705,-0.05329865217208862,-0.2861529290676117,0.8784734606742859,0.21885836124420166,0.1418856531381607,-0.10912888497114182,0.0683358684182167,0.9814721345901489,-0.0337943509221077,0.06855233758687973,0.23319000005722046,-1.2638213634490967,0.0061466991901397705,-0.05329865217208862,-1.3421947956085205,0.009812355041503906,-0.05329865217208862,-1.4201767444610596,0.0011726021766662598,-0.05329865217208862,-1.4958469867706299,-0.019559860229492188,-0.05329865217208862,-1.5673425197601318,-0.051874518394470215,-0.05329865217208862,-1.6329025030136108,-0.09497568011283875,-0.05329865217208862,-1.6909129619598389,-0.14780202507972717,-0.05329865217208862,-1.7399451732635498,-0.20905283093452454,-0.05329865217208862,-1.778792142868042,-0.27721989154815674,-0.05329865217208862,-1.8064970970153809,-0.350624680519104,-0.05329865217208862,1.5707963705062866,-1.5707963705062866,0.07732784748077393,0.07895459979772568,14.9999995682059,-15.0,-7.235986605314631,29452.0
4.9399,0.0057,1,1,0.9249420166015625,0.44042807817459106,0.5485698580741882,-0.3476708233356476,0.4283404052257538,0.5000964999198914,-0.31836727261543274,0.8539561033248901,0.1103648915886879,0.9815651178359985,0.1405559778213501,-0.10946643352508545,0.0692032054066658,-0.026201793345610406,0.016058171656067367,0.24808489048881158,15.56010076545527,-13.55335267896571,6.205382196159282,1.2735929489135742,-1.2726128101348877,-0.01208767294883728,-0.048473358154296875,-0.31836727261543274,0.8539561033248901,0.1103648915886879,0.1405559778213501,-0.10946643352508545,0.0692032054066658,0.9815651178359985,-0.026201793923974037,0.016058171167969704,0.2480848878622055,-1.2726128101348877,-0.01208767294883728,-0.048473358154296875,-1.3510628938674927,-0.010894030332565308,-0.048473358154296875,-1.4287338256835938,-0.02198737859725952,-0.048473358154296875,-1.5037130117416382,-0.04509454965591431,-0.048473358154296875,-1.5741543769836426,-0.07964655756950378,-0.048473358154296875,-1.6383233070373535,-0.1247926652431488,-0.048473358154296875,-1.6946399211883545,-0.17942115664482117,-0.048473358154296875,-1.7417173385620117,-0.24218694865703583,-0.048473358154296875,-1.778396487236023,-0.3115445375442505,-0.048473358154296875,-1.803774118423462,-0.3857860863208771,-0.048473358154296875,1.5707963705062866,-1.5707963705062866,0.09183478355407715,0.09984327852725983,14.99999978410295,-15.0,-7.007202900208372,29452.0
4.96,0.0068,1,1,0.9042755961418152,0.4658771753311157,0.5602240562438965,-0.3634357750415802,0.42957162857055664,0.5000964999198914,-0.4135061502456665,0.8454295992851257,0.1320195198059082,0.9816948771476746,0.13644297420978546,-0.11242179572582245,0.07083693891763687,-0.13873899152908878,0.1147794799527842,0.234886696890056,15.043556211880208,-13.88997581971344,6.411450077616012,1.269655704498291,-1.2677114009857178,-0.03630554676055908,-0.06012755632400513,-0.4135061502456665,0.8454295992851257,0.1320195198059082,0.13644297420978546,-0.11242179572582245,0.07083693891763687,0.9816948771476746,-0.1387389898300171,0.11477947980165482,0.23488669097423553,-1.2677114009857178,-0.03630554676055908,-0.06012755632400513,-1.3461599349975586,-0.03759324550628662,-0.06012755632400513,-1.4234411716461182,-0.05113714933395386,-0.06012755632400513,-1.497652292251587,-0.07660374045372009,-0.06012755632400513,-1.5669658184051514,-0.11336597800254822,-0.06012755632400513,-1.6296751499176025,-0.16051864624023438,-0.06012755632400513,-1.6842360496520996,-0.21690066158771515,-0.06012755632400513,-1.7293051481246948,-0.2811237573623657,-0.06012755632400513,-1.76377272605896,-0.35160648822784424,-0.06012755632400513,-1.786789894104004,-0.4266134202480316,-0.06012755632400513,1.5707963705062866,-1.5707963705062866,0.07731771469116211,0.06966256350278854,14.999999892051475,-15.0,-6.595067137294935,29452.0
4.9801,0.0068,1,1,0.9501026272773743,0.4580720067024231,0.5371943712234497,-0.3792036473751068,0.43030285835266113,0.5000964999198914,-0.1910226196050644,0.7193933129310608,-0.0507182776927948,0.9821619391441345,0.14269401133060455,-0.09932288527488708,0.07161834836006165,-0.1490691104366403,0.22765183695944904,0.2322729041486841,15.811609768421203,-12.447288111074,6.605939585144896,1.3301136493682861,-1.3293062448501587,-0.027769148349761963,-0.03709787130355835,-0.1910226196050644,0.7193933129310608,-0.0507182776927948,0.14269401133060455,-0.09932288527488708,0.07161834836006165,0.9821619391441345,-0.14906911551952362,0.22765183448791504,0.2322729080915451,-1.3293062448501587,-0.027769148349761963,-0.03709787130355835,-1.40767502784729,-0.031532496213912964,-0.03709787130355835,-1.4844902753829956,-0.047509074211120605,-0.03709787130355835,-1.5578604936599731,-0.0753055214881897,-0.03709787130355835,-1.6259790658950806,-0.11423736810684204,-0.03709787130355835,-1.6871687173843384,-0.16334599256515503,-0.03709787130355835,-1.7399227619171143,-0.22142218053340912,-0.03709787130355835,-1.7829421758651733,-0.28703588247299194,-0.03709787130355835,-1.8151676654815674,-0.35857152938842773,-0.03709787130355835,-1.835805892944336,-0.4342676103115082,-0.03709787130355835,1.5707963705062866,-1.5707963705062866,0.11538970470428467,0.15211817622184753,14.999999946025738,-15.0,-6.206088122237136,31842.0
4.9997,0.0065,1,1,0.9465125203132629,0.4725220799446106,0.5330983400344849,-0.3945677578449249,0.4305362403392792,0.5000964999198914,-0.2173309177160263,0.6768795847892761,-0.10666047036647797,0.9825011491775513,0.14048267900943756,-0.09756328910589218,0.07372613996267319,-0.1584966674060072,0.23379456781652813,0.21357120493349574,15.531867193001219,-12.264593974050426,6.903849533691659,1.342143177986145,-1.3410803079605103,-0.04198583960533142,-0.033001840114593506,-0.2173309177160263,0.6768795847892761,-0.10666047036647797,0.14048267900943756,-0.09756328910589218,0.07372613996267319,0.9825011491775513,-0.1584966629743576,0.23379456996917725,0.2135712057352066,-1.3410803079605103,-0.04198583960533142,-0.033001840114593506,-1.419296383857727,-0.048155516386032104,-0.033001840114593506,-1.495584487915039,-0.0664849579334259,-0.033001840114593506,-1.568065881729126,-0.09652280807495117,-0.033001840114593506,-1.634955883026123,-0.1375294029712677,-0.033001840114593506,-1.6946077346801758,-0.18849509954452515,-0.033001840114593506,-1.7455523014068604,-0.24816487729549408,-0.033001840114593506,-1.7865351438522339,-0.3150695264339447,-0.033001840114593506,-1.8165472745895386,-0.3875615894794464,-0.033001840114593506,-1.8348497152328491,-0.4638561010360718,-0.033001840114593506,1.5707963705062866,-1.5707963705062866,0.12487578392028809,0.1639009565114975,14.99999997301287,-15.0,-5.610268225143627,33599.0
5.0198,0.0067,1,1,0.9379415512084961,0.4882464110851288,0.5437631011009216,-0.41044461727142334,0.43028128147125244,0.5000964999198914,-0.2562512755393982,0.6356229186058044,-0.08252609521150589,0.9831937551498413,0.1371677815914154,-0.0956416204571724,0.07325127720832825,-0.24273072163050494,0.11741940496235251,0.2123113466455633,15.155549117215,-12.014774833056912,6.917548238675709,1.3503377437591553,-1.3483861684799194,-0.05796512961387634,-0.04366660118103027,-0.2562512755393982,0.6356229186058044,-0.08252609521150589,0.1371677815914154,-0.0956416204571724,0.07325127720832825,0.9831937551498413,-0.24273072183132172,0.11741940677165985,0.21231134235858917,-1.3483861684799194,-0.05796512961387634,-0.04366660118103027,-1.426366925239563,-0.06661537289619446,-0.04366660118103027,-1.5020344257354736,-0.08735796809196472,-0.04366660118103027,-1.5735255479812622,-0.11968222260475159,-0.04366660118103027,-1.6390798091888428,-0.1627921760082245,-0.04366660118103027,-1.6970831155776978,-0.2156263291835785,-0.04366660118103027,-1.7461072206497192,-0.27688372135162354,-0.04366660118103027,-1.784945011138916,-0.3450559973716736,-0.04366660118103027,-1.8126400709152222,-0.4184644818305969,-0.04366660118103027,-1.8285105228424072,-0.4953016936779022,-0.04366660118103027,1.5707963705062866,-1.5707963705062866,0.1124875545501709,0.14021243155002594,14.999999986506435,-15.0,-5.582870815175513,30010.0
5.04,0.0064,1,1,0.936825156211853,0.4997953772544861,0.5320199131965637,-0.42611464858055115,0.4295344352722168,0.5000964999198914,-0.2576485574245453,0.5915974974632263,-0.1760094165802002,0.9836624264717102,0.13576669991016388,-0.09366721659898758,0.07211213558912277,-0.10711573457337681,0.053262764070772406,0.21166366586845603,15.012360588636602,-11.76246228584729,6.830449235629604,1.36512291431427,-1.3629398345947266,-0.07026094198226929,-0.03192341327667236,-0.2576485574245453,0.5915974974632263,-0.1760094165802002,0.13576669991016388,-0.09366721659898758,0.07211213558912277,0.9836624264717102,-0.107115738093853,0.05326276272535324,0.21166366338729858,-1.3629398345947266,-0.07026094198226929,-0.03192341327667236,-1.4406108856201172,-0.08135330677032471,-0.03192341327667236,-1.5155904293060303,-0.10445955395698547,-0.03192341327667236,-1.5860321521759033,-0.1390106976032257,-0.03192341327667236,-1.6502017974853516,-0.18415600061416626,-0.03192341327667236,-1.7065190076828003,-0.2387838065624237,-0.03192341327667236,-1.7535972595214844,-0.3015490174293518,-0.03192341327667236,-1.7902772426605225,-0.37090611457824707,-0.03192341327667236,-1.8156557083129883,-0.4451473653316498,-0.03192341327667236,-1.8291078805923462,-0.5224446058273315,-0.03192341327667236,1.5707963705062866,-1.5707963705062866,0.1352330446243286,0.1697201132774353,14.999999993253217,-15.0,-5.7570688212677235,34010.0
5.06,0.0062,1,1,0.9306446313858032,0.5153298377990723,0.531488299369812,-0.4417651295661926,0.4282952547073364,0.5000964999198914,-0.27935510873794556,0.5565159320831299,-0.18376116454601288,0.9843742847442627,0.13362005352973938,-0.09253751486539841,0.06773289293050766,0.09484601879916374,-0.10403575548318654,0.25838391699063645,14.81565267805361,-11.553569731419538,6.365220685278574,1.3755249977111816,-1.3724098205566406,-0.08703458309173584,-0.031391799449920654,-0.27935510873794556,0.5565159320831299,-0.18376116454601288,0.13362005352973938,-0.09253751486539841,0.06773289293050766,0.9843742847442627,0.09484601765871048,-0.10403575748205185,0.25838392972946167,-1.3724098205566406,-0.08703458309173584,-0.031391799449920654,-1.449694275856018,-0.10055997967720032,-0.031391799449920654,-1.523911476135254,-0.1260088086128235,-0.031391799449920654,-1.5932338237762451,-0.16275444626808167,-0.031391799449920654,-1.655954360961914,-0.20989209413528442,-0.031391799449920654,-1.71052885055542,-0.2662610411643982,-0.031391799449920654,-1.7556133270263672,-0.3304733633995056,-0.031391799449920654,-1.790097713470459,-0.4009478688240051,-0.031391799449920654,-1.8131330013275146,-0.475949227809906,-0.031391799449920654,-1.8241517543792725,-0.5536307692527771,-0.031391799449920654,1.5707963705062866,-1.5707963705062866,0.13959014415740967,0.16607995331287384,14.99999999662661,-15.0,-6.687525921969778,33918.0
5.0802,0.006,1,1,0.924899697303772,0.5262225866317749,0.5248410701751709,-0.4574875235557556,0.4265502989292145,0.5000964999198914,-0.3028050363063812,0.5126964449882507,-0.22882358729839325,0.9841748476028442,0.1339506208896637,-0.09324930608272552,0.06899008899927139,0.1642329166569561,-0.31994088821700045,0.38062707234593585,14.83732726361425,-11.655679830512756,6.49682803664094,1.3861966133117676,-1.3823871612548828,-0.09967228770256042,-0.02474457025527954,-0.3028050363063812,0.5126964449882507,-0.22882358729839325,0.1339506208896637,-0.09324930608272552,0.06899008899927139,0.9841748476028442,0.16423290967941284,-0.3199408948421478,0.3806270658969879,-1.3823871612548828,-0.09967228770256042,-0.02474457025527954,-1.459205150604248,-0.11563572287559509,-0.02474457025527954,-1.5325801372528076,-0.14341959357261658,-0.02474457025527954,-1.6007053852081299,-0.18233978748321533,-0.02474457025527954,-1.6619033813476562,-0.23143792152404785,-0.02474457025527954,-1.7146673202514648,-0.2895050644874573,-0.02474457025527954,-1.7576980590820312,-0.35511142015457153,-0.02474457025527954,-1.789935827255249,-0.4266415238380432,-0.02474457025527954,-1.810586929321289,-0.5023340582847595,-0.02474457025527954,-1.8191428184509277,-0.5803252458572388,-0.02474457025527954,1.5707963705062866,-1.5707963705062866,0.1459057331085205,0.1778355985879898,14.999999998313305,-15.0,-6.42431121924508,35609.0
5.1001,0.0061,1,1,0.9166079163551331,0.5428408980369568,0.5298714637756348,-0.4730042517185211,0.42433154582977295,0.5000964999198914,-0.3298097252845764,0.486702024936676,-0.20185059309005737,0.9843188524246216,0.13257470726966858,-0.09388572722673416,0.06872926652431488,0.08526719427988037,-0.005541483749993562,0.2511729922203266,14.67667898402779,-11.715401352908996,6.474340365137935,1.3949742317199707,-1.3896121978759766,-0.11850935220718384,-0.029774963855743408,-0.3298097252845764,0.486702024936676,-0.20185059309005737,0.13257470726966858,-0.09388572722673416,0.06872926652431488,0.9843188524246216,0.08526719361543655,-0.005541483871638775,0.2511729896068573,-1.3896121978759766,-0.11850935220718384,-0.029774963855743408,-1.4658920764923096,-0.136872798204422,-0.029774963855743408,-1.5383599996566772,-0.16694298386573792,-0.029774963855743408,-1.605231761932373,-0.2079794704914093,-0.029774963855743408,-1.6648608446121216,-0.2589717507362366,-0.029774963855743408,-1.7157787084579468,-0.3186642527580261,-0.029774963855743408,-1.7567317485809326,-0.3855871856212616,-0.029774963855743408,-1.786711573600769,-0.45809265971183777,-0.029774963855743408,-1.804979920387268,-0.5343953371047974,-0.029774963855743408,-1.811086893081665,-0.6126163601875305,-0.029774963855743408,1.5707963705062866,-1.5707963705062866,0.14458441734313965,0.1619480550289154,14.999999999156653,-15.0,-6.4692865622510585,33311.0
5.121,0.0069,1,1,0.9098002314567566,0.5517038702964783,0.5235491991043091,-0.48865047097206116,0.4215879440307617,0.5000964999198914,-0.35898730158805847,0.4391060173511505,-0.23711629211902618,0.9839876890182495,0.13289885222911835,-0.09470862150192261,0.07165438681840897,0.03816884502312517,-0.13909595498370028,0.30621235937666924,14.677205031823483,-11.854660677301224,6.797766089684405,1.404686689376831,-1.3984507322311401,-0.13011592626571655,-0.023452699184417725,-0.35898730158805847,0.4391060173511505,-0.23711629211902618,0.13289885222911835,-0.09470862150192261,0.07165438681840897,0.9839876890182495,0.03816884383559227,-0.1390959620475769,0.3062123656272888,-1.3984507322311401,-0.13011592626571655,-0.023452699184417725,-1.4741086959838867,-0.15089324116706848,-0.023452699184417725,-1.5455849170684814,-0.18325024843215942,-0.023452699184417725,-1.6111195087432861,-0.22639024257659912,-0.023452699184417725,-1.6690986156463623,-0.27925097942352295,-0.023452699184417725,-1.7180945873260498,-0.3405308127403259,-0.023452699184417725,-1.7569010257720947,-0.40872088074684143,-0.023452699184417725,-1.784562587738037,-0.4821420907974243,-0.023452699184417725,-1.8003978729248047,-0.5589865446090698,-0.023452699184417725,-1.8040170669555664,-0.6373621225357056,-0.023452699184417725,1.5707963705062866,-1.5707963705062866,0.15189635753631592,0.17211009562015533,14.999999999578327,-15.0,-5.822435113158161,34791.0
5.1401,0.0054,1,1,0.8983848094940186,0.5626972317695618,0.5367772579193115,-0.5037424564361572,0.4184517562389374,0.5000964999198914,-0.4022541046142578,0.39365115761756897,-0.15551146864891052,0.9840199947357178,0.13112740218639374,-0.09576281160116196,0.07305970042943954,0.0018948401558886788,0.03555641715181194,0.2451871548409668,14.44842212502109,-11.983224960579108,6.967930583705171,1.4100046157836914,-1.4021272659301758,-0.1442454755306244,-0.036680757999420166,-0.4022541046142578,0.39365115761756897,-0.15551146864891052,0.13112740218639374,-0.09576281160116196,0.07305970042943954,0.9840199947357178,0.0018948401557281613,0.03555641695857048,0.24518714845180511,-1.4021272659301758,-0.1442454755306244,-0.036680757999420166,-1.4771088361740112,-0.1673450767993927,-0.036680757999420166,-1.5475537776947021,-0.2018899917602539,-0.036680757999420166,-1.611727237701416,-0.2470296025276184,-0.036680757999420166,-1.6680493354797363,-0.3016524314880371,-0.036680757999420166,-1.7151331901550293,-0.36441344022750854,-0.036680757999420166,-1.7518192529678345,-0.43376731872558594,-0.036680757999420166,-1.7772042751312256,-0.5080063343048096,-0.036680757999420166,-1.790663480758667,-0.5853024125099182,-0.036680757999420166,-1.7918648719787598,-0.6637522578239441,-0.036680757999420166,1.5707963705062866,-1.5707963705062866,0.13229334354400635,0.1354704201221466,14.999999999789164,-15.0,-5.482106125116606,30791.0
5.1601,0.0062,1,1,0.8922792673110962,0.5713490843772888,0.5195287466049194,-0.5192279815673828,0.4147239327430725,0.5000964999198914,-0.40228763222694397,0.35968300700187683,-0.26952120661735535,0.9839874505996704,0.13136009871959686,-0.09533426910638809,0.0736382007598877,0.07043857184988626,-0.06192040533018658,0.27565430027796173,14.470596177667153,-11.944358760803699,7.037831314546714,1.4203033447265625,-1.411507248878479,-0.1566251516342163,-0.019432246685028076,-0.40228763222694397,0.35968300700187683,-0.26952120661735535,0.13136009871959686,-0.09533426910638809,0.0736382007598877,0.9839874505996704,0.07043857127428055,-0.0619204044342041,0.27565428614616394,-1.411507248878479,-0.1566251516342163,-0.019432246685028076,-1.4857150316238403,-0.182101309299469,-0.019432246685028076,-1.5550239086151123,-0.21887248754501343,-0.019432246685028076,-1.6177270412445068,-0.26603323221206665,-0.019432246685028076,-1.6722807884216309,-0.3224222958087921,-0.019432246685028076,-1.717341661453247,-0.3866511881351471,-0.019432246685028076,-1.7518000602722168,-0.45713838934898376,-0.019432246685028076,-1.7748076915740967,-0.5321482419967651,-0.019432246685028076,-1.7857978343963623,-0.609833836555481,-0.019432246685028076,-1.784500002861023,-0.6882821917533875,-0.019432246685028076,1.5707963705062866,-1.5707963705062866,0.1609741449356079,0.17528942227363586,14.999999999894582,-15.0,-5.342304663433503,34791.0
5.1799,0.0059,1,1,0.8821762800216675,0.5846499800682068,0.5266185998916626,-0.5341367721557617,0.41063597798347473,0.5000964999198914,-0.4202769994735718,0.3453202545642853,-0.2678249180316925,0.9842655062675476,0.12906724214553833,-0.0949799120426178,0.07443097233772278,0.0791242220738275,-0.15084483967247792,0.26679323096196833,14.193807920990645,-11.898824099401656,7.162339471595812,1.427209496498108,-1.4163130521774292,-0.17401400208473206,-0.02652209997177124,-0.4202769994735718,0.3453202545642853,-0.2678249180316925,0.12906724214553833,-0.0949799120426178,0.07443097233772278,0.9842655062675476,0.07912421971559525,-0.15084484219551086,0.26679322123527527,-1.4163130521774292,-0.17401400208473206,-0.02652209997177124,-1.489697813987732,-0.20177209377288818,-0.02652209997177124,-1.5578367710113525,-0.24066832661628723,-0.02652209997177124,-1.6190519332885742,-0.2897449731826782,-0.02652209997177124,-1.6718363761901855,-0.3477935791015625,-0.02652209997177124,-1.7148900032043457,-0.4133847951889038,-0.02652209997177124,-1.7471530437469482,-0.48490357398986816,-0.02652209997177124,-1.7678306102752686,-0.5605888962745667,-0.02652209997177124,-1.776413917541504,-0.6385770440101624,-0.02652209997177124,-1.7726916074752808,-0.7169477939605713,-0.02652209997177124,1.5707963705062866,-1.5707963705062866,0.15749382972717285,0.16032977402210236,14.999999999947292,-15.0,-5.093288349335346,33072.0
5.1999,0.0061,1,1,0.8743382692337036,0.592609703540802,0.5113725662231445,-0.5492709279060364,0.40597236156463623,0.5000964999198914,-0.4389449656009674,0.3145528733730316,-0.34238263964653015,0.9840517044067383,0.1291821449995041,-0.09636915475130081,0.07526763528585434,0.03311656628032505,-0.08809498865959695,0.2519433282103888,14.191102346190227,-12.070255634878407,7.239793737463766,1.4358357191085815,-1.4236092567443848,-0.18663734197616577,-0.011276066303253174,-0.4389449656009674,0.3145528733730316,-0.34238263964653015,0.1291821449995041,-0.09636915475130081,0.07526763528585434,0.9840517044067383,0.03311656787991524,-0.08809498697519302,0.25194332003593445,-1.4236092567443848,-0.18663734197616577,-0.011276066303253174,-1.4960780143737793,-0.2167055308818817,-0.011276066303253174,-1.5629510879516602,-0.2577401399612427,-0.011276066303253174,-1.6225814819335938,-0.3087307810783386,-0.011276066303253174,-1.6735010147094727,-0.36842188239097595,-0.011276066303253174,-1.7144558429718018,-0.4353436827659607,-0.011276066303253174,-1.7444376945495605,-0.50784832239151,-0.011276066303253174,-1.7627081871032715,-0.584150493144989,-0.011276066303253174,-1.76881742477417,-0.6623713374137878,-0.011276066303253174,-1.7626149654388428,-0.7405849099159241,-0.011276066303253174,1.5707963705062866,-1.5707963705062866,0.18329763412475586,0.18917220830917358,14.999999999973646,-15.0,-4.938379817599418,37072.0
5.22,0.0059,1,1,0.8652577996253967,0.598498523235321,0.5042979121208191,-0.5640736818313599,0.400895357131958,0.5000964999198914,-0.46955421566963196,0.2668093740940094,-0.36704593896865845,0.9837281107902527,0.12951932847499847,-0.09714529663324356,0.07787520438432693,0.059159647708534345,-0.1363552542940077,0.3008906977284184,14.195444346462953,-12.198652346796399,7.527946581028203,1.44293212890625,-1.4293315410614014,-0.19760316610336304,-0.004201412200927734,-0.46955421566963196,0.2668093740940094,-0.36704593896865845,0.12951932847499847,-0.09714529663324356,0.07787520438432693,0.9837281107902527,0.059159647673368454,-0.13635525107383728,0.3008906841278076,-1.4293315410614014,-0.19760316610336304,-0.004201412200927734,-1.500823974609375,-0.2299244999885559,-0.004201412200927734,-1.5663799047470093,-0.2730317711830139,-0.004201412200927734,-1.6243853569030762,-0.3258635699748993,-0.004201412200927734,-1.6734119653701782,-0.387118935585022,-0.004201412200927734,-1.7122524976730347,-0.4552896022796631,-0.004201412200927734,-1.7399506568908691,-0.5286970138549805,-0.004201412200927734,-1.755824327468872,-0.6055335402488708,-0.004201412200927734,-1.7594826221466064,-0.6839073300361633,-0.004201412200927734,-1.750835657119751,-0.7618884444236755,-0.004201412200927734,1.5707963705062866,-1.5707963705062866,0.19017481803894043,0.1982717663049698,14.999999999986823,-15.0,-4.3620741304705675,38442.0
5.2408,0.0063,1,1,0.8534743189811707,0.6123919486999512,0.5196624994277954,-0.579003632068634,0.39524123072624207,0.5000964999198914,-0.5036399960517883,0.25398606061935425,-0.24584896862506866,0.9841791391372681,0.12548591196537018,-0.09609300643205643,0.0800551176071167,-0.009506028675361744,0.035880740238313155,0.2396680530874002,13.70120994074951,-12.077644806278535,7.844299546057309,1.448975682258606,-1.4324779510498047,-0.2171507179737091,-0.019565999507904053,-0.5036399960517883,0.25398606061935425,-0.24584896862506866,0.12548591196537018,-0.09609300643205643,0.0800551176071167,0.9841791391372681,-0.009506029076874256,0.035880740731954575,0.23966805636882782,-1.4324779510498047,-0.2171507179737091,-0.019565999507904053,-1.5029020309448242,-0.2517380118370056,-0.019565999507904053,-1.56704843044281,-0.2969162166118622,-0.019565999507904053,-1.6233376264572144,-0.3515729010105133,-0.019565999507904053,-1.6703836917877197,-0.41436225175857544,-0.019565999507904053,-1.7070280313491821,-0.4837381839752197,-0.019565999507904053,-1.7323684692382812,-0.5579924583435059,-0.019565999507904053,-1.7457809448242188,-0.6352965831756592,-0.019565999507904053,-1.7469353675842285,-0.7137472033500671,-0.019565999507904053,-1.7358031272888184,-0.7914125323295593,-0.019565999507904053,1.5707963705062866,-1.5707963705062866,0.16928374767303467,0.15017396211624146,14.999999999993411,-15.0,-3.7293682004123143,34442.0
5.2599,0.0065,1,1,0.8438339233398438,0.6225593686103821,0.5008735656738281,-0.5932502150535583,0.3893282115459442,0.5000964999198914,-0.5096151232719421,0.2513222396373749,-0.38626405596733093,0.9842042922973633,0.12428934127092361,-0.09648872166872025,0.08112910389900208,0.035347388134565144,-0.07626165679712858,0.26589837554618806,13.545875910731054,-12.127989505598638,7.978893340096501,1.4558874368667603,-1.4370841979980469,-0.23323115706443787,-0.0007770657539367676,-0.5096151232719421,0.2513222396373749,-0.38626405596733093,0.12428934127092361,-0.09648872166872025,0.08112910389900208,0.9842042922973633,0.035347387194633484,-0.07626165449619293,0.26589837670326233,-1.4370841979980469,-0.23323115706443787,-0.0007770657539367676,-1.5064077377319336,-0.2699742913246155,-0.0007770657539367676,-1.5691301822662354,-0.3171096742153168,-0.0007770657539367676,-1.623706579208374,-0.37347668409347534,-0.0007770657539367676,-1.6687934398651123,-0.43768733739852905,-0.0007770657539367676,-1.7032803297042847,-0.5081605911254883,-0.0007770657539367676,-1.726318359375,-0.5831611156463623,-0.0007770657539367676,-1.737339973449707,-0.66084223985672,-0.0007770657539367676,-1.7360737323760986,-0.7392911314964294,-0.0007770657539367676,-1.7225511074066162,-0.8165761232376099,-0.0007770657539367676,1.5707963705062866,-1.5707963705062866,0.20892739295959473,0.19432906806468964,14.999999999996707,-15.0,-3.460180612333962,37905.0
5.2796,0.0058,1,1,0.8326845169067383,0.6425642967224121,0.5117066502571106,-0.6074768304824829,0.3828989267349243,0.5000964999198914,-0.537921130657196,0.27789822220802307,-0.2846207022666931,0.9848592281341553,0.11829901486635208,-0.09573081135749817,0.08301348984241486,0.11391974497387938,-0.06446463547164777,0.2737113744599376,12.825742355573198,-12.017097839794168,8.280510928334714,1.4634294509887695,-1.4401613473892212,-0.2596653699874878,-0.011610150337219238,-0.537921130657196,0.27789822220802307,-0.2846207022666931,0.11829901486635208,-0.09573081135749817,0.08301348984241486,0.9848592281341553,0.11391974240541458,-0.06446463614702225,0.2737113833427429,-1.4401613473892212,-0.2596653699874878,-0.011610150337219238,-1.5083041191101074,-0.2985548675060272,-0.011610150337219238,-1.5695242881774902,-0.3476254642009735,-0.011610150337219238,-1.6223143339157104,-0.40566885471343994,-0.011610150337219238,-1.665374517440796,-0.4712558388710022,-0.011610150337219238,-1.6976444721221924,-0.5427713990211487,-0.011610150337219238,-1.718329668045044,-0.61845463514328,-0.011610150337219238,-1.7269206047058105,-0.6964420080184937,-0.011610150337219238,-1.7232060432434082,-0.7748131155967712,-0.011610150337219238,-1.7072771787643433,-0.8516382575035095,-0.011610150337219238,1.5707963705062866,-1.5707963705062866,0.19793033599853516,0.15166963636875153,14.999999999998353,-15.0,-2.856945435857546,33905.0
5.2996,0.0049,1,1,0.8228373527526855,0.6527140736579895,0.49676698446273804,-0.6215811371803284,0.37598511576652527,0.5000964999198914,-0.546221137046814,0.26471394300460815,-0.3809349834918976,0.9846781492233276,0.11841385811567307,-0.0966833084821701,0.08388899266719818,0.16322940426870064,-0.08239246168595114,0.28453183125844317,12.822983460929821,-12.138241099807923,8.369964054531737,1.4706919193267822,-1.4444184303283691,-0.27672895789146423,0.0033295154571533203,-0.546221137046814,0.26471394300460815,-0.3809349834918976,0.11841385811567307,-0.0966833084821701,0.08388899266719818,0.9846781492233276,0.16322940587997437,-0.08239246159791946,0.284531831741333,-1.4444184303283691,-0.27672895789146423,0.0033295154571533203,-1.5113060474395752,-0.3177397549152374,0.0033295154571533203,-1.5709545612335205,-0.36870914697647095,0.0033295154571533203,-1.6218953132629395,-0.42838209867477417,0.0033295154571533203,-1.6628742218017578,-0.49528929591178894,0.0033295154571533203,-1.6928818225860596,-0.5677832365036011,0.0033295154571533203,-1.7111793756484985,-0.6440789103507996,0.0033295154571533203,-1.7173165082931519,-0.7222976088523865,0.0033295154571533203,-1.7111419439315796,-0.8005133867263794,0.0033295154571533203,-1.692807674407959,-0.8768002390861511,0.0033295154571533203,1.5707963705062866,-1.5707963705062866,0.23324668407440186,0.1831090748310089,14.999999999999176,-15.0,-2.678039183463496,36353.0
5.3197,0.006,1,1,0.8117227554321289,0.6807210445404053,0.5079241991043091,-0.635481595993042,0.36862051486968994,0.5000964999198914,-0.5748622417449951,0.32155171036720276,-0.2530677616596222,0.9853160977363586,0.11217207461595535,-0.09569913893938065,0.08607766777276993,0.1933656352954964,-0.02467049652476086,0.29123517416974076,12.07222483907785,-11.999246399912868,8.711974307878679,1.4804959297180176,-1.447204351425171,-0.31210052967071533,-0.007827699184417725,-0.5748622417449951,0.32155171036720276,-0.2530677616596222,0.11217207461595535,-0.09569913893938065,0.08607766777276993,0.9853160977363586,0.19336563348770142,-0.024670496582984924,0.29123517870903015,-1.447204351425171,-0.31210052967071533,-0.007827699184417725,-1.5127687454223633,-0.35519516468048096,-0.007827699184417725,-1.570784330368042,-0.40801575779914856,-0.007827699184417725,-1.6198227405548096,-0.46926167607307434,-0.007827699184417725,-1.6586763858795166,-0.5374248623847961,-0.007827699184417725,-1.6863887310028076,-0.6108269095420837,-0.007827699184417725,-1.7022771835327148,-0.6876603960990906,-0.007827699184417725,-1.7059507369995117,-0.766033411026001,-0.007827699184417725,-1.69731867313385,-0.8440162539482117,-0.007827699184417725,-1.6765937805175781,-0.9196885824203491,-0.007827699184417725,1.5707963705062866,-1.5707963705062866,0.22166025638580322,0.13044634461402893,14.999999999999588,-15.0,-1.9940186767696084,32353.0
5.3398,0.0055,1,1,0.8020082712173462,0.6913204789161682,0.4966338872909546,-0.6491495966911316,0.36081868410110474,0.5000964999198914,-0.5802444815635681,0.30411407351493835,-0.32971593737602234,0.9851479530334473,0.11289867013692856,-0.09498056024312973,0.08782979100942612,0.11519870312025471,-0.0065559535897184995,0.2720406403500764,12.140723987887714,-11.944935657682327,8.914457722290653,1.4883220195770264,-1.451157808303833,-0.3305017948150635,0.0034626126289367676,-0.5802444815635681,0.30411407351493835,-0.32971593737602234,0.11289867013692856,-0.09498056024312973,0.08782979100942612,0.9851479530334473,0.11519870162010193,-0.006555953528732061,0.27204063534736633,-1.451157808303833,-0.3305017948150635,0.0034626126289367676,-1.5153334140777588,-0.37563851475715637,0.0034626126289367676,-1.5716578960418701,-0.4302588105201721,0.0034626126289367676,-1.6187446117401123,-0.4930177330970764,0.0034626126289367676,-1.6554337739944458,-0.5623699426651001,0.0034626126289367676,-1.6808222532272339,-0.6366077661514282,0.0034626126289367676,-1.6942846775054932,-0.7139032483100891,0.0034626126289367676,-1.6954898834228516,-0.792353093624115,0.0034626126289367676,-1.6844078302383423,-0.870025634765625,0.0034626126289367676,-1.6613116264343262,-0.9450082778930664,0.0034626126289367676,1.5707963705062866,-1.5707963705062866,0.2535116672515869,0.15371368825435638,14.999999999999794,-15.0,-1.5890518479456397,32083.0
