t_s,telemetry_age_s,airborne,phase,pos_x,pos_y,pos_z,ref_x,ref_y,ref_z,vel_x,vel_y,vel_z,qw,qx,qy,qz,gyro_x,gyro_y,gyro_z,roll_meas_deg,pitch_meas_deg,yaw_meas_deg,pos_err,obs_0,obs_1,obs_2,obs_3,obs_4,obs_5,obs_6,obs_7,obs_8,obs_9,obs_10,obs_11,obs_12,obs_13,obs_14,obs_15,obs_16,obs_17,obs_18,obs_19,obs_20,obs_21,obs_22,obs_23,obs_24,obs_25,obs_26,obs_27,obs_28,obs_29,obs_30,obs_31,obs_32,obs_33,obs_34,obs_35,obs_36,obs_37,obs_38,obs_39,obs_40,obs_41,obs_42,act_roll_rad,act_pitch_rad,act_yaw_rad,act_thrust_N,cmd_roll_deg,cmd_pitch_deg,cmd_yaw,cmd_pwm
0.0,0.0093,0,1,-0.26894456148147583,0.15682607889175415,-0.0007746382616460323,-0.26968368887901306,0.15767307579517365,-0.0004903754452243447,0.05363075062632561,-0.00034058818710036576,0.000945066858548671,0.995456874370575,-0.0074350484646856785,-0.006307854317128658,0.09470241516828537,0.00018566470383888568,0.009626330735822268,-0.0030353360318975354,-0.9166726181715156,-0.6388703354850893,10.874002811512852,0.0011595337418839335,-0.0007391273975372314,0.0008469969034194946,0.0002842628164216876,0.05363075062632561,-0.00034058818710036576,0.000945066858548671,-0.0074350484646856785,-0.006307854317128658,0.09470241516828537,0.995456874370575,0.00018566469952929765,0.009626330807805061,-0.003035336034372449,-0.0007391273975372314,0.0008469969034194946,0.0002842628164216876,-0.0019710958003997803,0.016490384936332703,0.025284262374043465,-0.005635082721710205,0.031748443841934204,0.050284262746572495,-0.011640846729278564,0.04624547064304352,0.07528426498174667,-0.019840478897094727,0.05962452292442322,0.10028426349163055,-0.03003212809562683,0.07155615091323853,0.12528426945209503,-0.041964828968048096,0.08174654841423035,0.15028426051139832,-0.055344730615615845,0.08994479477405548,0.1752842664718628,-0.0698423981666565,0.09594905376434326,0.20028425753116608,-0.08510082960128784,0.09961143136024475,0.22528426349163055,-1.3776413202285767,-1.5707963705062866,0.23998594284057617,0.20000000298023224,-15.0,-15.0,-0.223035484892764,4000.0
0.0204,0.0093,0,1,-0.26811540126800537,0.1569959968328476,-0.0007718568085692823,-0.26973411440849304,0.16084301471710205,0.0045555997639894485,0.053062666207551956,0.0008198734722100198,0.0009661191143095493,0.9954282641410828,-0.007527531124651432,-0.006349751725792885,0.09499260783195496,0.011643744961476445,-0.0005476736166139661,-0.0020858076614359376,-0.9278661320775735,-0.6423750658105841,10.907509875390495,0.006767685990780592,-0.001618713140487671,0.0038470178842544556,0.005327456630766392,0.053062666207551956,0.0008198734722100198,0.0009661191143095493,-0.007527531124651432,-0.006349751725792885,0.09499260783195496,0.9954282641410828,0.011643745005130768,-0.0005476736114360392,-0.0020858077332377434,-0.001618713140487671,0.0038470178842544556,0.005327456630766392,-0.003345966339111328,0.01944349706172943,0.030327456071972847,-0.007491767406463623,0.03457774221897125,0.05532745644450188,-0.0139540433883667,0.04887710511684418,0.08032745867967606,-0.02257367968559265,0.06198951601982117,0.10532745718955994,-0.0331384539604187,0.07359206676483154,0.13032744824886322,-0.04538816213607788,0.08339908719062805,0.1553274542093277,-0.059021204710006714,0.0911690890789032,0.18032744526863098,-0.07370191812515259,0.09671072661876678,0.20532745122909546,-0.08906880021095276,0.09988759458065033,0.23032745718955994,-1.4205384254455566,-1.5707963705062866,0.23598194122314453,0.20000000298023224,-15.0,-15.0,-0.1560213571374697,8000.0
0.0404,0.0091,0,1,-0.2691635191440582,0.15700538456439972,-0.0014613778330385685,-0.2698858976364136,0.16402393579483032,0.009624149650335312,0.05957011878490448,0.0032692947424948215,-0.0009990333346650004,0.9954580664634705,-0.007554648444056511,-0.00593797629699111,0.09470394998788834,-0.002696035265007879,0.004173707100669483,0.016968007352979313,-0.9262978961381736,-0.595377044392369,10.873866255556477,0.013140426948666573,-0.0007223784923553467,0.007018551230430603,0.011085527017712593,0.05957011878490448,0.0032692947424948215,-0.0009990333346650004,-0.007554648444056511,-0.00593797629699111,0.09470394998788834,0.9954580664634705,-0.002696035197004676,0.004173707216978073,0.016968008130788803,-0.0007223784923553467,0.007018551230430603,0.011085527017712593,-0.0029453635215759277,0.02255210280418396,0.03608552739024162,-0.0075709521770477295,0.03754667937755585,0.0610855296254158,-0.014485269784927368,0.05163303017616272,0.08608552813529968,-0.02351805567741394,0.06446431577205658,0.11108552664518356,-0.034446895122528076,0.07572460174560547,0.13608552515506744,-0.04700267314910889,0.08513659238815308,0.16108551621437073,-0.06087622046470642,0.09246855974197388,0.1860855221748352,-0.07572594285011292,0.09753994643688202,0.21108552813529968,-0.09118616580963135,0.10022591054439545,0.23608551919460297,-1.4229470491409302,-1.5707963705062866,0.2236640453338623,0.20000000298023224,-15.0,-15.0,-0.22330859680552748,12000.0
0.0599,0.0095,0,1,-0.26794126629829407,0.15710414946079254,-0.0014808537671342492,-0.2701323926448822,0.16713036596775055,0.014583924785256386,0.05683453008532524,0.006136109586805105,-0.0007428870885632932,0.9954460859298706,-0.0075394571758806705,-0.006100427359342575,0.0948210209608078,-0.003903427979094115,-0.0009881729444806819,-0.0009178476115927323,-0.9264026544102683,-0.6139643898927523,10.887503433357478,0.019063135609030724,-0.0021911263465881348,0.010026216506958008,0.016064777970314026,0.05683453008532524,0.006136109586805105,-0.0007428870885632932,-0.0075394571758806705,-0.006100427359342575,0.0948210209608078,0.9954460859298706,-0.003903428092598915,-0.0009881729492917657,-0.0009178476175293326,-0.0021911263465881348,0.010026216506958008,0.016064777970314026,-0.004897028207778931,0.025482967495918274,0.041064780205488205,-0.009987592697143555,0.04032611846923828,0.06606478244066238,-0.017337441444396973,0.05419020354747772,0.09106478095054626,-0.026765644550323486,0.06673382222652435,0.11606477946043015,-0.03804001212120056,0.0776481032371521,0.14106477797031403,-0.050882965326309204,0.08666431903839111,0.1660647690296173,-0.0649782121181488,0.09356044232845306,0.1910647749900818,-0.07997876405715942,0.09816668927669525,0.21606476604938507,-0.0955151617527008,0.10036961734294891,0.24106477200984955,-1.438340663909912,-1.5707963705062866,0.23732638359069824,0.20000000298023224,-15.0,-15.0,-0.19603424120352703,16000.0
0.0798,0.0096,0,1,-0.26660844683647156,0.1579274833202362,0.000261592969764024,-0.27047601342201233,0.1702311784029007,0.019549449905753136,0.05439873784780502,0.012086442671716213,0.011391086503863335,0.9954198598861694,-0.007977076806128025,-0.006079798098653555,0.09506136178970337,-0.00021772221287709865,-0.004442616670848332,0.0024773059955796586,-0.9762495227157896,-0.6066177920988153,10.915410807128783,0.023202594369649887,-0.0038675665855407715,0.01230369508266449,0.01928785629570484,0.05439873784780502,0.012086442671716213,0.011391086503863335,-0.007977076806128025,-0.006079798098653555,0.09506136178970337,0.9954198598861694,-0.00021772221953142434,-0.004442616831511259,0.002477305941283703,-0.0038675665855407715,0.01230369508266449,0.01928785629570484,-0.0070542991161346436,0.02766852080821991,0.04428785666823387,-0.012605428695678711,0.04234565794467926,0.06928785890340805,-0.02038419246673584,0.05597372353076935,0.09428785741329193,-0.0301990807056427,0.06821712851524353,0.11928786337375641,-0.04180842638015747,0.07877440750598907,0.1442878544330597,-0.05492636561393738,0.08738560974597931,0.16928786039352417,-0.06922990083694458,0.09383869171142578,0.19428786635398865,-0.0843668282032013,0.09797477722167969,0.21928785741329193,-0.09996438026428223,0.09969198703765869,0.2442878633737564,-1.4080675840377808,-1.5707963705062866,0.2297765016555786,0.20000000298023224,-15.0,-15.0,-0.14021949366093234,20000.0
0.1013,0.0095,0,1,-0.26591426134109497,0.15843459963798523,0.00048521021381020546,-0.2709282636642456,0.1733958125114441,0.024637499824166298,0.04825520142912865,0.017398430034518242,0.011271527968347073,0.9954440593719482,-0.00841896515339613,-0.006760435178875923,0.09472387284040451,0.0039220310955758895,0.04693979130335461,-0.008683284067730543,-1.0338574225095658,-0.6797911884399627,10.877613150157508,0.028849804773926735,-0.005014002323150635,0.014961212873458862,0.02415229007601738,0.04825520142912865,0.017398430034518242,0.011271527968347073,-0.00841896515339613,-0.006760435178875923,0.09472387284040451,0.9954440593719482,0.003922031261026859,0.04693979024887085,-0.008683283813297749,-0.005014002323150635,0.014961212873458862,0.02415229007601738,-0.008690237998962402,0.030216321349143982,0.04915228858590126,-0.01470765471458435,0.04470853507518768,0.07415229082107544,-0.02291804552078247,0.05808098614215851,0.09915228933095932,-0.03311929106712341,0.0700044184923172,0.1241522878408432,-0.045060157775878906,0.08018521964550018,0.14915229380130768,-0.05844661593437195,0.08837272226810455,0.17415228486061096,-0.0729491114616394,0.09436532855033875,0.19915229082107544,-0.08821049332618713,0.09801545739173889,0.22415228188037872,-0.10385498404502869,0.09923321008682251,0.2491522878408432,-1.3866089582443237,-1.5707963705062866,0.24478673934936523,0.20000000298023224,-15.0,-15.0,-0.2158148076034669,24000.0
0.1202,0.009,0,1,-0.2697628140449524,0.15684722363948822,-0.0022369713988155127,-0.2714621126651764,0.17644338309764862,0.029561899602413177,0.043505795300006866,0.01554833073168993,-0.006291936617344618,0.9954316020011902,-0.008187532424926758,-0.006367152556777,0.09490188211202621,0.0038531636743364467,-0.06806502120597473,0.04903620674632976,-1.0032917534963974,-0.6372628298450953,10.89750180928542,0.037390708923339844,-0.001699298620223999,0.0195961594581604,0.031798869371414185,0.043505795300006866,0.01554833073168993,-0.006291936617344618,-0.008187532424926758,-0.006367152556777,0.09490188211202621,0.9954316020011902,0.003853163681924343,-0.06806502491235733,0.04903620854020119,-0.001699298620223999,0.0195961594581604,0.031798869371414185,-0.005845695734024048,0.03473024070262909,0.056798867881298065,-0.01230853796005249,0.04902935028076172,0.08179886639118195,-0.02092871069908142,0.06214141845703125,0.10679887235164642,-0.0314939022064209,0.0737435519695282,0.1317988783121109,-0.043744027614593506,0.08355008065700531,0.15679886937141418,-0.057377398014068604,0.09131954610347748,0.18179887533187866,-0.07205832004547119,0.0968606024980545,0.20679888129234314,-0.08742532134056091,0.1000368744134903,0.23179887235164642,-0.1031000018119812,0.10077010095119476,0.2567988634109497,-1.4711987972259521,-1.5707963705062866,0.24667012691497803,0.20000000298023224,-15.0,-15.0,-0.17603748934764293,28000.0
0.14,0.0091,0,1,-0.26868438720703125,0.15749147534370422,-0.0010080384090542793,-0.27210262417793274,0.17952965199947357,0.03457874804735184,0.041048843413591385,0.019581155851483345,0.00034382485318928957,0.9954642653465271,-0.008515401743352413,-0.006620835047215223,0.09451232850551605,0.027303095760736838,-0.07744141219289846,0.058358872619450344,-1.0432004359216482,-0.6630409001781783,10.853162749047604,0.04199744015932083,-0.0034182369709014893,0.022038176655769348,0.03558678552508354,0.041048843413591385,0.019581155851483345,0.00034382485318928957,-0.008515401743352413,-0.006620835047215223,0.09451232850551605,0.9954642653465271,0.027303095906972885,-0.07744140923023224,0.058358874171972275,-0.0034182369709014893,0.022038176655769348,0.03558678552508354,-0.00803956389427185,0.037034064531326294,0.06058678776025772,-0.01494985818862915,0.05112239718437195,0.0855867937207222,-0.023979008197784424,0.06395626068115234,0.11058679223060608,-0.0349045991897583,0.07521966099739075,0.13558678328990936,-0.04745769500732422,0.08463522791862488,0.16058678925037384,-0.061329156160354614,0.09197115898132324,0.18558678030967712,-0.0761774480342865,0.09704679250717163,0.2105867862701416,-0.09163689613342285,0.09973713755607605,0.23558677732944489,-0.10732689499855042,0.09997600317001343,0.26058679819107056,-1.4606791734695435,-1.5707963705062866,0.23904109001159668,0.20000000298023224,-15.0,-15.0,-0.2647156098232464,32000.0
0.16,0.0098,0,1,-0.26975178718566895,0.15714885294437408,-0.0025753832887858152,-0.2728440761566162,0.18260958790779114,0.03962085023522377,0.04540747031569481,0.020506102591753006,-0.010593154467642307,0.9954252243041992,-0.008037296123802662,-0.006642369087785482,0.09496252238750458,-0.03912224837099513,0.003237341221843574,0.0010529483562873795,-0.9891913310658951,-0.670231500340086,10.9046947907914,0.04937948286533356,-0.0030922889709472656,0.025460734963417053,0.042196232825517654,0.04540747031569481,0.020506102591753006,-0.010593154467642307,-0.008037296123802662,-0.006642369087785482,0.09496252238750458,0.9954252243041992,-0.03912224993109703,0.003237341297790408,0.0010529484134167433,-0.0030922889709472656,0.025460734963417053,0.042196232825517654,-0.008186280727386475,0.04030270874500275,0.06719623506069183,-0.015539377927780151,0.054165080189704895,0.09219623357057571,-0.02497047185897827,0.06670650839805603,0.1171962320804596,-0.0362473726272583,0.07761818170547485,0.14219623804092407,-0.04909241199493408,0.0866314172744751,0.16719622910022736,-0.06318926811218262,0.0935242623090744,0.19219623506069183,-0.0781908631324768,0.09812705218791962,0.21719622611999512,-0.09372779726982117,0.10032637417316437,0.2421962320804596,-0.10941749811172485,0.1000681072473526,0.2671962380409241,-1.4558134078979492,-1.5707963705062866,0.2826434373855591,0.20000000298023224,-15.0,-15.0,-0.16165152633567334,36000.0
0.1798,0.0094,0,1,-0.26850923895835876,0.15755873918533325,-0.0011193377431482077,-0.27366942167282104,0.18561892211437225,0.044587425887584686,0.04455861821770668,0.022117184475064278,0.0011355848982930183,0.9954062700271606,-0.008756750263273716,-0.006476629991084337,0.0951094925403595,-0.23665184006056053,-0.06499989340005086,-0.024484870035593135,-1.0695567611520551,-0.643333742052755,10.921887667737856,0.053880512714385986,-0.00516018271446228,0.028060182929039,0.04570676386356354,0.04455861821770668,0.022117184475064278,0.0011355848982930183,-0.008756750263273716,-0.006476629991084337,0.0951094925403595,0.9954062700271606,-0.23665183782577515,-0.06499989330768585,-0.024484870955348015,-0.00516018271446228,0.028060182929039,0.04570676386356354,-0.010714799165725708,0.0427359938621521,0.07070676237344742,-0.018496811389923096,0.05636219680309296,0.0957067608833313,-0.02831462025642395,0.0686032623052597,0.12070675939321518,-0.039926499128341675,0.0791577696800232,0.14570675790309906,-0.05304649472236633,0.08776584267616272,0.17070674896240234,-0.06735154986381531,0.0942155122756958,0.19570675492286682,-0.08248946070671082,0.09834796190261841,0.2207067608833313,-0.09808745980262756,0.10006147623062134,0.24570675194263458,-0.11376145482063293,0.09931379556655884,0.27070677280426025,-1.348219394683838,-1.5707963705062866,0.31291520595550537,0.20000000298023224,-15.0,-15.0,-0.12726577244278353,40000.0
0.1998,0.0082,0,1,-0.2676500976085663,0.15803712606430054,-0.0009230749565176666,-0.2745847702026367,0.18859027326107025,0.049536000937223434,0.04121590405702591,0.025942862033843994,0.020687708631157875,0.9953819513320923,-0.012532773427665234,-0.008108320645987988,0.09481541812419891,-0.8662325593324054,-0.15389216174980108,-0.14595945374505248,-1.5179364784970828,-0.7887100082188729,10.893046084887441,0.0593944676220417,-0.006934672594070435,0.030553147196769714,0.05045907571911812,0.04121590405702591,0.025942862033843994,0.020687708631157875,-0.012532773427665234,-0.008108320645987988,0.09481541812419891,0.9953819513320923,-0.8662325739860535,-0.1538921594619751,-0.14595945179462433,-0.006934672594070435,0.030553147196769714,0.05045907571911812,-0.01294282078742981,0.045049190521240234,0.0754590779542923,-0.02114468812942505,0.058426886796951294,0.10045907646417618,-0.03133833408355713,0.0703568160533905,0.12545907497406006,-0.043272703886032104,0.08054523169994354,0.15045908093452454,-0.0566539466381073,0.08874127268791199,0.175459086894989,-0.07115262746810913,0.09474310278892517,0.2004590779542923,-0.08641165494918823,0.0984029769897461,0.22545908391475677,-0.1020553708076477,0.09963074326515198,0.25045907497406006,-0.1176985502243042,0.09839615225791931,0.27545908093452454,-0.9643574953079224,-1.5707963705062866,0.4455970525741577,0.20000000298023224,-15.0,-15.0,-0.18494893814359606,44000.0
0.2195,0.0093,0,1,-0.26670438051223755,0.15883633494377136,0.0008890961762517691,-0.27559950947761536,0.19155247509479523,0.05451962351799011,0.03622078523039818,0.03342830389738083,0.06347194314002991,0.9952823519706726,-0.02242960035800934,-0.013028835877776146,0.09347885102033615,-1.6589795825998728,-0.7574252514136375,-0.24188205541488075,-2.6993170335558063,-1.245785999295182,10.760513187338336,0.06344842910766602,-0.008895128965377808,0.032716140151023865,0.0536305271089077,0.03622078523039818,0.03342830389738083,0.06347194314002991,-0.02242960035800934,-0.013028835877776146,0.09347885102033615,0.9952823519706726,-1.6589795351028442,-0.7574252486228943,-0.2418820559978485,-0.008895128965377808,0.032716140151023865,0.0536305271089077,-0.015354186296463013,0.04701696336269379,0.07863052934408188,-0.023970842361450195,0.06013131141662598,0.10363053530454636,-0.03453299403190613,0.07173626124858856,0.12863053381443024,-0.04678046703338623,0.08154603838920593,0.15363052487373352,-0.06041178107261658,0.0893191248178482,0.178630530834198,-0.07509124279022217,0.09486410021781921,0.20363053679466248,-0.09045737981796265,0.09804442524909973,0.22863052785396576,-0.10613188147544861,0.09878182411193848,0.25363051891326904,-0.12172874808311462,0.09705808758735657,0.2786305248737335,-0.330568790435791,-1.5707963705062866,0.5855368375778198,0.20000000298023224,-15.0,-15.0,-0.45001473324179586,44230.0
0.2402,0.0081,0,1,-0.27032986283302307,0.1577422320842743,6.637850310653448e-05,-0.2767219841480255,0.19452057778835297,0.059570249170064926,0.027924658730626106,0.04120611771941185,0.09162770211696625,0.9948274493217468,-0.039372533559799194,-0.023241113871335983,0.09069736301898956,-2.1516563947812615,-1.755495869455707,-0.1197366880058577,-4.738992384690032,-2.240826225378814,10.511104195816278,0.07024398446083069,-0.006392121315002441,0.036778345704078674,0.05950387194752693,0.027924658730626106,0.04120611771941185,0.09162770211696625,-0.039372533559799194,-0.023241113871335983,0.09069736301898956,0.9948274493217468,-2.15165638923645,-1.7554959058761597,-0.1197366863489151,-0.006392121315002441,0.036778345704078674,0.05950387194752693,-0.013301670551300049,0.05086703598499298,0.08450387418270111,-0.022330105304718018,0.06370139122009277,0.10950387269258499,-0.03325513005256653,0.07496537268161774,0.13450387120246887,-0.045807719230651855,0.08438162505626678,0.15950386226177216,-0.05967879295349121,0.09171828627586365,0.18450386822223663,-0.07452678680419922,0.09679469466209412,0.20950385928153992,-0.08998611569404602,0.09948590397834778,0.2345038652420044,-0.1056760847568512,0.09972557425498962,0.25950387120246887,-0.12121042609214783,0.09750783443450928,0.28450387716293335,0.27078115940093994,-1.4591758251190186,0.6248608827590942,0.20000000298023224,0.0,-15.0,-0.9488327162859052,44230.0
0.2599,0.0098,0,1,-0.26922038197517395,0.1588953286409378,0.002504912205040455,-0.2779272198677063,0.19742649793624878,0.0645773708820343,0.039948929101228714,0.06414803862571716,0.1373077630996704,0.9932133555412292,-0.05922935530543327,-0.04434432461857796,0.08972567319869995,-2.619123857242015,-2.3858266846933294,-0.18473216638416393,-7.23798547341472,-4.442464233447625,10.605131159288046,0.07357615232467651,-0.008706837892532349,0.038531169295310974,0.06207245960831642,0.039948929101228714,0.06414803862571716,0.1373077630996704,-0.05922935530543327,-0.04434432461857796,0.08972567319869995,0.9932133555412292,-2.619123935699463,-2.385826587677002,-0.18473216891288757,-0.008706837892532349,0.038531169295310974,0.06207245960831642,-0.0160561203956604,0.05239555239677429,0.0870724618434906,-0.025483816862106323,0.06493955850601196,0.11207246035337448,-0.03675773739814758,0.07585430145263672,0.13707245886325836,-0.049600303173065186,0.08487105369567871,0.16207246482372284,-0.0636952817440033,0.09176777303218842,0.18707245588302612,-0.0786956250667572,0.09637461602687836,0.2120724618434906,-0.09423193335533142,0.09857819974422455,0.23707245290279388,-0.10992172360420227,0.09832422435283661,0.26207247376441956,-0.1253785789012909,0.09561894834041595,0.28707244992256165,1.05630624294281,-1.198492169380188,0.7386900186538696,0.20000000298023224,7.5,-15.0,-0.7607787893424032,44230.0
0.2797,0.0075,0,1,-0.2694207727909088,0.16090455651283264,0.0054305908270180225,-0.27922287583351135,0.20029228925704956,0.06958312541246414,-0.008128862828016281,0.11096103489398956,0.16637010872364044,0.9899872541427612,-0.08242091536521912,-0.07234349846839905,0.08886159211397171,-1.5718880896837746,-2.4851351627940574,-0.1355676826582656,-10.22547153140569,-7.38813153445254,10.920204913277297,0.07591456919908524,-0.009802103042602539,0.03938773274421692,0.06415253132581711,-0.008128862828016281,0.11096103489398956,0.16637010872364044,-0.08242091536521912,-0.07234349846839905,0.08886159211397171,0.9899872541427612,-1.5718880891799927,-2.485135078430176,-0.13556768000125885,-0.009802103042602539,0.03938773274421692,0.06415253132581711,-0.017583757638931274,0.05301414430141449,0.08915252983570099,-0.027401238679885864,0.06525547802448273,0.11415252834558487,-0.03901281952857971,0.07581029832363129,0.13915252685546875,-0.052132606506347656,0.08441871404647827,0.16415253281593323,-0.0664374828338623,0.09086877107620239,0.1891525238752365,-0.08157527446746826,0.09500163793563843,0.214152529835701,-0.09717321395874023,0.09671556949615479,0.23915253579616547,-0.112847238779068,0.09596830606460571,0.26415255665779114,-0.1282113790512085,0.09277832508087158,0.2891525328159332,1.3869868516921997,-0.5391223430633545,0.8188947439193726,0.20000000298023224,11.25,-15.0,-0.13063128136389568,44230.0
0.3001,0.0091,0,1,-0.2737683653831482,0.1611228883266449,0.006939843762665987,-0.2806217670440674,0.20314285159111023,0.07463700324296951,-0.05259821191430092,0.14374259114265442,0.1948428899049759,0.9871059656143188,-0.09216660261154175,-0.09733004868030548,0.08747560530900955,0.24382318359916907,-2.122749245887051,-0.18365824667458946,-11.662171409159395,-10.138340494204838,11.166481245427866,0.07997220009565353,-0.0068534016609191895,0.04201996326446533,0.06769715994596481,-0.05259821191430092,0.14374259114265442,0.1948428899049759,-0.09216660261154175,-0.09733004868030548,0.08747560530900955,0.9871059656143188,0.24382318556308746,-2.1227493286132812,-0.18365824222564697,-0.0068534016609191895,0.04201996326446533,0.06769715994596481,-0.015063762664794922,0.055392444133758545,0.0926971584558487,-0.02526494860649109,0.06731590628623962,0.11769715696573257,-0.037205785512924194,0.07749675214290619,0.14269715547561646,-0.050592243671417236,0.08568429946899414,0.16769716143608093,-0.0650947093963623,0.09167692065238953,0.19269715249538422,-0.08035609126091003,0.09532710909843445,0.2176971584558487,-0.09600058197975159,0.09654492139816284,0.24269714951515198,-0.11164295673370361,0.09530043601989746,0.26769715547561646,-0.12689808011054993,0.09162425994873047,0.29269713163375854,0.911685585975647,0.011965274810791016,0.8408991098403931,0.20000000298023224,13.125,-7.1572201263137405,0.3619213829372732,44230.0
0.3197,0.0085,0,1,-0.27528125047683716,0.16353683173656464,0.01070667989552021,-0.2820718586444855,0.20587749779224396,0.07956357300281525,-0.12269560992717743,0.18644002079963684,0.22808688879013062,0.9858022928237915,-0.0815480649471283,-0.1170247420668602,0.08858344703912735,2.0641257466014094,-1.5813664131614211,-0.16195419951498663,-10.714410112361616,-12.49056841190894,11.44542492459045,0.0811179131269455,-0.006790608167648315,0.04234066605567932,0.06885689496994019,-0.12269560992717743,0.18644002079963684,0.22808688879013062,-0.0815480649471283,-0.1170247420668602,0.08858344703912735,0.9858022928237915,2.0641257762908936,-1.5813664197921753,-0.16195419430732727,-0.006790608167648315,0.04234066605567932,0.06885689496994019,-0.015410929918289185,0.055452629923820496,0.09385689347982407,-0.025976240634918213,0.06705465912818909,0.11885689198970795,-0.03822645545005798,0.07686106860637665,0.14385689795017242,-0.051859915256500244,0.08463038504123688,0.1688569039106369,-0.06654089689254761,0.09017129242420197,0.19385689496994019,-0.08190792798995972,0.09334738552570343,0.21885690093040466,-0.09758260846138,0.09408046305179596,0.24385689198970795,-0.11317899823188782,0.09235240519046783,0.26885688304901123,-0.12831303477287292,0.08820585906505585,0.2938568890094757,-0.08074390888214111,0.8182755708694458,0.6727598905563354,0.20000000298023224,4.249357399832217,3.921389936843129,0.9198087412624127,44230.0
0.3401,0.0051,0,1,-0.2786988914012909,0.16558603942394257,0.016337309032678604,-0.28363367915153503,0.20861288905143738,0.08457692712545395,-0.1864374876022339,0.16914692521095276,0.27226772904396057,0.9858009219169617,-0.05553773418068886,-0.12963168323040009,0.09113556891679764,2.592382257788202,-0.8203468263825582,-0.1691350139202218,-7.893241117704385,-14.208969071093101,11.549059381946062,0.08082268387079239,-0.004934787750244141,0.04302684962749481,0.06823961436748505,-0.1864374876022339,0.16914692521095276,0.27226772904396057,-0.05553773418068886,-0.12963168323040009,0.09113556891679764,0.9858009219169617,2.5923821926116943,-0.8203468322753906,-0.16913501918315887,-0.004934787750244141,0.04302684962749481,0.06823961436748505,-0.013963758945465088,0.055860817432403564,0.09323962032794952,-0.024889260530471802,0.06712433695793152,0.118239626288414,-0.03744223713874817,0.07654005289077759,0.14323961734771729,-0.0513136088848114,0.08387613296508789,0.16823962330818176,-0.06616181135177612,0.08895193040370941,0.19323961436748505,-0.08162125945091248,0.09164248406887054,0.21823962032794952,-0.09731125831604004,0.09188149869441986,0.2432396113872528,-0.11284548044204712,0.08966313302516937,0.2682396173477173,-0.12784141302108765,0.08504198491573334,0.29323962330818176,-1.3412175178527832,1.5143054723739624,0.5465341806411743,0.20000000298023224,-5.3753213000838915,9.460694968421564,1.1270776559736277,44230.0
0.3611,0.0093,0,1,-0.28138467669487,0.168855220079422,0.025186941027641296,-0.28528791666030884,0.21130883693695068,0.0896112248301506,-0.23120492696762085,0.16895976662635803,0.33231234550476074,0.9867574572563171,-0.028119390830397606,-0.12991753220558167,0.09294301271438599,1.9306615617301428,0.47409114356594384,-0.19142653777153928,-4.719720672177299,-14.546590964106093,11.364355114127177,0.07725305110216141,-0.0039032399654388428,0.042453616857528687,0.06442428380250931,-0.23120492696762085,0.16895976662635803,0.33231234550476074,-0.028119390830397606,-0.12991753220558167,0.09294301271438599,0.9867574572563171,1.9306615591049194,0.47409114241600037,-0.19142653048038483,-0.0039032399654388428,0.042453616857528687,0.06442428380250931,-0.01333358883857727,0.05499561131000519,0.08942428231239319,-0.02460983395576477,0.06590795516967773,0.11442428827285767,-0.037454307079315186,0.07492196559906006,0.13942427933216095,-0.05155077576637268,0.0818156898021698,0.16442428529262543,-0.066552072763443,0.08641934394836426,0.1894242763519287,-0.0820888876914978,0.08861961960792542,0.2144242823123932,-0.09777858853340149,0.08836230635643005,0.23942427337169647,-0.11323487758636475,0.08565375208854675,0.26442426443099976,-0.1280771791934967,0.08056065440177917,0.2894243001937866,-1.5707963705062866,1.5707963705062866,0.5913738012313843,0.20000000298023224,-10.187660650041945,12.230347484210782,0.757669120335877,44230.0
0.3801,0.0092,0,1,-0.282195508480072,0.17073602974414825,0.030256424099206924,-0.286996454000473,0.21390680968761444,0.09456025063991547,-0.24247883260250092,0.14379236102104187,0.3519102931022644,0.9888444542884827,-0.012289583683013916,-0.11640636622905731,0.09210401028394699,0.5045971877996107,1.6208078289054946,-0.08942462176808944,-2.6930315000981615,-13.176512020797661,10.9537735457424,0.0775999203324318,-0.004800945520401001,0.043170779943466187,0.06430383026599884,-0.24247883260250092,0.14379236102104187,0.3519102931022644,-0.012289583683013916,-0.11640636622905731,0.09210401028394699,0.9888444542884827,0.5045971870422363,1.6208078861236572,-0.08942462503910065,-0.004800945520401001,0.043170779943466187,0.06430383026599884,-0.014616668224334717,0.05541352927684784,0.08930382132530212,-0.026226729154586792,0.06597001850605011,0.1143038272857666,-0.03934526443481445,0.07458032667636871,0.13930383324623108,-0.05364921689033508,0.08103244006633759,0.16430382430553436,-0.06878641247749329,0.08516748249530792,0.18930383026599884,-0.08438411355018616,0.08688364923000336,0.21430383622646332,-0.10005822777748108,0.08613865077495575,0.2393038272857666,-0.11542284488677979,0.08295087516307831,0.2643038332462311,-0.1300995945930481,0.07739876210689545,0.28930383920669556,-1.283021092414856,1.2981153726577759,0.6640418767929077,0.20000000298023224,-12.593830325020972,13.61517374210539,-0.06349401643366683,44230.0
0.4004,0.0089,0,1,-0.2824617028236389,0.1757858693599701,0.04024721309542656,-0.28881096839904785,0.21648624539375305,0.09957975149154663,-0.24937804043293,0.13426260650157928,0.39834365248680115,0.9915688037872314,-0.014119070954620838,-0.09248603135347366,0.08964529633522034,-0.9154913189608925,2.6385630689868305,-0.0842305255360534,-2.598087991064366,-10.421086188666836,10.56879913462668,0.07223007827997208,-0.0063492655754089355,0.04070037603378296,0.05933253839612007,-0.24937804043293,0.13426260650157928,0.39834365248680115,-0.014119070954620838,-0.09248603135347366,0.08964529633522034,0.9915688037872314,-0.9154913425445557,2.6385631561279297,-0.08423052728176117,-0.0063492655754089355,0.04070037603378296,0.05933253839612007,-0.016546159982681274,0.052627503871917725,0.08433254063129425,-0.028483331203460693,0.06281264126300812,0.10933253169059753,-0.041866838932037354,0.07100500166416168,0.134332537651062,-0.05636715888977051,0.07700285315513611,0.1593325287103653,-0.07162719964981079,0.08065852522850037,0.18433253467082977,-0.08727127313613892,0.08188197016716003,0.20933252573013306,-0.10291409492492676,0.08064311742782593,0.23433254659175873,-0.11817055940628052,0.07697239518165588,0.259332537651062,-0.13266494870185852,0.07096026837825775,0.2843325436115265,-0.300586462020874,0.674850344657898,0.7591887712478638,0.20000000298023224,-13.796915162510487,14.307586871052695,-0.8334428386651171,44230.0
0.4205,0.0097,0,1,-0.2814447581768036,0.18201066553592682,0.05259887874126434,-0.29071611166000366,0.2190203070640564,0.10462572425603867,-0.2238529920578003,0.1561119109392166,0.4617752134799957,0.9937963485717773,-0.029684854671359062,-0.062368206679821014,0.08715435117483139,-1.7682109989222359,2.818600215527239,-0.11346405314423161,-4.035295177513669,-6.822174998815795,10.264455540086377,0.06451716274023056,-0.009271353483200073,0.03700964152812958,0.05202684551477432,-0.2238529920578003,0.1561119109392166,0.4617752134799957,-0.029684854671359062,-0.062368206679821014,0.08715435117483139,0.9937963485717773,-1.768211007118225,2.8186001777648926,-0.11346404999494553,-0.009271353483200073,0.03700964152812958,0.05202684551477432,-0.01984122395515442,0.04860754311084747,0.0770268440246582,-0.032095253467559814,0.058409154415130615,0.10202684998512268,-0.04573175311088562,0.06617315113544464,0.12702684104442596,-0.0604148805141449,0.07170833647251129,0.15202684700489044,-0.07578316330909729,0.07487843930721283,0.17702685296535492,-0.09145814180374146,0.0756053775548935,0.2020268589258194,-0.10705384612083435,0.07387124001979828,0.2270268350839615,-0.12218624353408813,0.06971876323223114,0.25202685594558716,-0.13648277521133423,0.06325018405914307,0.27702683210372925,0.9997586011886597,-0.20194637775421143,0.7790719270706177,0.20000000298023224,0.6015424187447564,1.3684558688908837,-1.4421300277457207,44230.0
0.4408,0.0093,0,1,-0.2823079228401184,0.1898139864206314,0.06087258458137512,-0.29267799854278564,0.22146537899971008,0.10961522161960602,-0.22225381433963776,0.201851487159729,0.4820476472377777,0.9945301413536072,-0.051736362278461456,-0.036970436573028564,0.08285098522901535,-1.8504752460464564,2.3659019786817925,-0.1090580944696693,-6.272868482263748,-3.724763724257999,9.72840227164223,0.0590355284512043,-0.010370075702667236,0.031651392579078674,0.048742637038230896,-0.22225381433963776,0.201851487159729,0.4820476472377777,-0.051736362278461456,-0.036970436573028564,0.08285098522901535,0.9945301413536072,-1.8504751920700073,2.3659019470214844,-0.10905809700489044,-0.010370075702667236,0.031651392579078674,0.048742637038230896,-0.02129828929901123,0.04291228950023651,0.07374264299869537,-0.03385353088378906,0.05232499539852142,0.09874263405799866,-0.04772666096687317,0.059657737612724304,0.12374264001846313,-0.06257611513137817,0.0647299736738205,0.1487426459789276,-0.07803618907928467,0.06741677224636078,0.1737426370382309,-0.093726247549057,0.06765203177928925,0.19874262809753418,-0.10925993323326111,0.06542991101741791,0.22374263405799866,-0.12425476312637329,0.06080515682697296,0.24874264001846313,-0.13834148645401,0.0538916289806366,0.2737426459789276,1.5707963705062866,-0.40656208992004395,0.8430908918380737,0.20000000298023224,7.800771209372378,-6.815772065554558,-2.5142365646340035,44230.0
0.4602,0.0098,0,1,-0.2863919138908386,0.19541625678539276,0.06833206862211227,-0.2947225272655487,0.223855659365654,0.11462147533893585,-0.23511721193790436,0.23892612755298615,0.4982202351093292,0.9941815733909607,-0.07099220901727676,-0.016301007941365242,0.07934330403804779,-0.8660557254360242,1.5439965372712656,-0.11416476411654508,-8.266475855149226,-1.2117133193572305,9.213490000442379,0.05496278777718544,-0.008330613374710083,0.02843940258026123,0.04628940671682358,-0.23511721193790436,0.23892612755298615,0.4982202351093292,-0.07099220901727676,-0.016301007941365242,0.07934330403804779,0.9941815733909607,-0.8660557270050049,1.5439965724945068,-0.11416476219892502,-0.008330613374710083,0.02843940258026123,0.04628940671682358,-0.019607573747634888,0.03935103118419647,0.07128941267728806,-0.03245261311531067,0.04836420714855194,0.09628940373659134,-0.04654952883720398,0.055257007479667664,0.12128940969705582,-0.06155112385749817,0.059859707951545715,0.1462894082069397,-0.07708805799484253,0.06205900013446808,0.17128941416740417,-0.09277775883674622,0.061800673604011536,0.19628939032554626,-0.10823386907577515,0.05909110605716705,0.22128939628601074,-0.12307584285736084,0.05399705469608307,0.24628940224647522,-0.1369381844997406,0.046643927693367004,0.2712894082069397,1.5707963705062866,-0.1481630802154541,0.9005640745162964,0.20000000298023224,11.400385604686189,-7.652445620779173,-3.5440611070336905,44230.0
0.4801,0.0097,0,1,-0.314506471157074,0.18235667049884796,0.0640266090631485,-0.296843558549881,0.2261829376220703,0.11963317543268204,-0.29607897996902466,0.20678117871284485,0.47427496314048767,0.9943777918815613,-0.07148931920528412,-0.011045132763683796,0.07731812447309494,0.6096232730236569,0.06609488537175057,-0.07381050829695486,-8.273083804830382,-0.6251797934757334,8.93740432596061,0.07297129929065704,0.017662912607192993,0.04382626712322235,0.05560656636953354,-0.29607897996902466,0.20678117871284485,0.47427496314048767,-0.07148931920528412,-0.011045132763683796,0.07731812447309494,0.9943777918815613,0.6096232533454895,0.06609488278627396,-0.07381051033735275,0.017662912607192993,0.04382626712322235,0.05560656636953354,0.006047993898391724,0.05437743663787842,0.08060656487941742,-0.007074475288391113,0.0629817396402359,0.1056065708398819,-0.021381378173828125,0.06942729651927948,0.13060656189918518,-0.03652048110961914,0.07355539500713348,0.15560656785964966,-0.05211895704269409,0.07526440918445587,0.18060655891895294,-0.06779271364212036,0.07451222836971283,0.20560656487941742,-0.08315587043762207,0.07131741940975189,0.2306065708398819,-0.09783008694648743,0.0657585859298706,0.25560659170150757,-0.11145403981208801,0.057972654700279236,0.28060656785964966,0.6524254083633423,1.5707963705062866,0.8778704404830933,0.20000000298023224,13.200192802343095,3.673777189610413,-4.096232455997256,44230.0
0.5004,0.0101,0,1,-0.317678838968277,0.18726958334445953,0.07167066633701324,-0.2990294396877289,0.22843493521213531,0.12462829798460007,-0.27293306589126587,0.22811737656593323,0.5027517676353455,0.9951517581939697,-0.060704220086336136,-0.011275983415544033,0.07654336839914322,1.7522544029349172,-1.0393995492087367,-0.04358986754717118,-7.0396757062189215,-0.7534393553390757,8.842964015637007,0.06961966305971146,0.018649399280548096,0.04116535186767578,0.05295763164758682,-0.27293306589126587,0.22811737656593323,0.5027517676353455,-0.060704220086336136,-0.011275983415544033,0.07654336839914322,0.9951517581939697,1.7522543668746948,-1.03939950466156,-0.043589867651462555,0.018649399280548096,0.04116535186767578,0.05295763164758682,0.006709098815917969,0.05134683847427368,0.0779576301574707,-0.006676912307739258,0.05953511595726013,0.10295763611793518,-0.02117905020713806,0.06552855670452118,0.12795762717723846,-0.03644019365310669,0.06917954981327057,0.15295763313770294,-0.05208462476730347,0.0703982561826706,0.17795763909816742,-0.06772708892822266,0.06915460526943207,0.2029576450586319,-0.08298242092132568,0.06547923386096954,0.227957621216774,-0.09747496247291565,0.05946268141269684,0.25295764207839966,-0.11084789037704468,0.051253050565719604,0.27795761823654175,0.1359642744064331,1.5707963705062866,0.7151328325271606,0.20000000298023224,10.495185945195153,9.336888594805206,-4.285113076644475,44230.0
0.5201,0.0101,0,1,-0.3194887638092041,0.19460652768611908,0.08664596825838089,-0.3012835383415222,0.23061592876911163,0.12962041795253754,-0.26399970054626465,0.23680619895458221,0.5528448224067688,0.9962217211723328,-0.037539269775152206,-0.019682740792632103,0.07578705251216888,2.2604535826878873,-0.8282379058505174,-0.09159778618472932,-4.463386082116818,-1.9213022796866097,8.775597958169833,0.058948371559381485,0.018205225467681885,0.036009401082992554,0.04297444969415665,-0.26399970054626465,0.23680619895458221,0.5528448224067688,-0.037539269775152206,-0.019682740792632103,0.07578705251216888,0.9962217211723328,2.260453701019287,-0.8282378911972046,-0.0915977880358696,0.018205225467681885,0.036009401082992554,0.04297444969415665,0.005951493978500366,0.045811429619789124,0.06797445565462112,-0.0076847076416015625,0.053575873374938965,0.0929744616150856,-0.0223676860332489,0.05911155045032501,0.11797445267438889,-0.03773584961891174,0.06228215992450714,0.14297446608543396,-0.05341079831123352,0.0630096048116684,0.16797447204589844,-0.06900656223297119,0.06127600371837616,0.19297447800636292,-0.08413910865783691,0.05712403357028961,0.217974454164505,-0.09843584895133972,0.05065593123435974,0.24297446012496948,-0.11154472827911377,0.0420309454202652,0.26797446608543396,-0.3973386287689209,1.5707963705062866,0.6398423910140991,0.20000000298023224,-2.2524070274024233,12.168444297402603,-4.419845191578806,44230.0
0.54,0.0099,0,1,-0.3245057165622711,0.19808626174926758,0.09932618588209152,-0.3035992681980133,0.23272016644477844,0.13460052013397217,-0.2679634392261505,0.21417094767093658,0.5895203948020935,0.9967908263206482,-0.012730522081255913,-0.022591302171349525,0.07572168111801147,1.9740846696199938,0.22071385291135867,-0.059553708164892805,-1.651919359139871,-2.4707668412813293,8.723924256008809,0.053673695772886276,0.020906448364257812,0.034633904695510864,0.035274334251880646,-0.2679634392261505,0.21417094767093658,0.5895203948020935,-0.012730522081255913,-0.022591302171349525,0.07572168111801147,0.9967908263206482,1.9740846157073975,0.22071385383605957,-0.059553708881139755,0.020906448364257812,0.034633904695510864,0.035274334251880646,0.008352071046829224,0.044047772884368896,0.06027434021234512,-0.0055204033851623535,0.05138179659843445,0.08527433127164841,-0.020369350910186768,0.056455403566360474,0.11027433723211288,-0.03582918643951416,0.059143632650375366,0.13527435064315796,-0.05151921510696411,0.05938035249710083,0.16027432680130005,-0.06705310940742493,0.0571596622467041,0.18527433276176453,-0.08204838633537292,0.05253627896308899,0.210274338722229,-0.09613576531410217,0.04562406241893768,0.23527434468269348,-0.10896837711334229,0.03659318387508392,0.26027432084083557,-1.0570261478424072,1.5707963705062866,0.5594190359115601,0.20000000298023224,-8.626203513701212,13.5842221487013,-4.523192595900862,44230.0
0.5607,0.0094,0,1,-0.3276716470718384,0.2034505009651184,0.10685233771800995,-0.30598121881484985,0.23475220799446106,0.1395837962627411,-0.2521509528160095,0.19952063262462616,0.5810078978538513,0.9971116781234741,0.004434645175933838,-0.01381460390985012,0.07453727722167969,0.9039011753178404,1.3249833623872749,-0.0168124974706701,0.3888676219126109,-1.6165569700070401,8.544678698707708,0.05021573230624199,0.021690428256988525,0.03130170702934265,0.03273145854473114,-0.2521509528160095,0.19952063262462616,0.5810078978538513,0.004434645175933838,-0.01381460390985012,0.07453727722167969,0.9971116781234741,0.9039011597633362,1.3249833583831787,-0.01681249774992466,0.021690428256988525,0.03130170702934265,0.03273145854473114,0.008847475051879883,0.040317922830581665,0.05773146450519562,-0.005247771739959717,0.04721406102180481,0.0827314555644989,-0.02024829387664795,0.051820337772369385,0.10773146152496338,-0.03578472137451172,0.05402326583862305,0.13273146748542786,-0.05147445201873779,0.053768664598464966,0.15773145854473114,-0.06693121790885925,0.05106276273727417,0.18273146450519562,-0.08177438378334045,0.045972228050231934,0.2077314704656601,-0.0956384539604187,0.038622379302978516,0.23273147642612457,-0.10818210244178772,0.029194191098213196,0.25773143768310547,-0.5325971841812134,1.5707963705062866,0.5891867876052856,0.20000000298023224,-11.813101756850607,14.29211107435065,-4.881683710503057,44230.0
0.5805,0.0084,0,1,-0.32723110914230347,0.21216143667697906,0.12120872735977173,-0.3084339201450348,0.23671509325504303,0.14458374679088593,-0.22139501571655273,0.20350056886672974,0.6126388311386108,0.9972569346427917,0.0058944993652403355,0.004367681685835123,0.07363978028297424,-0.6295120263604777,1.8158785197994007,0.028463913584442734,0.7105037745973642,0.44939044202539835,8.449148538192354,0.038763485848903656,0.018797188997268677,0.024553656578063965,0.023375019431114197,-0.22139501571655273,0.20350056886672974,0.6126388311386108,0.0058944993652403355,0.004367681685835123,0.07363978028297424,0.9972569346427917,-0.6295120120048523,1.8158785104751587,0.02846391312777996,0.018797188997268677,0.024553656578063965,0.023375019431114197,0.005677402019500732,0.03316202759742737,0.048375025391578674,-0.008627533912658691,0.03961203992366791,0.07337501645088196,-0.02376532554626465,0.04374484717845917,0.09837502241134644,-0.03936326503753662,0.04545868933200836,0.12337502837181091,-0.05503728985786438,0.0447113960981369,0.1483750343322754,-0.07040143013000488,0.04152132570743561,0.17337501049041748,-0.08507737517356873,0.03596706688404083,0.19837501645088196,-0.09870374202728271,0.028185367584228516,0.22337502241134644,-0.11094504594802856,0.01836782693862915,0.2483750283718109,1.0316649675369263,0.5506695508956909,0.6820241212844849,0.20000000298023224,1.5934491215746966,14.646055537175325,-5.07274403153375,44230.0
0.6007,0.0095,0,1,-0.32981595396995544,0.21702469885349274,0.13469469547271729,-0.31094738841056824,0.2386002242565155,0.14958436787128448,-0.1987013816833496,0.20481082797050476,0.6434985399246216,0.9969713687896729,-0.006444911006838083,0.0229511596262455,0.07401273399591446,-1.7824706286629561,1.7299850498996745,0.017326745554785996,-0.542241622119133,2.677679249183517,8.478733371603571,0.03229904547333717,0.018868565559387207,0.021575525403022766,0.0148896723985672,-0.1987013816833496,0.20481082797050476,0.6434985399246216,-0.006444911006838083,0.0229511596262455,0.07401273399591446,0.9969713687896729,-1.7824705839157104,1.729984998703003,0.01732674613595009,0.018868565559387207,0.021575525403022766,0.0148896723985672,0.005484819412231445,0.02976749837398529,0.03988967835903168,-0.009015679359436035,0.035764917731285095,0.06488968431949615,-0.02427583932876587,0.03942014276981354,0.08988967537879944,-0.039919912815093994,0.04064314067363739,0.11488968133926392,-0.05556270480155945,0.03940381109714508,0.1398896872997284,-0.07081905007362366,0.03573267161846161,0.16488969326019287,-0.08531326055526733,0.029720112681388855,0.18988966941833496,-0.09868845343589783,0.021514177322387695,0.21488967537879944,-0.1106153130531311,0.011316925287246704,0.23988968133926392,1.5707963705062866,-0.07028424739837646,0.7316783666610718,0.1354829967021942,8.296724560787348,5.3095323974975095,-5.013574364711333,44230.0
0.6207,0.0092,1,1,-0.3281923532485962,0.22551774978637695,0.1564633995294571,-0.31355151534080505,0.240427628159523,0.1546478569507599,-0.15927836298942566,0.22929546236991882,0.7285833358764648,0.9960569143295288,-0.02621137723326683,0.040957264602184296,0.07418994605541229,-1.4164355152722687,1.7123979335349546,-0.058039534637614625,-2.6542199249902514,4.903671844527084,8.405777601688333,0.020975099876523018,0.014640837907791138,0.014909878373146057,-0.0018155425786972046,-0.15927836298942566,0.22929546236991882,0.7285833358764648,-0.02621137723326683,0.040957264602184296,0.07418994605541229,0.9960569143295288,-1.4164354801177979,1.7123979330062866,-0.05803953483700752,0.014640837907791138,0.014909878373146057,-0.0018155425786972046,0.001003265380859375,0.022671982645988464,0.02318444848060608,-0.013680636882781982,0.028205126523971558,0.04818445444107056,-0.02904936671257019,0.03137308359146118,0.07318444550037384,-0.04472443461418152,0.032097846269607544,0.09818445146083832,-0.06031990051269531,0.030361533164978027,0.1231844574213028,-0.07545173168182373,0.02620697021484375,0.14818446338176727,-0.0897473692893982,0.0197363942861557,0.17318443953990936,-0.10285475850105286,0.011109158396720886,0.19818444550037384,-0.11445119976997375,0.000537678599357605,0.22318445146083832,1.5707963705062866,-1.1676409244537354,0.6413370370864868,0.021362630650401115,11.648362280393673,-4.845233801251245,-5.159485904541822,40230.0
0.6405,0.01,1,1,-0.3281140625476837,0.23112908005714417,0.17230156064033508,-0.31618553400039673,0.24215422570705414,0.15966057777404785,-0.11188455671072006,0.24665473401546478,0.7647696137428284,0.9950184226036072,-0.03652932867407799,0.05657551437616348,0.07349281758069992,0.09534909825145813,0.8286419073878825,-0.01924110168803791,-3.717180039626693,6.774189369361935,8.228383694135402,0.020582471042871475,0.011928528547286987,0.011025145649909973,-0.012640982866287231,-0.11188455671072006,0.24665473401546478,0.7647696137428284,-0.03652932867407799,0.05657551437616348,0.07349281758069992,0.9950184226036072,0.09534909576177597,0.8286418914794922,-0.019241102039813995,0.011928528547286987,0.011025145649909973,-0.012640982866287231,-0.0019466876983642578,0.018353939056396484,0.012359008193016052,-0.016797572374343872,0.023421943187713623,0.03735901415348053,-0.032258421182632446,0.026104331016540527,0.06235902011394501,-0.04794853925704956,0.02633512020111084,0.08735901117324829,-0.06348159909248352,0.024108588695526123,0.11235901713371277,-0.07847508788108826,0.01947954297065735,0.13735902309417725,-0.09255987405776978,0.012562006711959839,0.16235899925231934,-0.10538908839225769,0.0035262852907180786,0.1873590052127838,-0.11664685606956482,-0.007405117154121399,0.2123590111732483,1.5707963705062866,-1.5707963705062866,0.434090256690979,0.021362630650401115,13.324181140196837,-9.922616900625624,-5.514273719647659,36230.0
0.6601,0.0097,1,1,-0.32475441694259644,0.2495594322681427,0.18475477397441864,-0.31882476806640625,0.24376878142356873,0.1645849049091339,-0.0754108801484108,0.3458963930606842,0.7533518075942993,0.9947656989097595,-0.03783591464161873,0.062333155423402786,0.07156343758106232,1.4053242745722403,-0.43847502583263287,-0.009972596813289512,-3.836931936969489,7.436603795744267,7.980066973407393,0.021806329488754272,0.0059296488761901855,-0.005790650844573975,-0.02016986906528473,-0.0754108801484108,0.3458963930606842,0.7533518075942993,-0.03783591464161873,0.062333155423402786,0.07156343758106232,0.9947656989097595,1.4053242206573486,-0.43847501277923584,-0.009972596541047096,0.0059296488761901855,-0.005790650844573975,-0.02016986906528473,-0.00816565752029419,0.0011053979396820068,0.004830121994018555,-0.02316620945930481,0.005711555480957031,0.029830127954483032,-0.03870263695716858,0.00791439414024353,0.054830119013786316,-0.05439236760139465,0.0076596736907958984,0.0798301249742508,-0.06984913349151611,0.0049536824226379395,0.10483013093471527,-0.08469223976135254,-0.00013697147369384766,0.12983013689517975,-0.0985562801361084,-0.0074869245290756226,0.15483011305332184,-0.11109983921051025,-0.016915202140808105,0.17983011901378632,-0.12201404571533203,-0.02818964421749115,0.2048301249742508,1.5707963705062866,-1.5707963705062866,0.41802144050598145,0.021362630650401115,14.162090570098417,-12.461308450312812,-6.010907161103676,32230.0
0.6804,0.0095,1,1,-0.3258035480976105,0.25919318199157715,0.19423645734786987,-0.3215528726577759,0.24532301723957062,0.16958224773406982,-0.05330744758248329,0.37600505352020264,0.7242192029953003,0.995793879032135,-0.022557057440280914,0.05439288169145584,0.07018022239208221,2.006970181708619,-1.7972815327493228,0.023774746453301913,-2.1504549815803857,6.401463502288736,7.942412299256392,0.028605589643120766,0.004250675439834595,-0.01387016475200653,-0.02465420961380005,-0.05330744758248329,0.37600505352020264,0.7242192029953003,-0.022557057440280914,0.05439288169145584,0.07018022239208221,0.995793879032135,2.006970167160034,-1.7972815036773682,0.02377474680542946,0.004250675439834595,-0.01387016475200653,-0.02465420961380005,-0.010054200887680054,-0.00742003321647644,0.0003457963466644287,-0.025191962718963623,-0.003287076950073242,0.025345787405967712,-0.04078987240791321,-0.0015730857849121094,0.05034579336643219,-0.05646389722824097,-0.002320230007171631,0.07534578442573547,-0.07182806730270386,-0.005510151386260986,0.10034579038619995,-0.08650407195091248,-0.011064276099205017,0.12534579634666443,-0.10013052821159363,-0.018845856189727783,0.1503458023071289,-0.11237192153930664,-0.028663277626037598,0.175345778465271,-0.12292680144309998,-0.04027479887008667,0.20034578442573547,1.5707963705062866,-1.566921591758728,0.41547322273254395,0.021362630650401115,14.581045285049209,-13.730654225156407,-6.0862165094057055,29452.0
0.7006,0.009,1,1,-0.320576012134552,0.2730138301849365,0.21137715876102448,-0.3243548572063446,0.24680425226688385,0.1746266931295395,-0.014178531244397163,0.41006162762641907,0.7339105606079102,0.9968981742858887,-0.0024149389937520027,0.03723053261637688,0.06928238272666931,2.0274015541175436,-2.380640711102618,0.02360234630401671,0.019761522435453916,4.276212879897379,7.951815684638245,0.04529700055718422,-0.0037788450717926025,-0.026209577918052673,-0.036750465631484985,-0.014178531244397163,0.41006162762641907,0.7339105606079102,-0.0024149389937520027,0.03723053261637688,0.06928238272666931,0.9968981742858887,2.0274014472961426,-2.380640745162964,0.02360234595835209,-0.0037788450717926025,-0.026209577918052673,-0.036750465631484985,-0.018280893564224243,-0.020216017961502075,-0.011750459671020508,-0.03354203701019287,-0.01656484603881836,0.01324954628944397,-0.04918643832206726,-0.015345990657806396,0.03824953734874725,-0.06482893228530884,-0.016589492559432983,0.06324954330921173,-0.08008429408073425,-0.02026468515396118,0.08824954926967621,-0.094576895236969,-0.026281103491783142,0.11324955523014069,-0.10794991254806519,-0.03449060022830963,0.13824953138828278,-0.1198740303516388,-0.04469101130962372,0.16324953734874725,-0.13005566596984863,-0.056631192564964294,0.18824954330921173,1.5707963705062866,-1.4859496355056763,0.42874014377593994,0.021362630650401115,14.790522642524603,-14.365327112578203,-6.067409738641982,29452.0
0.7209,0.0097,1,1,-0.3217545449733734,0.28088927268981934,0.22243370115756989,-0.32717183232307434,0.24818162620067596,0.1796175241470337,-0.010709118098020554,0.4052712917327881,0.6899791955947876,0.9973850250244141,0.018263911828398705,0.013796351850032806,0.06853567808866501,1.7334226582347487,-2.5098881798619077,0.046527167781960456,2.196994230258999,1.433523246379575,7.889315316939246,0.05415128916501999,-0.005417287349700928,-0.03270764648914337,-0.042816177010536194,-0.010709118098020554,0.4052712917327881,0.6899791955947876,0.018263911828398705,0.013796351850032806,0.06853567808866501,0.9973850250244141,1.7334226369857788,-2.509888172149658,0.04652716591954231,-0.005417287349700928,-0.03270764648914337,-0.042816177010536194,-0.020100146532058716,-0.027171701192855835,-0.017816171050071716,-0.03546825051307678,-0.024000823497772217,0.007183820009231567,-0.05114319920539856,-0.023273080587387085,0.03218381106853485,-0.06673899292945862,-0.025006383657455444,0.05718381702899933,-0.0818716287612915,-0.029158085584640503,0.0821838229894638,-0.09616848826408386,-0.03562593460083008,0.10718382894992828,-0.10927751660346985,-0.04425068199634552,0.13218383491039276,-0.12087595462799072,-0.05481994152069092,0.15718381106853485,-0.1306782066822052,-0.06707347929477692,0.18218381702899933,1.5707963705062866,-1.0807722806930542,0.503750205039978,0.021362630650401115,14.895261321262302,-14.682663556289102,-6.19241047403998,29452.0
0.7401,0.0099,1,1,-0.322274774312973,0.2851242423057556,0.22711411118507385,-0.33002161979675293,0.24946612119674683,0.18459272384643555,-0.011081904172897339,0.40656375885009766,0.6564467549324036,0.9970318078994751,0.0359179824590683,-0.010240240953862667,0.06731010228395462,1.3214177891618222,-2.179988034563906,0.011673109433386472,4.029300616894832,-1.447157517937329,7.673486773321664,0.05603198707103729,-0.007746845483779907,-0.03565812110900879,-0.042521387338638306,-0.011081904172897339,0.40656375885009766,0.6564467549324036,0.0359179824590683,-0.010240240953862667,0.06731010228395462,0.9970318078994751,1.3214178085327148,-2.179988145828247,0.011673109605908394,-0.007746845483779907,-0.03565812110900879,-0.042521387338638306,-0.02259555459022522,-0.03058379888534546,-0.017521381378173828,-0.03805527091026306,-0.027894794940948486,0.007478609681129456,-0.053745269775390625,-0.02765733003616333,0.03247860074043274,-0.06927928328514099,-0.02987724542617798,0.05747860670089722,-0.0842747688293457,-0.0344998836517334,0.0824786126613617,-0.09836247563362122,-0.04141142964363098,0.10747861862182617,-0.11119556427001953,-0.0504416823387146,0.13247862458229065,-0.12245798110961914,-0.06136828660964966,0.15747860074043274,-0.13187247514724731,-0.07392220199108124,0.18247860670089722,1.5707963705062866,-1.0114794969558716,0.6378370523452759,0.021362630650401115,14.947630660631152,-14.84133177814455,-6.624067561275152,29452.0
0.7607,0.0086,1,1,-0.314216673374176,0.3034383952617645,0.2515278160572052,-0.33291059732437134,0.25066107511520386,0.18956869840621948,0.016248522326350212,0.40831905603408813,0.6309077143669128,0.9962309002876282,0.04833761975169182,-0.027935409918427467,0.06637068837881088,1.0738963403358874,-1.9829707060712067,0.05801867875732794,5.323651842669385,-3.5590177257905555,7.457498869440109,0.08350952714681625,-0.018693923950195312,-0.05277732014656067,-0.06195911765098572,0.016248522326350212,0.40831905603408813,0.6309077143669128,0.04833761975169182,-0.027935409918427467,0.06637068837881088,0.9962309002876282,1.0738962888717651,-1.9829707145690918,0.058018676936626434,-0.018693923950195312,-0.05277732014656067,-0.06195911765098572,-0.03369399905204773,-0.04816964268684387,-0.03695911169052124,-0.049230217933654785,-0.045965224504470825,-0.011959120631217957,-0.06491997838020325,-0.04621833562850952,0.013040870428085327,-0.0803770124912262,-0.04892274737358093,0.038040876388549805,-0.0952206552028656,-0.05401189625263214,0.06304088234901428,-0.10908544063568115,-0.0613604336977005,0.08804088830947876,-0.12162995338439941,-0.07078742980957031,0.11304089426994324,-0.1325453221797943,-0.08206075429916382,0.13804087042808533,-0.14156275987625122,-0.09490282833576202,0.1630408763885498,1.5707963705062866,-1.3400225639343262,0.6139694452285767,0.021362630650401115,14.973815330315576,-14.920665889072275,-7.056043369038254,29452.0
0.7798,0.0066,1,1,-0.3161061406135559,0.3057999014854431,0.25546687841415405,-0.33584246039390564,0.25176766514778137,0.19455642998218536,0.0008963932050392032,0.3900264799594879,0.59153151512146,0.9950061440467834,0.05992832034826279,-0.04597923159599304,0.06523340195417404,0.8875837875818432,-1.4219272197561212,0.00789277411226231,6.535690093713537,-5.699893047081188,7.176251588518914,0.08377999812364578,-0.01973631978034973,-0.05403223633766174,-0.06091044843196869,0.0008963932050392032,0.3900264799594879,0.59153151512146,0.05992832034826279,-0.04597923159599304,0.06523340195417404,0.9950061440467834,0.8875837922096252,-1.4219272136688232,0.007892774417996407,-0.01973631978034973,-0.05403223633766174,-0.06091044843196869,-0.03487342596054077,-0.049896836280822754,-0.035910457372665405,-0.05047106742858887,-0.04818031191825867,-0.010910451412200928,-0.06614521145820618,-0.048924922943115234,0.01408955454826355,-0.08150988817214966,-0.05211234092712402,0.03908956050872803,-0.09618678689002991,-0.05766408145427704,0.06408953666687012,-0.10981452465057373,-0.06544344127178192,0.0890895426273346,-0.12205749750137329,-0.07525888085365295,0.11408954858779907,-0.13261425495147705,-0.08686868846416473,0.13908955454826355,-0.14122489094734192,-0.09998701512813568,0.16408956050872803,1.5707963705062866,-1.3234566450119019,0.7100626230239868,0.021362630650401115,14.986907665157787,-14.960332944536137,-7.618537930880648,29452.0
0.8005,0.0093,1,1,-0.4084301292896271,0.24362795054912567,0.22619840502738953,-0.3388477861881256,0.25279486179351807,0.19961139559745789,-0.37351101636886597,0.11221151053905487,0.3696151673793793,0.9904323816299438,0.08394169807434082,-0.08615174144506454,0.06762672960758209,0.7569049363156632,-1.2739693132843164,0.09702669832350469,9.047394237347667,-10.486762647785437,6.980169721579516,0.07505067437887192,0.06958234310150146,0.009166911244392395,-0.02658700942993164,-0.37351101636886597,0.11221151053905487,0.3696151673793793,0.08394169807434082,-0.08615174144506454,0.06762672960758209,0.9904323816299438,0.7569049596786499,-1.273969292640686,0.09702669829130173,0.06958234310150146,0.009166911244392395,-0.02658700942993164,0.05432158708572388,0.012819543480873108,-0.001587003469467163,0.03867727518081665,0.014039888978004456,0.02341298758983612,0.02303469181060791,0.012797906994819641,0.04841300845146179,0.007778972387313843,0.00912417471408844,0.07341298460960388,-0.006714224815368652,0.0031091421842575073,0.09841299057006836,-0.020088016986846924,-0.005099058151245117,0.12341299653053284,-0.032013118267059326,-0.015298336744308472,0.14841300249099731,-0.0421958863735199,-0.027237534523010254,0.1734130084514618,-0.05038559436798096,-0.04062268137931824,0.19841298460960388,-1.5707963705062866,1.5707963705062866,0.9667352437973022,0.20000000298023224,-0.006546167421106475,0.019833527731931255,-8.010701664759448,33452.0
0.8203,0.0099,1,1,-0.4229775667190552,0.2460995763540268,0.22929151356220245,-0.3418336510658264,0.253711462020874,0.20458264648914337,-0.39758920669555664,0.08315770328044891,0.3152875006198883,0.9885736703872681,0.09202504903078079,-0.0976305827498436,0.06870096176862717,0.5902063652529709,-0.995663653048856,0.09716058042493002,9.916589651949764,-11.868984478003698,6.917376797330705,0.08516339957714081,0.08114391565322876,0.007611885666847229,-0.024708867073059082,-0.39758920669555664,0.08315770328044891,0.3152875006198883,0.09202504903078079,-0.0976305827498436,0.06870096176862717,0.9885736703872681,0.5902063846588135,-0.9956636428833008,0.09716057777404785,0.08114391565322876,0.007611885666847229,-0.024708867073059082,0.06577649712562561,0.010786131024360657,0.0002911388874053955,0.05010172724723816,0.011517331004142761,0.02529112994670868,0.03450554609298706,0.009787425398826599,0.05029113590717316,0.019372016191482544,0.005639031529426575,0.07529114186763763,0.005073726177215576,-0.0008256733417510986,0.10029114782810211,-0.008037209510803223,-0.009447544813156128,0.1252911239862442,-0.01963794231414795,-0.020014256238937378,0.15029112994670868,-0.02944287657737732,-0.03226564824581146,0.17529113590717316,-0.03721058368682861,-0.04590003192424774,0.20029114186763763,-1.5707963705062866,1.5707963705062866,0.9960728883743286,0.20000000298023224,-7.503273083710553,7.509916763865966,-8.136287513257052,37452.0
0.8403,0.0098,1,1,-0.42567548155784607,0.24635739624500275,0.243241548538208,-0.34488916397094727,0.25454527139663696,0.20962367951869965,-0.4121473431587219,0.04858306050300598,0.3277544677257538,0.9874887466430664,0.09597402811050415,-0.10325682908296585,0.0706472396850586,0.013209637909361801,-0.21974784116020288,0.15990321593573253,10.32594313729086,-12.561681420563541,7.04463527233947,0.08788419514894485,0.0807863175868988,0.008187875151634216,-0.03361786901950836,-0.4121473431587219,0.04858306050300598,0.3277544677257538,0.09597402811050415,-0.10325682908296585,0.0706472396850586,0.9874887466430664,0.013209638185799122,-0.21974784135818481,0.15990321338176727,0.0807863175868988,0.008187875151634216,-0.03361786901950836,0.06532609462738037,0.010873869061470032,-0.008617877960205078,0.049636006355285645,0.011108294129371643,0.0163821280002594,0.034102439880371094,0.00888533890247345,0.04138213396072388,0.0191078782081604,0.004259780049324036,0.06638213992118835,0.005021482706069946,-0.0026544928550720215,0.09138211607933044,-0.007809817790985107,-0.011687234044075012,0.11638212203979492,-0.01907011866569519,-0.022616028785705566,0.1413821280002594,-0.028482168912887573,-0.03517177700996399,0.16638213396072388,-0.03581416606903076,-0.04904530942440033,0.19138213992118835,-1.5707963705062866,1.5707963705062866,0.979059100151062,0.20000000298023224,-11.251636541855277,11.254958381932983,-7.881770563239538,41452.0
0.8598,0.0094,1,1,-0.43380007147789,0.24769353866577148,0.24962188303470612,-0.34789565205574036,0.25526541471481323,0.21454420685768127,-0.43701595067977905,0.0351155661046505,0.2918365001678467,0.9881227612495422,0.09100941568613052,-0.10057871788740158,0.0721987932920456,-1.1167715028314544,1.0542488028148005,0.19189603642696343,9.739898865501221,-12.234293803494987,7.311611898463058,0.09309858083724976,0.08590441942214966,0.007571876049041748,-0.03507767617702484,-0.43701595067977905,0.0351155661046505,0.2918365001678467,0.09100941568613052,-0.10057871788740158,0.0721987932920456,0.9881227612495422,-1.1167714595794678,1.0542488098144531,0.19189603626728058,0.08590441942214966,0.007571876049041748,-0.03507767617702484,0.07036855816841125,0.00977867841720581,-0.010077685117721558,0.05467873811721802,0.009527981281280518,0.014922305941581726,0.03922131657600403,0.006825923919677734,0.039922311902046204,0.024376869201660156,0.0017390847206115723,0.06492231786251068,0.010510951280593872,-0.005607321858406067,0.08992232382297516,-0.0020350217819213867,-0.015032395720481873,0.11492232978343964,-0.01295211911201477,-0.026304036378860474,0.13992230594158173,-0.021971523761749268,-0.03914472460746765,0.1649223119020462,-0.02887117862701416,-0.05323827266693115,0.18992231786251068,-1.5707963705062866,1.5707963705062866,1.1270257234573364,0.20000000298023224,-13.125818270927638,13.127479190966492,-7.347817310992341,44230.0
0.8805,0.0099,1,1,-0.4387121796607971,0.251224160194397,0.27869099378585815,-0.3510189354419708,0.2559105455875397,0.21962019801139832,-0.4512295424938202,0.008262481540441513,0.41496238112449646,0.991338312625885,0.07112766802310944,-0.0824882984161377,0.07336755841970444,-2.295694394444579,2.5223685516783463,0.07670270956315933,7.522523069402904,-10.019570489708142,7.804936525819216,0.10583679378032684,0.0876932442188263,0.0046863853931427,-0.05907079577445984,-0.4512295424938202,0.008262481540441513,0.41496238112449646,0.07112766802310944,-0.0824882984161377,0.07336755841970444,0.991338312625885,-2.295694351196289,2.5223686695098877,0.07670270651578903,0.0876932442188263,0.0046863853931427,-0.05907079577445984,0.07209491729736328,0.006396681070327759,-0.03407078981399536,0.05642107129096985,0.005645781755447388,-0.009070783853530884,0.04105767607688904,0.0024521946907043457,0.015929192304611206,0.02638298273086548,-0.0031054168939590454,0.040929198265075684,0.012758404016494751,-0.01089024543762207,0.06592920422554016,0.0005193650722503662,-0.02071058750152588,0.09092921018600464,-0.0100327730178833,-0.03232462704181671,0.11592921614646912,-0.018638134002685547,-0.04544639587402344,0.1409291923046112,-0.025084853172302246,-0.05975279211997986,0.16592919826507568,-0.9046841859817505,1.5707963705062866,1.203773856163025,0.03273743763566017,-14.06290913546382,14.063739595483245,-6.361168056280041,40230.0
0.9004,0.0098,1,1,-0.4468700587749481,0.25204598903656006,0.2874882221221924,-0.35411813855171204,0.25644901394844055,0.22462685406208038,-0.46620669960975647,-0.010011112317442894,0.4047505855560303,0.994777500629425,0.04275096580386162,-0.056006114929914474,0.07383301109075546,-2.7662885411831395,2.8104000762147763,0.06837729764973254,4.434709515176167,-6.761695848218482,8.227360244150052,0.1121332123875618,0.09275192022323608,0.004403024911880493,-0.062861368060112,-0.46620669960975647,-0.010011112317442894,0.4047505855560303,0.04275096580386162,-0.056006114929914474,0.07383301109075546,0.994777500629425,-2.7662885189056396,2.8104000091552734,0.0683773010969162,0.09275192022323608,0.004403024911880493,-0.062861368060112,0.0771074891090393,0.005621850490570068,-0.037861377000808716,0.06146502494812012,0.0043783485889434814,-0.012861371040344238,0.0462096631526947,0.0007031261920928955,0.01213863492012024,0.03171706199645996,-0.005313307046890259,0.03713864088058472,0.01834404468536377,-0.013522818684577942,0.06213861703872681,0.006419956684112549,-0.023723244667053223,0.08713862299919128,-0.0037616491317749023,-0.0356634259223938,0.11213862895965576,-0.011950075626373291,-0.049049362540245056,0.13713863492012024,-0.017943620681762695,-0.06355145573616028,0.16213864088058472,-0.27148115634918213,1.5707963705062866,1.27003014087677,0.025604262948036194,-14.53145456773191,14.531869797741622,-5.516320619618377,36230.0
0.9199,0.0097,1,1,-0.4418085813522339,0.2594083547592163,0.29530295729637146,-0.35720130801200867,0.25688573718070984,0.2295830249786377,-0.40547463297843933,0.01711815409362316,0.38417351245880127,0.9969257712364197,0.012175916694104671,-0.024280747398734093,0.07347925007343292,-2.5230849420115775,2.7806887858294163,0.07160237324625089,1.1881046852361536,-2.8775470474360008,8.400962953469191,0.10716278851032257,0.08460727334022522,-0.0025226175785064697,-0.06571993231773376,-0.40547463297843933,0.01711815409362316,0.38417351245880127,0.012175916694104671,-0.024280747398734093,0.07347925007343292,0.9969257712364197,-2.523084878921509,2.780688762664795,0.07160237431526184,0.08460727334022522,-0.0025226175785064697,-0.06571993231773376,0.06893250346183777,-0.0017914772033691406,-0.04071992635726929,0.05333635210990906,-0.0035214126110076904,-0.01571992039680481,0.03820279240608215,-0.007669806480407715,0.00928005576133728,0.02390456199645996,-0.014134570956230164,0.03428006172180176,0.010793626308441162,-0.02275647222995758,0.059280067682266235,-0.0008071064949035645,-0.03332321345806122,0.08428007364273071,-0.010612010955810547,-0.0455746203660965,0.10928007960319519,-0.018379658460617065,-0.05920901894569397,0.13428005576133728,-0.02391877770423889,-0.07389068603515625,0.15928006172180176,1.0329090356826782,1.5707963705062866,1.227699875831604,0.021362630650401115,0.2342727161340452,14.76593489887081,-5.169115200980086,32230.0
0.9401,0.0074,1,1,-0.4456493854522705,0.2629830837249756,0.29328522086143494,-0.3603225350379944,0.2572287321090698,0.23458072543144226,-0.3810405433177948,0.035234637558460236,0.3197256922721863,0.9971868395805359,-0.014567870646715164,0.0013922523939982057,0.07349944859743118,-2.126720418546523,2.1884492968212514,0.08555049636321595,-1.653182084422169,0.2817893684032844,8.426848311381237,0.10373042523860931,0.08532685041427612,-0.005754351615905762,-0.058704495429992676,-0.3810405433177948,0.035234637558460236,0.3197256922721863,-0.014567870646715164,0.0013922523939982057,0.07349944859743118,0.9971868395805359,-2.126720428466797,2.1884493827819824,0.08555049449205399,0.08532685041427612,-0.005754351615905762,-0.058704495429992676,0.06963685154914856,-0.005515694618225098,-0.0337044894695282,0.054102689027786255,-0.007734447717666626,-0.00870448350906372,0.03910684585571289,-0.012355953454971313,0.01629549264907837,0.025018632411956787,-0.01926642656326294,0.04129549860954285,0.012184858322143555,-0.028295710682868958,0.06629550457000732,0.0009216070175170898,-0.03922146558761597,0.0912955105304718,-0.008493810892105103,-0.05177466571331024,0.11629551649093628,-0.01582956314086914,-0.065646231174469,0.14129549264907837,-0.020905017852783203,-0.08049455285072327,0.16629549860954285,1.5707963705062866,1.5707963705062866,1.2997568845748901,0.07606066763401031,7.617136358067023,14.882967449435405,-5.117344485155978,30279.0
0.96,0.0054,1,1,-0.4530857801437378,0.267162561416626,0.29921653866767883,-0.3634602129459381,0.25747400522232056,0.23958994448184967,-0.34647732973098755,0.06749654561281204,0.2939569056034088,0.9963920712471008,-0.03492605313658714,0.022020932286977768,0.07413586229085922,-1.0765658264335556,1.5979348704091856,0.10500005282439061,-3.80810130574526,2.81214642981543,8.416901023899095,0.10808302462100983,0.08962556719779968,-0.00968855619430542,-0.05962659418582916,-0.34647732973098755,0.06749654561281204,0.2939569056034088,-0.03492605313658714,0.022020932286977768,0.07413586229085922,0.9963920712471008,-1.0765658617019653,1.5979348421096802,0.10500005632638931,0.08962556719779968,-0.00968855619430542,-0.05962659418582916,0.07393583655357361,-0.009943753480911255,-0.03462660312652588,0.05847916007041931,-0.012650251388549805,-0.009626597166061401,0.043636202812194824,-0.0177413672208786,0.015373408794403076,0.029772400856018066,-0.025091752409934998,0.040373414754867554,0.017229139804840088,-0.034520432353019714,0.06537342071533203,0.006315290927886963,-0.04579521715641022,0.09037339687347412,-0.0027004480361938477,-0.058638498187065125,0.1153734028339386,-0.009596049785614014,-0.07273402810096741,0.14037340879440308,-0.014201730489730835,-0.08773472905158997,0.16537341475486755,1.5707963705062866,1.5707963705062866,1.2603157758712769,0.08681434392929077,11.30856817903351,14.941483724717703,-5.137239060120304,33320.0
0.9796,0.0055,1,1,-0.4732174873352051,0.25824859738349915,0.299413800239563,-0.3665754199028015,0.2576195299625397,0.2445535510778427,-0.398881733417511,0.03779289126396179,0.2602352499961853,0.9961237907409668,-0.03845686465501785,0.02576310560107231,0.0747842937707901,0.24542434262555196,1.235840037009325,0.09559192860860291,-4.179482895623091,3.2721311631564056,8.467440182907929,0.11992736905813217,0.10664206743240356,-0.0006290674209594727,-0.054860249161720276,-0.398881733417511,0.03779289126396179,0.2602352499961853,-0.03845686465501785,0.02576310560107231,0.0747842937707901,0.9961237907409668,0.24542434513568878,1.235840082168579,0.09559192508459091,0.10664206743240356,-0.0006290674209594727,-0.054860249161720276,0.09096792340278625,-0.001373380422592163,-0.029860258102416992,0.075603187084198,-0.004560530185699463,-0.004860252141952515,0.0609261691570282,-0.010112002491950989,0.020139753818511963,0.047298312187194824,-0.01789112389087677,0.04513975977897644,0.03505516052246094,-0.027706339955329895,0.07013973593711853,0.024498194456100464,-0.03931596875190735,0.09513974189758301,0.015887320041656494,-0.052434131503105164,0.12013974785804749,0.009434610605239868,-0.0667378157377243,0.14513975381851196,0.00529894232749939,-0.08187483251094818,0.17013975977897644,1.197194218635559,1.5707963705062866,1.1517020463943481,0.15345622599124908,13.154284089516755,14.970741862358851,-5.036160742102615,37320.0
0.9997,0.0057,1,1,-0.4873908460140228,0.25995463132858276,0.30229073762893677,-0.3697180151939392,0.2576678693294525,0.24955594539642334,-0.35942935943603516,0.06121502071619034,0.22769632935523987,0.9954565763473511,-0.03504645824432373,0.04680974408984184,0.07513213157653809,1.4530684944887993,0.9963102019824999,0.16106413778916853,-3.614722743111907,5.650518362036028,8.453973380876972,0.12896931171417236,0.11767283082008362,-0.002286761999130249,-0.05273479223251343,-0.35942935943603516,0.06121502071619034,0.22769632935523987,-0.03504645824432373,0.04680974408984184,0.07513213157653809,0.9954565763473511,1.453068494796753,0.9963101744651794,0.16106413304805756,0.11767283082008362,-0.002286761999130249,-0.05273479223251343,0.10202980041503906,-0.003523319959640503,-0.02773478627204895,0.08677282929420471,-0.007191717624664307,-0.0027347803115844727,0.07227751612663269,-0.013201698660850525,0.022265225648880005,0.0589008629322052,-0.02140524983406067,0.047265201807022095,0.04697221517562866,-0.03160037100315094,0.07226520776748657,0.036785274744033813,-0.043536022305488586,0.09726521372795105,0.028590917587280273,-0.05691830813884735,0.12226521968841553,0.02259090542793274,-0.07141771912574768,0.14726522564888,0.018932968378067017,-0.08667722344398499,0.1722652018070221,0.7785667181015015,1.5707963705062866,0.9130915403366089,0.18536630272865295,14.077142044758379,14.985370931179425,-5.063094346164509,41320.0
1.0204,0.0082,1,1,-0.487224817276001,0.2608773410320282,0.3134627938270569,-0.3728519678115845,0.25761765241622925,0.25454461574554443,-0.3428992033004761,0.06129496172070503,0.2214750051498413,0.9952326416969299,-0.018781404942274094,0.05915166065096855,0.07522176206111908,1.9420909170223815,1.1303472993832697,0.13426638724824724,-1.6442742748316461,6.92470381094393,8.545124959571195,0.12869779765605927,0.1143728494644165,-0.00325968861579895,-0.05891817808151245,-0.3428992033004761,0.06129496172070503,0.2214750051498413,-0.018781404942274094,0.05915166065096855,0.07522176206111908,0.9952326416969299,1.9420908689498901,1.1303472518920898,0.13426639139652252,0.1143728494644165,-0.00325968861579895,-0.05891817808151245,0.09877628087997437,-0.00498586893081665,-0.033918172121047974,0.08364173769950867,-0.009130626916885376,-0.008918166160583496,0.06934192776679993,-0.015591919422149658,0.01608183979988098,0.05622893571853638,-0.02421066164970398,0.04108181595802307,0.04462563991546631,-0.034774601459503174,0.06608182191848755,0.034817785024642944,-0.047023653984069824,0.09108182787895203,0.02704682946205139,-0.06065617501735687,0.1160818338394165,0.02150416374206543,-0.0753365010023117,0.14108183979988098,0.018326252698898315,-0.09070314466953278,0.16608181595802307,0.14902758598327637,1.5707963705062866,0.7546159029006958,0.16250501573085785,11.307896876311549,14.992685465589712,-4.880791188776098,44230.0
1.0402,0.0084,1,1,-0.4937155246734619,0.26204895973205566,0.31783559918403625,-0.37601518630981445,0.25746721029281616,0.2595849633216858,-0.31510820984840393,0.06392562389373779,0.20863625407218933,0.9945414066314697,0.0009030484361574054,0.07223569601774216,0.07527656853199005,1.9974194202493225,1.1096267076799626,0.16100055481814288,0.733644085251373,8.253138072220915,8.709810983359924,0.13140586018562317,0.11770033836364746,-0.004581749439239502,-0.058250635862350464,-0.31510820984840393,0.06392562389373779,0.20863625407218933,0.0009030484361574054,0.07223569601774216,0.07527656853199005,0.9945414066314697,1.9974194765090942,1.1096266508102417,0.1610005497932434,0.11770033836364746,-0.004581749439239502,-0.058250635862350464,0.10216623544692993,-0.00680088996887207,-0.033250659704208374,0.0871705412864685,-0.011422812938690186,-0.008250653743743896,0.07308247685432434,-0.018333658576011658,0.01674935221672058,0.0602489709854126,-0.02736327052116394,0.04174935817718506,0.04898598790168762,-0.03828933835029602,0.06674936413764954,0.039570897817611694,-0.05084279179573059,0.09174934029579163,0.032235532999038696,-0.06471453607082367,0.1167493462562561,0.027160465717315674,-0.07956300675868988,0.14174935221672058,0.02447071671485901,-0.09502257406711578,0.16674935817718506,-0.19252657890319824,1.5707963705062866,0.6803611516952515,0.17428983747959137,0.13846823053292923,14.996342732794856,-4.551419141198623,44230.0
1.0602,0.008,1,1,-0.4954085052013397,0.2663605213165283,0.3502598702907562,-0.3791709840297699,0.25721681118011475,0.26462358236312866,-0.2665408253669739,0.07042354345321655,0.4356335997581482,0.9932696223258972,0.018574727699160576,0.08596748113632202,0.07535284757614136,1.5364688461340477,0.9908386043648776,0.13215266958056496,2.8989040501421446,9.670303071024964,8.921943493428978,0.14466631412506104,0.11623752117156982,-0.009143710136413574,-0.08563628792762756,-0.2665408253669739,0.07042354345321655,0.4356335997581482,0.018574727699160576,0.08596748113632202,0.07535284757614136,0.9932696223258972,1.5364688634872437,0.9908385872840881,0.13215267658233643,0.11623752117156982,-0.009143710136413574,-0.08563628792762756,0.10078144073486328,-0.01185348629951477,-0.060636281967163086,0.08593955636024475,-0.016947731375694275,-0.035636305809020996,0.07207730412483215,-0.02430105209350586,-0.010636299848556519,0.05953603982925415,-0.03373236954212189,0.014363706111907959,0.04862454533576965,-0.045009464025497437,0.039363712072372437,0.03961154818534851,-0.057854652404785156,0.06436371803283691,0.032718926668167114,-0.07195162773132324,0.089363694190979,0.02811640501022339,-0.0869533121585846,0.11436370015144348,0.025917351245880127,-0.10249027609825134,0.13936370611190796,-0.13975203037261963,1.5707963705062866,0.5246139764785767,0.021362630650401115,-3.934366644101135,14.998171366397429,-4.127154121060502,40230.0
1.0799,0.0082,1,1,-0.4968171715736389,0.2685767412185669,0.3430716395378113,-0.3822719156742096,0.25687238574028015,0.2695893943309784,-0.20373548567295074,0.0657111257314682,0.294290691614151,0.9917885065078735,0.0305083766579628,0.09830039739608765,0.07589354366064072,0.5876095168740346,0.8541114479470188,0.13966850132855368,4.407036751367861,10.973539139836799,9.175220892149571,0.13659153878688812,0.11454525589942932,-0.011704355478286743,-0.07348224520683289,-0.20373548567295074,0.0657111257314682,0.294290691614151,0.0305083766579628,0.09830039739608765,0.07589354366064072,0.9917885065078735,0.5876095294952393,0.8541114330291748,0.13966849446296692,0.11454525589942932,-0.011704355478286743,-0.07348224520683289,0.09918123483657837,-0.014894962310791016,-0.04848223924636841,0.08450549840927124,-0.02044975757598877,-0.02348223328590393,0.07087936997413635,-0.028231948614120483,0.0015177726745605469,0.05863845348358154,-0.038049906492233276,0.026517748832702637,0.0480840802192688,-0.04966190457344055,0.051517754793167114,0.03947615623474121,-0.06278201937675476,0.07651776075363159,0.033026665449142456,-0.0770871639251709,0.10151776671409607,0.028894394636154175,-0.0922251045703888,0.12651777267456055,0.02718108892440796,-0.10782311856746674,0.15151774883270264,0.5989199876785278,1.5707963705062866,0.7301417589187622,0.021362630650401115,5.532816677949433,14.999085683198714,-3.620599323619333,36230.0
1.0998,0.009,1,1,-0.4890029728412628,0.27794238924980164,0.36416390538215637,-0.3853716254234314,0.25642964243888855,0.2745729982852936,-0.09815573692321777,0.09206458926200867,0.38723623752593994,0.990532398223877,0.029227646067738533,0.10938272625207901,0.07761996239423752,-0.639446615911882,0.573773596062746,0.17746676332480513,4.394699747229508,12.248786263508382,9.433058107974492,0.13866789638996124,0.10363134741783142,-0.021512746810913086,-0.08959090709686279,-0.09815573692321777,0.09206458926200867,0.38723623752593994,0.029227646067738533,0.10938272625207901,0.07761996239423752,0.990532398223877,-0.6394466161727905,0.5737736225128174,0.1774667650461197,0.10363134741783142,-0.021512746810913086,-0.08959090709686279,0.08837476372718811,-0.0251828134059906,-0.06459090113639832,0.07388010621070862,-0.031194329261779785,-0.03959089517593384,0.06050431728363037,-0.03939931094646454,-0.014590919017791748,0.04857677221298218,-0.04959569871425629,0.01040908694267273,0.03839111328125,-0.061532437801361084,0.03540909290313721,0.03019818663597107,-0.07491560280323029,0.060409098863601685,0.024199724197387695,-0.08941566944122314,0.08540910482406616,0.020543426275253296,-0.10467556118965149,0.11040908098220825,0.01931929588317871,-0.12031956017017365,0.13540908694267273,1.5707963705062866,1.5707963705062866,0.6299718618392944,0.021362630650401115,10.266408338974717,14.999542841599357,-3.1049248919695023,32230.0
1.1201,0.0093,1,1,-0.48999011516571045,0.28145843744277954,0.36253219842910767,-0.3885026276111603,0.255881130695343,0.2796322703361511,-0.04986181855201721,0.09733355045318604,0.32547441124916077,0.9899945259094238,0.01966642588376999,0.11453891545534134,0.080018550157547,-0.889839951078331,0.5072012267134902,0.13860700692994013,3.3685255820698363,12.922826502985929,9.623619204326923,0.13351519405841827,0.10148748755455017,-0.025577306747436523,-0.08289992809295654,-0.04986181855201721,0.09733355045318604,0.32547441124916077,0.01966642588376999,0.11453891545534134,0.080018550157547,0.9899945259094238,-0.8898399472236633,0.5072012543678284,0.13860701024532318,0.10148748755455017,-0.025577306747436523,-0.08289992809295654,0.08635523915290833,-0.029730409383773804,-0.057899922132492065,0.07205897569656372,-0.03619956970214844,-0.03289991617202759,0.058950722217559814,-0.04482552409172058,-0.00789991021156311,0.047353267669677734,-0.05539587140083313,0.01710006594657898,0.03755214810371399,-0.06765030324459076,0.04210007190704346,0.029788732528686523,-0.08128711581230164,0.06710007786750793,0.024254143238067627,-0.09597048163414001,0.09210008382797241,0.02108466625213623,-0.11133888363838196,0.11710008978843689,0.020358383655548096,-0.1270138919353485,0.14210009574890137,1.5707963705062866,1.5707963705062866,0.7330881357192993,0.021362630650401115,12.633204169487358,14.999771420799679,-2.723802699264645,29452.0
1.14,0.0093,1,1,-0.4905223250389099,0.28334829211235046,0.36906883120536804,-0.3915656507015228,0.2552444040775299,0.28461164236068726,-0.003313361667096615,0.09227524697780609,0.3275163173675537,0.9907351732254028,0.012765660881996155,0.10831471532583237,0.08091209828853607,-0.0754784710548067,0.3462122400013324,0.15126170760685936,2.5117437801913494,12.272217970561108,9.6078785060582,0.13309872150421143,0.09895667433738708,-0.028103888034820557,-0.08445718884468079,-0.003313361667096615,0.09227524697780609,0.3275163173675537,0.012765660881996155,0.10831471532583237,0.08091209828853607,0.9907351732254028,-0.07547847181558609,0.346212238073349,0.15126170217990875,0.09895667433738708,-0.028103888034820557,-0.08445718884468079,0.08396172523498535,-0.03272831439971924,-0.05945718288421631,0.0698748528957367,-0.03964152932167053,-0.03445717692375183,0.057042837142944336,-0.04867331683635712,-0.009457170963287354,0.0457817018032074,-0.05960126221179962,0.015542805194854736,0.036368727684020996,-0.07215629518032074,0.040542811155319214,0.02903565764427185,-0.08602927625179291,0.06554281711578369,0.023963093757629395,-0.10087859630584717,0.09054282307624817,0.02127593755722046,-0.11633861064910889,0.11554282903671265,0.021040350198745728,-0.13202866911888123,0.14054283499717712,1.5707963705062866,1.016074776649475,0.5921856164932251,0.021362630650401115,13.816602084743678,14.99988571039984,-2.7552840958020828,29452.0
1.1596,0.0092,1,1,-0.5216514468193054,0.2709861397743225,0.3686911165714264,-0.3945833146572113,0.2545183002948761,0.28955167531967163,-0.1023179143667221,0.03132311627268791,0.25132620334625244,0.9900665283203125,0.016783060505986214,0.11265403777360916,0.08242393285036087,0.7668194190008375,0.1759284715449049,0.18369564744314826,3.044311859991364,12.726849787295912,9.857469845231865,0.1506006270647049,0.12706813216209412,-0.01646783947944641,-0.07913944125175476,-0.1023179143667221,0.03132311627268791,0.25132620334625244,0.016783060505986214,0.11265403777360916,0.08242393285036087,0.9900665283203125,0.766819417476654,0.17592847347259521,0.18369564414024353,0.12706813216209412,-0.01646783947944641,-0.07913944125175476,0.11222392320632935,-0.021555379033088684,-0.05413943529129028,0.09835836291313171,-0.028902441263198853,-0.029139429330825806,0.08581283688545227,-0.03832809627056122,-0.004139453172683716,0.07489627599716187,-0.049600258469581604,0.02086055278778076,0.06587746739387512,-0.06244136393070221,0.04586055874824524,0.05897846817970276,-0.07653523981571198,0.07086056470870972,0.054369181394577026,-0.091534823179245,0.0958605706691742,0.05216309428215027,-0.10707080364227295,0.12086054682731628,0.052414536476135254,-0.12276060879230499,0.14586058259010315,1.0109657049179077,1.5707963705062866,0.6561967134475708,0.021362630650401115,14.40830104237184,14.999942855199919,-2.256101417454763,29452.0
1.1798,0.0092,1,1,-0.5264361500740051,0.27125269174575806,0.36614587903022766,-0.3976404070854187,0.2536804676055908,0.294596791267395,-0.05848175659775734,0.02675318531692028,0.21486343443393707,0.9895084500312805,0.026244815438985825,0.1155882254242897,0.08259306848049164,1.2680951788679287,0.18967228027199046,0.17901504195879311,4.180095315909997,12.968525836626155,10.017986300906744,0.14837923645973206,0.12879574298858643,-0.017572224140167236,-0.07154908776283264,-0.05848175659775734,0.02675318531692028,0.21486343443393707,0.026244815438985825,0.1155882254242897,0.08259306848049164,0.9895084500312805,1.2680951356887817,0.18967227637767792,0.17901504039764404,0.12879574298858643,-0.017572224140167236,-0.07154908776283264,0.11412027478218079,-0.023127689957618713,-0.046549081802368164,0.10049450397491455,-0.03091050684452057,-0.021549075841903687,0.08825403451919556,-0.04072904586791992,0.003450930118560791,0.07770019769668579,-0.052341535687446594,0.02845090627670288,0.06909289956092834,-0.06546203792095184,0.05345091223716736,0.0626440942287445,-0.07976748049259186,0.07845091819763184,0.05851250886917114,-0.09490562975406647,0.10345092415809631,0.05679994821548462,-0.11050371825695038,0.1284509301185608,0.05754852294921875,-0.12617766857147217,0.15345093607902527,0.6084738969802856,1.5707963705062866,0.553587794303894,0.07771509885787964,14.70415052118592,14.99997142759996,-1.9350685061049961,30758.0
1.1997,0.0091,1,1,-0.5211513638496399,0.2758305072784424,0.3851248323917389,-0.40061670541763306,0.2527633309364319,0.2995537221431732,-0.0037716045044362545,0.02828308939933777,0.2286231964826584,0.9885125160217285,0.039524879306554794,0.1199626475572586,0.08299271017313004,1.4453886036952832,0.36127621097028384,0.1482748559310378,5.7835020085584725,13.332905412424887,10.27479409184948,0.14960987865924835,0.12053465843200684,-0.023067176342010498,-0.08557111024856567,-0.0037716045044362545,0.02828308939933777,0.2286231964826584,0.039524879306554794,0.1199626475572586,0.08299271017313004,0.9885125160217285,1.4453885555267334,0.36127620935440063,0.14827485382556915,0.12053465843200684,-0.023067176342010498,-0.08557111024856567,0.10603928565979004,-0.029076948761940002,-0.060571104288101196,0.092662513256073,-0.037280306220054626,-0.03557109832763672,0.08073371648788452,-0.04747524857521057,-0.010571122169494629,0.07054662704467773,-0.05941076576709747,0.014428883790969849,0.06235209107398987,-0.07279293239116669,0.039428889751434326,0.05635184049606323,-0.08729226887226105,0.0644288957118988,0.052693694829940796,-0.10255171358585358,0.08942890167236328,0.051467686891555786,-0.1181955635547638,0.11442887783050537,0.05270400643348694,-0.13383860886096954,0.13942888379096985,0.5532454252243042,1.5707963705062866,0.3599214553833008,0.021362630650401115,14.85207526059296,14.99998571379998,-1.421452924219527,29452.0
1.2198,0.0097,1,1,-0.5207651853561401,0.27771759033203125,0.38581371307373047,-0.40360644459724426,0.2517382800579071,0.30458417534828186,0.03547431528568268,0.023236026987433434,0.1742667257785797,0.9873399138450623,0.05283380672335625,0.12431635707616806,0.08313815295696259,1.318351425482705,0.25961890801189025,0.20091193527083132,7.3919804727840095,13.691852715547364,10.515028104740788,0.14491146802902222,0.11715874075889587,-0.025979310274124146,-0.08122953772544861,0.03547431528568268,0.023236026987433434,0.1742667257785797,0.05283380672335625,0.12431635707616806,0.08313815295696259,0.9873399138450623,1.3183513879776,0.2596189081668854,0.20091193914413452,0.11715874075889587,-0.025979310274124146,-0.08122953772544861,0.10286051034927368,-0.032444149255752563,-0.05622953176498413,0.08974966406822205,-0.041066139936447144,-0.031229525804519653,0.07814902067184448,-0.051632970571517944,-0.0062295496463775635,0.06834417581558228,-0.06388445198535919,0.018770456314086914,0.06057664752006531,-0.07751891016960144,0.04377046227455139,0.055037617683410645,-0.09220060706138611,0.06877046823501587,0.051863521337509155,-0.10756805539131165,0.09377047419548035,0.05113250017166138,-0.12324284017086029,0.11877048015594482,0.05286252498626709,-0.138838991522789,0.14377045631408691,0.5701373815536499,1.219976782798767,0.29860246181488037,0.04171435534954071,14.92603763029648,14.99999285689999,-0.9409848984368936,29452.0
1.2397,0.0094,1,1,-0.5085895657539368,0.2867577075958252,0.4135870337486267,-0.40652284026145935,0.25063493847846985,0.3095470070838928,0.1293257474899292,0.03755941241979599,0.23933260142803192,0.9858710169792175,0.06232140585780144,0.13097454607486725,0.08377416431903839,0.9548695512081039,0.20806698359251996,0.18789533596890554,8.597310429925255,14.347730545144618,10.798150009020432,0.1501559168100357,0.10206672549247742,-0.03612276911735535,-0.10404002666473389,0.1293257474899292,0.03755941241979599,0.23933260142803192,0.06232140585780144,0.13097454607486725,0.08377416431903839,0.9858710169792175,0.9548695683479309,0.20806698501110077,0.18789534270763397,0.10206672549247742,-0.03612276911735535,-0.10404002666473389,0.08797702193260193,-0.0430302619934082,-0.07904002070426941,0.07514137029647827,-0.05205681920051575,-0.05404004454612732,0.06387579441070557,-0.06298018991947174,-0.029040038585662842,0.05445772409439087,-0.07553140819072723,-0.004040032625198364,0.04711902141571045,-0.08940139412879944,0.020959973335266113,0.04204043745994568,-0.10424865782260895,0.04595997929573059,0.03934699296951294,-0.11970758438110352,0.07095995545387268,0.039104998111724854,-0.1353975385427475,0.09595996141433716,0.041320472955703735,-0.150932177901268,0.12095993757247925,1.406666874885559,-1.0008615255355835,0.09377920627593994,0.021362630650401115,14.96301881514824,-3.571550005077029e-06,-0.37474108987761123,29452.0
1.2606,0.0064,1,1,-0.5055621862411499,0.2890046536922455,0.408936470746994,-0.4094485342502594,0.24942165613174438,0.31458812952041626,0.16998852789402008,0.03410208970308304,0.14028063416481018,0.9848014116287231,0.07003241777420044,0.13454420864582062,0.08460202068090439,0.6454636954997798,0.2218292014206407,0.14272144933367964,9.561850813971352,14.663925542823721,11.053307804087925,0.14037898182868958,0.0961136519908905,-0.0395829975605011,-0.09434834122657776,0.16998852789402008,0.03410208970308304,0.14028063416481018,0.07003241777420044,0.13454420864582062,0.08460202068090439,0.9848014116287231,0.6454637050628662,0.22182920575141907,0.14272144436836243,0.0961136519908905,-0.0395829975605011,-0.09434834122657776,0.08224979043006897,-0.04693323373794556,-0.06934833526611328,0.06970641016960144,-0.056361764669418335,-0.04434835910797119,0.05879241228103638,-0.06763643026351929,-0.019348353147506714,0.049776554107666016,-0.08047960698604584,0.005651652812957764,0.04288077354431152,-0.09457504749298096,0.03065165877342224,0.038274943828582764,-0.10957570374011993,0.05565166473388672,0.03607240319252014,-0.12511217594146729,0.08065164089202881,0.03632745146751404,-0.14080192148685455,0.10565164685249329,0.03903377056121826,-0.15625859797000885,0.13065168261528015,1.5707963705062866,-1.5707963705062866,0.14477670192718506,0.021362630650401115,14.98150940757412,-7.5000017857750025,0.13557450025738182,29452.0
1.2795,0.0089,1,1,-0.4857053756713867,0.3015170395374298,0.43326717615127563,-0.4122733771800995,0.24814502894878387,0.31952202320098877,0.3015781342983246,0.0714443251490593,0.192789688706398,0.9837687611579895,0.07271760702133179,0.13985171914100647,0.08573596179485321,0.4996522302875516,-0.4641278584537939,0.18507260159526012,9.970201817074088,15.230003140270407,11.2978064547948,0.1455293446779251,0.07343199849128723,-0.053372010588645935,-0.11374515295028687,0.3015781342983246,0.0714443251490593,0.192789688706398,0.07271760702133179,0.13985171914100647,0.08573596179485321,0.9837687611579895,0.499652236700058,-0.46412786841392517,0.18507260084152222,0.07343199849128723,-0.053372010588645935,-0.11374515295028687,0.0598025918006897,-0.06114843487739563,-0.08874514698982239,0.04755750298500061,-0.07096122205257416,-0.06374514102935791,0.036998212337493896,-0.08256874978542328,-0.03874516487121582,0.028384745121002197,-0.095685213804245,-0.013745158910751343,0.02192920446395874,-0.10998763144016266,0.011254847049713135,0.017790526151657104,-0.12512382864952087,0.03625485301017761,0.016070634126663208,-0.14072109758853912,0.06125485897064209,0.016811847686767578,-0.15639540553092957,0.08625483512878418,0.019995957612991333,-0.17176078259944916,0.11125487089157104,1.5707963705062866,-1.5707963705062866,-0.021895885467529297,0.021362630650401115,14.99075470378706,-11.2500008928875,0.6245718016711177,29452.0
1.3,0.0096,1,1,-0.47973567247390747,0.3050287365913391,0.42731454968452454,-0.41512197256088257,0.24674850702285767,0.324571430683136,0.33772027492523193,0.08130230009555817,0.08291633427143097,0.9845554232597351,0.0766291618347168,0.13175071775913239,0.08613013476133347,0.453039787255249,-1.5290094650787902,0.17536038599487738,10.317404922202659,14.254629571247907,11.292677594885514,0.13463900983333588,0.0646136999130249,-0.058280229568481445,-0.10274311900138855,0.33772027492523193,0.08130230009555817,0.08291633427143097,0.0766291618347168,0.13175071775913239,0.08613013476133347,0.9845554232597351,0.4530397951602936,-1.529009461402893,0.17536038160324097,0.0646136999130249,-0.058280229568481445,-0.10274311900138855,0.05123782157897949,-0.06648507714271545,-0.07774311304092407,0.03931015729904175,-0.07668134570121765,-0.05274313688278198,0.029124408960342407,-0.08861799538135529,-0.027743130922317505,0.020931333303451538,-0.10200107097625732,-0.0027431249618530273,0.014932721853256226,-0.11650106310844421,0.02225688099861145,0.011276274919509888,-0.13176093995571136,0.04725688695907593,0.010051995515823364,-0.14740492403507233,0.07225686311721802,0.011290043592453003,-0.16304782032966614,0.0972568690776825,0.014959961175918579,-0.17830446362495422,0.12225684523582458,1.5707963705062866,-1.5707963705062866,0.043180108070373535,0.021362630650401115,14.99537735189353,-13.12500044644375,0.6143140818525389,29452.0
1.32,0.0099,1,1,-0.47409316897392273,0.30822351574897766,0.4258590638637543,-0.4179252088069916,0.24526213109493256,0.32962146401405334,0.36613184213638306,0.0890268012881279,0.01714257337152958,0.986285388469696,0.07766883820295334,0.11739293485879898,0.08617203682661057,0.48635300301494117,-2.838336103417489,0.2157870215394689,10.237032597841216,12.602164480358706,11.119874601492967,0.12798692286014557,0.05616796016693115,-0.0629613846540451,-0.09623759984970093,0.36613184213638306,0.0890268012881279,0.01714257337152958,0.07766883820295334,0.11739293485879898,0.08617203682661057,0.986285388469696,0.4863530099391937,-2.8383359909057617,0.21578702330589294,0.05616796016693115,-0.0629613846540451,-0.09623759984970093,0.04305914044380188,-0.07158644497394562,-0.07123759388923645,0.031460970640182495,-0.08215600252151489,-0.04623758792877197,0.021659016609191895,-0.09440977871417999,-0.021237581968307495,0.013894647359848022,-0.1080460399389267,0.0037624239921569824,0.008359074592590332,-0.12272904813289642,0.028762400150299072,0.005188584327697754,-0.13809722661972046,0.05376240611076355,0.004461228847503662,-0.15377219021320343,0.07876238226890564,0.0061949193477630615,-0.1693679392337799,0.1037624180316925,0.01034700870513916,-0.18450047075748444,0.1287623941898346,1.5707963705062866,-1.5707963705062866,0.03833770751953125,0.0745636373758316,14.997688675946765,-14.062500223221875,0.2687080950674554,29842.0
1.3395,0.0093,1,1,-0.4403635859489441,0.328745037317276,0.44577133655548096,-0.4205949008464813,0.24373789131641388,0.3345143795013428,0.5365579128265381,0.16970661282539368,0.07895075529813766,0.989112913608551,0.08227028697729111,0.08749871701002121,0.08502476662397385,0.3797075826900724,-3.389620036443816,0.21442904241012387,10.365107896558193,9.154788432470326,10.658285852529064,0.14140412211418152,0.01976868510246277,-0.08500714600086212,-0.11125695705413818,0.5365579128265381,0.16970661282539368,0.07895075529813766,0.08227028697729111,0.08749871701002121,0.08502476662397385,0.989112913608551,0.37970757484436035,-3.389620065689087,0.21442903578281403,0.01976868510246277,-0.08500714600086212,-0.11125695705413818,0.006931185722351074,-0.09403108060359955,-0.0862569510936737,-0.004336625337600708,-0.1049521416425705,-0.061256974935531616,-0.013757288455963135,-0.11750142276287079,-0.03625696897506714,-0.021098822355270386,-0.1313699185848236,-0.011256963014602661,-0.0261804461479187,-0.14621612429618835,0.013743042945861816,-0.028877079486846924,-0.16167451441287994,0.038743048906326294,-0.029122263193130493,-0.17736440896987915,0.06374305486679077,-0.026909977197647095,-0.19289951026439667,0.08874303102493286,-0.022294729948043823,-0.20789724588394165,0.11374306678771973,1.5707963705062866,-1.5707963705062866,-0.013791918754577637,0.021362630650401115,14.998844337973383,-14.531250111610937,-0.6544694028603503,29452.0
1.3599,0.0096,1,1,-0.523667573928833,0.27527475357055664,0.412898987531662,-0.4233315885066986,0.24205923080444336,0.339624285697937,0.11996600776910782,-0.10591468960046768,-0.12801645696163177,0.9911776185035706,0.10228891670703888,0.02539222501218319,0.0803564190864563,0.29330641441803623,-3.3988870380889646,0.34263152004717995,11.945008031232904,1.9425425260854212,9.473083105290216,0.12860701978206635,0.1003359854221344,-0.03321552276611328,-0.07327470183372498,0.11996600776910782,-0.10591468960046768,-0.12801645696163177,0.10228891670703888,0.02539222501218319,0.0803564190864563,0.9911776185035706,0.2933064103126526,-3.3988869190216064,0.3426315188407898,0.1003359854221344,-0.03321552276611328,-0.07327470183372498,0.08779475092887878,-0.042646899819374084,-0.0482746958732605,0.07688334584236145,-0.05392405390739441,-0.02327468991279602,0.0678703784942627,-0.06676927208900452,0.001725316047668457,0.060977816581726074,-0.08086629211902618,0.026725322008132935,0.05637538433074951,-0.09586797654628754,0.051725298166275024,0.054176390171051025,-0.11140495538711548,0.0767253041267395,0.05443498492240906,-0.12709464132785797,0.10172531008720398,0.05714482069015503,-0.14255072176456451,0.12672528624534607,0.0622391402721405,-0.15739259123802185,0.15172532200813293,-0.6508947610855103,1.5707963705062866,0.43386948108673096,0.20000000298023224,-0.0005778310133077724,0.2343749441945313,-3.024874897338035,33452.0
1.3801,0.0097,1,1,-0.5304800271987915,0.28365078568458557,0.4354007840156555,-0.42596185207366943,0.24032841622829437,0.3446357548236847,0.1394486278295517,-0.12215764820575714,-0.13488170504570007,0.9909010529518127,0.10667549073696136,-0.0065575093030929565,0.08179528266191483,0.31716134698728476,-2.831106153690142,0.38422330521343795,12.14781830123609,-1.7447421783197805,9.252031157179667,0.1450488418340683,0.10451817512512207,-0.0433223694562912,-0.09076502919197083,0.1394486278295517,-0.12215764820575714,-0.13488170504570007,0.10667549073696136,-0.0065575093030929565,0.08179528266191483,0.9909010529518127,0.31716135144233704,-2.831106185913086,0.3842233121395111,0.10451817512512207,-0.0433223694562912,-0.09076502919197083,0.09228008985519409,-0.053143903613090515,-0.06576502323150635,0.08172908425331116,-0.06475898623466492,-0.04076504707336426,0.07312500476837158,-0.0778815895318985,-0.01576504111289978,0.0666796863079071,-0.09218861162662506,0.009234964847564697,0.0625518262386322,-0.10732775926589966,0.034234970808029175,0.060843050479888916,-0.122926265001297,0.05923497676849365,0.06159549951553345,-0.13860003650188446,0.08423495292663574,0.06479057669639587,-0.1539631336927414,0.10923498868942261,0.07034963369369507,-0.1686372607946396,0.1342349648475647,-0.5023624897003174,1.5707963705062866,0.4937692880630493,0.20000000298023224,-7.500288915506654,7.617187472097266,-3.4669787935591283,37452.0
1.4002,0.0091,1,1,-0.5276423096656799,0.2808762192726135,0.43231695890426636,-0.42851266264915466,0.2385328859090805,0.34960058331489563,0.14363564550876617,-0.15547920763492584,-0.17367593944072723,0.990020215511322,0.10961412638425827,-0.030061788856983185,0.08330052345991135,-0.2660390070965011,-1.6176196256065063,0.4760393790613913,12.279246534157656,-4.461280917337201,9.138948156944451,0.13587363064289093,0.09912964701652527,-0.04234333336353302,-0.08271637558937073,0.14363564550876617,-0.15547920763492584,-0.17367593944072723,0.10961412638425827,-0.030061788856983185,0.08330052345991135,0.990020215511322,-0.26603901386260986,-1.6176196336746216,0.4760393798351288,0.09912964701652527,-0.04234333336353302,-0.08271637558937073,0.08720386028289795,-0.05254179239273071,-0.05771636962890625,0.07702028751373291,-0.06448028981685638,-0.03271639347076416,0.06882968544960022,-0.0778648853302002,-0.007716387510299683,0.06283372640609741,-0.09236598014831543,0.017283618450164795,0.05918005108833313,-0.10762651264667511,0.04228362441062927,0.057958632707595825,-0.12327072024345398,0.06728363037109375,0.05919957160949707,-0.13891339302062988,0.09228360652923584,0.0628722608089447,-0.15416936576366425,0.1172836422920227,0.06888630986213684,-0.16866296529769897,0.1422836184501648,-0.6964104175567627,1.5707963705062866,0.4873546361923218,0.20000000298023224,-11.250144457753327,11.308593736048632,-3.6931447940295867,41452.0
1.4203,0.0103,1,1,-0.5286878347396851,0.2857568860054016,0.4632446765899658,-0.4310339689254761,0.23663711547851562,0.35462135076522827,0.15376697480678558,-0.18729156255722046,0.01595475897192955,0.9903297424316406,0.10064990818500519,-0.03972739726305008,0.08681201189756393,-1.4440492999830825,0.3052029880340156,0.4072995294799473,11.148445774499463,-5.518185784679576,9.480460226684059,0.15410403907299042,0.09765386581420898,-0.049119770526885986,-0.10862332582473755,0.15376697480678558,-0.18729156255722046,0.01595475897192955,0.10064990818500519,-0.03972739726305008,0.08681201189756393,0.9903297424316406,-1.44404935836792,0.30520299077033997,0.4072995185852051,0.09765386581420898,-0.049119770526885986,-0.10862332582473755,0.08605566620826721,-0.05968931317329407,-0.08362331986427307,0.07625371217727661,-0.07194307446479797,-0.058623313903808594,0.06848934292793274,-0.08557935059070587,-0.033623337745666504,0.06295377016067505,-0.1002623438835144,-0.008623331785202026,0.05978325009346008,-0.11563052237033844,0.01637667417526245,0.05905589461326599,-0.13130547106266022,0.04137665033340454,0.06078958511352539,-0.1469012349843979,0.0663766860961914,0.0649416446685791,-0.16203376650810242,0.0913766622543335,0.07140982151031494,-0.17633046209812164,0.11637669801712036,0.021280646324157715,1.5707963705062866,0.5241550207138062,0.03350847214460373,-5.01542661903425,13.154296868024316,-3.010120654550349,37452.0
1.4398,0.0095,1,1,-0.525712788105011,0.2816341817378998,0.4633185565471649,-0.43344172835350037,0.23470625281333923,0.3595336377620697,0.14348754286766052,-0.22507911920547485,-0.006739569362252951,0.9921526312828064,0.0794677883386612,-0.03149912878870964,0.09123502671718597,-2.484749270752105,1.6729742278121302,0.3677547497960651,8.765641571396248,-4.416397887028382,10.169223698727812,0.1465861201286316,0.09227105975151062,-0.04692792892456055,-0.10378491878509521,0.14348754286766052,-0.22507911920547485,-0.006739569362252951,0.0794677883386612,-0.03149912878870964,0.09123502671718597,0.9921526312828064,-2.4847493171691895,1.6729742288589478,0.3677547574043274,0.09227105975151062,-0.04692792892456055,-0.10378491878509521,0.0810045599937439,-0.05785036087036133,-0.07878494262695312,0.07158544659614563,-0.07040077447891235,-0.05378493666648865,0.06424558162689209,-0.0842701643705368,-0.02878493070602417,0.059165745973587036,-0.09911699593067169,-0.0037849247455596924,0.05647099018096924,-0.11457569897174835,0.021215081214904785,0.05622771382331848,-0.13026562333106995,0.04621508717536926,0.05844184756278992,-0.14580045640468597,0.07121506333351135,0.06305891275405884,-0.16079765558242798,0.09621503949165344,0.06996524333953857,-0.17488792538642883,0.12121507525444031,0.6338731050491333,1.5707963705062866,0.4906812906265259,0.07959803938865662,4.992286690482875,14.077148434012159,-1.6325937104628385,33452.0
1.46,0.009,1,1,-0.5236921906471252,0.28093209862709045,0.5035744905471802,-0.4358499348163605,0.2326480597257614,0.36457571387290955,0.15003278851509094,-0.26349326968193054,0.3107752203941345,0.9933363199234009,0.06299642473459244,-0.02403334528207779,0.09346062690019608,-2.5949364955896974,2.4642756872399025,0.2870374996595578,6.942618035945344,-3.412362584691986,10.542921704769414,0.171371728181839,0.08784225583076477,-0.04828403890132904,-0.13899877667427063,0.15003278851509094,-0.26349326968193054,0.3107752203941345,0.06299642473459244,-0.02403334528207779,0.09346062690019608,0.9933363199234009,-2.5949366092681885,2.464275598526001,0.2870374917984009,0.08784225583076477,-0.04828403890132904,-0.13899877667427063,0.07692739367485046,-0.05955785512924194,-0.11399880051612854,0.06791052222251892,-0.07240033149719238,-0.08899879455566406,0.06101366877555847,-0.08649523556232452,-0.06399878859519958,0.056406646966934204,-0.10149551928043365,-0.03899878263473511,0.054202914237976074,-0.11703182756900787,-0.01399877667427063,0.05445671081542969,-0.13272158801555634,0.011001229286193848,0.057161808013916016,-0.14817848801612854,0.03600120544433594,0.06225159764289856,-0.16302190721035004,0.06100118160247803,0.06960076093673706,-0.17688636481761932,0.08600121736526489,0.29065191745758057,0.5351384878158569,0.2004612684249878,0.021362630650401115,9.996143345241439,14.53857421700608,-0.8851976983796437,29452.0
1.4798,0.01,1,1,-0.5006276369094849,0.2625933587551117,0.4482101500034332,-0.43817847967147827,0.23052705824375153,0.3695888817310333,0.21910569071769714,-0.30386075377464294,-0.11240898817777634,0.9944040179252625,0.039378199726343155,0.004519025329500437,0.09791556000709534,-1.404524394138835,2.0719628970572943,0.3451648853236315,4.542624060158244,0.07310925876987039,11.25005839042442,0.10540137439966202,0.06244915723800659,-0.03206630051136017,-0.0786212682723999,0.21910569071769714,-0.30386075377464294,-0.11240898817777634,0.039378199726343155,0.004519025329500437,0.09791556000709534,0.9944040179252625,-1.4045244455337524,2.071962833404541,0.3451648950576782,0.06244915723800659,-0.03206630051136017,-0.0786212682723999,0.05189475417137146,-0.043678268790245056,-0.053621262311935425,0.043286800384521484,-0.056798338890075684,-0.028621286153793335,0.036837249994277954,-0.07110346853733063,-0.0036212801933288574,0.0327049195766449,-0.08624140918254852,0.02137872576713562,0.030991584062576294,-0.10183940827846527,0.0463787317276001,0.031739383935928345,-0.11751338839530945,0.07137873768806458,0.03492993116378784,-0.1328774243593216,0.09637871384620667,0.04048466682434082,-0.1475532054901123,0.12137874960899353,0.048266828060150146,-0.1611793339252472,0.14637872576713562,-0.44304895401000977,-1.5707963705062866,-0.11145436763763428,0.20000000298023224,-2.5019283273792805,-0.23071289149696028,0.5290756729303594,33452.0
1.4998,0.0093,1,1,-0.5019376277923584,0.2600843906402588,0.4416327178478241,-0.4404343068599701,0.2283385843038559,0.37459123134613037,0.21280042827129364,-0.3056701421737671,-0.16174736618995667,0.9941087961196899,0.0213330015540123,0.025788575410842896,0.10308058559894562,-0.014819225424475873,1.5564634601241991,0.28822493661059695,2.7388517711758595,2.6867392552954765,11.904069488323696,0.09635879099369049,0.061503320932388306,-0.03174580633640289,-0.06704148650169373,0.21280042827129364,-0.3056701421737671,-0.16174736618995667,0.0213330015540123,0.025788575410842896,0.10308058559894562,0.9941087961196899,-0.014819225296378136,1.5564634799957275,0.2882249355316162,0.061503320932388306,-0.03174580633640289,-0.06704148650169373,0.05131906270980835,-0.04368370771408081,-0.04204148054122925,0.04312765598297119,-0.057067811489105225,-0.017041504383087158,0.03713083267211914,-0.071568563580513,0.00795850157737732,0.033476293087005615,-0.08682887256145477,0.0329585075378418,0.03225395083427429,-0.10247302055358887,0.057958513498306274,0.03349396586418152,-0.11811576783657074,0.08295848965644836,0.03716576099395752,-0.13337194919586182,0.10795852541923523,0.043178945779800415,-0.147865891456604,0.13295850157737732,0.051385462284088135,-0.16124074161052704,0.1579584777355194,-0.7109609842300415,-1.5707963705062866,-0.1533658504486084,0.20000000298023224,-8.750964163689641,-7.61535644574848,1.837097868728904,37452.0
1.5199,0.0093,1,1,-0.5024076104164124,0.25410786271095276,0.41709378361701965,-0.4425971508026123,0.22610487043857574,0.37953993678092957,0.22687162458896637,-0.3132483959197998,-0.21201932430267334,0.9932045936584473,0.01950150728225708,0.04210972413420677,0.10671957582235336,0.5730531444088524,0.6959997071870689,0.19367193211036915,2.7442173015977827,4.558950217251557,12.375003953742306,0.07597203552722931,0.05981045961380005,-0.028002992272377014,-0.03755384683609009,0.22687162458896637,-0.3132483959197998,-0.21201932430267334,0.01950150728225708,0.04210972413420677,0.10671957582235336,0.9932045936584473,0.5730531215667725,0.6959996819496155,0.19367192685604095,0.05981045961380005,-0.028002992272377014,-0.03755384683609009,0.050002217292785645,-0.040251731872558594,-0.01255384087562561,0.04223087430000305,-0.053884029388427734,0.012446165084838867,0.03668779134750366,-0.06856419146060944,0.037446171045303345,0.033509403467178345,-0.08393076062202454,0.06244617700576782,0.03277403116226196,-0.09960533678531647,0.0874461829662323,0.03449973464012146,-0.11520196497440338,0.11244615912437439,0.03864407539367676,-0.13033662736415863,0.13744619488716125,0.04510495066642761,-0.1446366310119629,0.16244617104530334,0.053723305463790894,-0.15774989128112793,0.18744614720344543,-1.096501111984253,-1.5707963705062866,-0.03397226333618164,0.20000000298023224,-11.87548208184482,-11.307678222874241,2.7789667995661174,41452.0
1.5398,0.0055,1,1,-0.5006906390190125,0.2489912360906601,0.41336309909820557,-0.4447287321090698,0.22376051545143127,0.384583055973053,0.24837537109851837,-0.3185025751590729,-0.22499148547649384,0.9925572276115417,0.02374393120408058,0.04938451200723648,0.10874515771865845,-0.21955103355564604,-0.6314625255428516,0.17805192639532277,3.3322688527366684,5.328728183498986,12.65993146309409,0.06779833883047104,0.05596190690994263,-0.02523072063922882,-0.028780043125152588,0.24837537109851837,-0.3185025751590729,-0.22499148547649384,0.02374393120408058,0.04938451200723648,0.10874515771865845,0.9925572276115417,-0.21955102682113647,-0.6314625144004822,0.1780519336462021,0.05596190690994263,-0.02523072063922882,-0.028780043125152588,0.04654666781425476,-0.03778405487537384,-0.0037800371646881104,0.03921109437942505,-0.05165572464466095,0.02121993899345398,0.03413587808609009,-0.06650412082672119,0.04621994495391846,0.03144592046737671,-0.0819636732339859,0.07121995091438293,0.031207501888275146,-0.09765367209911346,0.09621995687484741,0.033426493406295776,-0.11318780481815338,0.1212199330329895,0.03804820775985718,-0.12818357348442078,0.14621996879577637,0.04495888948440552,-0.1422717124223709,0.17121994495391846,0.053988367319107056,-0.155105322599411,0.19621992111206055,-0.6429833769798279,-1.5707963705062866,0.14603447914123535,0.20000000298023224,-13.437741040922411,-13.15383911143712,3.3488218182696894,44230.0
1.56,0.0064,1,1,-0.4946870505809784,0.24698524177074432,0.42352399230003357,-0.4467769265174866,0.22135956585407257,0.3896059989929199,0.2781166434288025,-0.3224280774593353,-0.23164209723472595,0.9926052689552307,0.022663362324237823,0.04253425449132919,0.11139994114637375,-1.3757456096091663,-1.881398940518075,0.2555255961269248,3.1322379435178607,4.5535069941030715,12.931538635678166,0.06405065208673477,0.04791012406349182,-0.025625675916671753,-0.03391799330711365,0.2781166434288025,-0.3224280774593353,-0.23164209723472595,0.022663362324237823,0.04253425449132919,0.11139994114637375,0.9926052689552307,-1.3757456541061401,-1.8813989162445068,0.2555255889892578,0.04791012406349182,-0.025625675916671753,-0.03391799330711365,0.03889569640159607,-0.038469865918159485,-0.00891798734664917,0.03200152516365051,-0.052566081285476685,0.016082018613815308,0.027397364377975464,-0.06756724417209625,0.0410819947719574,0.025196582078933716,-0.0831039696931839,0.06608200073242188,0.025453388690948486,-0.09879368543624878,0.09108200669288635,0.028161436319351196,-0.1142500638961792,0.11608198285102844,0.033254027366638184,-0.1290925145149231,0.1410820186138153,0.04060584306716919,-0.14295557141304016,0.1660819947719574,0.05003577470779419,-0.15549787878990173,0.19108203053474426,0.1213526725769043,-1.5707963705062866,0.16669023036956787,0.20000000298023224,-3.2423725348164147,-14.076919555718561,3.892036163437837,44230.0
1.5802,0.0091,1,1,-0.4932195842266083,0.24182012677192688,0.41358163952827454,-0.44871240854263306,0.21894153952598572,0.394535630941391,0.2978285849094391,-0.32802310585975647,-0.2438919097185135,0.9931780695915222,0.0115857794880867,0.022863104939460754,0.11374679952859879,-2.144736303846745,-2.3501744145482206,0.23978506572779557,1.6182792693167027,2.4517801673024193,13.101625934928828,0.053545016795396805,0.04450717568397522,-0.022878587245941162,-0.019046008586883545,0.2978285849094391,-0.32802310585975647,-0.2438919097185135,0.0115857794880867,0.022863104939460754,0.11374679952859879,0.9931780695915222,-2.1447362899780273,-2.3501744270324707,0.2397850602865219,0.04450717568397522,-0.022878587245941162,-0.019046008586883545,0.03589484095573425,-0.03599578142166138,0.005953997373580933,0.02944052219390869,-0.05029875040054321,0.030953973531723022,0.025303125381469727,-0.06543530523777008,0.0559539794921875,0.023584574460983276,-0.08103273808956146,0.08095398545265198,0.024327129125595093,-0.09670697152614594,0.10595396161079407,0.027512550354003906,-0.11207206547260284,0.13095399737358093,0.033062368631362915,-0.1267496943473816,0.15595397353172302,0.040839940309524536,-0.1403784304857254,0.1809540092945099,0.05065378546714783,-0.15262268483638763,0.20595398545265198,0.7358478307723999,-1.5707963705062866,0.2785220146179199,0.20000000298023224,5.878813732591793,-14.53845977785928,4.2322107619392035,44230.0
1.6004,0.01,1,1,-0.48318085074424744,0.23851768672466278,0.43825778365135193,-0.4506353735923767,0.21637754142284393,0.39963671565055847,0.3130684792995453,-0.326069176197052,-0.06461086124181747,0.9931849241256714,-0.008054939098656178,-0.0029978679958730936,0.11622331291437149,-1.7854740085822929,-2.1446919622145955,0.187683548083217,-0.9567161909555002,-0.23391245619438408,13.350813122034596,0.05514509230852127,0.03254547715187073,-0.022140145301818848,-0.03862106800079346,0.3130684792995453,-0.326069176197052,-0.06461086124181747,-0.008054939098656178,-0.0029978679958730936,0.11622331291437149,0.9931849241256714,-1.7854740619659424,-2.1446919441223145,0.18768355250358582,0.03254547715187073,-0.022140145301818848,-0.03862106800079346,0.024357914924621582,-0.035526588559150696,-0.01362106204032898,0.01836526393890381,-0.050029054284095764,0.011378943920135498,0.014715045690536499,-0.0652904063463211,0.036378949880599976,0.013497203588485718,-0.08093489706516266,0.061378926038742065,0.014741659164428711,-0.09657728672027588,0.08637896180152893,0.018417835235595703,-0.11183242499828339,0.11137893795967102,0.02443516254425049,-0.12632465362548828,0.1363789141178131,0.03264549374580383,-0.13969716429710388,0.16137894988059998,0.0428466796875,-0.15162062644958496,0.18637892603874207,0.8670848608016968,-1.5707963705062866,0.18788492679595947,0.20000000298023224,10.439406866295897,-14.76922988892964,4.7305851361507,44230.0
1.6197,0.0082,1,1,-0.4769544005393982,0.23203995823860168,0.43725645542144775,-0.4524008631706238,0.21386276185512543,0.4045271873474121,0.3077770471572876,-0.32078471779823303,-0.03454155847430229,0.9923735857009888,-0.02252575196325779,-0.026471585035324097,0.1182563379406929,-0.2788002425394019,-1.9062002939597105,0.1902881695635849,-2.924826626114324,-2.7060415109031246,13.660298252048104,0.044771548360586166,0.024553537368774414,-0.018177196383476257,-0.032729268074035645,0.3077770471572876,-0.32078471779823303,-0.03454155847430229,-0.02252575196325779,-0.026471585035324097,0.1182563379406929,0.9923735857009888,-0.27880024909973145,-1.9062002897262573,0.19028817117214203,0.024553537368774414,-0.018177196383476257,-0.032729268074035645,0.016781091690063477,-0.031808868050575256,-0.007729291915893555,0.011236816644668579,-0.04648858308792114,0.017270714044570923,0.008057206869125366,-0.06185488402843475,0.0422707200050354,0.0073205530643463135,-0.07752940058708191,0.06727069616317749,0.009045034646987915,-0.09312617778778076,0.09227073192596436,0.01318812370300293,-0.10826116800308228,0.11727070808410645,0.019647866487503052,-0.12256170064210892,0.1422707438468933,0.028265178203582764,-0.13567563891410828,0.1672707200050354,0.03882783651351929,-0.14728006720542908,0.1922706961631775,0.3554227352142334,-1.5707963705062866,0.10228550434112549,0.20000000298023224,12.719703433147949,-14.88461494446482,5.349555396177748,44230.0
1.64,0.0094,1,1,-0.4641996920108795,0.2392524778842926,0.45114511251449585,-0.45415082573890686,0.21119636297225952,0.40960341691970825,0.3116151988506317,-0.23279601335525513,0.06406883895397186,0.9910914897918701,-0.02817639894783497,-0.044243600219488144,0.12241040915250778,1.417647253568255,-1.489443413395701,0.12921342190922858,-3.8360262975622414,-4.63459389848238,14.237228676554302,0.05112570524215698,0.010048866271972656,-0.02805611491203308,-0.0415416955947876,0.3116151988506317,-0.23279601335525513,0.06406883895397186,-0.02817639894783497,-0.044243600219488144,0.12241040915250778,0.9910914897918701,1.4176472425460815,-1.4894434213638306,0.12921342253684998,0.010048866271972656,-0.02805611491203308,-0.0415416955947876,0.002715080976486206,-0.04192870855331421,-0.01654168963432312,-0.00235825777053833,-0.056777775287628174,0.008458316326141357,-0.005046218633651733,-0.07223765552043915,0.033458322286605835,-0.005282610654830933,-0.08792769908905029,0.05845832824707031,-0.003061652183532715,-0.10346154868602753,0.0834583044052124,0.0015619993209838867,-0.11845671385526657,0.10845834016799927,0.008474469184875488,-0.13254396617412567,0.13345831632614136,0.01750558614730835,-0.14537644386291504,0.15845829248428345,0.02843296527862549,-0.15663813054561615,0.1834583282470703,1.153676152229309,-1.5707963705062866,-0.033109426498413086,0.20000000298023224,13.859851716573974,-14.942307472232411,6.503416245190104,44230.0
1.6599,0.0098,1,1,-0.483694463968277,0.2314043641090393,0.42533648014068604,-0.455792635679245,0.20851321518421173,0.41460999846458435,0.21052080392837524,-0.23660118877887726,-0.02850000001490116,0.9902532696723938,-0.01249515637755394,-0.06244465708732605,0.1238589733839035,2.0453792230561234,-1.292856851209322,0.15998772136607212,-2.3217429308012982,-6.925391189521872,14.399320101359628,0.037650685757398605,0.027901828289031982,-0.022891148924827576,-0.010726481676101685,0.21052080392837524,-0.23660118877887726,-0.02850000001490116,-0.01249515637755394,-0.06244465708732605,0.1238589733839035,0.9902532696723938,2.045379161834717,-1.2928568124771118,0.15998771786689758,0.027901828289031982,-0.022891148924827576,-0.010726481676101685,0.021008014678955078,-0.0369875431060791,0.014273524284362793,0.01640421152114868,-0.05198882520198822,0.03927353024482727,0.014203846454620361,-0.06752559542655945,0.06427350640296936,0.014461040496826172,-0.08321531116962433,0.08927351236343384,0.017169475555419922,-0.09867163002490997,0.1142735481262207,0.02226245403289795,-0.11351394653320312,0.1392735242843628,0.02961459755897522,-0.12737682461738586,0.16427350044250488,0.0390448272228241,-0.13991889357566833,0.18927353620529175,0.05032101273536682,-0.15083134174346924,0.21427351236343384,-0.15213072299957275,-1.2741830348968506,0.19276797771453857,0.20000000298023224,2.5717016772123262,-14.971153736116205,6.827599094800763,44230.0
1.68,0.01,1,1,-0.485199898481369,0.23649731278419495,0.4591906666755676,-0.4573448598384857,0.20578767359256744,0.4196021854877472,0.17357154190540314,-0.19847342371940613,0.2493484765291214,0.9892283082008362,0.005976621061563492,-0.07284747064113617,0.12681816518306732,2.0895561386925214,-1.0386231045929242,0.11329110579856617,-0.38525826822317083,-8.374425808327402,14.639013520504996,0.05732567608356476,0.0278550386428833,-0.030709639191627502,-0.039588481187820435,0.17357154190540314,-0.19847342371940613,0.2493484765291214,0.005976621061563492,-0.07284747064113617,0.12681816518306732,0.9892283082008362,2.0895562171936035,-1.0386230945587158,0.11329110711812973,0.0278550386428833,-0.030709639191627502,-0.039588481187820435,0.02140668034553528,-0.045015305280685425,-0.014588475227355957,0.017275631427764893,-0.06015358865261078,0.01041153073310852,0.01556357741355896,-0.07575172185897827,0.035411536693573,0.01631268858909607,-0.09142565727233887,0.06041151285171509,0.019504547119140625,-0.10678942501544952,0.08541154861450195,0.0250605046749115,-0.12146472185850143,0.11041152477264404,0.03284379839897156,-0.1350902020931244,0.1354115605354309,0.042662739753723145,-0.14733034372329712,0.160411536693573,0.05427560210227966,-0.15788379311561584,0.1854115128517151,0.18735158443450928,-0.4048370122909546,0.24497103691101074,0.20000000298023224,6.653078375199298,-14.985576868058104,7.306985933091505,44230.0
1.7,0.009,1,1,-0.482065349817276,0.23243831098079681,0.4645276665687561,-0.45881539583206177,0.20300593972206116,0.4246102273464203,0.1396416872739792,-0.20921272039413452,0.28347694873809814,0.9879270792007446,0.02749578095972538,-0.08054673671722412,0.12943829596042633,1.3220213946228887,-0.9162023163929164,0.11136261930707733,1.9454809980209287,-9.570822828745916,14.765846518234062,0.05477432534098625,0.023249953985214233,-0.029432371258735657,-0.039917439222335815,0.1396416872739792,-0.20921272039413452,0.28347694873809814,0.02749578095972538,-0.08054673671722412,0.12943829596042633,0.9879270792007446,1.3220213651657104,-0.9162023067474365,0.11136262118816376,0.023249953985214233,-0.029432371258735657,-0.039917439222335815,0.017254889011383057,-0.04393383860588074,-0.014917433261871338,0.013602137565612793,-0.059194594621658325,0.01008257269859314,0.012381672859191895,-0.07483887672424316,0.03508254885673523,0.013623565435409546,-0.0904814749956131,0.06008255481719971,0.017297178506851196,-0.10573722422122955,0.0850825309753418,0.023312091827392578,-0.12023045867681503,0.11008256673812866,0.031520187854766846,-0.13360431790351868,0.13508254289627075,0.04171937704086304,-0.14552949368953705,0.16008257865905762,0.053658515214920044,-0.15571235120296478,0.1850825548171997,-0.18325090408325195,0.009099721908569336,0.37500250339508057,0.16903281211853027,-1.923212510363852,-7.232100603977175,7.560651928549649,44230.0
1.7201,0.0097,1,1,-0.4796251356601715,0.2280685007572174,0.47049444913864136,-0.4602026641368866,0.20016862452030182,0.42963701486587524,0.10411136597394943,-0.22887752950191498,0.31244367361068726,0.9871958494186401,0.025025976821780205,-0.08729266375303268,0.1311335265636444,0.23741518525276128,-0.6932010577765318,0.06797141941603685,1.544420966648915,-10.306474824456586,14.993781197517015,0.05315040424466133,0.019422471523284912,-0.02789987623691559,-0.04085743427276611,0.10411136597394943,-0.22887752950191498,0.31244367361068726,0.025025976821780205,-0.08729266375303268,0.1311335265636444,0.9871958494186401,0.23741517961025238,-0.6932010650634766,0.06797141581773758,0.019422471523284912,-0.02789987623691559,-0.04085743427276611,0.013888329267501831,-0.04258342087268829,-0.015857428312301636,0.010719329118728638,-0.0579519122838974,0.009142577648162842,0.009993493556976318,-0.07362693548202515,0.03414255380630493,0.011728733777999878,-0.08922252058982849,0.0591425895690918,0.015882283449172974,-0.10435464233160019,0.08414256572723389,0.022351890802383423,-0.11865070462226868,0.10914260149002075,0.030978232622146606,-0.1317586898803711,0.13414257764816284,0.04154890775680542,-0.1433558464050293,0.15914255380630493,0.05380365252494812,-0.1531565934419632,0.1841425895690918,0.10651040077209473,0.49307119846343994,0.5793331861495972,0.13465866446495056,2.0896919640620606,3.8839496980114117,8.01652128711556,44230.0
1.7397,0.0094,1,1,-0.4939217269420624,0.25883662700653076,0.47033169865608215,-0.46147534251213074,0.19734524190425873,0.4345661997795105,0.03992974013090134,-0.02708307094871998,0.2319801151752472,0.9864150285720825,0.028880154713988304,-0.09363728016614914,0.13183848559856415,-0.23047458797785128,-0.3676078764619472,0.004252936663247991,1.8853700200672139,-11.08969503737572,15.042331158750283,0.0781865045428276,0.03244638442993164,-0.061491385102272034,-0.035765498876571655,0.03992974013090134,-0.02708307094871998,0.2319801151752472,0.028880154713988304,-0.09363728016614914,0.13183848559856415,0.9864150285720825,-0.230474591255188,-0.36760786175727844,0.004252936691045761,0.03244638442993164,-0.061491385102272034,-0.035765498876571655,0.027369588613510132,-0.07633925974369049,-0.010765492916107178,0.024678021669387817,-0.09179851412773132,0.0142345130443573,0.024437934160232544,-0.10748849809169769,0.03923448920249939,0.026655256748199463,-0.12302286922931671,0.06423452496528625,0.031275391578674316,-0.1380191147327423,0.08923450112342834,0.03818458318710327,-0.15210798382759094,0.11423447728157043,0.047212690114974976,-0.16494256258010864,0.1392345130443573,0.058137446641922,-0.1762068271636963,0.1642344892024994,0.07068976759910583,-0.1856233924627304,0.18923452496528625,1.5707963705062866,1.5707963705062866,1.3149431943893433,0.184534952044487,8.544845982031031,9.441974849005707,8.113621209582114,44230.0
1.7603,0.0062,1,1,-0.4935368597507477,0.2581060528755188,0.47528088092803955,-0.4626918435096741,0.19440314173698425,0.43963339924812317,-0.001715641119517386,-0.04588580131530762,0.2628892660140991,0.9862601161003113,0.026652442291378975,-0.09609860926866531,0.13169559836387634,-0.3189163035666197,0.7305580173354004,0.01590849472072381,1.5932251976035237,-11.336831300148031,15.053282922582383,0.07924783229827881,0.03084501624107361,-0.06370291113853455,-0.03564748167991638,-0.001715641119517386,-0.04588580131530762,0.2628892660140991,0.026652442291378975,-0.09609860926866531,0.13169559836387634,0.9862601161003113,-0.31891629099845886,0.7305580377578735,0.01590849459171295,0.03084501624107361,-0.06370291113853455,-0.03564748167991638,0.0262434184551239,-0.07870486378669739,-0.010647475719451904,0.024045318365097046,-0.09424196183681488,0.014352530241012573,0.02430480718612671,-0.10993163287639618,0.03935253620147705,0.02701553702354431,-0.1253875494003296,0.06435251235961914,0.03211069107055664,-0.14022913575172424,0.089352548122406,0.039464861154556274,-0.15409091114997864,0.1143525242805481,0.048896968364715576,-0.16663160920143127,0.13935250043869019,0.06017473340034485,-0.17754238843917847,0.16435253620147705,0.07302048802375793,-0.18655461072921753,0.18935251235961914,1.5707963705062866,1.5707963705062866,1.2823961973190308,0.1585797220468521,11.772422991015516,12.220987424502853,8.135524737246278,44230.0
1.78,0.009,1,1,-0.511489748954773,0.3003405034542084,0.49217846989631653,-0.4637869596481323,0.19149945676326752,0.44457268714904785,-0.07860099524259567,0.19374874234199524,0.3432059586048126,0.9873432517051697,0.006268279626965523,-0.08845596015453339,0.1314818561077118,0.3932828133201559,1.99633964158535,-0.03059756959019237,-0.6334772863647035,-10.155548338800994,15.226852768991609,0.12801656126976013,0.047702789306640625,-0.10884104669094086,-0.04760578274726868,-0.07860099524259567,0.19374874234199524,0.3432059586048126,0.006268279626965523,-0.08845596015453339,0.1314818561077118,0.9873432517051697,0.39328280091285706,1.9963396787643433,-0.030597569420933723,0.047702789306640625,-0.10884104669094086,-0.04760578274726868,0.043568938970565796,-0.12397857010364532,-0.0226057767868042,0.04185399413108826,-0.13957639038562775,0.0023942291736602783,0.04260021448135376,-0.1552504599094391,0.027394205331802368,0.0457892119884491,-0.1706148236989975,0.05239424109458923,0.05134245753288269,-0.1852911412715912,0.07739421725273132,0.059123218059539795,-0.19891807436943054,0.10239425301551819,0.06893989443778992,-0.21116003394126892,0.12739422917366028,0.08055078983306885,-0.22171562910079956,0.15239420533180237,0.09367001056671143,-0.2303249090909958,0.17739424109458923,1.5707963705062866,1.5707963705062866,1.393381953239441,0.021362630650401115,13.386211495507759,13.610493712251426,8.482664430064764,40230.0
1.8001,0.0065,1,1,-0.5160566568374634,0.30512043833732605,0.489488422870636,-0.4648161232471466,0.18848702311515808,0.4496394097805023,-0.08856164664030075,0.20316776633262634,0.2932523190975189,0.9891278147697449,0.006161005701869726,-0.06718534231185913,0.1306614726781845,1.2525670855000037,2.6883455392436817,-0.0335159946707557,-0.3104457871620854,-7.730852816774844,15.071087383277556,0.13347992300987244,0.05124053359031677,-0.11663341522216797,-0.03984901309013367,-0.08856164664030075,0.20316776633262634,0.2932523190975189,0.006161005701869726,-0.06718534231185913,0.1306614726781845,0.9891278147697449,1.2525670528411865,2.688345432281494,-0.033515993505716324,0.05124053359031677,-0.11663341522216797,-0.03984901309013367,0.04759058356285095,-0.13189484179019928,-0.01484900712966919,0.04637300968170166,-0.14753934741020203,0.010150998830795288,0.04761773347854614,-0.16318172216415405,0.035151004791259766,0.051294177770614624,-0.1784367859363556,0.060150980949401855,0.05731174349784851,-0.19292892515659332,0.08515101671218872,0.06552231311798096,-0.2063012719154358,0.11015099287033081,0.07572367787361145,-0.21822458505630493,0.13515102863311768,0.0876646637916565,-0.22840525209903717,0.16015100479125977,0.10105124115943909,-0.2365925908088684,0.18515098094940186,1.5707963705062866,1.5707963705062866,1.2515736818313599,0.0641883984208107,14.19310574775388,14.305246856125713,8.17113365863662,36230.0
1.8203,0.0071,1,1,-0.5349324345588684,0.3546072542667389,0.521003246307373,-0.4657301604747772,0.18550802767276764,0.454598993062973,-0.16543050110340118,0.4345596432685852,0.46776083111763,0.9905378818511963,0.0007791448733769357,-0.040541402995586395,0.1311049610376358,1.7415289211187865,2.6719026500413143,-0.04151551889054086,-0.5223392894182858,-4.618449669424238,15.10041998278108,0.19440428912639618,0.06920227408409119,-0.16909922659397125,-0.06640425324440002,-0.16543050110340118,0.4345596432685852,0.46776083111763,0.0007791448733769357,-0.040541402995586395,0.1311049610376358,0.9905378818511963,1.741528868675232,2.671902656555176,-0.041515517979860306,0.06920227408409119,-0.16909922659397125,-0.06640425324440002,0.0660296082496643,-0.18446695804595947,-0.04140424728393555,0.06530004739761353,-0.2001418173313141,-0.016404271125793457,0.06703153252601624,-0.21573780477046967,0.008595764636993408,0.07118147611618042,-0.23087093234062195,0.0335957407951355,0.07764765620231628,-0.245168536901474,0.05859577655792236,0.08627086877822876,-0.25827857851982117,0.08359575271606445,0.09683877229690552,-0.2698782682418823,0.10859572887420654,0.10909116268157959,-0.279681921005249,0.1335957646369934,0.12272635102272034,-0.2874482274055481,0.1585957407951355,1.5707963705062866,1.5707963705062866,1.177301049232483,0.021362630650401115,14.59655287387694,14.652623428062856,8.229798857643706,32230.0
1.8399,0.0065,1,1,-0.5395041108131409,0.3610588014125824,0.5271917581558228,-0.4665544331073761,0.18248838186264038,0.4595809578895569,-0.1622023582458496,0.42388230562210083,0.46528545022010803,0.9912432432174683,0.014776927419006824,-0.011401810683310032,0.13071545958518982,1.8915019084293996,2.23122339235345,-0.040184820517612324,1.5083993790792427,-1.5166291587903074,15.00452781661415,0.20440222322940826,0.07294967770576477,-0.17857041954994202,-0.06761080026626587,-0.1622023582458496,0.42388230562210083,0.46528545022010803,0.014776927419006824,-0.011401810683310032,0.13071545958518982,0.9912432432174683,1.8915019035339355,2.2312233448028564,-0.04018482193350792,0.07294967770576477,-0.17857041954994202,-0.06761080026626587,0.07025954127311707,-0.19402991235256195,-0.04261079430580139,0.07002091407775879,-0.2097199261188507,-0.017610788345336914,0.07223966717720032,-0.225254088640213,0.007389187812805176,0.07686120271682739,-0.240249902009964,0.032389163970947266,0.0837717056274414,-0.2543381452560425,0.05738919973373413,0.09280100464820862,-0.2671718895435333,0.08238917589187622,0.10372677445411682,-0.2784351110458374,0.10738921165466309,0.11627998948097229,-0.2878505289554596,0.13238918781280518,0.13015154004096985,-0.29518625140190125,0.15738916397094727,1.5707963705062866,1.5707963705062866,1.1727904081344604,0.021362630650401115,14.798276436938469,14.826311714031428,8.03801452530982,29452.0
1.86,0.0098,1,1,-0.5582895874977112,0.4097752869129181,0.5571317672729492,-0.4672876000404358,0.17942743003368378,0.4645906388759613,-0.19813650846481323,0.6126910448074341,0.5842882394790649,0.9912460446357727,0.019446395337581635,0.013311399146914482,0.12989981472492218,1.7589599762436277,1.9092642607938466,-0.10022711887399378,2.408288522210802,1.2226459075982787,14.957462538616424,0.26439622044563293,0.09100198745727539,-0.23034785687923431,-0.09254112839698792,-0.19813650846481323,0.6126910448074341,0.5842882394790649,0.019446395337581635,0.013311399146914482,0.12989981472492218,0.9912460446357727,1.7589600086212158,1.9092642068862915,-0.10022711753845215,0.09100198745727539,-0.23034785687923431,-0.09254112839698792,0.08879971504211426,-0.24588437378406525,-0.06754115223884583,0.08905500173568726,-0.2615741193294525,-0.04254114627838135,0.09176155924797058,-0.2770307660102844,-0.017541170120239258,0.09685271978378296,-0.2918736934661865,0.007458865642547607,0.10420319437980652,-0.3057374656200409,0.0324588418006897,0.11363190412521362,-0.3182806968688965,0.05745887756347656,0.1249067485332489,-0.32919448614120483,0.08245885372161865,0.1377500593662262,-0.33821016550064087,0.10745882987976074,0.15184560418128967,-0.34510570764541626,0.1324588656425476,1.5707963705062866,1.5707963705062866,1.2152806520462036,0.021362630650401115,14.899138218469234,14.913155857015713,7.943883969314369,29452.0
1.8802,0.0097,1,1,-0.5621826648712158,0.42195677757263184,0.5687772035598755,-0.46792417764663696,0.1763441562652588,0.46960151195526123,-0.19036778807640076,0.6050808429718018,0.5782718062400818,0.9904638528823853,0.034105658531188965,0.03387866169214249,0.12910646200180054,1.5134636616896162,1.6171304029142586,-0.10219369689144918,4.38389612113701,3.342506414323733,14.98114997287225,0.28115126490592957,0.09425848722457886,-0.24561262130737305,-0.09917569160461426,-0.19036778807640076,0.6050808429718018,0.5782718062400818,0.034105658531188965,0.03387866169214249,0.12910646200180054,0.9904638528823853,1.5134636163711548,1.6171303987503052,-0.10219369828701019,0.09425848722457886,-0.24561262130737305,-0.09917569160461426,0.09254637360572815,-0.26121073961257935,-0.07417571544647217,0.09329542517662048,-0.27688467502593994,-0.0491756796836853,0.09648719429969788,-0.2922484576702118,-0.024175703525543213,0.10204309225082397,-0.3069238066673279,0.000824272632598877,0.10982632637023926,-0.3205493092536926,0.025824308395385742,0.11964520812034607,-0.33278948068618774,0.05082428455352783,0.1312580108642578,-0.34334298968315125,0.0758243203163147,0.14437878131866455,-0.35194990038871765,0.10082429647445679,0.1586844027042389,-0.35839828848838806,0.12582427263259888,1.5707963705062866,1.5707963705062866,1.2491925954818726,0.021362630650401115,14.949569109234616,14.956577928507857,7.991258837826039,29452.0
1.8998,0.0095,1,1,-0.5789296627044678,0.47244518995285034,0.6049887537956238,-0.46845772862434387,0.17327849566936493,0.4745542109012604,-0.21363916993141174,0.7618339657783508,0.7135921120643616,0.9896645545959473,0.0386943444609642,0.0516752153635025,0.12804080545902252,1.323878949483219,1.5667673635397703,-0.14190738756746968,5.175550512261859,5.300158843159431,14.98341240847725,0.3445546627044678,0.1104719340801239,-0.2991666793823242,-0.1304345428943634,-0.21363916993141174,0.7618339657783508,0.7135921120643616,0.0386943444609642,0.0516752153635025,0.12804080545902252,0.9896645545959473,1.3238790035247803,1.5667673349380493,-0.14190739393234253,0.1104719340801239,-0.2991666793823242,-0.1304345428943634,0.10924598574638367,-0.314810574054718,-0.10543456673622131,0.11048233509063721,-0.3304535746574402,-0.08043456077575684,0.11415058374404907,-0.3457106351852417,-0.05543452501296997,0.12016040086746216,-0.3602059781551361,-0.03043454885482788,0.12836381793022156,-0.37358272075653076,-0.005434572696685791,0.13855880498886108,-0.38551148772239685,0.019565463066101074,0.15049433708190918,-0.39569854736328125,0.044565439224243164,0.16387653350830078,-0.40389305353164673,0.06956547498703003,0.17837586998939514,-0.4098932445049286,0.09456545114517212,1.5707963705062866,1.5707963705062866,1.205987572669983,0.021362630650401115,14.974784554617308,14.978288964253927,7.99578370903602,29452.0
1.9196,0.0091,1,1,-0.4633755683898926,0.17933735251426697,0.5098093152046204,-0.4688989520072937,0.17017123103141785,0.479549378156662,0.2769312858581543,-0.5626740455627441,0.2247563898563385,0.9792590737342834,0.12976910173892975,0.08771885931491852,0.12851089239120483,1.157963880413228,1.4078550765561426,-0.2602279895979482,16.22388191426593,7.957903529092716,16.08875276124882,0.032096561044454575,-0.005523383617401123,-0.009166121482849121,-0.030259937047958374,0.2769312858581543,-0.5626740455627441,0.2247563898563385,0.12976910173892975,0.08771885931491852,0.12851089239120483,0.9792590737342834,1.1579638719558716,1.4078550338745117,-0.2602279782295227,-0.005523383617401123,-0.009166121482849121,-0.030259937047958374,-0.006257832050323486,-0.024840742349624634,-0.0052599310874938965,-0.004531174898147583,-0.040437281131744385,0.019740045070648193,-0.000385969877243042,-0.05557169020175934,0.04474008083343506,0.006075769662857056,-0.06987131386995316,0.06974005699157715,0.014694899320602417,-0.08298405259847641,0.09474003314971924,0.025259166955947876,-0.09458702057600021,0.1197400689125061,0.0375085175037384,-0.10439451783895493,0.1447400450706482,0.05114126205444336,-0.11216504871845245,0.16974008083343506,0.06582176685333252,-0.1177072823047638,0.19474005699157715,-1.5707963705062866,-1.5707963705062866,-0.8786418437957764,0.20000000298023224,-0.012607722691345913,-0.010855517873036291,10.206464414579184,33452.0
1.9398,0.0091,1,1,-0.44962912797927856,0.1636219471693039,0.4939115047454834,-0.4692416191101074,0.16706043481826782,0.484530508518219,0.3508012890815735,-0.6029538512229919,0.07059968262910843,0.9771423935890198,0.1388491690158844,0.10666419565677643,0.12055865675210953,0.7183195937039957,0.950984731546978,-0.2409218693286095,17.56118501217376,10.077102957463447,15.62750487853313,0.022010818123817444,-0.019612491130828857,0.0034384876489639282,-0.009380996227264404,0.3508012890815735,-0.6029538512229919,0.07059968262910843,0.1388491690158844,0.10666419565677643,0.12055865675210953,0.9771423935890198,0.7183195948600769,0.9509847164154053,-0.24092186987400055,-0.019612491130828857,0.0034384876489639282,-0.009380996227264404,-0.01985609531402588,-0.012251436710357666,0.015618979930877686,-0.017642229795455933,-0.02778629958629608,0.04061901569366455,-0.013025462627410889,-0.04278358817100525,0.06561899185180664,-0.006119430065155029,-0.05687400698661804,0.09061896800994873,0.0029057860374450684,-0.0697106122970581,0.1156190037727356,0.013828009366989136,-0.08097731322050095,0.14061897993087769,0.026378244161605835,-0.0903967022895813,0.16561901569366455,0.04024747014045715,-0.09773682802915573,0.19061899185180664,0.05509421229362488,-0.10281696170568466,0.21561896800994873,-1.5707963705062866,-1.5707963705062866,-0.7912799119949341,0.20000000298023224,-7.506303861345673,-7.505427758936518,9.283968649147798,37452.0
1.9599,0.0098,1,1,-0.43269065022468567,0.15747754275798798,0.5270892977714539,-0.46948957443237305,0.16389544308185577,0.48958340287208557,0.467710018157959,-0.6270585656166077,0.15271414816379547,0.975509762763977,0.14035546779632568,0.12127755582332611,0.11819824576377869,-0.5075818257227762,0.1763082216715934,-0.2776479926042655,17.996981327980308,11.73792061210729,15.682329845517536,0.052934322506189346,-0.03679892420768738,0.006417900323867798,-0.037505894899368286,0.467710018157959,-0.6270585656166077,0.15271414816379547,0.14035546779632568,0.12127755582332611,0.11819824576377869,0.975509762763977,-0.5075818300247192,0.17630821466445923,-0.277648001909256,-0.03679892420768738,0.006417900323867798,-0.037505894899368286,-0.03654438257217407,-0.009271860122680664,-0.012505888938903809,-0.033838510513305664,-0.02472861111164093,0.012494087219238281,-0.028748005628585815,-0.039571791887283325,0.037494122982025146,-0.021398186683654785,-0.05343589931726456,0.062494099140167236,-0.011970043182373047,-0.06597954034805298,0.08749407529830933,-0.0006957054138183594,-0.0768938660621643,0.11249411106109619,0.012147217988967896,-0.0859101265668869,0.13749408721923828,0.026242464780807495,-0.09280630201101303,0.16249412298202515,0.04124295711517334,-0.0974125936627388,0.18749409914016724,-1.5707963705062866,-1.5707963705062866,-0.9022853970527649,0.20000000298023224,-11.253151930672836,-11.25271387946826,9.393618583116618,41452.0
1.9799,0.009,1,1,-0.42288798093795776,0.14452944695949554,0.5297294855117798,-0.4696366786956787,0.16073381900787354,0.4946209192276001,0.513024091720581,-0.6680869460105896,0.11260321736335754,0.9767767786979675,0.13333900272846222,0.12064248323440552,0.11649589985609055,-2.1112947237225113,-1.0677596182360178,-0.24998425697825608,17.147433473970903,11.80694243456435,15.388832817934329,0.060668230056762695,-0.04674869775772095,0.01620437204837799,-0.03510856628417969,0.513024091720581,-0.6680869460105896,0.11260321736335754,0.13333900272846222,0.12064248323440552,0.11649589985609055,0.9767767786979675,-2.111294746398926,-1.06775963306427,-0.2499842643737793,-0.04674869775772095,0.01620437204837799,-0.03510856628417969,-0.0459977388381958,0.000530540943145752,-0.010108590126037598,-0.04280409216880798,-0.014832854270935059,0.014891445636749268,-0.03724640607833862,-0.02950749546289444,0.03989142179489136,-0.02946150302886963,-0.04313205927610397,0.06489145755767822,-0.019641101360321045,-0.055371060967445374,0.08989143371582031,-0.00802701711654663,-0.06592312455177307,0.1148914098739624,0.005094796419143677,-0.07452843338251114,0.13989144563674927,0.019401222467422485,-0.08097509294748306,0.16489142179489136,0.03453996777534485,-0.08510436117649078,0.18989145755767822,-1.5707963705062866,-1.5707963705062866,-0.645648717880249,0.20000000298023224,-13.126575965336418,-13.12635693973413,8.806624527950191,44230.0
2.0001,0.0095,1,1,-0.3904081881046295,0.1339205801486969,0.5631502866744995,-0.4696836471557617,0.15758921205997467,0.499626487493515,0.7212264537811279,-0.7195966839790344,0.27867379784584045,0.9807850122451782,0.10963830351829529,0.11357368528842926,0.11462608724832535,-3.3058907844039425,-2.6608731683867513,-0.1883451105875063,14.238108585790432,11.399449222673667,14.760380472631544,0.10430759936571121,-0.0792754590511322,0.02366863191127777,-0.0635237991809845,0.7212264537811279,-0.7195966839790344,0.27867379784584045,0.10963830351829529,0.11357368528842926,0.11462608724832535,0.9807850122451782,-3.3058907985687256,-2.6608731746673584,-0.18834510445594788,-0.0792754590511322,0.02366863191127777,-0.0635237991809845,-0.078031986951828,0.008026152849197388,-0.03852379322052002,-0.07435682415962219,-0.007229208946228027,-0.013523757457733154,-0.06834042072296143,-0.02172183245420456,0.011476218700408936,-0.060130953788757324,-0.03509485721588135,0.036476194858551025,-0.04993054270744324,-0.04701898992061615,0.06147623062133789,-0.03799039125442505,-0.05720062553882599,0.08647620677947998,-0.024604469537734985,-0.06538905203342438,0.11147624254226685,-0.010102391242980957,-0.07138264924287796,0.13647621870040894,0.005158752202987671,-0.07503382861614227,0.16147619485855103,-1.5707963705062866,-1.5707963705062866,-0.7431144714355469,0.08840072900056839,-14.063287982668209,-14.063178469867065,7.549719837344602,40230.0
2.0204,0.0092,1,1,-0.37551766633987427,0.11917294561862946,0.568591296672821,-0.4696321189403534,0.1544570028781891,0.5046124458312988,0.7678630948066711,-0.7551805973052979,0.26983562111854553,0.9867457151412964,0.07958308607339859,0.08452597260475159,0.11337029188871384,-3.5663314274149336,-2.999015797258548,-0.1906590813244057,10.26522477064888,8.555454092306295,13.878162657983443,0.11914607882499695,-0.09411445260047913,0.03528405725955963,-0.06397885084152222,0.7678630948066711,-0.7551805973052979,0.26983562111854553,0.07958308607339859,0.08452597260475159,0.11337029188871384,0.9867457151412964,-3.566331386566162,-2.9990158081054688,-0.1906590759754181,-0.09411445260047913,0.03528405725955963,-0.06397885084152222,-0.09238162636756897,0.019688203930854797,-0.03897887468338013,-0.0882304310798645,0.004555433988571167,-0.013978838920593262,-0.08176302909851074,-0.009741626679897308,0.011021137237548828,-0.07313871383666992,-0.022850945591926575,0.03602117300033569,-0.06256982684135437,-0.03444972634315491,0.06102114915847778,-0.05031660199165344,-0.044252365827560425,0.08602112531661987,-0.036680757999420166,-0.05201749503612518,0.11102116107940674,-0.021998077630996704,-0.057553909718990326,0.13602113723754883,-0.006630063056945801,-0.06072528287768364,0.1610211730003357,-1.5707963705062866,-1.5707963705062866,-0.7220432162284851,0.09890224039554596,-14.531643991334104,-14.531589234933532,5.7852842080484015,36556.0
2.0398,0.0066,1,1,-0.3407411277294159,0.10418090969324112,0.6057624220848083,-0.4694850444793701,0.15136796236038208,0.5095345973968506,0.9245666861534119,-0.7915549278259277,0.5073310136795044,0.9912096261978149,0.043892767280340195,0.0542275570333004,0.11240202933549881,-3.1744102550706215,-2.8230887072284587,-0.1582164362803036,5.7207831525799575,5.602969558390937,13.219424208908233,0.16751539707183838,-0.12874391674995422,0.04718705266714096,-0.09622782468795776,0.9245666861534119,-0.7915549278259277,0.5073310136795044,0.043892767280340195,0.0542275570333004,0.11240202933549881,0.9912096261978149,-3.174410343170166,-2.8230886459350586,-0.1582164317369461,-0.12874391674995422,0.04718705266714096,-0.09622782468795776,-0.12652966380119324,0.03165223449468613,-0.07122784852981567,-0.12191250920295715,0.016655072569847107,-0.046227872371673584,-0.11500611901283264,0.002564825117588043,-0.02122783660888672,-0.10598057508468628,-0.010271541774272919,0.003772139549255371,-0.09505808353424072,-0.021537967026233673,0.028772175312042236,-0.08250761032104492,-0.030957035720348358,0.053772151470184326,-0.06863817572593689,-0.03829680383205414,0.07877212762832642,-0.053791314363479614,-0.043376557528972626,0.10377216339111328,-0.038332581520080566,-0.04607120901346207,0.12877213954925537,-1.5707963705062866,-1.5707963705062866,-0.9959245920181274,0.021362630650401115,-14.765821995667052,-14.765794617466767,4.4678073098980144,32556.0
2.0599,0.0068,1,1,-0.3621211647987366,0.057882655411958694,0.6185221076011658,-0.4692378044128418,0.14823488891124725,0.5145367383956909,0.720562756061554,-0.9445303678512573,0.5742520689964294,0.994797945022583,0.029868191108107567,-0.009191767312586308,0.09694596379995346,-2.5234596487769516,-2.4879631735556123,-0.020626498893043146,3.3055159874458186,-1.3797643654946523,11.092294686445273,0.17450059950351715,-0.10711663961410522,0.09035223722457886,-0.10398536920547485,0.720562756061554,-0.9445303678512573,0.5742520689964294,0.029868191108107567,-0.009191767312586308,0.09694596379995346,0.994797945022583,-2.5234596729278564,-2.4879631996154785,-0.020626498386263847,-0.10711663961410522,0.09035223722457886,-0.10398536920547485,-0.10441529750823975,0.07489468157291412,-0.07898539304733276,-0.0993291437625885,0.060050006955862045,-0.0539853572845459,-0.09198340773582458,0.0461837463080883,-0.02898538112640381,-0.08255892992019653,0.033637333661317825,-0.003985404968261719,-0.07128778100013733,0.02271970734000206,0.021014630794525146,-0.05844751000404358,0.013699684292078018,0.046014606952667236,-0.04435428977012634,0.006799373775720596,0.0710146427154541,-0.029355138540267944,0.0021886788308620453,0.09601461887359619,-0.013819366693496704,-1.886114478111267e-05,0.12101459503173828,-1.5707963705062866,-1.5707963705062866,-1.1622377634048462,0.021362630650401115,-14.882910997833527,-14.882897308733384,0.2135482649720827,29452.0
2.0802,0.0069,1,1,-0.4402388334274292,0.04900055378675461,0.5459784865379333,-0.4688854515552521,0.14505794644355774,0.5196241736412048,0.2612408995628357,-0.8276152014732361,0.04242490977048874,0.9947075843811035,0.0005755626480095088,-0.037334367632865906,0.09571134299039841,-2.080345329746373,-1.972963878275234,-0.013659181581961779,-0.34482437755738804,-4.265813900165307,11.00504729723952,0.10364459455013275,-0.028646618127822876,0.09605739265680313,-0.026354312896728516,0.2612408995628357,-0.8276152014732361,0.04242490977048874,0.0005755626480095088,-0.037334367632865906,0.09571134299039841,0.9947075843811035,-2.080345392227173,-1.9729639291763306,-0.013659182004630566,-0.028646618127822876,0.09605739265680313,-0.026354312896728516,-0.025452643632888794,0.08069407194852829,-0.0013542771339416504,-0.019894659519195557,0.06601953506469727,0.02364569902420044,-0.012109488248825073,0.05239512771368027,0.048645734786987305,-0.0022888481616973877,0.04015633463859558,0.0736457109451294,0.009325474500656128,0.029604509472846985,0.09864568710327148,0.022447437047958374,0.020999468863010406,0.12364572286605835,0.03675401210784912,0.01455310732126236,0.14864569902420044,0.05189284682273865,0.010424144566059113,0.1736457347869873,0.06749123334884644,0.008714254945516586,0.1986457109451294,-1.5707963705062866,-1.5707963705062866,-0.221329927444458,0.20000000298023224,-14.941455498916763,-14.941448654366692,0.03905348656058702,33452.0
2.1006,0.007,1,1,-0.4533688724040985,0.04086679592728615,0.5034950375556946,-0.4684370458126068,0.14192694425582886,0.5246583819389343,0.19207343459129333,-0.7700558304786682,-0.1322079300880432,0.9934265613555908,-0.01861056126654148,-0.060343749821186066,0.09546709060668945,-1.81322241608621,-1.4905965621477053,-0.08466894010812928,-2.798849990173082,-6.680964964067507,11.141773739304865,0.10434601455926895,-0.0150681734085083,0.10106015205383301,0.021163344383239746,0.19207343459129333,-0.7700558304786682,-0.1322079300880432,-0.01861056126654148,-0.060343749821186066,0.09546709060668945,0.9934265613555908,-1.8132224082946777,-1.4905965328216553,-0.08466894179582596,-0.0150681734085083,0.10106015205383301,0.021163344383239746,-0.01138991117477417,0.08580552041530609,0.04616338014602661,-0.005370616912841797,0.07131409645080566,0.0711633563041687,0.0028415322303771973,0.057942721992731094,0.09616333246231079,0.0130443274974823,0.04602063074707985,0.12116336822509766,0.02498653531074524,0.03584139421582222,0.14616334438323975,0.038374096155166626,0.027655649930238724,0.1711633801460266,0.05287736654281616,0.02166495844721794,0.1961633563041687,0.0681392252445221,0.018016841262578964,0.2211633324623108,0.08378386497497559,0.01680111140012741,0.24616336822509766,-1.5707963705062866,-1.4266802072525024,0.09402358531951904,0.20000000298023224,-14.970727749458382,-14.970724327183346,0.31250637069127335,37452.0
2.1199,0.0066,1,1,-0.461092472076416,0.0522182397544384,0.5267135500907898,-0.4678988456726074,0.13885869085788727,0.5296164155006409,0.11550536751747131,-0.6088675856590271,-0.005401305854320526,0.991236686706543,-0.04783055558800697,-0.07885757088661194,0.09455987066030502,-1.6166829918511254,-1.0857398837566605,-0.0909713108278018,-6.369870719433572,-8.469756059930724,11.370714883850098,0.08695585280656815,-0.006806373596191406,0.08664044737815857,0.0029028654098510742,0.11550536751747131,-0.6088675856590271,-0.005401305854320526,-0.04783055558800697,-0.07885757088661194,0.09455987066030502,0.991236686706543,-1.616683006286621,-1.0857398509979248,-0.09097131341695786,-0.006806373596191406,0.08664044737815857,0.0029028654098510742,-0.0026547610759735107,0.07150779664516449,0.02790290117263794,0.0038129687309265137,0.05721088871359825,0.05290287733078003,0.012437641620635986,0.044101785868406296,0.07790285348892212,0.023006796836853027,0.03250327333807945,0.10290288925170898,0.03526026010513306,0.022700931876897812,0.12790286540985107,0.04889631271362305,0.014936145395040512,0.15290290117263794,0.06357914209365845,0.009400099515914917,0.17790287733078003,0.07894721627235413,0.006229113787412643,0.20290285348892212,0.09462213516235352,0.005501262843608856,0.22790288925170898,-1.5707963705062866,-0.30926060676574707,0.24907660484313965,0.20000000298023224,-14.985363874729192,-14.985362163591674,0.7703886597817033,41452.0
2.1401,0.0064,1,1,-0.4579516053199768,0.04174673557281494,0.5079687237739563,-0.46726691722869873,0.13581572473049164,0.5345630049705505,0.08736815303564072,-0.5802780389785767,-0.08432852476835251,0.9895008206367493,-0.0625394880771637,-0.09109616279602051,0.09314697235822678,-1.2993933137888125,-0.711935530517885,-0.13911631152128257,-8.208808474701033,-9.708099960868202,11.453694986516746,0.098198801279068,-0.009315311908721924,0.0940689891576767,0.02659428119659424,0.08736815303564072,-0.5802780389785767,-0.08432852476835251,-0.0625394880771637,-0.09109616279602051,0.09314697235822678,0.9895008206367493,-1.2993932962417603,-0.7119355201721191,-0.1391163170337677,-0.009315311908721924,0.0940689891576767,0.02659428119659424,-0.00469544529914856,0.07907263934612274,0.05159425735473633,0.0022134482860565186,0.06498362869024277,0.0765942931175232,0.011241286993026733,0.05214887112379074,0.10159426927566528,0.022165805101394653,0.04088439792394638,0.12659430503845215,0.034717947244644165,0.03146757185459137,0.15159428119659424,0.048588693141937256,0.02413027733564377,0.17659425735473633,0.06343647837638855,0.019053179770708084,0.2015942931175232,0.07889565825462341,0.016361288726329803,0.22659426927566528,0.09458565711975098,0.016120892018079758,0.25159430503845215,-1.5707963705062866,-0.22026145458221436,0.3671356439590454,0.20000000298023224,-14.992681937364596,-13.802706950282513,0.9363488651150002,44230.0
2.16,0.0062,1,1,-0.45594775676727295,0.029988691210746765,0.501394510269165,-0.46652674674987793,0.13273951411247253,0.5395988821983337,0.057198766618967056,-0.5590168237686157,-0.11650527268648148,0.9880800247192383,-0.07414563000202179,-0.09948748350143433,0.09110675752162933,-0.8975512671727099,-0.7190064895281544,-0.034562069782776615,-9.64149579910418,-10.549961923729914,11.42845653393024,0.11013273894786835,-0.01057898998260498,0.10275082290172577,0.0382043719291687,0.057198766618967056,-0.5590168237686157,-0.11650527268648148,-0.07414563000202179,-0.09948748350143433,0.09110675752162933,0.9880800247192383,-0.8975512385368347,-0.7190064787864685,-0.03456206992268562,-0.01057898998260498,0.10275082290172577,0.0382043719291687,-0.005487024784088135,0.08790813386440277,0.06320434808731079,0.0018641352653503418,0.07404474914073944,0.08820438385009766,0.011293500661849976,0.061502017080783844,0.11320436000823975,0.02256891131401062,0.050588786602020264,0.13820433616638184,0.03541269898414612,0.04157378524541855,0.1632043719291687,0.04950860142707825,0.034678973257541656,0.1882043480873108,0.0645095705986023,0.030074141919612885,0.21320438385009766,0.08004617691040039,0.027872666716575623,0.23820436000823975,0.09573590755462646,0.02812875807285309,0.26320433616638184,-1.5707963705062866,0.021988987922668457,0.3601398468017578,0.20000000298023224,-14.996340968682297,-6.271415373274736,0.8858719599420166,44230.0
2.1796,0.0065,1,1,-0.47067439556121826,0.06479613482952118,0.5256996154785156,-0.4657055735588074,0.12974298000335693,0.5445440411567688,-0.04057777673006058,-0.2955824136734009,-0.05774581804871559,0.9850582480430603,-0.0983477532863617,-0.10880724340677261,0.09026036411523819,-0.6489046327862167,-0.41198785813146366,-0.08259102531235177,-12.570841067872342,-11.338740254050249,11.723636552506479,0.06780777871608734,0.004968822002410889,0.06494684517383575,0.018844425678253174,-0.04057777673006058,-0.2955824136734009,-0.05774581804871559,-0.0983477532863617,-0.10880724340677261,0.09026036411523819,0.9850582480430603,-0.6489046216011047,-0.41198787093162537,-0.08259102702140808,0.004968822002410889,0.06494684517383575,0.018844425678253174,0.010519415140151978,0.05026952177286148,0.043844401836395264,0.01829773187637329,0.0366412028670311,0.06884443759918213,0.028112202882766724,0.024397462606430054,0.09384441375732422,0.03972119092941284,0.013839781284332275,0.11884438991546631,0.05283886194229126,0.005228132009506226,0.14384442567825317,0.06714215874671936,-0.0012254342436790466,0.16884440183639526,0.08227893710136414,-0.005362022668123245,0.19384443759918213,0.09787645936012268,-0.007079768925905228,0.21884441375732422,0.11355063319206238,-0.006336379796266556,0.2438443899154663,-1.419351577758789,1.5707963705062866,0.7946428060531616,0.20000000298023224,-14.998170484341149,4.364292313362632,1.4762319970944702,44230.0
2.1997,0.0072,1,1,-0.4719780385494232,0.059254880994558334,0.5245953798294067,-0.4647747576236725,0.1267213076353073,0.5495764017105103,-0.09043537825345993,-0.2579047679901123,-0.05153258517384529,0.9840881824493408,-0.10417786240577698,-0.11319433152675629,0.08889532089233398,-0.4447877495910431,0.1209395213569488,-0.12308273353370369,-13.297956238228416,-11.786450422993312,11.702074258654259,0.07230253517627716,0.007203280925750732,0.06746642291545868,0.024981021881103516,-0.09043537825345993,-0.2579047679901123,-0.05153258517384529,-0.10417786240577698,-0.11319433152675629,0.08889532089233398,0.9840881824493408,-0.44478774070739746,0.12093952298164368,-0.123082734644413,0.007203280925750732,0.06746642291545868,0.024981021881103516,0.013215124607086182,0.05297190323472023,0.049980998039245605,0.021420389413833618,0.039596300572156906,0.07498103380203247,0.031617045402526855,0.02766895666718483,0.09998100996017456,0.04355400800704956,0.01748356595635414,0.12498104572296143,0.056937336921691895,0.009290922433137894,0.14998102188110352,0.07143750786781311,0.0032927580177783966,0.1749809980392456,0.08669748902320862,-0.00036322325468063354,0.19998103380203247,0.10234153270721436,-0.00158701092004776,0.22498100996017456,0.11798438429832458,-0.00034846365451812744,0.24998104572296143,-1.2535663843154907,1.5707963705062866,0.8614920377731323,0.20000000298023224,-14.999085242170574,9.682146156681316,1.4331074093900658,44230.0
2.2198,0.01,1,1,-0.4937452971935272,0.1098928302526474,0.5671271085739136,-0.4637519419193268,0.12373901903629303,0.5545944571495056,-0.2249305099248886,0.053778026252985,0.2212999016046524,0.9821142554283142,-0.12356776744127274,-0.11237972974777222,0.08689836412668228,-0.25745447377019876,0.9520295562216434,-0.07070519588689522,-15.522295966309754,-11.493911108565328,11.684518536616874,0.03533250093460083,0.02999335527420044,0.01384618878364563,-0.012532651424407959,-0.2249305099248886,0.053778026252985,0.2212999016046524,-0.12356776744127274,-0.11237972974777222,0.08689836412668228,0.9821142554283142,-0.2574544847011566,0.9520295858383179,-0.07070519775152206,0.02999335527420044,0.01384618878364563,-0.012532651424407959,0.036459147930145264,-0.000451602041721344,0.01246732473373413,0.0450819730758667,-0.013561896979808807,0.037467360496520996,0.05564954876899719,-0.025161877274513245,0.062467336654663086,0.06790167093276978,-0.03496590256690979,0.08746731281280518,0.08153662085533142,-0.04273257404565811,0.11246734857559204,0.09621870517730713,-0.04827064648270607,0.13746732473373413,0.11158633232116699,-0.05144375562667847,0.162467360496521,0.12726116180419922,-0.05217377096414566,0.18746733665466309,0.14285722374916077,-0.050442714244127274,0.21246731281280518,1.5707963705062866,1.5707963705062866,1.5707963705062866,0.20000000298023224,0.0004573789147119811,12.341073078340658,1.397995965315292,44230.0
2.2397,0.0093,1,1,-0.49878236651420593,0.11147315055131912,0.571713387966156,-0.4626495838165283,0.12082574516534805,0.5595520734786987,-0.2783001661300659,0.10478256642818451,0.238234281539917,0.9830430150032043,-0.12663793563842773,-0.10207050293684006,0.08466921746730804,-0.0784288623908294,1.9754142527942158,-0.018453765159485803,-15.702851192570428,-10.325187596645206,11.273033144253423,0.039254892617464066,0.03613278269767761,0.00935259461402893,-0.012161314487457275,-0.2783001661300659,0.10478256642818451,0.238234281539917,-0.12663793563842773,-0.10207050293684006,0.08466921746730804,0.9830430150032043,-0.07842886447906494,1.9754142761230469,-0.01845376566052437,0.03613278269767761,0.00935259461402893,-0.012161314487457275,0.043040722608566284,-0.004736892879009247,0.01283872127532959,0.052067697048187256,-0.017572268843650818,0.03783869743347168,0.06299141049385071,-0.028837494552135468,0.06283873319625854,0.07554292678833008,-0.03825516998767853,0.08783870935440063,0.08941316604614258,-0.045593418180942535,0.11283868551254272,0.10426059365272522,-0.05067153647542,0.1378387212753296,0.11971959471702576,-0.05336448550224304,0.16283869743347168,0.13540956377983093,-0.053605955094099045,0.18783873319625854,0.15094414353370667,-0.05139000341296196,0.21283870935440063,1.5707963705062866,1.5707963705062866,1.5707963705062866,0.20000000298023224,7.500228689457356,13.670536539170328,0.5750251805883957,44230.0
2.2597,0.0094,1,1,-0.5190705060958862,0.15500447154045105,0.6242467761039734,-0.4614482522010803,0.1179279014468193,0.5645449757575989,-0.38353076577186584,0.3510943651199341,0.5980711579322815,0.9841340184211731,-0.13561180233955383,-0.08018708229064941,0.08159484714269638,0.6761775328775002,2.6159493692226405,0.018133788435107386,-16.41665632749635,-7.799054469196431,10.605845485271017,0.09088069945573807,0.05762225389480591,-0.037076570093631744,-0.05970180034637451,-0.38353076577186584,0.3510943651199341,0.5980711579322815,-0.13561180233955383,-0.08018708229064941,0.08159484714269638,0.9841340184211731,0.6761775612831116,2.6159493923187256,0.01813378930091858,0.05762225389480591,-0.037076570093631744,-0.05970180034637451,0.06496873497962952,-0.05094244331121445,-0.03470182418823242,0.07439383864402771,-0.06348836421966553,-0.009701788425445557,0.08566555380821228,-0.07440541684627533,0.015298187732696533,0.09850627183914185,-0.08342476934194565,0.0402982234954834,0.11259984970092773,-0.09032434970140457,0.06529819965362549,0.12759926915168762,-0.09493426978588104,0.09029817581176758,0.14313513040542603,-0.09714099764823914,0.11529821157455444,0.15882495045661926,-0.09689022600650787,0.14029818773269653,0.17428237199783325,-0.09418810158967972,0.1652982234954834,1.5707963705062866,1.5707963705062866,1.4110246896743774,0.021362630650401115,11.250114344728678,14.335268269585164,-0.7593501373764295,40230.0
2.2798,0.0093,1,1,-0.5271422266960144,0.16262181103229523,0.6364802718162537,-0.4601499140262604,0.11505495756864548,0.5695628523826599,-0.4217378497123718,0.41084709763526917,0.6269981861114502,0.9870631694793701,-0.12944656610488892,-0.05279554799199104,0.07848899811506271,1.984111737440251,2.635696975021687,0.06524933172565041,-15.353004856971893,-4.813050660257368,9.742023113405727,0.10596469789743423,0.06699231266975403,-0.04756685346364975,-0.06691741943359375,-0.4217378497123718,0.41084709763526917,0.6269981861114502,-0.12944656610488892,-0.05279554799199104,0.07848899811506271,0.9870631694793701,1.9841117858886719,2.6356968879699707,0.06524933129549026,0.06699231266975403,-0.04756685346364975,-0.06691741943359375,0.07477220892906189,-0.06119425594806671,-0.04191744327545166,0.08458814024925232,-0.07343683391809464,-0.016917407512664795,0.09619837999343872,-0.08399313688278198,0.008082568645477295,0.10931706428527832,-0.09260323643684387,0.03308260440826416,0.12362110614776611,-0.09905511885881424,0.05808258056640625,0.13875839114189148,-0.10318991541862488,0.08308255672454834,0.15435609221458435,-0.10490581393241882,0.1080825924873352,0.17003020644187927,-0.10416056960821152,0.1330825686454773,0.1853947639465332,-0.10097252577543259,0.15808260440826416,1.5707963705062866,1.5707963705062866,1.199276089668274,0.021362630650401115,13.12505717236434,14.667634134792582,-2.486994881106997,36230.0
2.2999,0.0099,1,1,-0.5421110987663269,0.18926922976970673,0.6861742734909058,-0.45875826478004456,0.11221766471862793,0.5745927095413208,-0.46924665570259094,0.5468699932098389,0.9141424298286438,0.9905012249946594,-0.11136424541473389,-0.02375788614153862,0.07706386595964432,2.9984935513687834,2.2704532199489167,0.193828509337709,-12.966124175541214,-1.7134055966438204,9.09233234199853,0.1591699868440628,0.08335283398628235,-0.0770515650510788,-0.11158156394958496,-0.46924665570259094,0.5468699932098389,0.9141424298286438,-0.11136424541473389,-0.02375788614153862,0.07706386595964432,0.9905012249946594,2.9984934329986572,2.2704532146453857,0.1938285082578659,0.08335283398628235,-0.0770515650510788,-0.11158156394958496,0.09155946969985962,-0.09042633324861526,-0.08658158779144287,0.10175734758377075,-0.10235263407230377,-0.061581552028656006,0.11369535326957703,-0.11253680288791656,-0.036581575870513916,0.12707951664924622,-0.12072807550430298,-0.011581599712371826,0.14158031344413757,-0.1267247498035431,0.013418436050415039,0.15684068202972412,-0.13037917017936707,0.03841841220855713,0.17248481512069702,-0.13160134851932526,0.063418447971344,0.1881275475025177,-0.13036119937896729,0.08841842412948608,0.20338371396064758,-0.12668925523757935,0.1133270263671875,1.5707963705062866,1.5707963705062866,0.8327142000198364,0.021362630650401115,14.06252858618217,14.833817067396291,-3.786376423921416,32230.0
2.32,0.0097,1,1,-0.5516246557235718,0.20068158209323883,0.7047030329704285,-0.45727095007896423,0.10941360145807266,0.5796446204185486,-0.48053795099258423,0.5927873253822327,0.9387486577033997,0.9935619235038757,-0.082948699593544,0.0009110961691476405,0.07714498788118362,3.2075453053533876,1.8756405204510513,0.21655700798963806,-9.480175982413277,0.8370416880129214,8.810204791431747,0.18130657076835632,0.09435370564460754,-0.09126798063516617,-0.12505841255187988,-0.48053795099258423,0.5927873253822327,0.9387486577033997,-0.082948699593544,0.0009110961691476405,0.07714498788118362,0.9935619235038757,3.207545280456543,1.8756405115127563,0.21655701100826263,0.09435370564460754,-0.09126798063516617,-0.12505841255187988,0.10298070311546326,-0.10437555611133575,-0.10005837678909302,0.11355194449424744,-0.11597219854593277,-0.07505840063095093,0.12580713629722595,-0.1257723569869995,-0.05005836486816406,0.1394445300102234,-0.1335347294807434,-0.025058388710021973,0.15412834286689758,-0.13906817138195038,-5.841255187988281e-05,0.16949698328971863,-0.14223644137382507,0.024941623210906982,0.18517205119132996,-0.1429615020751953,0.04994159936904907,0.20076754689216614,-0.14122553169727325,0.07494163513183594,0.21589946746826172,-0.13707125186920166,0.0947982668876648,1.5707963705062866,1.5707963705062866,0.7780667543411255,0.021362630650401115,14.531264293091084,14.916908533698145,-4.350631525054985,29452.0
2.3397,0.0092,1,1,-0.5620667934417725,0.21495173871517181,0.7371158003807068,-0.4557374119758606,0.10672909766435623,0.5845653414726257,-0.48278218507766724,0.6337500214576721,1.0399469137191772,0.9953846335411072,-0.0514671765267849,0.02274174802005291,0.07772597670555115,2.98725474525254,1.5911304938240332,0.21327494490698123,-5.685314607225947,3.053835163333522,8.77822778839526,0.21515046060085297,0.10632938146591187,-0.10822264105081558,-0.15255045890808105,-0.48278218507766724,0.6337500214576721,1.0399469137191772,-0.0514671765267849,0.02274174802005291,0.07772597670555115,0.9953846335411072,2.9872548580169678,1.5911304950714111,0.21327494084835052,0.10632938146591187,-0.10822264105081558,-0.15255045890808105,0.1153574287891388,-0.12105727195739746,-0.1275504231452942,0.12628209590911865,-0.1323215812444687,-0.1025504469871521,0.1388343870639801,-0.14173822104930878,-0.07755047082901001,0.15270525217056274,-0.14907529950141907,-0.052550435066223145,0.1675530970096588,-0.15415218472480774,-0.027550458908081055,0.18301233649253845,-0.1568438559770584,-0.0025504231452941895,0.19870230555534363,-0.15708401799201965,0.0224495530128479,0.21423667669296265,-0.1548667699098587,0.04744952917098999,0.22923296689987183,-0.15024670958518982,0.062385499477386475,1.5707963705062866,1.5707963705062866,0.6499391794204712,0.021362630650401115,14.765632146545542,14.958454266849072,-4.414585531127969,29452.0
2.3598,0.0092,1,1,-0.5716428160667419,0.22782360017299652,0.7578912973403931,-0.4540903866291046,0.10404407232999802,0.5895788073539734,-0.47422298789024353,0.6523911356925964,1.036356806755066,0.995810329914093,-0.023300493136048317,0.04130528122186661,0.0781717523932457,2.578622769700199,1.5103435021564795,0.18532420373924535,-2.2979568567712825,4.928202033691557,8.878182231968486,0.23972700536251068,0.11755242943763733,-0.1237795278429985,-0.16831248998641968,-0.47422298789024353,0.6523911356925964,1.036356806755066,-0.023300493136048317,0.04130528122186661,0.0781717523932457,0.995810329914093,2.578622817993164,1.5103435516357422,0.18532420694828033,0.11755242943763733,-0.1237795278429985,-0.16831248998641968,0.1269802451133728,-0.1363234519958496,-0.1433124542236328,0.13825425505638123,-0.147238090634346,-0.11831247806549072,0.151096910238266,-0.15625470876693726,-0.09331250190734863,0.16519194841384888,-0.16315129399299622,-0.06831246614456177,0.18019232153892517,-0.1677580177783966,-0.04331248998641968,0.19572868943214417,-0.16996145248413086,-0.018312454223632812,0.21141844987869263,-0.16970734298229218,0.006687521934509277,0.22687527537345886,-0.16700193285942078,0.03168749809265137,0.241718590259552,-0.16191184520721436,0.041610002517700195,1.5707963705062866,1.5707963705062866,0.6337491273880005,0.021362630650401115,14.882816073272771,14.979227133424537,-4.21467664398152,29452.0
2.3796,0.0098,1,1,-0.5809809565544128,0.24096091091632843,0.7784536480903625,-0.4523736834526062,0.1014329344034195,0.5945525169372559,-0.45924630761146545,0.6606993675231934,1.0186699628829956,0.9952128529548645,0.0010222153505310416,0.057766351848840714,0.07881209254264832,2.1132139307620768,1.3411781781341012,0.1714054586180552,0.6425388333929415,6.593156855377996,9.09273553992648,0.26424896717071533,0.12860727310180664,-0.13952797651290894,-0.1839011311531067,-0.45924630761146545,0.6606993675231934,1.0186699628829956,0.0010222153505310416,0.057766351848840714,0.07881209254264832,0.9952128529548645,2.1132140159606934,1.3411781787872314,0.17140546441078186,0.12860727310180664,-0.13952797651290894,-0.1839011311531067,0.138422429561615,-0.1517711877822876,-0.1589011549949646,0.15003198385238647,-0.16232825815677643,-0.13390111923217773,0.16315007209777832,-0.17093920707702637,-0.10890114307403564,0.17745372653007507,-0.17739200592041016,-0.08390116691589355,0.19259071350097656,-0.18152779340744019,-0.05890113115310669,0.20818832516670227,-0.1832447052001953,-0.0339011549949646,0.22386249899864197,-0.18250048160552979,-0.008901119232177734,0.2392272651195526,-0.17931345105171204,0.016098856925964355,0.2539042830467224,-0.17376205325126648,0.021047651767730713,1.5707963705062866,1.5707963705062866,0.6270488500595093,0.021362630650401115,14.941408036636386,14.989613566712269,-3.785570028065528,29452.0
2.4002,0.0098,1,1,-0.5899624824523926,0.25415530800819397,0.7992408871650696,-0.45055168867111206,0.09884298592805862,0.5995925068855286,-0.4389362633228302,0.6610596179962158,0.9952606558799744,0.9939876198768616,0.020938539877533913,0.07227925211191177,0.07952295243740082,1.7598992731600986,1.0713174682943092,0.21714411849670284,3.075517912410714,8.068630655086876,9.365240293318084,0.2888196110725403,0.13941079378128052,-0.15531232953071594,-0.19964838027954102,-0.4389362633228302,0.6610596179962158,0.9952606558799744,0.020938539877533913,0.07227925211191177,0.07952295243740082,0.9939876198768616,1.7598992586135864,1.071317434310913,0.21714411675930023,0.13941079378128052,-0.15531232953071594,-0.19964838027954102,0.14960864186286926,-0.16723862290382385,-0.17464834451675415,0.16154664754867554,-0.17742282152175903,-0.14964836835861206,0.17493081092834473,-0.18561410903930664,-0.12464839220046997,0.18943160772323608,-0.19161078333854675,-0.0996483564376831,0.20469194650650024,-0.19526523351669312,-0.07464838027954102,0.22033610939979553,-0.1964874267578125,-0.04964834451675415,0.2359788417816162,-0.19524729251861572,-0.02464836835861206,0.2512349784374237,-0.19157537817955017,0.00026041269302368164,0.2657288908958435,-0.18556207418441772,0.00026041269302368164,1.5707963705062866,1.5707963705062866,0.5936547517776489,0.021362630650401115,14.970704018318193,14.994806783356134,-3.2405605212823048,29452.0
2.4199,0.0095,1,1,-0.5984963774681091,0.2673242390155792,0.8188151717185974,-0.4486798048019409,0.09635217487812042,0.6045516729354858,-0.4142805337905884,0.6555354595184326,0.9617182612419128,0.9924700260162354,0.03704385831952095,0.08454341441392899,0.0805065929889679,1.4271066686021618,1.0458491261576635,0.2029527988379431,5.06620160407282,9.314238581832385,9.68801122148664,0.3123864531517029,0.1498165726661682,-0.1709720641374588,-0.21426349878311157,-0.4142805337905884,0.6555354595184326,0.9617182612419128,0.03704385831952095,0.08454341441392899,0.0805065929889679,0.9924700260162354,1.4271066188812256,1.045849084854126,0.2029528021812439,0.1498165726661682,-0.1709720641374588,-0.21426349878311157,0.160381019115448,-0.18257488310337067,-0.18926352262496948,0.17263051867485046,-0.19238220155239105,-0.1642635464668274,0.18626338243484497,-0.20015254616737366,-0.13926351070404053,0.2009439468383789,-0.2056945562362671,-0.11426353454589844,0.21631073951721191,-0.20887181162834167,-0.08926349878311157,0.23198536038398743,-0.20960603654384613,-0.06426352262496948,0.2475818693637848,-0.2078791707754135,-0.03926354646682739,0.26271623373031616,-0.20373374223709106,-0.01931387186050415,0.2770157754421234,-0.19727180898189545,-0.01931387186050415,1.5707963705062866,1.5707963705062866,0.581678032875061,0.021362630650401115,14.985352009159097,14.997403391678066,-2.5950186649452203,29452.0
2.4403,0.0092,1,1,-0.6071517467498779,0.2827482521533966,0.8265053629875183,-0.44670799374580383,0.09389279782772064,0.6095687747001648,-0.3886283040046692,0.6526927351951599,0.8643429279327393,0.9909090399742126,0.04930063709616661,0.09472563117742538,0.08181560039520264,1.191138079164018,0.8063106358572956,0.19980396038881748,6.608092790750206,10.35006391995389,10.039099121813209,0.3293479382991791,0.1604437530040741,-0.18885545432567596,-0.21693658828735352,-0.3886283040046692,0.6526927351951599,0.8643429279327393,0.04930063709616661,0.09472563117742538,0.08181560039520264,0.9909090399742126,1.1911380290985107,0.8063106536865234,0.19980396330356598,0.1604437530040741,-0.18885545432567596,-0.21693658828735352,0.17136868834495544,-0.2001195251941681,-0.19193655252456665,0.1839211881160736,-0.2095358967781067,-0.16693657636642456,0.1977921724319458,-0.2168726921081543,-0.1419365406036377,0.21264013648033142,-0.2219492495059967,-0.1169365644454956,0.22809943556785583,-0.22464057803153992,-0.09193658828735352,0.2437894344329834,-0.2248803973197937,-0.06693655252456665,0.25932374596595764,-0.2226628065109253,-0.04193657636642456,0.27431991696357727,-0.21804243326187134,-0.02700406312942505,0.28840869665145874,-0.21113300323486328,-0.02700406312942505,1.5707963705062866,1.5707963705062866,0.6739767789840698,0.021362630650401115,14.992676004579549,14.998701695839033,-1.8928428642920465,29452.0
2.46,0.0097,1,1,-0.6149634718894958,0.2963070273399353,0.8442236185073853,-0.4446823298931122,0.09152254462242126,0.6145312786102295,-0.35522380471229553,0.6385003924369812,0.8225349187850952,0.9892438650131226,0.06056062504649162,0.10412272810935974,0.08297895640134811,1.0500521269900265,0.5597968606088194,0.20996207237946354,8.03679084094489,11.300518892177623,10.3860364051163,0.3516972064971924,0.17028114199638367,-0.20478448271751404,-0.22969233989715576,-0.35522380471229553,0.6385003924369812,0.8225349187850952,0.06056062504649162,0.10412272810935974,0.08297895640134811,0.9892438650131226,1.0500521659851074,0.5597968697547913,0.20996206998825073,0.17028114199638367,-0.20478448271751404,-0.22969233989715576,0.18155190348625183,-0.21570250391960144,-0.2046923041343689,0.19439184665679932,-0.2247229516506195,-0.1796923279762268,0.20848482847213745,-0.23162373900413513,-0.15469229221343994,0.2234838306903839,-0.23623494803905487,-0.12969231605529785,0.239019513130188,-0.2384430170059204,-0.10469233989715576,0.2547093629837036,-0.2381935864686966,-0.0796923041343689,0.2701670229434967,-0.2354927957057953,-0.05469232797622681,0.2850118577480316,-0.23040714859962463,-0.04472231864929199,0.29887837171554565,-0.22306185960769653,-0.04472231864929199,1.5707963705062866,1.5707963705062866,0.6582473516464233,0.021362630650401115,14.996338002289775,14.999350847919516,-1.1989682976858906,29452.0
2.4806,0.01,1,1,-0.6228251457214355,0.3128136396408081,0.8477919101715088,-0.442524790763855,0.08915382623672485,0.6196308732032776,-0.32531288266181946,0.632993221282959,0.7144073247909546,0.9879216551780701,0.06937997788190842,0.10994859039783478,0.08429970592260361,0.9238429255603537,0.46178477603722856,0.21621357672231553,9.14981952401983,11.861332283583524,10.70698538496758,0.36686426401138306,0.18030035495758057,-0.22365981340408325,-0.2281610369682312,-0.32531288266181946,0.632993221282959,0.7144073247909546,0.06937997788190842,0.10994859039783478,0.08429970592260361,0.9879216551780701,0.9238429069519043,0.4617847800254822,0.21621358394622803,0.18030035495758057,-0.22365981340408325,-0.2281610369682312,0.1919150948524475,-0.23421114683151245,-0.20316100120544434,0.2050374448299408,-0.24281564354896545,-0.17816102504730225,0.21934428811073303,-0.24926140904426575,-0.15316098928451538,0.23448330163955688,-0.25338971614837646,-0.1281610131263733,0.25008174777030945,-0.25509896874427795,-0.1031610369682312,0.2657555341720581,-0.254347026348114,-0.07816100120544434,0.2811187505722046,-0.2511523962020874,-0.053161025047302246,0.2957930266857147,-0.24559378623962402,-0.04829061031341553,0.30941709876060486,-0.23780804872512817,-0.04829061031341553,1.5707963705062866,1.5707963705062866,0.7688349485397339,0.021362630650401115,14.998169001144888,14.999675423959758,-0.5570703379833306,29452.0
2.5003,0.0086,1,1,-0.36253416538238525,-0.23492296040058136,0.83626389503479,-0.44036659598350525,0.08692941069602966,0.6245638728141785,0.5342879295349121,-0.9803938269615173,0.3002505302429199,0.9707071185112,0.16380365192890167,0.14952698349952698,0.09238903969526291,0.6972653079161018,0.29679838452886176,0.06672799782545727,20.974547036071925,15.07163399584915,13.679253545020579,0.39301878213882446,-0.07783243060112,0.3218523859977722,-0.21170002222061157,0.5342879295349121,-0.9803938269615173,0.3002505302429199,0.16380365192890167,0.14952698349952698,0.09238903969526291,0.9707071185112,0.6972653269767761,0.29679837822914124,0.06672799587249756,-0.07783243060112,0.3218523859977722,-0.21170002222061157,-0.06589627265930176,0.3116660416126251,-0.18670004606246948,-0.052513569593429565,0.3034723401069641,-0.1617000699043274,-0.038013845682144165,0.2974730432033539,-0.13670003414154053,-0.022754162549972534,0.29381585121154785,-0.11170005798339844,-0.007110238075256348,0.29259082674980164,-0.08670002222061157,0.008532732725143433,0.2938281297683716,-0.06170004606246948,0.023789525032043457,0.29749733209609985,-0.03676259517669678,0.0382845401763916,0.3035080134868622,-0.03676259517669678,0.051660776138305664,0.31171220541000366,-0.03676259517669678,-1.5707963705062866,-1.5707963705062866,-1.5707963705062866,0.021362630650401115,-0.000915499427556199,-0.0001622880201210819,5.387465982122663,29452.0
2.5215,0.0096,1,1,-0.35471928119659424,-0.24066486954689026,0.8256288170814514,-0.4380900263786316,0.08472560346126556,0.6296069025993347,0.569774329662323,-0.9780518412590027,0.17274262011051178,0.9694976806640625,0.1675380915403366,0.15313902497291565,0.09247509390115738,0.11515957961936577,0.16840044751255068,-0.001698678055806977,21.492102254120933,15.423389235039796,13.841555447180667,0.38891416788101196,-0.08337074518203735,0.32539045810699463,-0.1960219144821167,0.569774329662323,-0.9780518412590027,0.17274262011051178,0.1675380915403366,0.15313902497291565,0.09247509390115738,0.9694976806640625,0.11515957862138748,0.16840045154094696,-0.0016986780101433396,-0.08337074518203735,0.32539045810699463,-0.1960219144821167,-0.07111787796020508,0.3155874013900757,-0.1710219383239746,-0.05748230218887329,0.3078218102455139,-0.14602190256118774,-0.042799800634384155,0.3022848665714264,-0.12102192640304565,-0.027431905269622803,0.2991129755973816,-0.09602189064025879,-0.0117570161819458,0.2983841896057129,-0.0710219144821167,0.003838866949081421,0.3001164495944977,-0.04602193832397461,0.018971800804138184,0.30426713824272156,-0.026127517223358154,0.03326907753944397,0.3107340335845947,-0.026127517223358154,0.04637870192527771,0.31935790181159973,-0.026127517223358154,-1.5707963705062866,-1.5707963705062866,-1.5707963705062866,0.021362630650401115,-7.500457749713778,-7.5000811440100605,5.712069786442845,29452.0
2.5405,0.0103,1,1,-0.34280723333358765,-0.260692834854126,0.8285322189331055,-0.4357530474662781,0.08260228484869003,0.6346324682235718,0.6213809251785278,-1.0247005224227905,0.11713003367185593,0.9693873524665833,0.1672600954771042,0.15400518476963043,0.0926961898803711,-1.0873369148833538,-0.4382453614781272,-0.042523999738705014,21.48040371068654,15.51987389153052,13.88567404113711,0.4050772488117218,-0.09294581413269043,0.3432951271533966,-0.1938997507095337,0.6213809251785278,-1.0247005224227905,0.11713003367185593,0.1672600954771042,0.15400518476963043,0.0926961898803711,0.9693873524665833,-1.0873368978500366,-0.43824535608291626,-0.04252399876713753,-0.09294581413269043,0.3432951271533966,-0.1938997507095337,-0.08038952946662903,0.33388376235961914,-0.16889971494674683,-0.06651559472084045,0.32655254006385803,-0.14389973878860474,-0.05166563391685486,0.3214819133281708,-0.11889976263046265,-0.0362052321434021,0.3187967836856842,-0.09389972686767578,-0.02051517367362976,0.31856322288513184,-0.06889975070953369,-0.004981726408004761,0.3207870125770569,-0.043899714946746826,0.010012596845626831,0.32541340589523315,-0.029030919075012207,0.024098604917526245,0.3323284685611725,-0.029030919075012207,0.036929428577423096,0.341361939907074,-0.029030919075012207,-1.5707963705062866,-1.5707963705062866,-1.5707963705062866,0.021362630650401115,-11.250228874856889,-11.25004057200503,5.800306974355736,29452.0
2.5598,0.0086,1,1,-0.33159828186035156,-0.2757973074913025,0.8219955563545227,-0.4334109425544739,0.08060400933027267,0.6395326256752014,0.6646725535392761,-1.05284583568573,0.014793973416090012,0.9724171161651611,0.15544703602790833,0.1466323733329773,0.09347767382860184,-2.5424890000300038,-1.7740055048220302,0.0569094263902287,19.944495088542354,14.83960517664563,13.605270514791583,0.413134902715683,-0.10181266069412231,0.35640132427215576,-0.1824629306793213,0.6646725535392761,-1.05284583568573,0.014793973416090012,0.15544703602790833,0.1466323733329773,0.09347767382860184,0.9724171161651611,-2.5424890518188477,-1.7740055322647095,0.05690942704677582,-0.10181266069412231,0.35640132427215576,-0.1824629306793213,-0.08897262811660767,0.34738096594810486,-0.1574629545211792,-0.07487958669662476,0.3404802978038788,-0.1324629783630371,-0.05988055467605591,0.3358691930770874,-0.10746294260025024,-0.04434484243392944,0.3336612582206726,-0.08246296644210815,-0.028655022382736206,0.33391082286834717,-0.05746293067932129,-0.013197392225265503,0.3366117477416992,-0.0324629545211792,0.0016474127769470215,0.3416975140571594,-0.022494256496429443,0.015513867139816284,0.3490428924560547,-0.022494256496429443,0.02806052565574646,0.3584670424461365,-0.022494256496429443,-1.5707963705062866,-1.5707963705062866,-1.4174091815948486,0.03380827233195305,-13.125114437428444,-13.125020286002515,5.239499921664707,29452.0
2.5803,0.0091,1,1,-0.31781983375549316,-0.2972779870033264,0.821738600730896,-0.4309164881706238,0.0786074846982956,0.6446179151535034,0.7137457132339478,-1.095655918121338,-0.0392131544649601,0.9788133502006531,0.13101615011692047,0.12543503940105438,0.09499028325080872,-3.631445183435153,-2.7857120402775237,0.08991059873275846,16.702082418636678,12.748062906402991,12.9648906797684,0.43064194917678833,-0.11309665441513062,0.3758854866027832,-0.17712068557739258,0.7137457132339478,-1.095655918121338,-0.0392131544649601,0.13101615011692047,0.12543503940105438,0.09499028325080872,0.9788133502006531,-3.6314451694488525,-2.7857120037078857,0.0899105966091156,-0.11309665441513062,0.3758854866027832,-0.17712068557739258,-0.09997501969337463,0.36727991700172424,-0.1521207094192505,-0.08566871285438538,0.36083298921585083,-0.12712067365646362,-0.07053002715110779,0.35670343041419983,-0.10212069749832153,-0.05493173003196716,0.35499292612075806,-0.07712072134017944,-0.03925785422325134,0.3557435870170593,-0.05212068557739258,-0.023894399404525757,0.35893693566322327,-0.02712070941925049,-0.00921967625617981,0.36449435353279114,-0.022237300872802734,0.0044050514698028564,0.37227898836135864,-0.022237300872802734,0.01664423942565918,0.3820991516113281,-0.022237300872802734,-1.5707963705062866,-1.5707963705062866,-1.2292070388793945,0.06825507432222366,-14.062557218714222,-14.062510143001258,3.958740251618325,29452.0
2.5998,0.0086,1,1,-0.3031197786331177,-0.3195562958717346,0.8204590082168579,-0.42844095826148987,0.0767507255077362,0.6495431065559387,0.7572817802429199,-1.1330527067184448,-0.08601822704076767,0.9860381484031677,0.09762363135814667,0.09422540664672852,0.09652955830097198,-4.003437921342402,-3.338600794176732,0.11518195849490084,12.340005433110576,9.611843644458308,12.223949269154366,0.44941839575767517,-0.1253211796283722,0.3963070213794708,-0.1709159016609192,0.7572817802429199,-1.1330527067184448,-0.08601822704076767,0.09762363135814667,0.09422540664672852,0.09652955830097198,0.9860381484031677,-4.0034379959106445,-3.3386008739471436,0.11518196016550064,-0.1253211796283722,0.3963070213794708,-0.1709159016609192,-0.11193954944610596,0.38811159133911133,-0.14591586589813232,-0.09744063019752502,0.3821103870868683,-0.12091588973999023,-0.0821814239025116,0.37845122814178467,-0.09591585397720337,-0.06653764843940735,0.3772241473197937,-0.07091587781906128,-0.05089452862739563,0.3784594237804413,-0.04591590166091919,-0.035637229681015015,0.3821266293525696,-0.02095770835876465,-0.021141469478607178,0.3881354331970215,-0.02095770835876465,-0.0077641308307647705,0.3963378965854645,-0.02095770835876465,0.004165351390838623,0.40653204917907715,-0.02095770835876465,-1.5707963705062866,-1.5707963705062866,-1.1609339714050293,0.09674989432096481,-14.531278609357111,-14.53125507150063,2.476857430390281,33452.0
2.6199,0.0096,1,1,-0.42112165689468384,-0.30083876848220825,0.5970209836959839,-0.4258217513561249,0.07491209357976913,0.6546365022659302,0.4918009638786316,-0.891098141670227,-1.2581167221069336,0.9752746820449829,0.08250471204519272,0.03813914954662323,0.20143422484397888,-3.656685558982488,-3.2330469370036594,0.1449259974392904,10.162704328018727,2.35860218470938,23.549378708518812,0.3801714777946472,-0.00470009446144104,0.375750869512558,0.05761551856994629,0.4918009638786316,-0.891098141670227,-1.2581167221069336,0.08250471204519272,0.03813914954662323,0.20143422484397888,0.9752746820449829,-3.6566855907440186,-3.2330470085144043,0.14492599666118622,-0.00470009446144104,0.375750869512558,0.05761551856994629,0.008936911821365356,0.36798781156539917,0.08261549472808838,0.023620426654815674,0.3624536097049713,0.10761553049087524,0.03898891806602478,0.35928454995155334,0.13261550664901733,0.05466392636299133,0.35855868458747864,0.1576155424118042,0.07025951147079468,0.3602938652038574,0.1826155185699463,0.08539167046546936,0.36444735527038574,0.20248031616210938,0.09968775510787964,0.3709169030189514,0.20248031616210938,0.11279577016830444,0.3795432150363922,0.20248031616210938,0.12439295649528503,0.39011386036872864,0.20248031616210938,-1.5707963705062866,-1.0380775928497314,-0.26907336711883545,0.20000000298023224,-14.765639304678555,-14.765627535750316,25.12771630911917,37452.0
2.6398,0.0091,1,1,-0.4697950780391693,-0.1909009963274002,0.5394930839538574,-0.42323580384254456,0.07321567088365555,0.6595589518547058,0.16346679627895355,-0.5296104550361633,-1.248189926147461,0.9872331023216248,0.01519260834902525,-0.012307259254157543,0.15807127952575684,-3.0243437908057467,-2.6973187942205947,-0.08779087230786671,1.4965930694320406,-1.667731604771001,18.171634405479402,0.2938387095928192,0.046559274196624756,0.26411667466163635,0.12006586790084839,0.16346679627895355,-0.5296104550361633,-1.248189926147461,0.01519260834902525,-0.012307259254157543,0.15807127952575684,0.9872331023216248,-3.024343729019165,-2.6973187923431396,-0.08779086917638779,0.046559274196624756,0.26411667466163635,0.12006586790084839,0.06042984127998352,0.2567790150642395,0.14506584405899048,0.07527747750282288,0.2517015337944031,0.17006587982177734,0.09073659777641296,0.24900925159454346,0.19506585597991943,0.10642656683921814,0.24876846373081207,0.2200658917427063,0.12196105718612671,0.2509850859642029,0.2450658679008484,0.13695749640464783,0.2556045353412628,0.26000821590423584,0.15104669332504272,0.26251310110092163,0.26000821590423584,0.16388168931007385,0.2715406119823456,0.26000821590423584,0.1751464307308197,0.2824648320674896,0.26000821590423584,-1.5707963705062866,0.5172194242477417,0.27317988872528076,0.20000000298023224,-14.882819652339277,0.11718623212484225,14.37222770304034,41452.0
2.6599,0.0097,1,1,-0.47084447741508484,-0.18702881038188934,0.5350043177604675,-0.4205511510372162,0.07157198339700699,0.6645691394805908,0.14433567225933075,-0.5036379098892212,-1.200844645500183,0.989298939704895,-0.01141347736120224,-0.041711367666721344,0.1393394023180008,-2.26176545584086,-2.031212537637447,0.06583586382741594,-1.96648820666421,-4.551166158789049,16.112477685736582,0.2935827672481537,0.05029332637786865,0.25860080122947693,0.1295648217201233,0.14433567225933075,-0.5036379098892212,-1.200844645500183,-0.01141347736120224,-0.041711367666721344,0.1393394023180008,0.989298939704895,-2.261765480041504,-2.031212568283081,0.0658358633518219,0.05029332637786865,0.25860080122947693,0.1295648217201233,0.06438794732093811,0.2517033517360687,0.15456479787826538,0.07938805222511292,0.24709570407867432,0.17956483364105225,0.09492424130439758,0.24489133059978485,0.20456480979919434,0.11061403155326843,0.24514448642730713,0.22956478595733643,0.126071035861969,0.24784895777702332,0.2545648217201233,0.1409146785736084,0.2529381513595581,0.26449698209762573,0.15477943420410156,0.26028671860694885,0.26449698209762573,0.16732391715049744,0.26971375942230225,0.26449698209762573,0.17823925614356995,0.28098708391189575,0.26449698209762573,-1.5707963705062866,0.6125584840774536,0.2641407251358032,0.20000000298023224,-14.94140982616964,7.558593116062421,10.253914263554684,44230.0
2.68,0.0099,1,1,-0.4680383503437042,-0.19788649678230286,0.5217299461364746,-0.4177953004837036,0.07000217586755753,0.6696170568466187,0.131051167845726,-0.5062534809112549,-1.1774203777313232,0.9884676933288574,-0.029610292986035347,-0.06087501347064972,0.1354513168334961,-1.5772033597454092,-0.7900796676986713,0.016132546671291634,-4.330335288138266,-6.449328032266225,15.849530027242286,0.3100956082344055,0.05024304986000061,0.2678886651992798,0.14788711071014404,0.131051167845726,-0.5062534809112549,-1.1774203777313232,-0.029610292986035347,-0.06087501347064972,0.1354513168334961,0.9884676933288574,-1.577203392982483,-0.790079653263092,0.016132546588778496,0.05024304986000061,0.2678886651992798,0.14788711071014404,0.06454929709434509,0.2614416778087616,0.1728871464729309,0.07968798279762268,0.25731202960014343,0.197887122631073,0.0952862799167633,0.2556014358997345,0.2228870987892151,0.11096012592315674,0.256352037191391,0.24788713455200195,0.1263236105442047,0.25954529643058777,0.27288711071014404,0.14099839329719543,0.2651026248931885,0.27777135372161865,0.1546231508255005,0.2728872001171112,0.27777135372161865,0.1668623685836792,0.2827073037624359,0.27777135372161865,0.17741471529006958,0.29432111978530884,0.27777135372161865,-1.5707963705062866,0.4843050241470337,0.24614214897155762,0.20000000298023224,-14.97070491308482,11.279296558031211,9.728018946566106,44230.0
2.7001,0.0096,1,1,-0.46928131580352783,-0.19736137986183167,0.5344266891479492,-0.4150095283985138,0.06852994114160538,0.6746320724487305,0.11795622855424881,-0.47945114970207214,-1.0181316137313843,0.987937331199646,-0.04451286792755127,-0.06624430418014526,0.13269533216953278,-1.1565329639595283,0.9807979544230608,-0.10514027657816169,-6.101419975808901,-6.8388448599285825,15.664738274218738,0.3054524064064026,0.05427178740501404,0.26589131355285645,0.14020538330078125,0.11795622855424881,-0.47945114970207214,-1.0181316137313843,-0.04451286792755127,-0.06624430418014526,0.13269533216953278,0.987937331199646,-1.1565330028533936,0.9807979464530945,-0.10514027625322342,0.05427178740501404,0.26589131355285645,0.14020538330078125,0.06877407431602478,0.25989824533462524,0.16520535945892334,0.08403533697128296,0.2562475800514221,0.1902053952217102,0.09967976808547974,0.25502926111221313,0.2152053713798523,0.11532220244407654,0.2562732994556427,0.24020540714263916,0.1305774450302124,0.2599489986896515,0.26507461071014404,0.14506986737251282,0.26596590876579285,0.26507461071014404,0.15844258666038513,0.27417585253715515,0.26507461071014404,0.17036637663841248,0.28437668085098267,0.26507461071014404,0.1805475950241089,0.2963171899318695,0.26507461071014404,-1.5707963705062866,0.3282177448272705,0.20367300510406494,0.20000000298023224,-14.98535245654241,13.139648279015606,9.35843544051901,44230.0
2.7202,0.0095,1,1,-0.46732470393180847,-0.20750932395458221,0.5212047696113586,-0.41218844056129456,0.06715075671672821,0.6796300411224365,0.09403583407402039,-0.4682044982910156,-0.9772835373878479,0.9884057641029358,-0.05715881288051605,-0.05597950145602226,0.129039466381073,-1.128513446656641,2.0010720788424208,-0.11183737770565438,-7.355741858740443,-5.503665819807629,15.230164051222452,0.32183337211608887,0.055136263370513916,0.2746600806713104,0.15842527151107788,0.09403583407402039,-0.4682044982910156,-0.9772835373878479,-0.05715881288051605,-0.05597950145602226,0.129039466381073,0.9884057641029358,-1.1285134553909302,2.0010721683502197,-0.11183737963438034,0.055136263370513916,0.2746600806713104,0.15842527151107788,0.06981956958770752,0.2691252827644348,0.18342524766921997,0.08518791198730469,0.2659556269645691,0.20842528343200684,0.10086292028427124,0.26522910594940186,0.23342525959014893,0.11645856499671936,0.2669636309146881,0.258425235748291,0.13159087300300598,0.2711165249347687,0.2782965302467346,0.14588722586631775,0.277585506439209,0.2782965302467346,0.1589955985546112,0.2862112820148468,0.2782965302467346,0.17059320211410522,0.296781450510025,0.2782965302467346,0.1803945004940033,0.3090357482433319,0.2782965302467346,-1.5707963705062866,0.038771986961364746,0.19730401039123535,0.20000000298023224,-14.992676228271204,7.680559747619032,8.489286994526429,44230.0
2.7398,0.0099,1,1,-0.46667954325675964,-0.21475479006767273,0.5342348217964172,-0.40934476256370544,0.06586916744709015,0.684594452381134,0.07575910538434982,-0.448102205991745,-0.837253749370575,0.9898292422294617,-0.07073693722486496,-0.03594755381345749,0.11806833744049072,-1.12935127713558,2.433063172948065,-0.0065954557588249405,-8.554161801226769,-3.1218895536742197,13.837888250070105,0.3234889507293701,0.0573347806930542,0.2806239724159241,0.1503596305847168,0.07575910538434982,-0.448102205991745,-0.837253749370575,-0.07073693722486496,-0.03594755381345749,0.11806833744049072,0.9898292422294617,-1.129351258277893,2.433063268661499,-0.006595455575734377,0.0573347806930542,0.2806239724159241,0.1503596305847168,0.07218354940414429,0.2755497992038727,0.17535966634750366,0.08764329552650452,0.27286097407341003,0.20035964250564575,0.10333332419395447,0.2726236581802368,0.22535967826843262,0.11886730790138245,0.2748437523841858,0.2503596544265747,0.13386273384094238,0.27946656942367554,0.265266478061676,0.14795035123825073,0.28637826442718506,0.265266478061676,0.16078335046768188,0.2954086363315582,0.265266478061676,0.17204564809799194,0.3063353896141052,0.265266478061676,0.18145999312400818,0.3188893795013428,0.265266478061676,-1.5707963705062866,0.00976109504699707,0.09800660610198975,0.20000000298023224,-14.996338114135602,4.119914648619008,5.7047353922217505,44230.0
2.76,0.0097,1,1,-0.46413394808769226,-0.2288123369216919,0.5187576413154602,-0.4064347743988037,0.06466593593358994,0.6896063685417175,0.06158514320850372,-0.4302719831466675,-0.8019589781761169,0.9901154637336731,-0.08456473797559738,-0.012450476177036762,0.11118979007005692,-1.025514226759227,2.021669099871148,0.01396412392974886,-9.801154698232729,-0.33514481072195207,12.843631207184794,0.3444531559944153,0.05769917368888855,0.2934782803058624,0.17084872722625732,0.06158514320850372,-0.4302719831466675,-0.8019589781761169,-0.08456473797559738,-0.012450476177036762,0.11118979007005692,0.9901154637336731,-1.0255142450332642,2.0216691493988037,0.013964124023914337,0.05769917368888855,0.2934782803058624,0.17084872722625732,0.07270035147666931,0.28887414932250977,0.1958487629890442,0.08823707699775696,0.2866733968257904,0.22084873914718628,0.10392680764198303,0.28693023324012756,0.24584871530532837,0.11938318610191345,0.28963831067085266,0.27084875106811523,0.13422560691833496,0.2947309613227844,0.28074365854263306,0.14808866381645203,0.30208277702331543,0.28074365854263306,0.1606309413909912,0.3115127682685852,0.28074365854263306,0.17154362797737122,0.32278865575790405,0.28074365854263306,0.18055805563926697,0.33563289046287537,0.28074365854263306,-1.5707963705062866,-0.03207671642303467,0.12874948978424072,0.20000000298023224,-14.998169057067802,1.1410270884705733,3.716221306451091,44230.0
2.7802,0.0096,1,1,-0.46732020378112793,-0.22773849964141846,0.5484094023704529,-0.4035037159919739,0.06356044113636017,0.694592297077179,0.0609433650970459,-0.36247777938842773,-0.6566570997238159,0.9892651438713074,-0.09732066094875336,0.004685010761022568,0.10890020430088043,-0.7776271259156243,1.1014485394464928,-0.02140017839863019,-11.04736600755004,1.745838516074847,12.39500055649469,0.3321099877357483,0.06381648778915405,0.29129892587661743,0.14618289470672607,0.0609433650970459,-0.36247777938842773,-0.6566570997238159,-0.09732066094875336,0.004685010761022568,0.10890020430088043,0.9892651438713074,-0.7776271104812622,1.1014485359191895,-0.021400177851319313,0.06381648778915405,0.29129892587661743,0.14618289470672607,0.07895451784133911,0.287166953086853,0.17118287086486816,0.09455254673957825,0.2854539155960083,0.19618284702301025,0.11022654175758362,0.286202073097229,0.22118288278579712,0.1255905032157898,0.28939294815063477,0.2461828589439392,0.14026615023612976,0.294948011636734,0.2510918974876404,0.15389209985733032,0.3027304410934448,0.2510918974876404,0.1661328673362732,0.3125486373901367,0.2510918974876404,0.17668703198432922,0.3241608142852783,0.2510918974876404,0.18529468774795532,0.33728107810020447,0.2510918974876404,-1.5707963705062866,0.378151535987854,0.10806739330291748,0.20000000298023224,-14.999084528533901,8.070513544235286,2.818960005070911,44230.0
2.7997,0.0093,1,1,-0.4653053879737854,-0.23408368229866028,0.5258182883262634,-0.4005468487739563,0.06254969537258148,0.6995658278465271,0.0667436271905899,-0.3103531301021576,-0.6684877276420593,0.9885464906692505,-0.1057555079460144,0.012464819476008415,0.10693107545375824,-0.616661142257382,0.21244169173616587,-0.038604683819084246,-11.926319344941005,2.7088767976824975,12.064330118913373,0.3498188555240631,0.0647585391998291,0.29663336277008057,0.17374753952026367,0.0667436271905899,-0.3103531301021576,-0.6684877276420593,-0.1057555079460144,0.012464819476008415,0.10693107545375824,0.9885464906692505,-0.6166611313819885,0.21244169771671295,-0.03860468417406082,0.0647585391998291,0.29663336277008057,0.17374753952026367,0.08001828193664551,0.29297637939453125,0.19874751567840576,0.09566223621368408,0.29175156354904175,0.22374755144119263,0.11130517721176147,0.292989045381546,0.24874752759933472,0.1265619397163391,0.2966584265232086,0.27368301153182983,0.1410568654537201,0.3026692867279053,0.27368301153182983,0.154433012008667,0.31087368726730347,0.27368301153182983,0.1663610339164734,0.32106953859329224,0.27368301153182983,0.17654719948768616,0.3330058157444,0.27368301153182983,0.18474075198173523,0.3463886082172394,0.27368301153182983,-1.5707963705062866,0.3483179807662964,0.2173748016357422,0.20000000298023224,-14.99954226426695,11.535256772117643,2.1576191299082477,44230.0
2.8201,0.0096,1,1,-0.4644125699996948,-0.24038220942020416,0.5152789950370789,-0.39750492572784424,0.06161590293049812,0.7046303749084473,0.07332228869199753,-0.2586683928966522,-0.6180571913719177,0.9876161813735962,-0.11517512798309326,0.013412851840257645,0.10567444562911987,-0.5114228363839702,-0.0695753497944291,-0.0703990571972122,-13.000156657403641,2.9139232901802288,11.882667776819082,0.36267536878585815,0.06690764427185059,0.301998108625412,0.1893513798713684,0.07332228869199753,-0.2586683928966522,-0.6180571913719177,-0.11517512798309326,0.013412851840257645,0.10567444562911987,0.9876161813735962,-0.5114228129386902,-0.06957534700632095,-0.07039906084537506,0.06690764427185059,0.301998108625412,0.1893513798713684,0.08227601647377014,0.29882848262786865,0.2143513560295105,0.0979509949684143,0.2981019914150238,0.23935139179229736,0.11354666948318481,0.29983657598495483,0.26435136795043945,0.12867894768714905,0.3039894998073578,0.2842223048210144,0.14297530055046082,0.3104584813117981,0.2842223048210144,0.15608364343643188,0.3190842866897583,0.2842223048210144,0.16768121719360352,0.3296544849872589,0.2842223048210144,0.1774824857711792,0.3419088125228882,0.2842223048210144,0.185246080160141,0.3555455207824707,0.2842223048210144,-1.5707963705062866,0.3359256982803345,0.26190030574798584,0.20000000298023224,-14.999771132133475,13.26762838605882,1.7942944457196992,44230.0
2.8399,0.0091,1,1,-0.4683500826358795,-0.22853849828243256,0.5453004837036133,-0.394538551568985,0.06080591678619385,0.7095245718955994,0.07520074397325516,-0.12607410550117493,-0.39586013555526733,0.9871708154678345,-0.11935871094465256,0.01345694251358509,0.10518644005060196,-0.329986897770511,0.426840007925213,-0.05397540101134239,-13.481738245999805,2.962275905415932,11.81399496013779,0.3407900929450989,0.07381153106689453,0.2893444299697876,0.16422408819198608,0.07520074397325516,-0.12607410550117493,-0.39586013555526733,-0.11935871094465256,0.01345694251358509,0.10518644005060196,0.9871708154678345,-0.32998690009117126,0.42684000730514526,-0.05397539958357811,0.07381153106689453,0.2893444299697876,0.16422408819198608,0.08927008509635925,0.28664878010749817,0.18922406435012817,0.10496002435684204,0.2864046096801758,0.21422404050827026,0.12049496173858643,0.288617879152298,0.23922407627105713,0.13549241423606873,0.29323408007621765,0.25420081615448,0.149583101272583,0.30013957619667053,0.25420081615448,0.16242003440856934,0.3091643452644348,0.25420081615448,0.1736871600151062,0.32008612155914307,0.25420081615448,0.18310701847076416,0.3326359987258911,0.25420081615448,0.19044765830039978,0.34650495648384094,0.25420081615448,-1.5707963705062866,0.567621111869812,0.20841431617736816,0.20000000298023224,-14.999885566066737,14.13381419302941,1.6569488123571163,44230.0
2.8608,0.01,1,1,-0.468753844499588,-0.229559063911438,0.5284863114356995,-0.3914354145526886,0.060062211006879807,0.7146034240722656,0.08415938913822174,-0.061200350522994995,-0.42887672781944275,0.9868000745773315,-0.12351343780755997,0.02043604478240013,0.10271544009447098,-0.21854289392499654,1.0367977074027566,-0.07758501483230258,-13.891662332516518,3.767393798255517,11.425818720199699,0.3528430163860321,0.07731842994689941,0.2896212637424469,0.18611711263656616,0.08415938913822174,-0.061200350522994995,-0.42887672781944275,-0.12351343780755997,0.02043604478240013,0.10271544009447098,0.9868000745773315,-0.2185428887605667,1.0367977619171143,-0.07758501172065735,0.07731842994689941,0.2896212637424469,0.18611711263656616,0.09285512566566467,0.28742024302482605,0.21111708879470825,0.10854485630989075,0.28767678141593933,0.23611712455749512,0.12400126457214355,0.29038459062576294,0.2611171007156372,0.13884380459785461,0.2954769730567932,0.2710149884223938,0.15270698070526123,0.30282852053642273,0.2710149884223938,0.16524943709373474,0.312258243560791,0.2710149884223938,0.17616236209869385,0.32353395223617554,0.2710149884223938,0.1851769983768463,0.3363780081272125,0.2710149884223938,0.19207140803337097,0.35047411918640137,0.2710149884223938,-1.5707963705062866,0.20573151111602783,0.2681553363800049,0.20000000298023224,-14.999942783033369,12.960680746413292,0.8805963324808985,44230.0
2.8806,0.0092,1,1,-0.475583553314209,-0.20492658019065857,0.5432767271995544,-0.38839226961135864,0.059433501213788986,0.7195492386817932,0.09355558454990387,0.1351970136165619,-0.2837400436401367,0.9854324460029602,-0.1338883936405182,0.033179137855768204,0.0994681790471077,-0.18367985156893274,1.2578341523459078,-0.059995955192224885,-14.973473141931358,5.280222048426319,10.833249320361036,0.32948529720306396,0.08719128370285034,0.26436007022857666,0.17627251148223877,0.09355558454990387,0.1351970136165619,-0.2837400436401367,-0.1338883936405182,0.033179137855768204,0.0994681790471077,0.9854324460029602,-0.18367984890937805,1.2578341960906982,-0.05999595671892166,0.08719128370285034,0.26436007022857666,0.17627251148223877,0.10278886556625366,0.26264286041259766,0.20127248764038086,0.11846303939819336,0.2633867561817169,0.22627252340316772,0.13382786512374878,0.2665734887123108,0.2512724995613098,0.14850503206253052,0.2721245586872101,0.2562245726585388,0.1621330976486206,0.2799032926559448,0.2562245726585388,0.17437651753425598,0.2897181808948517,0.2562245726585388,0.18493381142616272,0.30132752656936646,0.2562245726585388,0.19354501366615295,0.314445436000824,0.2562245726585388,0.199998140335083,0.3287489712238312,0.2562245726585388,-1.5707963705062866,0.29511404037475586,0.3550992012023926,0.20000000298023224,-14.999971391516684,13.980340373206646,-0.3045424671963865,44230.0
2.9005,0.0095,1,1,-0.4762711226940155,-0.2016034722328186,0.5347015261650085,-0.3852508068084717,0.05888696759939194,0.7246242761611938,0.10746418684720993,0.199762761592865,-0.2719177007675171,0.9848562479019165,-0.13669875264167786,0.04536239802837372,0.09649837017059326,-0.07399827779856226,1.2123767888574,-0.05615511097859898,-15.204490006591149,6.645922229448586,10.3041840092834,0.33497855067253113,0.09102031588554382,0.26049044728279114,0.1899227499961853,0.10746418684720993,0.199762761592865,-0.2719177007675171,-0.13669875264167786,0.04536239802837372,0.09649837017059326,0.9848562479019165,-0.07399827986955643,1.2123768329620361,-0.05615511164069176,0.09102031588554382,0.26049044728279114,0.1899227499961853,0.10666468739509583,0.2592713534832001,0.21492278575897217,0.1223071813583374,0.26051461696624756,0.23992276191711426,0.1375626027584076,0.26418960094451904,0.2647997736930847,0.15205532312393188,0.2702057957649231,0.2647997736930847,0.16542845964431763,0.27841508388519287,0.2647997736930847,0.17735272645950317,0.28861531615257263,0.2647997736930847,0.18753451108932495,0.30055534839630127,0.2647997736930847,0.19572314620018005,0.3139411509037018,0.2647997736930847,0.20171692967414856,0.32844310998916626,0.2647997736930847,-1.5707963705062866,0.12290477752685547,0.40501081943511963,0.20000000298023224,-14.999985695758342,10.511132703744895,-1.3626730893516803,44230.0
2.9198,0.0096,1,1,-0.4836595058441162,-0.15964168310165405,0.5695236921310425,-0.3821662664413452,0.058449991047382355,0.7295827269554138,0.11696915328502655,0.4629487097263336,-0.06376496702432632,0.9829655289649963,-0.14681950211524963,0.05722763389348984,0.09458265453577042,0.04175082581760617,0.9426821271115743,-0.015961500989092093,-16.29518109371115,8.06397600693501,9.835955933022156,0.2889355421066284,0.101493239402771,0.2180916666984558,0.16005903482437134,0.11696915328502655,0.4629487097263336,-0.06376496702432632,-0.14681950211524963,0.05722763389348984,0.09458265453577042,0.9829655289649963,0.04175082594156265,0.942682147026062,-0.015961501747369766,0.101493239402771,0.2180916666984558,0.16005903482437134,0.11716803908348083,0.2173605114221573,0.1850590705871582,0.13276419043540955,0.21909041702747345,0.2100590467453003,0.14789775013923645,0.22323881089687347,0.22997760772705078,0.16219601035118103,0.22970353066921234,0.22997760772705078,0.17530694603919983,0.23832541704177856,0.22997760772705078,0.18690767884254456,0.24889212846755981,0.22997760772705078,0.19671261310577393,0.2611435353755951,0.22997760772705078,0.20448029041290283,0.27477791905403137,0.22997760772705078,0.21001943945884705,0.28945958614349365,0.22997760772705078,-0.1799609661102295,0.8014603853225708,0.6100538969039917,0.20000000298023224,-12.655494765485667,12.755566351872448,-2.2991292418741613,44230.0
2.9405,0.0094,1,1,-0.48111334443092346,-0.14967826008796692,0.5685178637504578,-0.3790406882762909,0.05810659006237984,0.7345873713493347,0.13834567368030548,0.5334100723266602,-0.03710632026195526,0.9825596213340759,-0.1469874531030655,0.06544674932956696,0.09319836646318436,0.11854148627576536,0.5576774171447935,-0.006941322882277323,-16.264872410774004,8.975299177131943,9.551729518042416,0.2849077880382538,0.10207265615463257,0.20778484642505646,0.16606950759887695,0.13834567368030548,0.5334100723266602,-0.03710632026195526,-0.1469874531030655,0.06544674932956696,0.09319836646318436,0.9825596213340759,0.11854148656129837,0.5576773881912231,-0.006941322702914476,0.10207265615463257,0.20778484642505646,0.16606950759887695,0.11776265501976013,0.20754685997962952,0.19106948375701904,0.13329672813415527,0.20976625382900238,0.2160695195198059,0.14829236268997192,0.2143883854150772,0.2309834361076355,0.16238033771514893,0.2212994545698166,0.2309834361076355,0.17521369457244873,0.23032927513122559,0.2309834361076355,0.18647649884223938,0.2412554919719696,0.2309834361076355,0.19589141011238098,0.2538090944290161,0.2309834361076355,0.20322656631469727,0.26768094301223755,0.2309834361076355,0.2083013951778412,0.2825295031070709,0.2309834361076355,0.6466830968856812,0.7295056581497192,0.6806904077529907,0.20000000298023224,1.1722526172571666,13.877783175936223,-2.8675820718336476,44230.0
2.9597,0.0099,1,1,-0.5012490153312683,-0.09278710186481476,0.5851926803588867,-0.37591660022735596,0.0578622967004776,0.7395749092102051,0.07387755811214447,0.832054615020752,0.09520350396633148,0.9811479449272156,-0.15674395859241486,0.06606423854827881,0.09172593057155609,0.2514164051439598,0.3826992447006129,-0.005630549323551249,-17.41171773324464,9.113606652381051,9.283495715163001,0.24947410821914673,0.12533241510391235,0.15064939856529236,0.15438222885131836,0.07387755811214447,0.832054615020752,0.09520350396633148,-0.15674395859241486,0.06606423854827881,0.09172593057155609,0.9811479449272156,0.25141641497612,0.38269925117492676,-0.005630549509078264,0.12533241510391235,0.15064939856529236,0.15438222885131836,0.14102217555046082,0.1509031355381012,0.17938220500946045,0.1564790904521942,0.15360815823078156,0.20438224077224731,0.1713225245475769,0.15869787335395813,0.21430861949920654,0.18518704175949097,0.16604694724082947,0.21430861949920654,0.19773119688034058,0.17547443509101868,0.21430861949920654,0.20864611864089966,0.1867481917142868,0.21430861949920654,0.21766304969787598,0.19959062337875366,0.21430861949920654,0.2245599925518036,0.21368548274040222,0.21430861949920654,0.22916707396507263,0.22868575155735016,0.21430861949920654,1.5707963705062866,1.5707963705062866,1.2351359128952026,0.20000000298023224,8.086126308628582,14.438891587968111,-3.404049677592491,44230.0
2.9795,0.0093,1,1,-0.505581259727478,-0.07302741706371307,0.5779575109481812,-0.37280479073524475,0.057716578245162964,0.744533121585846,0.08061172068119049,0.9172598719596863,0.05610822141170502,0.9814108610153198,-0.15505948662757874,0.06848418712615967,0.08998449146747589,1.0921270095780249,0.34421040838894706,-0.005346886777200932,-17.214777814538774,9.342056182651357,9.060301452839736,0.24994203448295593,0.13277646899223328,0.13074399530887604,0.1665756106376648,0.08061172068119049,0.9172598719596863,0.05610822141170502,-0.15505948662757874,0.06848418712615967,0.08998449146747589,0.9814108610153198,1.0921269655227661,0.3442104160785675,-0.0053468868136405945,0.13277646899223328,0.13074399530887604,0.1665756106376648,0.14845070242881775,0.13148631155490875,0.19157558679580688,0.16381585597991943,0.13467147946357727,0.21657562255859375,0.17849358916282654,0.14022108912467957,0.2215437889099121,0.1921224296092987,0.14799845218658447,0.2215437889099121,0.20436683297157288,0.15781208872795105,0.2215437889099121,0.21492531895637512,0.16942036151885986,0.2215437889099121,0.2235378623008728,0.18253742158412933,0.2215437889099121,0.22999241948127747,0.1968402862548828,0.2215437889099121,0.23413002490997314,0.2119767665863037,0.2215437889099121,1.5707963705062866,1.5707963705062866,1.2589257955551147,0.20000000298023224,11.543063154314291,14.719445793984056,-3.850438202239021,44230.0
2.9998,0.0092,1,1,-0.5247158408164978,0.008543437346816063,0.6062077879905701,-0.3696547746658325,0.057667866349220276,0.7495473027229309,0.04460201784968376,1.284447193145752,0.18109001219272614,0.9815503358840942,-0.15401269495487213,0.07144851237535477,0.08793328702449799,2.343525832886838,0.4438282459398012,0.03618379132560736,-17.092900248213997,9.633563467537932,8.78738537143114,0.21680258214473724,0.15506106615066528,0.049124427139759064,0.14333951473236084,0.04460201784968376,1.284447193145752,0.18109001219272614,-0.15401269495487213,0.07144851237535477,0.08793328702449799,0.9815503358840942,2.3435258865356445,0.4438282549381256,0.03618379309773445,0.15506106615066528,0.049124427139759064,0.14333951473236084,0.17070415616035461,0.05036011338233948,0.1683395504951477,0.18596133589744568,0.054027706384658813,0.1932935118675232,0.20045694708824158,0.06003689765930176,0.1932935118675232,0.21383404731750488,0.0682397112250328,0.1932935118675232,0.2257632613182068,0.07843418419361115,0.1932935118675232,0.23595082759857178,0.09036928415298462,0.1932935118675232,0.244145929813385,0.10375112295150757,0.1932935118675232,0.2501467168331146,0.11825021356344223,0.1932935118675232,0.2538054883480072,0.1335095316171646,0.1932935118675232,1.5707963705062866,1.5707963705062866,1.5707963705062866,0.20000000298023224,13.271531577157145,14.859722896992029,-4.396270365056169,44230.0
3.0195,0.0091,1,1,-0.5282682180404663,0.03233565762639046,0.6045613288879395,-0.36652880907058716,0.057717639952898026,0.7545232772827148,0.04114142060279846,1.3420960903167725,0.17309656739234924,0.9850783944129944,-0.1284775286912918,0.07626226544380188,0.08541753143072128,3.2106513501327467,0.5846454185807765,0.02402388933446803,-14.10699347589861,9.915586955013513,8.681677055647171,0.22201907634735107,0.16173940896987915,0.02538198232650757,0.1499619483947754,0.04114142060279846,1.3420960903167725,0.17309656739234924,-0.1284775286912918,0.07626226544380188,0.08541753143072128,0.9850783944129944,3.210651397705078,0.5846453905105591,0.024023888632655144,0.16173940896987915,0.02538198232650757,0.1499619483947754,0.1773362159729004,0.027106065303087234,0.17496198415756226,0.19247132539749146,0.031248804181814194,0.1949399709701538,0.20677199959754944,0.03770818933844566,0.1949399709701538,0.2198861539363861,0.046325165778398514,0.1949399709701538,0.2314908504486084,0.05688755586743355,0.1949399709701538,0.24130034446716309,0.06913527846336365,0.1949399709701538,0.2490731179714203,0.08276677131652832,0.1949399709701538,0.25461775064468384,0.09744635224342346,0.1949399709701538,0.2577977180480957,0.1128125786781311,0.1949399709701538,1.5707963705062866,1.5707963705062866,1.5707963705062866,0.20000000298023224,14.135765788578572,14.929861448496014,-4.607686996624142,44230.0
3.0403,0.009,1,1,-0.5295169949531555,0.051149338483810425,0.6068299412727356,-0.3633749485015869,0.057867057621479034,0.7595486640930176,0.02906578592956066,1.3596104383468628,0.20153462886810303,0.987632155418396,-0.10575142502784729,0.080128975212574,0.08352679014205933,3.4892488928236802,0.5309789941901537,0.053786216705405884,-11.455058444092314,10.133484782738947,8.649292466007191,0.2257682830095291,0.1661420464515686,0.00671771913766861,0.15271872282028198,0.02906578592956066,1.3596104383468628,0.20153462886810303,-0.10575142502784729,0.080128975212574,0.08352679014205933,0.987632155418396,3.4892489910125732,0.5309789776802063,0.05378621816635132,0.1661420464515686,0.00671771913766861,0.15271872282028198,0.18167665600776672,0.008933335542678833,0.17771869897842407,0.19667339324951172,0.013551823794841766,0.19267135858535767,0.21076303720474243,0.020459458231925964,0.19267135858535767,0.22359859943389893,0.02948615700006485,0.19267135858535767,0.23486408591270447,0.0404096394777298,0.19267135858535767,0.24428203701972961,0.05296095460653305,0.19267135858535767,0.2516205608844757,0.06683102250099182,0.19267135858535767,0.2566990256309509,0.08167833089828491,0.19267135858535767,0.25939229130744934,0.09713728725910187,0.19267135858535767,1.5707963705062866,1.5707963705062866,1.5353044271469116,0.20000000298023224,14.567882894289287,14.964930724248006,-4.672456175904069,44230.0
3.0603,0.01,1,1,-0.5516573190689087,0.14505144953727722,0.6349636316299438,-0.36022642254829407,0.058116063475608826,0.7645755410194397,-0.07686986029148102,1.6666103601455688,0.3366717994213104,0.9906867742538452,-0.07109107822179794,0.08266011625528336,0.08155368268489838,3.165071880708259,0.5346988310217491,0.04578919336033189,-7.433807921026124,10.100542416765023,8.754111228761435,0.246987447142601,0.19143089652061462,-0.0869353860616684,0.12961190938949585,-0.07686986029148102,1.6666103601455688,0.3366717994213104,-0.07109107822179794,0.08266011625528336,0.08155368268489838,0.9906867742538452,3.165071964263916,0.5346988439559937,0.045789193361997604,0.19143089652061462,-0.0869353860616684,0.12961190938949585,0.20688778162002563,-0.08423029631376266,0.15461194515228271,0.22173121571540833,-0.07914052158594131,0.16453766822814941,0.2355956733226776,-0.0717913806438446,0.16453766822814941,0.24813979864120483,-0.062363848090171814,0.16453766822814941,0.25905466079711914,-0.051090046763420105,0.16453766822814941,0.26807156205177307,-0.03824758529663086,0.16453766822814941,0.2749684453010559,-0.024152681231498718,0.16453766822814941,0.2795754671096802,-0.009152397513389587,0.16453766822814941,0.2817792296409607,0.006383910775184631,0.16453766822814941,1.5707963705062866,1.5707963705062866,1.5707963705062866,0.20000000298023224,14.783941447144644,14.982465362124003,-4.462818650395622,44230.0
3.0802,0.0103,1,1,-0.5540453791618347,0.16288548707962036,0.639254629611969,-0.35706984996795654,0.0584665946662426,0.769630491733551,-0.10972383618354797,1.6260344982147217,0.3642144799232483,0.9923087954521179,-0.038537558168172836,0.08487265557050705,0.08144230395555496,2.732635506068353,0.5466348194218617,0.030611517896401656,-3.648578780436345,10.062186207621057,9.062572501608596,0.2582644522190094,0.19697552919387817,-0.10441888868808746,0.13037586212158203,-0.10972383618354797,1.6260344982147217,0.3642144799232483,-0.038537558168172836,0.08487265557050705,0.08144230395555496,0.9923087954521179,2.732635498046875,0.5466347932815552,0.030611518770456314,0.19697552919387817,-0.10441888868808746,0.13037586212158203,0.21233871579170227,-0.10122432559728622,0.15537583827972412,0.2270130217075348,-0.09566575288772583,0.16024667024612427,0.24063712358474731,-0.08788004517555237,0.16024667024612427,0.25287553668022156,-0.07805891335010529,0.16024667024612427,0.26342689990997314,-0.06644419580698013,0.16024667024612427,0.27203142642974854,-0.05332186818122864,0.16024667024612427,0.2784772217273712,-0.03901505470275879,0.16024667024612427,0.2826055884361267,-0.023876041173934937,0.16024667024612427,0.2843148708343506,-0.008277595043182373,0.16024667024612427,1.5707963705062866,1.5707963705062866,1.5707963705062866,0.20000000298023224,14.89197072357232,14.991232681062002,-3.845896104701286,44230.0
3.1001,0.0096,1,1,-0.438997358083725,-0.16600997745990753,0.571297824382782,-0.3539682626724243,0.05891045555472374,0.7746173143386841,0.31184709072113037,0.29823124408721924,0.12970267236232758,0.9900648593902588,0.05344950780272484,0.10590880364179611,0.07547247409820557,2.246632042946485,0.5085312759409031,-0.040288350904989154,7.144852813313647,11.633184487894793,9.447190501048574,0.31489357352256775,0.08502909541130066,0.22492043673992157,0.2033194899559021,0.31184709072113037,0.29823124408721924,0.12970267236232758,0.05344950780272484,0.10590880364179611,0.07547247409820557,0.9900648593902588,2.2466320991516113,0.5085312724113464,-0.040288351476192474,0.08502909541130066,0.22492043673992157,0.2033194899559021,0.10028466582298279,0.22859473526477814,0.22820347547531128,0.11477765440940857,0.23461028933525085,0.22820347547531128,0.12815114855766296,0.24281901121139526,0.22820347547531128,0.14007586240768433,0.25301870703697205,0.22820347547531128,0.15025818347930908,0.26495829224586487,0.22820347547531128,0.15844738483428955,0.27834373712539673,0.22820347547531128,0.16444182395935059,0.2928454577922821,0.22820347547531128,0.16809388995170593,0.30810636281967163,0.22820347547531128,0.16931363940238953,0.32375073432922363,0.22820347547531128,-1.5707963705062866,-1.11557936668396,-0.130509614944458,0.20000000298023224,-0.05401463821383956,-0.0043836594689992125,-3.0766601058213148,44230.0
3.1201,0.01,1,1,-0.44423237442970276,-0.21048754453659058,0.5562921166419983,-0.35087326169013977,0.059452950954437256,0.7796184420585632,0.390295147895813,0.05214058980345726,0.04274525120854378,0.9874740839004517,0.0836585983633995,0.11118984967470169,0.0743706151843071,1.4515141405185745,0.47698763085702767,-0.02644493995313464,10.707187927724291,11.955428446032355,9.738468610262714,0.36257198452949524,0.09335911273956299,0.26994049549102783,0.22332632541656494,0.390295147895813,0.05214058980345726,0.04274525120854378,0.0836585983633995,0.11118984967470169,0.0743706151843071,0.9874740839004517,1.4515141248703003,0.4769876301288605,-0.026444939896464348,0.09335911273956299,0.26994049549102783,0.22332632541656494,0.10849171876907349,0.27409228682518005,0.24320918321609497,0.12278851866722107,0.2805601954460144,0.24320918321609497,0.13589751720428467,0.2891850471496582,0.24320918321609497,0.14749589562416077,0.2997543513774872,0.24320918321609497,0.15729808807373047,0.31200796365737915,0.24320918321609497,0.16506269574165344,0.3256440758705139,0.24320918321609497,0.170598566532135,0.3403269648551941,0.24320918321609497,0.17376935482025146,0.35569509863853455,0.24320918321609497,0.17449700832366943,0.37137001752853394,0.24320918321609497,-1.5707963705062866,-1.3177696466445923,-0.26040005683898926,0.20000000298023224,-7.52700731910692,-7.5021918297345,-2.494103887393038,44230.0
3.1399,0.01,1,1,-0.4187542498111725,-0.21970517933368683,0.5871514081954956,-0.3478327989578247,0.06008436530828476,0.7845609784126282,0.45919468998908997,-0.014476513490080833,0.09480665624141693,0.9861855506896973,0.09477418661117554,0.11442148685455322,0.07322369515895844,0.15311235489311226,-0.19015304742777703,-0.048874773411189724,12.029484387455994,12.227986811149123,9.78600963179358,0.349689245223999,0.07092145085334778,0.279789537191391,0.19740957021713257,0.45919468998908997,-0.014476513490080833,0.09480665624141693,0.09477418661117554,0.11442148685455322,0.07322369515895844,0.9861855506896973,0.15311235189437866,-0.19015304744243622,-0.04887477308511734,0.07092145085334778,0.279789537191391,0.19740957021713257,0.08591786026954651,0.28440919518470764,0.21234989166259766,0.10000696778297424,0.2913179397583008,0.21234989166259766,0.11284184455871582,0.30034559965133667,0.21234989166259766,0.12410643696784973,0.31126996874809265,0.21234989166259766,0.13352343440055847,0.323822021484375,0.21234989166259766,0.140860915184021,0.33769264817237854,0.21234989166259766,0.1459381878376007,0.35254037380218506,0.21234989166259766,0.148630291223526,0.36799952387809753,0.21234989166259766,0.14887088537216187,0.3836894929409027,0.21234989166259766,-1.5707963705062866,-1.5707963705062866,-0.424613356590271,0.20000000298023224,-11.26350365955346,-11.25109591486725,-2.399021844331292,44230.0
3.1601,0.0096,1,1,-0.4080386459827423,-0.22057263553142548,0.5726833939552307,-0.3447625935077667,0.06082294136285782,0.7895869612693787,0.5117658972740173,-0.05781636759638786,0.056324440985918045,0.9872618317604065,0.0916491374373436,0.10869962722063065,0.07139213383197784,-1.4370421236809205,-1.3931750668373533,-0.039726823389145946,11.572072752349932,11.627258460926956,9.454286122676425,0.36088016629219055,0.06327605247497559,0.2813955843448639,0.21690356731414795,0.5117658972740173,-0.05781636759638786,0.056324440985918045,0.0916491374373436,0.10869962722063065,0.07139213383197784,0.9872618317604065,-1.4370421171188354,-1.3931751251220703,-0.039726823568344116,0.06327605247497559,0.2813955843448639,0.21690356731414795,0.07811912894248962,0.28648641705513,0.22681790590286255,0.09198307991027832,0.2938365340232849,0.22681790590286255,0.10452648997306824,0.3032649755477905,0.22681790590286255,0.11544057726860046,0.3145395815372467,0.22681790590286255,0.12445655465126038,0.3273826837539673,0.22681790590286255,0.13135239481925964,0.3414780795574188,0.22681790590286255,0.13595837354660034,0.3564786911010742,0.22681790590286255,0.13816100358963013,0.3720151484012604,0.22681790590286255,0.13790607452392578,0.38770490884780884,0.22681790590286255,-1.5707963705062866,-1.5707963705062866,-0.24759304523468018,0.20000000298023224,-13.13175182977673,-13.125547957433625,-3.0624688625656162,44230.0
3.1801,0.0099,1,1,-0.42809736728668213,-0.2234683334827423,0.5994681119918823,-0.3417030870914459,0.061662208288908005,0.7946364283561707,0.49216383695602417,-0.0713060051202774,0.09046962112188339,0.9910362958908081,0.07309726625680923,0.08595037460327148,0.07151458412408829,-2.515854725968121,-2.4016237573313526,-0.015531504502774377,9.161994412379533,9.201372872449587,8.99359723902279,0.3561657667160034,0.0863942801952362,0.2851305305957794,0.19516831636428833,0.49216383695602417,-0.0713060051202774,0.09046962112188339,0.07309726625680923,0.08595037460327148,0.07151458412408829,0.9910362958908081,-2.515854835510254,-2.4016237258911133,-0.015531504526734352,0.0863942801952362,0.2851305305957794,0.19516831636428833,0.1010684072971344,0.2906896471977234,0.20003318786621094,0.11469221115112305,0.29847586154937744,0.20003318786621094,0.12693023681640625,0.30829745531082153,0.20003318786621094,0.1374811828136444,0.3199125826358795,0.20003318786621094,0.1460852026939392,0.3330352306365967,0.20003318786621094,0.1525304615497589,0.34734228253364563,0.20003318786621094,0.15665826201438904,0.3624814450740814,0.20003318786621094,0.15836697816848755,0.37807995080947876,0.20003318786621094,0.15761446952819824,0.39375370740890503,0.20003318786621094,-1.5707963705062866,-1.2343995571136475,-0.18748998641967773,0.20000000298023224,-14.065875914888366,-14.062773978716812,-3.9838466298728745,44230.0
3.2003,0.0098,1,1,-0.4123603105545044,-0.22632193565368652,0.6027647256851196,-0.3386934697628021,0.06259101629257202,0.7995012998580933,0.5530921816825867,-0.11590823531150818,0.1323712170124054,0.994570791721344,0.04847375303506851,0.05796158313751221,0.07153721898794174,-2.7594202487318253,-2.9251626118051246,0.0038383274743809133,6.046421633136746,6.220695483829948,8.556985802675369,0.3572153151035309,0.07366684079170227,0.28891295194625854,0.19673657417297363,0.5530921816825867,-0.11590823531150818,0.1323712170124054,0.04847375303506851,0.05796158313751221,0.07153721898794174,0.994570791721344,-2.759420156478882,-2.9251625537872314,0.003838327480480075,0.07366684079170227,0.28891295194625854,0.19673657417297363,0.08815857768058777,0.29493144154548645,0.19673657417297363,0.10153043270111084,0.30314284563064575,0.19673657417297363,0.11345309019088745,0.31334495544433594,0.19673657417297363,0.1236329972743988,0.3252865970134735,0.19673657417297363,0.131819486618042,0.3386737108230591,0.19673657417297363,0.13781100511550903,0.35317665338516235,0.19673657417297363,0.14145997166633606,0.3684383034706116,0.19673657417297363,0.14267659187316895,0.3840828835964203,0.19673657417297363,0.14143085479736328,0.39972516894340515,0.19673657417297363,-1.5707963705062866,-1.5707963705062866,-0.23060929775238037,0.20000000298023224,-14.532937957444183,-14.531386989358406,-4.8570695025677315,44230.0
3.2203,0.0097,1,1,-0.3998557925224304,-0.22304914891719818,0.6236878633499146,-0.3357234299182892,0.06361095607280731,0.7995012998580933,0.5864148736000061,-0.11184293776750565,0.2534332871437073,0.996981143951416,0.0206693597137928,0.028004352003335953,0.06939128786325455,-2.5605739943605137,-2.900502272743209,0.07289516318553782,2.588578406079025,3.036440162401346,8.031495762068515,0.34234097599983215,0.06413236260414124,0.2866601049900055,0.1758134365081787,0.5864148736000061,-0.11184293776750565,0.2534332871437073,0.0206693597137928,0.028004352003335953,0.06939128786325455,0.996981143951416,-2.5605740547180176,-2.9005022048950195,0.07289516180753708,0.06413236260414124,0.2866601049900055,0.1758134365081787,0.0784280002117157,0.29313066601753235,0.1758134365081787,0.09153538942337036,0.3017578721046448,0.1758134365081787,0.10313186049461365,0.31232932209968567,0.1758134365081787,0.11293178796768188,0.3245847225189209,0.1758134365081787,0.12069389224052429,0.3382222652435303,0.1758134365081787,0.12622708082199097,0.35290616750717163,0.1758134365081787,0.1293950378894806,0.36827486753463745,0.1758134365081787,0.13011983036994934,0.3839499354362488,0.1758134365081787,0.1283835768699646,0.39954543113708496,0.1758134365081787,-1.5707963705062866,-1.5707963705062866,-0.36433136463165283,0.20000000298023224,-14.766468978722092,-14.765693494679203,-5.908049583781432,44230.0
3.2396,0.0092,1,1,-0.3909679055213928,-0.22241301834583282,0.6032796502113342,-0.33284467458724976,0.06470073759555817,0.7995012998580933,0.57444167137146,-0.10647942125797272,0.1709524244070053,0.9977987408638,-0.0010811487445607781,-0.00016801725723780692,0.06629073619842529,-2.120268511331642,-2.606894088884153,0.14368656226796755,-0.12489422562055612,-0.010998184093697011,7.601942437537873,0.3525841236114502,0.058123230934143066,0.287113755941391,0.19622164964675903,0.57444167137146,-0.10647942125797272,0.1709524244070053,-0.0010811487445607781,-0.00016801725723780692,0.06629073619842529,0.9977987408638,-2.1202685832977295,-2.606894016265869,0.14368656277656555,0.058123230934143066,0.287113755941391,0.19622164964675903,0.07221296429634094,0.29402121901512146,0.19622164964675903,0.0850486159324646,0.303047776222229,0.19622164964675903,0.09631422162055969,0.3139711320400238,0.19622164964675903,0.10573232173919678,0.3265223205089569,0.19622164964675903,0.1130710244178772,0.3403923213481903,0.19622164964675903,0.11814963817596436,0.3552395701408386,0.19622164964675903,0.12084311246871948,0.3706985116004944,0.19622164964675903,0.12108507752418518,0.3863884508609772,0.19622164964675903,0.11886966228485107,0.4019230902194977,0.19622164964675903,-1.5707963705062866,-1.5707963705062866,-0.3026888370513916,0.20000000298023224,-14.883234489361046,-14.882846747339602,-6.767156232842747,44230.0
3.2599,0.0093,1,1,-0.38522377610206604,-0.2234765738248825,0.6050808429718018,-0.3299359679222107,0.06590665876865387,0.7995012998580933,0.5741252899169922,-0.10606341809034348,0.18936452269554138,0.9970698356628418,-0.025052471086382866,-0.025562116876244545,0.06759193539619446,-1.6576417436262716,-1.7405162541142838,0.011236332289262062,-3.065313520042287,-2.727606882818405,7.829339239803019,0.3529854416847229,0.05528780817985535,0.2893832325935364,0.1944204568862915,0.5741252899169922,-0.10606341809034348,0.18936452269554138,-0.025052471086382866,-0.025562116876244545,0.06759193539619446,0.9970698356628418,-1.6576417684555054,-1.7405163049697876,0.011236332356929779,0.05528780817985535,0.2893832325935364,0.1944204568862915,0.0691530704498291,0.2967308759689331,0.1944204568862915,0.08169817924499512,0.30615705251693726,0.1944204568862915,0.09261429309844971,0.31742969155311584,0.1944204568862915,0.10163256525993347,0.3302711844444275,0.1944204568862915,0.1085309386253357,0.34436535835266113,0.1944204568862915,0.11313959956169128,0.3593651354312897,0.1944204568862915,0.11534500122070312,0.3749012053012848,0.1944204568862915,0.11509290337562561,0.39059099555015564,0.1944204568862915,0.112389475107193,0.4060481786727905,0.1944204568862915,-1.5707963705062866,-1.5707963705062866,-0.30725646018981934,0.20000000298023224,-14.941617244680522,-14.941423373669801,-6.31236262831241,44230.0
3.2798,0.0098,1,1,-0.36729249358177185,-0.21800707280635834,0.6609824299812317,-0.3270655870437622,0.0672040656208992,0.7995012998580933,0.5921808481216431,-0.055402059108018875,0.5949311256408691,0.9959067106246948,-0.04077797755599022,-0.044237684458494186,0.06743884086608887,-1.4558977036728449,-1.580321122433565,-0.012755457631692104,-5.019101957071784,-4.738787014269142,7.955650945760464,0.3196108043193817,0.040226906538009644,0.28521114587783813,0.13851886987686157,0.5921808481216431,-0.055402059108018875,0.5949311256408691,-0.04077797755599022,-0.044237684458494186,0.06743884086608887,0.9959067106246948,-1.4558976888656616,-1.5803210735321045,-0.012755457311868668,0.040226906538009644,0.28521114587783813,0.13851886987686157,0.053853839635849,0.2929918169975281,0.13851886987686157,0.06609585881233215,0.3028084635734558,0.13851886987686157,0.07665151357650757,0.31441929936408997,0.13851886987686157,0.08526083827018738,0.32753846049308777,0.13851886987686157,0.09171190857887268,0.341842919588089,0.13851886987686157,0.09584584832191467,0.35698041319847107,0.13851886987686157,0.09756085276603699,0.3725782334804535,0.13851886987686157,0.09681469202041626,0.388252317905426,0.13851886987686157,0.09362578392028809,0.40361666679382324,0.13851886987686157,-1.5707963705062866,-1.5707963705062866,-0.6608657836914062,0.20000000298023224,-14.970808622340261,-14.9707116868349,-6.059739216397552,44230.0
3.3001,0.0097,1,1,-0.3513040840625763,-0.22304686903953552,0.6668949723243713,-0.32421669363975525,0.06860186159610748,0.7995012998580933,0.6098254919052124,-0.07876478135585785,0.5769732594490051,0.995021641254425,-0.05010576918721199,-0.05709194391965866,0.06449662148952484,-1.2544229093056254,-1.3819232112317685,0.04215734487443915,-6.1825849594607405,-6.15117442015107,7.749872023221298,0.32152315974235535,0.027087390422821045,0.2916487455368042,0.13260632753372192,0.6098254919052124,-0.07876478135585785,0.5769732594490051,-0.05010576918721199,-0.05709194391965866,0.06449662148952484,0.995021641254425,-1.254422903060913,-1.3819231986999512,0.04215734452009201,0.027087390422821045,0.2916487455368042,0.13260632753372192,0.04046061635017395,0.29985788464546204,0.13260632753372192,0.05238500237464905,0.31005799770355225,0.13260632753372192,0.06256690621376038,0.3219979405403137,0.13260632753372192,0.07075566053390503,0.33538365364074707,0.13260632753372192,0.07674959301948547,0.34988558292388916,0.13260632753372192,0.08040112257003784,0.3651466369628906,0.13260632753372192,0.08162036538124084,0.3807910084724426,0.13260632753372192,0.08037728071212769,0.3964335322380066,0.13260632753372192,0.07670244574546814,0.41168898344039917,0.13260632753372192,-1.5707963705062866,-1.5707963705062866,-0.801186740398407,0.20000000298023224,-14.98540431117013,-14.98535584341745,-6.471297061475866,44230.0
3.32,0.0096,1,1,-0.3151288330554962,-0.2309471070766449,0.7259459495544434,-0.3214479088783264,0.07007043063640594,0.7995012998580933,0.7656834125518799,-0.14239928126335144,0.97365403175354,0.9944083094596863,-0.05798245966434479,-0.0633717030286789,0.061417583376169205,-1.1248053943128693,-1.1553388025267368,0.05173814179740487,-7.121880680438713,-6.829338898312236,7.494012867310644,0.3099384903907776,-0.0063190758228302,0.30101752281188965,0.0735553503036499,0.7656834125518799,-0.14239928126335144,0.97365403175354,-0.05798245966434479,-0.0633717030286789,0.061417583376169205,0.9944083094596863,-1.1248054504394531,-1.1553387641906738,0.05173814296722412,-0.0063190758228302,0.30101752281188965,0.0735553503036499,0.0067903101444244385,0.3096417486667633,0.0735553503036499,0.018389195203781128,0.3202105462551117,0.0735553503036499,0.028191953897476196,0.33246368169784546,0.0735553503036499,0.03595718741416931,0.3460994362831116,0.0735553503036499,0.04149371385574341,0.36078208684921265,0.0735553503036499,0.044665247201919556,0.37615007162094116,0.0735553503036499,0.04539361596107483,0.39182496070861816,0.0735553503036499,0.04366093873977661,0.407420814037323,0.0735553503036499,0.03950983285903931,0.4225536286830902,0.0735553503036499,-1.5707963705062866,-1.5707963705062866,-1.3441929817199707,0.021362630650401115,-14.992702155585064,-14.992677921708726,-6.983015373297185,40230.0
3.3398,0.0085,1,1,-0.33931705355644226,-0.19861093163490295,0.6805611252784729,-0.3187173306941986,0.07163048535585403,0.7995012998580933,0.365975946187973,0.16278234124183655,0.5032556056976318,0.9907567501068115,-0.08275747299194336,-0.09188033640384674,0.05575168505311012,-0.9358909331738178,-1.1917462119989375,0.14467908911672644,-10.188785198341359,-9.952657545408014,7.330960071102843,0.29597556591033936,0.020599722862243652,0.2702414095401764,0.11894017457962036,0.365975946187973,0.16278234124183655,0.5032556056976318,-0.08275747299194336,-0.09188033640384674,0.05575168505311012,0.9907567501068115,-0.9358909130096436,-1.1917462348937988,0.14467908442020416,0.020599722862243652,0.2702414095401764,0.11894017457962036,0.03343147039413452,0.2792735695838928,0.11894017457962036,0.044692277908325195,0.2902018427848816,0.11894017457962036,0.05410486459732056,0.3027571737766266,0.11894017457962036,0.061437517404556274,0.31663036346435547,0.11894017457962036,0.06650963425636292,0.33147984743118286,0.11894017457962036,0.06919634342193604,0.34693995118141174,0.11894017457962036,0.06943148374557495,0.3626300096511841,0.11894017457962036,0.06720924377441406,0.3781636655330658,0.11894017457962036,0.06258437037467957,0.3931584656238556,0.11894017457962036,-1.5707963705062866,-0.6759096384048462,-0.37317395210266113,0.20000000298023224,-14.996351077792532,-14.996338960854363,-7.309120965712769,44230.0
3.3595,0.0094,1,1,-0.3285995125770569,-0.16248294711112976,0.6908256411552429,-0.31608882546424866,0.07324280589818954,0.7995012998580933,0.3289200961589813,0.3843262493610382,0.449091374874115,0.9874709248542786,-0.10417617112398148,-0.10293029993772507,0.05875278636813164,-0.7003326702806278,-0.8074284311458291,-0.009738606902607026,-12.822071516821145,-11.01348807849635,8.05124187872246,0.2598721981048584,0.012510687112808228,0.2357257604598999,0.10867565870285034,0.3289200961589813,0.3843262493610382,0.449091374874115,-0.10417617112398148,-0.10293029993772507,0.05875278636813164,0.9874709248542786,-0.7003326416015625,-0.8074284195899963,-0.009738607332110405,0.012510687112808228,0.2357257604598999,0.10867565870285034,0.025057852268218994,0.24514925479888916,0.10867565870285034,0.0359763503074646,0.2564195394515991,0.10867565870285034,0.04499736428260803,0.26925909519195557,0.10867565870285034,0.0518987774848938,0.2833517789840698,0.10867565870285034,0.05651065707206726,0.29835057258605957,0.10867565870285034,0.05871939659118652,0.3138861656188965,0.10867565870285034,0.05847066640853882,0.3295760154724121,0.10867565870285034,0.055770546197891235,0.34503376483917236,0.10867565870285034,0.05068555474281311,0.3598788380622864,0.10867565870285034,-1.5707963705062866,-0.41143572330474854,0.06827247142791748,0.20000000298023224,-14.998175538896266,-14.998169480427181,-5.868557350473575,44230.0
3.3795,0.0092,1,1,-0.32432398200035095,-0.14741797745227814,0.6676374673843384,-0.31346359848976135,0.07496778666973114,0.7995012998580933,0.2637527585029602,0.4657611548900604,0.3299562931060791,0.9855633974075317,-0.11245688050985336,-0.11224836111068726,0.05845212563872337,-0.2909401292104736,-0.7324575169828994,0.04296795285361043,-13.88918058431317,-12.011561589672768,8.256618781013177,0.25876909494400024,0.0108603835105896,0.22238576412200928,0.13186383247375488,0.2637527585029602,0.4657611548900604,0.3299562931060791,-0.11245688050985336,-0.11224836111068726,0.05845212563872337,0.9855633974075317,-0.29094013571739197,-0.7324575185775757,0.04296795278787613,0.0108603835105896,0.22238576412200928,0.13186383247375488,0.023105353116989136,0.23219868540763855,0.13186383247375488,0.03366449475288391,0.2438063621520996,0.13186383247375488,0.04227781295776367,0.2569229006767273,0.13186383247375488,0.0487331748008728,0.2712253928184509,0.13186383247375488,0.05287167429924011,0.2863616347312927,0.13186383247375488,0.05459138751029968,0.30195894837379456,0.13186383247375488,0.053849995136260986,0.3176332712173462,0.13186383247375488,0.050665706396102905,0.3329985737800598,0.13186383247375488,0.045116961002349854,0.3476766347885132,0.13186383247375488,-1.5707963705062866,0.253757119178772,0.29676055908203125,0.20000000298023224,-14.999087769448133,-0.2294787650426553,-5.457803545892142,44230.0
3.4009,0.0097,1,1,-0.29430511593818665,-0.1045214906334877,0.7068116068840027,-0.31087565422058105,0.07678760588169098,0.7995012998580933,0.31131744384765625,0.6790682673454285,0.4655642807483673,0.9842290878295898,-0.12283481657505035,-0.11195024102926254,0.06057953089475632,-0.07977602242824598,-0.5484852836157895,0.02784635149478858,-15.125087892025823,-11.857998277566876,8.62408866949388,0.204301118850708,-0.01657053828239441,0.18130910396575928,0.09268969297409058,0.31131744384765625,0.6790682673454285,0.4655642807483673,-0.12283481657505035,-0.11195024102926254,0.06057953089475632,0.9842290878295898,-0.07977601885795593,-0.548485279083252,0.027846351265907288,-0.01657053828239441,0.18130910396575928,0.09268969297409058,-0.004642099142074585,0.19150447845458984,0.09268969297409058,0.005544573068618774,0.2034403383731842,0.09268969297409058,0.013738632202148438,0.2168228030204773,0.09268969297409058,0.019738346338272095,0.23132234811782837,0.09268969297409058,0.023395955562591553,0.24658194184303284,0.09268969297409058,0.024621427059173584,0.26222583651542664,0.09268969297409058,0.023384541273117065,0.2778688073158264,0.09268969297409058,0.019715815782546997,0.2931257486343384,0.09268969297409058,0.013705521821975708,0.3076208829879761,0.09268969297409058,1.5707963705062866,-1.218186378479004,0.4985002279281616,0.20000000298023224,0.00045611527593258927,-7.614739382521328,-4.722863768930705,44230.0
3.4204,0.0094,1,1,-0.2874607443809509,-0.08935752511024475,0.6882688999176025,-0.30833104252815247,0.07870045304298401,0.7995012998580933,0.2704598009586334,0.7305790185928345,0.379133403301239,0.9836665987968445,-0.12458600103855133,-0.11524350941181183,0.059960998594760895,0.011008632016060288,0.12997469482920612,0.06235388057067821,-15.362905964931956,-12.226789560061437,8.631740416613823,0.20261219143867493,-0.020870298147201538,0.16805797815322876,0.11123239994049072,0.2704598009586334,0.7305790185928345,0.379133403301239,-0.12458600103855133,-0.11524350941181183,0.059960998594760895,0.9836665987968445,0.011008632369339466,0.12997469305992126,0.06235387921333313,-0.020870298147201538,0.16805797815322876,0.11123239994049072,-0.00927242636680603,0.1786278784275055,0.11123239994049072,0.000529170036315918,0.19088193774223328,0.11123239994049072,0.008293122053146362,0.20451843738555908,0.11123239994049072,0.013828277587890625,0.21920159459114075,0.11123239994049072,0.016998320817947388,0.23456987738609314,0.11123239994049072,0.017725229263305664,0.2502448558807373,0.11123239994049072,0.01599106192588806,0.2658405303955078,0.11123239994049072,0.011838525533676147,0.280972957611084,0.11123239994049072,0.005369901657104492,0.2952694594860077,0.11123239994049072,1.5707963705062866,-0.9896670579910278,0.6049929857254028,0.20000000298023224,7.500228057637966,-11.307369691260664,-4.707560274690802,44230.0
3.4398,0.0096,1,1,-0.24670955538749695,-0.03387094661593437,0.7321392297744751,-0.3058948516845703,0.08065498620271683,0.7995012998580933,0.37141183018684387,0.9603255987167358,0.5244122743606567,0.9845673441886902,-0.13080890476703644,-0.09981787204742432,0.05958690121769905,0.7261061440991694,0.7858816602933522,0.03406756862202474,-15.902427520015666,-10.426022287673531,8.386907199332153,0.1454535573720932,-0.059185296297073364,0.1145259290933609,0.06736207008361816,0.37141183018684387,0.9603255987167358,0.5244122743606567,-0.13080890476703644,-0.09981787204742432,0.05958690121769905,0.9845673441886902,0.7261061668395996,0.7858816385269165,0.03406756743788719,-0.059185296297073364,0.1145259290933609,0.06736207008361816,-0.047923147678375244,0.12545286118984222,0.06736207008361816,-0.03850904107093811,0.1380070596933365,0.06736207008361816,-0.03117474913597107,0.15187937021255493,0.06736207008361816,-0.026100844144821167,0.16672822833061218,0.06736207008361816,-0.02341228723526001,0.182188019156456,0.06736207008361816,-0.02317526936531067,0.19787804782390594,0.06736207008361816,-0.025395631790161133,0.21341198682785034,0.06736207008361816,-0.03001868724822998,0.22840732336044312,0.06736207008361816,-0.03693065047264099,0.2424948513507843,0.06736207008361816,1.5707963705062866,-1.5707963705062866,0.5099211931228638,0.021362630650401115,11.250114028818983,-13.153684845630332,-5.197226709254183,40230.0
3.4598,0.009,1,1,-0.23739732801914215,-0.015231574885547161,0.7135220766067505,-0.30353081226348877,0.08267586678266525,0.7995012998580933,0.3508189022541046,0.9975454807281494,0.4250619113445282,0.9872357845306396,-0.11931873112916946,-0.09023293852806091,0.054630979895591736,2.276622432614085,0.2300196701293953,0.12372355667100401,-14.410464829442324,-9.504517734241308,7.539018509195179,0.146123006939888,-0.06613348424434662,0.09790743887424469,0.08597922325134277,0.3508189022541046,0.9975454807281494,0.4250619113445282,-0.11931873112916946,-0.09023293852806091,0.054630979895591736,0.9872357845306396,2.2766225337982178,0.230019673705101,0.12372355908155441,-0.06613348424434662,0.09790743887424469,0.08597922325134277,-0.055216625332832336,0.1091793030500412,0.08597922325134277,-0.04619745910167694,0.1220201700925827,0.08597922325134277,-0.03929807245731354,0.13611385226249695,0.08597922325134277,-0.034688398241996765,0.15111331641674042,0.08597922325134277,-0.03248186409473419,0.1666492372751236,0.08597922325134277,-0.03273288905620575,0.18233904242515564,0.08597922325134277,-0.03543524444103241,0.19779641926288605,0.08597922325134277,-0.04052238166332245,0.21264074742794037,0.08597922325134277,-0.04786907136440277,0.22650651633739471,0.08597922325134277,1.5707963705062866,-1.5707963705062866,0.2747664451599121,0.09620844572782516,13.125057014409492,-14.076842422815165,-6.8930040895281355,36230.0
3.4798,0.0089,1,1,-0.23009046912193298,0.0023245345801115036,0.7128631472587585,-0.30119988322257996,0.08479833602905273,0.7995012998580933,0.32524076104164124,1.0267515182495117,0.40517914295196533,0.990273118019104,-0.10032477229833603,-0.07703286409378052,0.057948898524045944,3.0076255307466653,-0.2781010628847152,0.15684390963350403,-12.105896117169078,-8.102227948265654,7.5585976747968004,0.13915690779685974,-0.07110941410064697,0.08247379958629608,0.08663815259933472,0.32524076104164124,1.0267515182495117,0.40517914295196533,-0.10032477229833603,-0.07703286409378052,0.057948898524045944,0.990273118019104,3.0076255798339844,-0.2781010568141937,0.15684391558170319,-0.07110941410064697,0.08247379958629608,0.08663815259933472,-0.06055325269699097,0.09408417344093323,0.08663815259933472,-0.0519433319568634,0.10720295459032059,0.08663815259933472,-0.04549163579940796,0.12150710076093674,0.08663815259933472,-0.04135701060295105,0.1366444230079651,0.08663815259933472,-0.03964132070541382,0.15224215388298035,0.08663815259933472,-0.04038676619529724,0.16791626811027527,0.08663815259933472,-0.0435749888420105,0.18328078091144562,0.08663815259933472,-0.04912751913070679,0.197957381606102,0.08663815259933472,-0.05690762400627136,0.2115846872329712,0.08663815259933472,1.5707963705062866,-1.5707963705062866,0.15204179286956787,0.10691210627555847,14.062528507204746,-14.538421211407583,-6.853845758324889,38609.0
3.4997,0.0098,1,1,-0.18023385107517242,0.07317487895488739,0.7706775069236755,-0.2989467978477478,0.08698339760303497,0.7995012998580933,0.4499901831150055,1.265067219734192,0.6603498458862305,0.9924958944320679,-0.06888885051012039,-0.07954490184783936,0.06226520985364914,3.2425533568308063,-0.7710102358712134,0.1357941428970848,-8.529131415074364,-8.587360516126585,7.821133895855119,0.12294002622365952,-0.11871294677257538,0.013808518648147583,0.028823792934417725,0.4499901831150055,1.265067219734192,0.6603498458862305,-0.06888885051012039,-0.07954490184783936,0.06226520985364914,0.9924958944320679,3.242553472518921,-0.7710102200508118,0.13579414784908295,-0.11871294677257538,0.013808518648147583,0.028823792934417725,-0.10852636396884918,0.025744453072547913,0.028823792934417725,-0.1003323644399643,0.039126962423324585,0.028823792934417725,-0.0943327397108078,0.05362653732299805,0.028823792934417725,-0.0906752198934555,0.06888614594936371,0.028823792934417725,-0.08944983780384064,0.0845300555229187,0.028823792934417725,-0.09068681299686432,0.10017304122447968,0.028823792934417725,-0.09435565769672394,0.11542993783950806,0.028823792934417725,-0.10036601126194,0.12992505729198456,0.028823792934417725,-0.10856993496417999,0.14330148696899414,0.028823792934417725,1.5707963705062866,-1.5707963705062866,0.2881051301956177,0.021362630650401115,14.531264253602373,-14.76921060570379,-6.328773316208224,34609.0
3.5201,0.0099,1,1,-0.1715785413980484,0.09879571944475174,0.783958911895752,-0.2967456579208374,0.08925700932741165,0.7995012998580933,0.41558346152305603,1.295662522315979,0.6671718955039978,0.9933942556381226,-0.03730113431811333,-0.08569170534610748,0.06656918674707413,3.0101246411135953,-0.8582801605803471,0.12834305093072024,-4.974418949954178,-9.51379593454195,8.081718285948138,0.1264885812997818,-0.125167116522789,-0.009538710117340088,0.015542387962341309,0.41558346152305603,1.295662522315979,0.6671718955039978,-0.03730113431811333,-0.08569170534610748,0.06656918674707413,0.9933942556381226,3.010124683380127,-0.8582801818847656,0.12834304571151733,-0.125167116522789,-0.009538710117340088,0.015542387962341309,-0.11536328494548798,0.0027135610580444336,0.015542387962341309,-0.10759685933589935,0.016348637640476227,0.015542387962341309,-0.1020590215921402,0.031030796468257904,0.015542387962341309,-0.0988861471414566,0.04639849811792374,0.015542387962341309,-0.0981564074754715,0.06207332760095596,0.015542387962341309,-0.09988771378993988,0.07766934484243393,0.015542387962341309,-0.10403744876384735,0.0928025171160698,0.015542387962341309,-0.11050347983837128,0.10710021108388901,0.015542387962341309,-0.11912651360034943,0.12021035701036453,0.015542387962341309,1.5707963705062866,-1.5707963705062866,0.3995705842971802,0.021362630650401115,14.765632126801187,-14.884605302851895,-5.807604536022175,30609.0
3.54,0.0096,1,1,-0.309429407119751,-0.021144675090909004,0.8622141480445862,-0.29461005330085754,0.09160768240690231,0.7995012998580933,-0.21610935032367706,0.7520449161529541,1.2621371746063232,0.9897002577781677,0.031031109392642975,-0.12285017222166061,0.06660564243793488,2.6391087506941875,-0.8561927749179429,0.12360144241264548,2.6653537027405054,-14.317997775784415,7.365412778151694,0.12986765801906586,0.014819353818893433,0.11275235563516617,-0.06271284818649292,-0.21610935032367706,0.7520449161529541,1.2621371746063232,0.031031109392642975,-0.12285017222166061,0.06660564243793488,0.9897002577781677,2.639108657836914,-0.8561927676200867,0.12360144406557083,0.014819353818893433,0.11275235563516617,-0.06271284818649292,0.02422916889190674,0.1253097802400589,-0.06271284818649292,0.031558722257614136,0.1391846090555191,-0.06271284818649292,0.03662753105163574,0.15403521060943604,-0.06271284818649292,0.03931078314781189,0.16949591040611267,-0.06271284818649292,0.03954240679740906,0.1851860135793686,-0.06271284818649292,0.037316709756851196,0.2007191926240921,-0.06271284818649292,0.03268849849700928,0.21571294963359833,-0.06271284818649292,0.02577170729637146,0.2297980934381485,-0.06271284818649292,0.01673668622970581,0.242627814412117,-0.06271284818649292,-0.39466989040374756,1.5707963705062866,-0.2372962236404419,0.021362630650401115,-0.11718393659940674,0.0576973485740524,-7.240215551615067,29452.0
3.5601,0.0077,1,1,-0.31420817971229553,-0.0062111071310937405,0.8873779773712158,-0.29259201884269714,0.09397426247596741,0.7995012998580933,-0.26166731119155884,0.7403005957603455,1.2529239654541016,0.9886607527732849,0.0438019223511219,-0.12609106302261353,0.06877800822257996,2.081571449112246,-0.4468905150087424,0.16612912064260615,4.108237690477893,-14.79419422533111,7.425353383610347,0.13500621914863586,0.02161616086959839,0.10018537193536758,-0.08787667751312256,-0.26166731119155884,0.7403005957603455,1.2529239654541016,0.0438019223511219,-0.12609106302261353,0.06877800822257996,0.9886607527732849,2.081571340560913,-0.4468905031681061,0.16612912714481354,0.02161616086959839,0.10018537193536758,-0.08787667751312256,0.030630916357040405,0.11302933841943741,-0.08787667751312256,0.03752541542053223,0.12712539732456207,-0.08787667751312256,0.042129963636398315,0.1421264410018921,-0.08787667751312256,0.044331133365631104,0.15766310691833496,-0.08787667751312256,0.04407471418380737,0.17335282266139984,-0.08787667751312256,0.0413670539855957,0.18880927562713623,-0.08787667751312256,0.03627479076385498,0.20365186035633087,-0.08787667751312256,0.028923332691192627,0.21751509606838226,-0.08787667751312256,0.019493699073791504,0.23005762696266174,-0.08787667751312256,-0.3456012010574341,1.5707963705062866,-0.22805356979370117,0.021362630650401115,-7.558591968299703,7.528848674287026,-7.120334340697773,29452.0
3.5796,0.0093,1,1,-0.2916771173477173,0.03452390432357788,0.9631912112236023,-0.2906549274921417,0.09639424830675125,0.7995012998580933,-0.21684567630290985,0.7966460585594177,1.5875070095062256,0.9865033626556396,0.07258239388465881,-0.12143766134977341,0.08242465555667877,1.1290363583366783,0.23892100311211933,0.1109343996485494,7.312432292917385,-14.569990990042163,8.616135767584902,0.17499534785747528,0.0010221898555755615,0.06187034398317337,-0.16368991136550903,-0.21684567630290985,0.7966460585594177,1.5875070095062256,0.07258239388465881,-0.12143766134977341,0.08242465555667877,0.9865033626556396,1.1290363073349,0.23892100155353546,0.11093439906835556,0.0010221898555755615,0.06187034398317337,-0.16368991136550903,0.009634524583816528,0.07498754560947418,-0.16368991136550903,0.01608884334564209,0.08929051458835602,-0.16368991136550903,0.020226210355758667,0.10442706942558289,-0.16368991136550903,0.021944761276245117,0.12002450227737427,-0.16368991136550903,0.021202176809310913,0.13569873571395874,-0.16368991136550903,0.0180167555809021,0.15106382966041565,-0.16368991136550903,0.012466907501220703,0.1657414585351944,-0.16368991136550903,0.004689335823059082,0.17937017977237701,-0.16368991136550903,-0.005124509334564209,0.19161443412303925,-0.16368991136550903,0.33444058895111084,1.5707963705062866,-0.3269401788711548,0.021362630650401115,3.7207040158501474,11.264424337143513,-4.7387695727486925,29452.0
3.6003,0.0086,1,1,-0.2964113652706146,0.05019539222121239,0.9946447610855103,-0.28876203298568726,0.09891679883003235,0.7995012998580933,-0.25641152262687683,0.7700225114822388,1.557186245918274,0.9869431853294373,0.07669675350189209,-0.11341677606105804,0.08482565730810165,-0.3587748036269133,1.5311586360784841,0.1365768625862159,7.817651839863717,-13.70267667879241,8.883990494210607,0.20127905905246735,0.007649332284927368,0.04872140660881996,-0.195143461227417,-0.25641152262687683,0.7700225114822388,1.557186245918274,0.07669675350189209,-0.11341677606105804,0.08482565730810165,0.9869431853294373,-0.3587748110294342,1.531158685684204,0.13657686114311218,0.007649332284927368,0.04872140660881996,-0.195143461227417,0.015843749046325684,0.06210366263985634,-0.195143461227417,0.021843820810317993,0.07660305500030518,-0.195143461227417,0.02550181746482849,0.09186254441738129,-0.195143461227417,0.026727676391601562,0.1075064092874527,-0.195143461227417,0.02549120783805847,0.12314943969249725,-0.195143461227417,0.021822839975357056,0.138406440615654,-0.195143461227417,0.01581290364265442,0.152901753783226,-0.195143461227417,0.007609426975250244,0.16627845168113708,-0.195143461227417,-0.0025856494903564453,0.1782071441411972,-0.195143461227417,0.36257827281951904,1.5707963705062866,-0.3291609287261963,0.021362630650401115,9.360352007925073,13.132212168571757,-4.203060119497237,29452.0
3.6202,0.0094,1,1,-0.2908840477466583,0.07613096386194229,1.0564621686935425,-0.2869494557380676,0.1014980599284172,0.7995012998580933,-0.25719979405403137,0.7680134177207947,1.7322903871536255,0.9899551868438721,0.0664997324347496,-0.09022007137537003,0.08616749197244644,-1.3487025403199566,2.5702095775005294,0.11455833771376675,6.792378553857378,-10.957913142115684,9.296888752992928,0.2582399249076843,0.003934592008590698,0.025367096066474915,-0.2569608688354492,-0.25719979405403137,0.7680134177207947,1.7322903871536255,0.0664997324347496,-0.09022007137537003,0.08616749197244644,0.9899551868438721,-1.3487025499343872,2.570209503173828,0.11455833911895752,0.003934592008590698,0.025367096066474915,-0.2569608688354492,0.011702895164489746,0.03900112956762314,-0.2569608688354492,0.017242729663848877,0.05368252843618393,-0.2569608688354492,0.02041766047477722,0.06904979795217514,-0.2569608688354492,0.021149545907974243,0.0847245380282402,-0.2569608688354492,0.019420355558395386,0.10032079368829727,-0.2569608688354492,0.015272647142410278,0.11545451730489731,-0.2569608688354492,0.00880858302116394,0.12975308299064636,-0.2569608688354492,0.00018730759620666504,0.1428644061088562,-0.2569608688354492,-0.010378897190093994,0.15446564555168152,-0.2569608688354492,0.4579845666885376,1.5707963705062866,-0.33695030212402344,0.021362630650401115,12.180176003962536,14.066106084285877,-3.37726360193263,29452.0
3.6396,0.0092,1,1,-0.29632487893104553,0.09123274683952332,1.0907208919525146,-0.2852378785610199,0.10410571098327637,0.7995012998580933,-0.2864251434803009,0.7424055337905884,1.6953909397125244,0.9927967190742493,0.05166361853480339,-0.06275754421949387,0.08800598233938217,-0.9295199860560757,3.207567675906544,0.08777612505333039,5.2997474122427155,-7.6837073128744935,9.775260116063562,0.29171472787857056,0.011087000370025635,0.012872964143753052,-0.2912195920944214,-0.2864251434803009,0.7424055337905884,1.6953909397125244,0.05166361853480339,-0.06275754421949387,0.08800598233938217,0.9927967190742493,-0.9295200109481812,3.2075676918029785,0.08777612447738647,0.011087000370025635,0.012872964143753052,-0.2912195920944214,0.01842629909515381,0.026742644608020782,-0.2912195920944214,0.02350553870201111,0.04158967733383179,-0.2912195920944214,0.026199668645858765,0.057048484683036804,-0.2912195920944214,0.02644231915473938,0.07273843884468079,-0.2912195920944214,0.024227559566497803,0.08827316761016846,-0.2912195920944214,0.019609898328781128,0.10327017307281494,-0.2912195920944214,0.012703001499176025,0.1173601895570755,-0.2912195920944214,0.0036770105361938477,0.1301962435245514,-0.2912195920944214,-0.007245868444442749,0.1414622962474823,-0.2912195920944214,0.31157827377319336,1.5707963705062866,-0.35326993465423584,0.021362630650401115,13.590088001981268,14.533053042142939,-2.4205208757913512,29452.0
3.66,0.0098,1,1,-0.30220577120780945,0.10594195127487183,1.1245651245117188,-0.28357136249542236,0.1068282499909401,0.7995012998580933,-0.3083527982234955,0.7218645215034485,1.665809988975525,0.9944537878036499,0.043913982808589935,-0.03180007264018059,0.09011147171258926,0.13865286323495993,3.0213035261053123,0.08758086541115714,4.6930246682627885,-4.080714866556478,10.188016127750446,0.32559868693351746,0.018634408712387085,0.0008862987160682678,-0.3250638246536255,-0.3083527982234955,0.7218645215034485,1.665809988975525,0.043913982808589935,-0.03180007264018059,0.09011147171258926,0.9944537878036499,0.13865286111831665,3.021303415298462,0.08758086711168289,0.018634408712387085,0.0008862987160682678,-0.3250638246536255,0.02552729845046997,0.0149831622838974,-0.3250638246536255,0.030130088329315186,0.029984742403030396,-0.3250638246536255,0.032329440116882324,0.045521676540374756,-0.3250638246536255,0.032071202993392944,0.06121136248111725,-0.3250638246536255,0.029361724853515625,0.07666748762130737,-0.3250638246536255,0.024267762899398804,0.09150947630405426,-0.3250638246536255,0.016914695501327515,0.1053718626499176,-0.3250638246536255,0.0074836015701293945,0.11791330575942993,-0.3250638246536255,-0.0037932991981506348,0.12882499396800995,-0.3250638246536255,0.1547311544418335,1.5707963705062866,-0.3836132287979126,0.021362630650401115,11.227765055342624,14.76652652107147,-1.5950088524175683,29452.0
3.6798,0.0095,1,1,-0.3085052967071533,0.12021449208259583,1.1575597524642944,-0.28202787041664124,0.10953827947378159,0.7995012998580933,-0.32091599702835083,0.7055922150611877,1.6342989206314087,0.9945959448814392,0.04732732102274895,-0.003107351018115878,0.09234359115362167,1.1495359076695086,2.575947890701323,0.07440610762999428,5.369575844713515,-0.8549917331592544,10.568762212609789,0.3591947853565216,0.026477426290512085,-0.01067621260881424,-0.35805845260620117,-0.32091599702835083,0.7055922150611877,1.6342989206314087,0.04732732102274895,-0.003107351018115878,0.09234359115362167,0.9945959448814392,1.149535894393921,2.5759479999542236,0.07440610975027084,0.026477426290512085,-0.01067621260881424,-0.35805845260620117,0.032927364110946655,0.003628738224506378,-0.35805845260620117,0.03706011176109314,0.018766552209854126,-0.35805845260620117,0.03877389430999756,0.03436450660228729,-0.35805845260620117,0.038026511669158936,0.05003851652145386,-0.35805845260620117,0.034836381673812866,0.06540264189243317,-0.35805845260620117,0.029282063245773315,0.08007855713367462,-0.35805845260620117,0.02150028944015503,0.09370490908622742,-0.35805845260620117,0.011682689189910889,0.10594615340232849,-0.35805845260620117,7.101893424987793e-05,0.11650088429450989,-0.35805845260620117,-0.03166556358337402,1.5707963705062866,-0.40511929988861084,0.021362630650401115,4.706730953056069,14.883263260535735,-0.8335166826988959,29452.0
3.7,0.0097,1,1,-0.3149604797363281,0.13417701423168182,1.189904808998108,-0.28056859970092773,0.1122971847653389,0.7995012998580933,-0.32410934567451477,0.6906883120536804,1.600237488746643,0.9936394095420837,0.05820879340171814,0.02047165110707283,0.09418752789497375,1.4335235552487078,2.1736245442972164,0.02566274665443775,6.868225674951228,1.702954891503115,10.932003754390609,0.39252570271492004,0.03439188003540039,-0.021879829466342926,-0.39040350914001465,-0.32410934567451477,0.6906883120536804,1.600237488746643,0.05820879340171814,0.02047165110707283,0.09418752789497375,0.9936394095420837,1.4335235357284546,2.1736245155334473,0.025662746280431747,0.03439188003540039,-0.021879829466342926,-0.39040350914001465,0.040392279624938965,-0.007380574941635132,-0.39040350914001465,0.04405060410499573,0.007878854870796204,-0.39040350914001465,0.045276790857315063,0.023522689938545227,-0.39040350914001465,0.04404065012931824,0.03916573524475098,-0.39040350914001465,0.040372610092163086,0.05442282557487488,-0.39040350914001465,0.034362971782684326,0.06891825795173645,-0.39040350914001465,0.02615976333618164,0.08229513466358185,-0.39040350914001465,0.01596495509147644,0.09422403573989868,-0.39040350914001465,0.0040295422077178955,0.10441125929355621,-0.39040350914001465,-0.18696415424346924,1.5707963705062866,-0.4135091304779053,0.021362630650401115,-3.002763002663829,14.941631630267867,-0.10703359913725953,29452.0
3.7199,0.0099,1,1,-0.3253506124019623,0.1442575454711914,1.2020853757858276,-0.2791813611984253,0.1151316687464714,0.7995012998580933,-0.3297272026538849,0.6681485176086426,1.4613442420959473,0.9921747446060181,0.06924760341644287,0.041163213551044464,0.09538153558969498,0.9828144334214416,1.736838828123048,0.0571172944356878,8.372350010052244,3.926246829275096,11.269837559463006,0.4062682092189789,0.04616925120353699,-0.02912587672472,-0.4025840759277344,-0.3297272026538849,0.6681485176086426,1.4613442420959473,0.06924760341644287,0.041163213551044464,0.09538153558969498,0.9921747446060181,0.9828144311904907,1.7368388175964355,0.057117294520139694,0.04616925120353699,-0.02912587672472,-0.4025840759277344,0.051709145307540894,-0.014444500207901001,-0.4025840759277344,0.0548841655254364,0.0009227544069290161,-0.4025840759277344,0.0556161105632782,0.016597479581832886,-0.4025840759277344,0.053887009620666504,0.03219375014305115,-0.4025840759277344,0.04973936080932617,0.04732748866081238,-0.4025840759277344,0.04327535629272461,0.061626091599464417,-0.4025840759277344,0.03465414047241211,0.07473745942115784,-0.4025840759277344,0.024087995290756226,0.08633874356746674,-0.4025840759277344,0.011837124824523926,0.09614428877830505,-0.4025840759277344,-0.19870328903198242,1.5707963705062866,-0.44065678119659424,0.021362630650401115,-7.193811419782281,14.970815815133934,0.5686340110075265,29452.0
3.7399,0.0095,1,1,-0.33182576298713684,0.1574295610189438,1.2308965921401978,-0.2778918147087097,0.11799104511737823,0.7995012998580933,-0.31747689843177795,0.6488938927650452,1.419482946395874,0.9908800721168518,0.07319708168506622,0.058477867394685745,0.09683573246002197,-0.19489167653438225,1.4975651226140612,0.001189989320466623,9.044401535894545,5.837816625065905,11.62533812249651,0.43653884530067444,0.053933948278427124,-0.03943851590156555,-0.4313952922821045,-0.31747689843177795,0.6488938927650452,1.419482946395874,0.07319708168506622,0.058477867394685745,0.09683573246002197,0.9908800721168518,-0.19489167630672455,1.4975651502609253,0.0011899892706423998,0.053933948278427124,-0.03943851590156555,-0.4313952922821045,0.05901068449020386,-0.024590611457824707,-0.4313952922821045,0.06170216202735901,-0.00913134217262268,-0.4313952922821045,0.06194213032722473,0.006558641791343689,-0.4313952922821045,0.05972471833229065,0.022092998027801514,-0.4313952922821045,0.05510449409484863,0.037089213728904724,-0.4313952922821045,0.048195213079452515,0.05117805302143097,-0.4313952922821045,0.03916701674461365,0.0640125721693039,-0.4313952922821045,0.02824223041534424,0.07527676224708557,-0.4313952922821045,0.015689820051193237,0.08469325304031372,-0.4313952922821045,-0.1309758424758911,1.5707963705062866,-0.44001662731170654,0.021362630650401115,-7.34908720591057,14.985407907566966,1.2796351370745571,29452.0
3.7602,0.0102,1,1,-0.3422279357910156,0.16741439700126648,1.2303590774536133,-0.27667662501335144,0.12092979997396469,0.7995012998580933,-0.3086336553096771,0.6237342357635498,1.2184559106826782,0.9906139373779297,0.06500932574272156,0.06899911165237427,0.09846305847167969,-1.2696495328381534,1.1589921269101076,0.024407877632360023,8.24994559642347,7.117290270862405,11.86658185699321,0.4382878243923187,0.06555131077766418,-0.04648459702730179,-0.43085777759552,-0.3086336553096771,0.6237342357635498,1.2184559106826782,0.06500932574272156,0.06899911165237427,0.09846305847167969,0.9906139373779297,-1.2696495056152344,1.1589921712875366,0.024407878518104553,0.06555131077766418,-0.04648459702730179,-0.43085777759552,0.07015335559844971,-0.03148278594017029,-0.43085777759552,0.07235190272331238,-0.01594574749469757,-0.43085777759552,0.07209289073944092,-0.0002560615539550781,-0.43085777759552,0.06938263773918152,0.015199929475784302,-0.43085777759552,0.06428790092468262,0.030041664838790894,-0.43085777759552,0.05693414807319641,0.04390367865562439,-0.43085777759552,0.04750242829322815,0.056444644927978516,-0.43085777759552,0.03622499108314514,0.06735575199127197,-0.43085777759552,0.023379504680633545,0.07636836171150208,-0.43085777759552,0.11979413032531738,1.5707963705062866,-0.41735029220581055,0.021362630650401115,-0.24269456391486788,14.992703953783483,1.7621226060679627,29452.0
3.7802,0.0097,1,1,-0.348183810710907,0.17969581484794617,1.2542799711227417,-0.2755666971206665,0.12387446314096451,0.7995012998580933,-0.2866392433643341,0.6045905947685242,1.1738852262496948,0.9907246232032776,0.047787267714738846,0.07813157141208649,0.10037276893854141,-2.015719065363693,1.0733205649082123,-0.024689327986500163,6.404972493161148,8.350057472830303,12.038086405438467,0.46391046047210693,0.07261711359024048,-0.05582135170698166,-0.45477867126464844,-0.2866392433643341,0.6045905947685242,1.1738852262496948,0.047787267714738846,0.07813157141208649,0.10037276893854141,0.9907246232032776,-2.015719175338745,1.0733205080032349,-0.02468932792544365,0.07261711359024048,-0.05582135170698166,-0.45477867126464844,0.07674482464790344,-0.04068215191364288,-0.45477867126464844,0.0784534215927124,-0.02508363127708435,-0.45477867126464844,0.07770085334777832,-0.009409874677658081,-0.45477867126464844,0.07450562715530396,0.005953192710876465,-0.45477867126464844,0.06894642114639282,0.020627260208129883,-0.45477867126464844,0.061160117387771606,0.03425101935863495,-0.45477867126464844,0.05133846402168274,0.046489015221595764,-0.45477867126464844,0.03972330689430237,0.057039886713027954,-0.45477867126464844,0.02660059928894043,0.06564384698867798,-0.45477867126464844,0.2827749252319336,1.5707963705062866,-0.37409329414367676,0.021362630650401115,7.378652718042566,14.996351976891741,2.1051317029584404,29452.0
3.8003,0.0097,1,1,-0.35568898916244507,0.1900046467781067,1.25130295753479,-0.27454841136932373,0.12685753405094147,0.7995012998580933,-0.2673839032649994,0.5908934473991394,0.9987690448760986,0.9908416867256165,0.02616959623992443,0.08457411080598831,0.1019471064209938,-1.960631045583186,0.8878371873595642,-0.0643273744845894,4.015832571089744,9.3382895699078,12.07701010257458,0.46335309743881226,0.08114057779312134,-0.06314711272716522,-0.4518016576766968,-0.2673839032649994,0.5908934473991394,0.9987690448760986,0.02616959623992443,0.08457411080598831,0.1019471064209938,0.9908416867256165,-1.960631012916565,0.8878371715545654,-0.06432737410068512,0.08114057779312134,-0.06314711272716522,-0.4518016576766968,0.08478912711143494,-0.047885358333587646,-0.4518016576766968,0.08600524067878723,-0.03224073350429535,-0.4518016576766968,0.08475905656814575,-0.016598477959632874,-0.4518016576766968,0.08108121156692505,-0.0013437420129776,-0.4518016576766968,0.07506230473518372,0.013147830963134766,-0.4518016576766968,0.06685051321983337,0.026519417762756348,-0.4518016576766968,0.05664801597595215,0.03844177722930908,-0.4518016576766968,0.0447060763835907,0.048621341586112976,-0.4518016576766968,0.03131875395774841,0.05680742859840393,-0.4518016576766968,0.5377515554428101,1.5707963705062866,-0.3417026996612549,0.021362630650401115,11.189326359021283,14.99817598844587,2.1829790972306915,29452.0
3.8204,0.0096,1,1,-0.36076974868774414,0.2017388641834259,1.270874261856079,-0.2736342251300812,0.12983804941177368,0.7995012998580933,-0.240407332777977,0.5831425189971924,0.9591780304908752,0.9906882047653198,0.01690259762108326,0.08795351535081863,0.10253484547138214,-0.7629459843533718,0.532473660062447,-0.005058771758403139,2.9976777031560813,9.834499394246524,12.075924516632334,0.4847213625907898,0.08713552355766296,-0.07190081477165222,-0.47137296199798584,-0.240407332777977,0.5831425189971924,0.9591780304908752,0.01690259762108326,0.08795351535081863,0.10253484547138214,0.9906882047653198,-0.7629460096359253,0.5324736833572388,-0.005058771930634975,0.08713552355766296,-0.07190081477165222,-0.47137296199798584,0.09030655026435852,-0.05653272569179535,-0.47137296199798584,0.0910344123840332,-0.04085780680179596,-0.47137296199798584,0.0893012285232544,-0.025261998176574707,-0.47137296199798584,0.08514967560768127,-0.01012931764125824,-0.47137296199798584,0.07868194580078125,0.0041675865650177,-0.47137296199798584,0.07005730271339417,0.01727670431137085,-0.47137296199798584,0.059488147497177124,0.028875231742858887,-0.47137296199798584,0.047234684228897095,0.03867758810520172,-0.47137296199798584,0.03359869122505188,0.04644240438938141,-0.47137296199798584,0.4297109842300415,1.5707963705062866,-0.4313541650772095,0.021362630650401115,13.094663179510642,14.999087994222936,2.180807925346179,29452.0
3.8402,0.0094,1,1,-0.35848504304885864,0.07013598084449768,0.9587401747703552,-0.2728060483932495,0.13287422060966492,0.7995012998580933,-0.2616443634033203,0.2720281481742859,-0.7603420615196228,0.996691107749939,0.030491510406136513,0.07519680261611938,-0.004527426790446043,0.5298488484920649,0.7488227084604635,0.15208369227731233,3.4851421602865944,8.63689811454804,-0.2572636160912428,0.19140009582042694,0.08567899465560913,0.06273823976516724,-0.15923887491226196,-0.2616443634033203,0.2720281481742859,-0.7603420615196228,0.030491510406136513,0.07519680261611938,-0.004527426790446043,0.996691107749939,0.5298488736152649,0.7488226890563965,0.15208369493484497,0.08567899465560913,0.06273823976516724,-0.15923887491226196,0.08836483955383301,0.07819849252700806,-0.15923887491226196,0.08859911561012268,0.09388856589794159,-0.15923887491226196,0.08637604117393494,0.10942210257053375,-0.15923887491226196,0.08175033330917358,0.12441664934158325,-0.15923887491226196,0.07483592629432678,0.13850295543670654,-0.15923887491226196,0.06580308079719543,0.15133419632911682,-0.15923887491226196,0.05487418174743652,0.16259440779685974,-0.15923887491226196,0.04231834411621094,0.17200632393360138,-0.15923887491226196,0.028444737195968628,0.17933820188045502,-0.15923887491226196,-1.5707963705062866,1.5707963705062866,0.5099440813064575,0.03221086412668228,-0.9526684102446783,14.999543997111468,-22.485568340100944,29452.0
3.8601,0.0087,1,1,-0.31615594029426575,0.1142028197646141,0.8612114787101746,-0.2720829248428345,0.13589422404766083,0.7995012998580933,-0.07182721048593521,0.35163918137550354,-1.0491576194763184,0.9952622652053833,0.027145011350512505,0.09330585598945618,-0.0028816561680287123,1.4218506538747815,0.5639920051159667,0.4394609946472075,3.1209504071315535,10.712678232758527,-0.03909417354469524,0.07887391000986099,0.044073015451431274,0.021691404283046722,-0.0617101788520813,-0.07182721048593521,0.35163918137550354,-1.0491576194763184,0.027145011350512505,0.09330585598945618,-0.0028816561680287123,0.9952622652053833,1.4218506813049316,0.5639920234680176,0.43946099281311035,0.044073015451431274,0.021691404283046722,-0.0617101788520813,0.046277523040771484,0.03722759336233139,-0.0617101788520813,0.04602450132369995,0.052917368710041046,-0.0617101788520813,0.0433201789855957,0.068374402821064,-0.0617101788520813,0.03823116421699524,0.08321809023618698,-0.0617101788520813,0.030882686376571655,0.09708292037248611,-0.0617101788520813,0.0214557945728302,0.10962749272584915,-0.0617101788520813,0.01018252968788147,0.12054293602705002,-0.0617101788520813,-0.0026594996452331543,0.1295604705810547,-0.0617101788520813,-0.016754060983657837,0.13645800948143005,-0.0617101788520813,-0.5250942707061768,1.5707963705062866,0.2480393648147583,0.20000000298023224,-7.976334205122339,14.999771998555733,-22.049229455007843,33452.0
3.8798,0.009,1,1,-0.3215942978858948,0.1167772188782692,0.8924667239189148,-0.27144503593444824,0.13898184895515442,0.7995012998580933,-0.03662990778684616,0.32997822761535645,-0.963460385799408,0.9941063523292542,0.041672881692647934,0.09857632964849472,0.01722382940351963,1.1870105789485585,0.5438601051716218,0.3904834315403191,5.044561051934832,11.218739493912283,2.4809787628107824,0.1079377755522728,0.05014926195144653,0.022204630076885223,-0.09296542406082153,-0.03662990778684616,0.32997822761535645,-0.963460385799408,0.041672881692647934,0.09857632964849472,0.01722382940351963,0.9941063523292542,1.1870105266571045,0.5438600778579712,0.39048343896865845,0.05014926195144653,0.022204630076885223,-0.09296542406082153,0.0518629252910614,0.037802599370479584,-0.09296542406082153,0.05111542344093323,0.05347660928964615,-0.09296542406082153,0.04792517423629761,0.06884070485830307,-0.09296542406082153,0.04237070679664612,0.08351657539606094,-0.09296542406082153,0.03458884358406067,0.09714285284280777,-0.09296542406082153,0.024771124124526978,0.10938402265310287,-0.09296542406082153,0.013159364461898804,0.11993864923715591,-0.09296542406082153,3.9458274841308594e-05,0.12854686379432678,-0.09296542406082153,-0.01426553726196289,0.1349966824054718,-0.09296542406082153,-0.93318772315979,1.5707963705062866,0.15403199195861816,0.20000000298023224,-11.48816710256117,14.999885999277867,-17.009083582296892,37452.0
3.8998,0.0091,1,1,-0.3251335918903351,0.12022481858730316,0.8486273288726807,-0.2709121108055115,0.14204183220863342,0.7995012998580933,-0.013144474476575851,0.3110560178756714,-1.0593198537826538,0.9923520088195801,0.05678272619843483,0.1038520336151123,0.035013873130083084,-0.1782667769162649,0.638767043780721,0.24602323762044034,7.036302234921929,11.662080522496915,4.761001447126799,0.07634997367858887,0.05422148108482361,0.02181701362133026,-0.0491260290145874,-0.013144474476575851,0.3110560178756714,-1.0593198537826538,0.05678272619843483,0.1038520336151123,0.035013873130083084,0.9923520088195801,-0.17826677858829498,0.6387670636177063,0.2460232377052307,0.05422148108482361,0.02181701362133026,-0.0491260290145874,0.05544990301132202,0.03746068477630615,-0.0491260290145874,0.054215967655181885,0.05310390889644623,-0.0491260290145874,0.050550103187561035,0.06836152076721191,-0.0491260290145874,0.044542551040649414,0.08285780251026154,-0.0491260290145874,0.03634122014045715,0.09623584151268005,-0.0491260290145874,0.026148110628128052,0.10816618800163269,-0.0491260290145874,0.014214158058166504,0.11835511028766632,-0.0491260290145874,0.0008332431316375732,0.12655170261859894,-0.0491260290145874,-0.013665169477462769,0.13255412876605988,-0.0491260290145874,-0.5919814705848694,1.1491085290908813,0.3322075605392456,0.20000000298023224,-13.244083551280585,14.999942999638932,-12.449038213664881,41452.0
3.9202,0.0089,1,1,-0.3234604001045227,0.1285286247730255,0.8951820135116577,-0.2704659104347229,0.14518451690673828,0.7995012998580933,0.03946291655302048,0.30583491921424866,-0.9102588295936584,0.9913510680198669,0.05729677528142929,0.110085628926754,0.04265262931585312,-1.80166056852974,0.5080547032638334,0.23386537461201062,7.232311579826372,12.320461479775204,5.708853028342564,0.11063739657402039,0.052994489669799805,0.01665589213371277,-0.09568071365356445,0.03946291655302048,0.30583491921424866,-0.9102588295936584,0.05729677528142929,0.110085628926754,0.04265262931585312,0.9913510680198669,-1.8016605377197266,0.5080546736717224,0.2338653802871704,0.052994489669799805,0.01665589213371277,-0.09568071365356445,0.05372577905654907,0.03233066201210022,-0.09568071365356445,0.05199599266052246,0.04792684316635132,-0.09568071365356445,0.04784771800041199,0.06306041777133942,-0.09568071365356445,0.04138308763504028,0.07735873758792877,-0.09568071365356445,0.032761335372924805,0.09046973288059235,-0.09568071365356445,0.02219468355178833,0.10207056999206543,-0.09568071365356445,0.009943366050720215,0.11187559366226196,-0.09568071365356445,-0.003690958023071289,0.11964337527751923,-0.09568071365356445,-0.018372565507888794,0.12518265843391418,-0.09568071365356445,0.4264717102050781,1.164098858833313,0.2578376531600952,0.20000000298023224,0.8779582243597073,14.999971499819466,-10.553335051233327,44230.0
3.9401,0.009,1,1,-0.3264963924884796,0.13215582072734833,0.8525158166885376,-0.27012187242507935,0.14831677079200745,0.7995012998580933,0.05610444024205208,0.28866055607795715,-1.009482979774475,0.9913143515586853,0.04350737854838371,0.11347516626119614,0.05024276673793793,-2.656910917316931,0.4128511550883265,0.23408967935482253,5.7465695366515,12.744702764099275,6.44517091999354,0.07905568927526474,0.05637452006340027,0.01616095006465912,-0.053014516830444336,0.05610444024205208,0.28866055607795715,-1.009482979774475,0.04350737854838371,0.11347516626119614,0.05024276673793793,0.9913143515586853,-2.6569108963012695,0.41285115480422974,0.2340896725654602,0.05637452006340027,0.01616095006465912,-0.053014516830444336,0.056611597537994385,0.03185097873210907,-0.053014516830444336,0.05439126491546631,0.04738491773605347,-0.053014516830444336,0.04976823925971985,0.06238028407096863,-0.053014516830444336,0.04285633563995361,0.07646782696247101,-0.053014516830444336,0.03382575511932373,0.08930066227912903,-0.053014516830444336,0.022898882627487183,0.10056281089782715,-0.053014516830444336,0.010344713926315308,0.10997696220874786,-0.053014516830444336,-0.0035275816917419434,0.11731131374835968,-0.053014516830444336,-0.018376439809799194,0.12238524854183197,-0.053014516830444336,0.977507472038269,0.5574878454208374,0.35331857204437256,0.20000000298023224,7.938979112179854,14.999985749909733,-9.080699267931388,44230.0
3.9599,0.0101,1,1,-0.3302793502807617,0.13562148809432983,0.8428796529769897,-0.2698783874511719,0.1514308899641037,0.7995012998580933,0.07573355734348297,0.28426915407180786,-0.9951547980308533,0.9914601445198059,0.019139640033245087,0.11472518742084503,0.058962490409612656,-1.9293487564707883,0.41210001050286965,0.2030547313286659,3.0288658339786543,13.016630355294039,7.152391194691887,0.07602562010288239,0.060400962829589844,0.015809401869773865,-0.043378353118896484,0.07573355734348297,0.28426915407180786,-0.9951547980308533,0.019139640033245087,0.11472518742084503,0.058962490409612656,0.9914601445198059,-1.9293487071990967,0.41210001707077026,0.20305472612380981,0.060400962829589844,0.015809401869773865,-0.043378353118896484,0.060147881507873535,0.03149917721748352,-0.043378353118896484,0.057443469762802124,0.046956196427345276,-0.043378353118896484,0.0523543655872345,0.061799854040145874,-0.043378353118896484,0.045005857944488525,0.07566463947296143,-0.043378353118896484,0.03557887673377991,0.08820918202400208,-0.043378353118896484,0.02430558204650879,0.09912456572055817,-0.043378353118896484,0.011463522911071777,0.10814203321933746,-0.043378353118896484,-0.0026310980319976807,0.11503952741622925,-0.043378353118896484,-0.017631173133850098,0.11964723467826843,-0.043378353118896484,1.1383806467056274,0.3899582624435425,0.37299275398254395,0.20000000298023224,11.469489556089927,14.999992874954867,-7.666258718534725,44230.0
3.9798,0.0093,1,1,-0.3205338716506958,0.15116822719573975,0.8970173597335815,-0.26973167061805725,0.1545708030462265,0.7995012998580933,0.1425025463104248,0.32761073112487793,-0.8743031620979309,0.9906740188598633,-0.003470948664471507,0.11818490922451019,0.06770061701536179,-0.2764018828854606,0.2711656088396604,0.17432992574534167,0.537859793326733,13.570132347113091,7.882773337228606,0.11000828444957733,0.05080220103263855,0.0034025758504867554,-0.09751605987548828,0.1425025463104248,0.32761073112487793,-0.8743031620979309,-0.003470948664471507,0.11818490922451019,0.06770061701536179,0.9906740188598633,-0.2764018774032593,0.2711656093597412,0.17432992160320282,0.05080220103263855,0.0034025758504867554,-0.09751605987548828,0.050056129693984985,0.01907666027545929,-0.09751605987548828,0.0468672513961792,0.034441038966178894,-0.09751605987548828,0.041314125061035156,0.04911741614341736,-0.09751605987548828,0.0335334837436676,0.0627443939447403,-0.09751605987548828,0.023716896772384644,0.07498644292354584,-0.09751605987548828,0.012106090784072876,0.08554212749004364,-0.09751605987548828,-0.001013040542602539,0.09415151178836823,-0.09751605987548828,-0.015317469835281372,0.10060262680053711,-0.09751605987548828,-0.030454963445663452,0.10473659634590149,-0.09751605987548828,1.5707963705062866,-0.5565071105957031,0.16370487213134766,0.20000000298023224,13.234744778044963,-3.562522566724624e-06,-6.205494433461274,44230.0
4.0,0.0098,1,1,-0.42299866676330566,0.0666785016655922,0.8532105684280396,-0.26968371868133545,0.15772294998168945,0.7995012998580933,-0.12379026412963867,0.09285648167133331,-0.9253684878349304,0.9917919635772705,0.002622252097353339,0.1043158546090126,0.07387790828943253,1.2045472284106213,0.0842397467313278,0.24790609251112636,1.2072530735258116,11.919183851318358,8.646125554801015,0.18622365593910217,0.15331494808197021,0.09104444831609726,-0.05370926856994629,-0.12379026412963867,0.09285648167133331,-0.9253684878349304,0.002622252097353339,0.1043158546090126,0.07387790828943253,0.9917919635772705,1.2045472860336304,0.08423974364995956,0.24790608882904053,0.15331494808197021,0.09104444831609726,-0.05370926856994629,0.1520751714706421,0.10668721050024033,-0.05370926856994629,0.1484035849571228,0.12194345146417618,-0.05370926856994629,0.14239060878753662,0.13643747568130493,-0.05370926856994629,0.13418427109718323,0.14981243014335632,-0.05370926856994629,0.12398669123649597,0.16173899173736572,-0.05370926856994629,0.1120489239692688,0.17192342877388,-0.05370926856994629,0.09866493940353394,0.1801150143146515,-0.05370926856994629,0.08416429162025452,0.18611201643943787,-0.05370926856994629,0.06890401244163513,0.1897667944431305,-0.05370926856994629,-1.5707963705062866,1.5707963705062866,0.049680233001708984,0.20000000298023224,-0.8826276109775186,7.499998218738717,-4.678789998316457,44230.0
4.02,0.0088,1,1,-0.43193525075912476,0.07191701978445053,0.9001455903053284,-0.26973554491996765,0.16088762879371643,0.7995012998580933,-0.06448578834533691,0.09253625571727753,-0.6917259097099304,0.9909789562225342,0.014352028258144855,0.10596255958080292,0.08077508956193924,1.7376359122373086,-0.42824905316846024,0.1667645675234559,2.669752246474576,11.987293440872923,9.600134291092255,0.21060338616371155,0.1621997058391571,0.0889706090092659,-0.10064429044723511,-0.06448578834533691,0.09253625571727753,-0.6917259097099304,0.014352028258144855,0.10596255958080292,0.08077508956193924,0.9909789562225342,1.7376359701156616,-0.4282490611076355,0.16676457226276398,0.1621997058391571,0.0889706090092659,-0.10064429044723511,0.16046550869941711,0.1045662984251976,-0.10064429044723511,0.1563129425048828,0.11969869583845139,-0.10064429044723511,0.14984428882598877,0.1339951753616333,-0.10064429044723511,0.14121878147125244,0.14710372686386108,-0.10064429044723511,0.13064885139465332,0.1587015688419342,-0.10064429044723511,0.11839476227760315,0.16850313544273376,-0.10064429044723511,0.10475823283195496,0.17626702785491943,-0.10064429044723511,0.09007507562637329,0.18180212378501892,-0.10064429044723511,0.07470676302909851,0.1849721372127533,-0.10064429044723511,-1.5707963705062866,1.5707963705062866,0.02642989158630371,0.20000000298023224,-7.941313805488759,11.249999109369359,-2.770772525733964,44230.0
4.0403,0.0088,1,1,-0.43230780959129333,0.07429326325654984,0.8558294773101807,-0.2698826789855957,0.16397340595722198,0.7995012998580933,-0.0173662006855011,0.08483688533306122,-0.7684396505355835,0.9905329346656799,0.03229402378201485,0.10240638256072998,0.08551289141178131,0.9174202465384369,-0.9022135301350572,0.12386427144510108,4.768245743622741,11.382076518627326,10.343676210914346,0.19390027225017548,0.16242513060569763,0.08968014270067215,-0.0563281774520874,-0.0173662006855011,0.08483688533306122,-0.7684396505355835,0.03229402378201485,0.10240638256072998,0.08551289141178131,0.9905329346656799,0.9174202680587769,-0.9022135138511658,0.12386427074670792,0.16242513060569763,0.08968014270067215,-0.0563281774520874,0.1602100133895874,0.10521482676267624,-0.0563281774520874,0.15559199452400208,0.12021172791719437,-0.0563281774520874,0.1486847996711731,0.1343015730381012,-0.0563281774520874,0.13965851068496704,0.14713746309280396,-0.0563281774520874,0.12873539328575134,0.15840324759483337,-0.0563281774520874,0.11618438363075256,0.16782161593437195,-0.0563281774520874,0.1023145318031311,0.17516058683395386,-0.0563281774520874,0.08746740221977234,0.18023952841758728,-0.0563281774520874,0.07200852036476135,0.18293330073356628,-0.0563281774520874,-1.5707963705062866,1.5707963705062866,0.0646589994430542,0.20000000298023224,-11.47065690274438,13.12499955468468,-1.283688686089765,44230.0
4.06,0.0093,1,1,-0.4312376379966736,0.07883693277835846,0.9069892168045044,-0.2701307535171509,0.16711315512657166,0.7995012998580933,0.04561754688620567,0.08277624845504761,-0.49618685245513916,0.990998387336731,0.0411004014313221,0.09415614604949951,0.0858229547739029,-0.46248119266228427,-0.766135452653878,0.15486131935999453,5.695137260288333,10.34427549887569,10.415126989834475,0.21284213662147522,0.1611068844795227,0.0882762223482132,-0.10748791694641113,0.04561754688620567,0.08277624845504761,-0.49618685245513916,0.0411004014313221,0.09415614604949951,0.0858229547739029,0.990998387336731,-0.46248120069503784,-0.7661354541778564,0.15486131608486176,0.1611068844795227,0.0882762223482132,-0.10748791694641113,0.15840363502502441,0.10373345017433167,-0.10748791694641113,0.15331566333770752,0.11857748031616211,-0.10748791694641113,0.14596819877624512,0.13244283199310303,-0.10748791694641113,0.1365421712398529,0.1449880748987198,-0.10748791694641113,0.12526968121528625,0.15590430796146393,-0.10748791694641113,0.11242827773094177,0.16492274403572083,-0.10748791694641113,0.09833422303199768,0.17182131111621857,-0.10748791694641113,0.08333447575569153,0.17643015086650848,-0.10748791694641113,0.0677984356880188,0.17863576114177704,-0.10748791694641113,-1.5707963705062866,1.5707963705062866,0.08348655700683594,0.1115695983171463,-13.23532845137219,14.062499777342339,-1.1407871282495448,40230.0
4.0799,0.0093,1,1,-0.4298948645591736,0.08034629374742508,0.8973103165626526,-0.2704789936542511,0.17025461792945862,0.7995012998580933,0.08811677247285843,0.06839556246995926,-0.4714895486831665,0.9915531873703003,0.033118098974227905,0.08536998182535172,0.09184446185827255,-1.9575517655727819,0.1071169995748946,0.205353954811029,4.730212187590414,9.393516788403833,10.972879550371985,0.20751753449440002,0.15941587090492249,0.08990832418203354,-0.09780901670455933,0.08811677247285843,0.06839556246995926,-0.4714895486831665,0.033118098974227905,0.08536998182535172,0.09184446185827255,0.9915531873703003,-1.9575517177581787,0.10711699724197388,0.20535396039485931,0.15941587090492249,0.08990832418203354,-0.09780901670455933,0.15622550249099731,0.10527238994836807,-0.09780901670455933,0.15067094564437866,0.11994823068380356,-0.09780901670455933,0.14288893342018127,0.1335744559764862,-0.09780901670455933,0.1330711543560028,0.14581552147865295,-0.09780901670455933,0.12145930528640747,0.15637007355690002,-0.09780901670455933,0.1083393394947052,0.16497817635536194,-0.09780901670455933,0.09403428435325623,0.1714278757572174,-0.09780901670455933,0.0788964033126831,0.1755603849887848,-0.09780901670455933,0.06329840421676636,0.17727389931678772,-0.09780901670455933,-1.5707963705062866,1.5707963705062866,0.10867929458618164,0.13569067418575287,-14.117664225686095,14.53124988867117,-0.025282007174485612,44230.0
4.101,0.0102,1,1,-0.42916664481163025,0.08644245564937592,0.9283959865570068,-0.2709275782108307,0.17339137196540833,0.7995012998580933,0.11458948999643326,0.09932956099510193,-0.19573289155960083,0.9914932250976562,0.010815751738846302,0.08251676708459854,0.10006573051214218,-2.400197900883724,0.5880030655041211,0.1225212143402389,2.204508055759241,9.291943705532434,11.705191194741085,0.22184129059314728,0.15823906660079956,0.08694891631603241,-0.12889468669891357,0.11458948999643326,0.09932956099510193,-0.19573289155960083,0.010815751738846302,0.08251676708459854,0.10006573051214218,0.9914932250976562,-2.400197982788086,0.5880030393600464,0.12252121418714523,0.15823906660079956,0.08694891631603241,-0.12889468669891357,0.1545635163784027,0.10220418870449066,-0.12889468669891357,0.14854678511619568,0.11669667065143585,-0.12889468669891357,0.1403369903564453,0.13006949424743652,-0.12889468669891357,0.13013628125190735,0.14199338853359222,-0.12889468669891357,0.11819586157798767,0.15217472612857819,-0.12889468669891357,0.10480976104736328,0.1603628396987915,-0.12889468669891357,0.09030753374099731,0.16635607182979584,-0.12889468669891357,0.07504633069038391,0.1700068861246109,-0.12889468669891357,0.059401899576187134,0.1712253838777542,-0.12889468669891357,-1.5707963705062866,1.5707963705062866,0.11268997192382812,0.021362630650401115,-14.558832112843048,14.765624944335585,1.439341281563694,40230.0
4.1197,0.0097,1,1,-0.4312383234500885,0.09009144455194473,0.8805707693099976,-0.2714579701423645,0.17642170190811157,0.7995012998580933,0.11030435562133789,0.12258576601743698,-0.3469346761703491,0.9905529022216797,-0.016544276848435402,0.0838228389620781,0.10725212097167969,-2.104547471942741,0.7264037523509858,0.09002543091001132,-0.8602214188853502,9.765186876907416,12.285744438213879,0.19888421893119812,0.159780353307724,0.08633025735616684,-0.0810694694519043,0.11030435562133789,0.12258576601743698,-0.3469346761703491,-0.016544276848435402,0.0838228389620781,0.10725212097167969,0.9905529022216797,-2.1045475006103516,0.7264037728309631,0.09002543240785599,0.159780353307724,0.08633025735616684,-0.0810694694519043,0.15563729405403137,0.10146524757146835,-0.0810694694519043,0.14917761087417603,0.11576580256223679,-0.0810694694519043,0.1405603289604187,0.12887975573539734,-0.0810694694519043,0.12999770045280457,0.14048421382904053,-0.0810694694519043,0.11774975061416626,0.1502934694290161,-0.0810694694519043,0.10411810874938965,0.15806591510772705,-0.0810694694519043,0.08943837881088257,0.16361024975776672,-0.0810694694519043,0.07407209277153015,0.16678988933563232,-0.0810694694519043,0.0583975613117218,0.16752657294273376,-0.0810694694519043,-1.5707963705062866,1.5707963705062866,0.2342458963394165,0.09194629639387131,-14.779416056421525,14.882812472167792,2.600447768509288,36230.0
4.1399,0.0101,1,1,-0.42986777424812317,0.09774357825517654,0.9352771043777466,-0.27210891246795654,0.1795576959848404,0.7995012998580933,0.13045747578144073,0.19097177684307098,0.015331558883190155,0.988914966583252,-0.04105690121650696,0.08588212728500366,0.11394656449556351,-1.671427197534903,0.5117015361920471,0.1217688630099131,-3.5916967452128943,10.324145569558972,12.821100796882689,0.22364364564418793,0.15775886178016663,0.08181411772966385,-0.13577580451965332,0.13045747578144073,0.19097177684307098,0.015331558883190155,-0.04105690121650696,0.08588212728500366,0.11394656449556351,0.988914966583252,-1.6714272499084473,0.5117015242576599,0.12176886200904846,0.15775886178016663,0.08181411772966385,-0.13577580451965332,0.15313321352005005,0.09680866450071335,-0.13577580451965332,0.14621886610984802,0.11089501529932022,-0.13577580451965332,0.13718605041503906,0.12372628599405289,-0.13577580451965332,0.12625721096992493,0.13498654961585999,-0.13577580451965332,0.11370140314102173,0.1443985104560852,-0.13577580451965332,0.0998278558254242,0.15173044800758362,-0.13577580451965332,0.0849781334400177,0.15680181980133057,-0.13577580451965332,0.06951788067817688,0.15948772430419922,-0.13577580451965332,0.05382782220840454,0.15972205996513367,-0.13577580451965332,-1.5707963705062866,1.5707963705062866,-0.0721820592880249,0.021362630650401115,-14.889708028210762,14.941406236083896,3.67116048584691,32230.0
4.1597,0.0093,1,1,-0.3825816810131073,0.14239193499088287,0.8918516635894775,-0.27283284068107605,0.18256597220897675,0.7995012998580933,0.33172309398651123,0.40409573912620544,-0.10525864362716675,0.9825845956802368,-0.06486335396766663,0.10379232466220856,0.13980495929718018,-1.2660566622115275,0.41043380376686156,-0.01697025751604097,-5.794916784077575,12.832753739400014,15.543444915651216,0.14895418286323547,0.10974884033203125,0.04017403721809387,-0.09235036373138428,0.33172309398651123,0.40409573912620544,-0.10525864362716675,-0.06486335396766663,0.10379232466220856,0.13980495929718018,0.9825845956802368,-1.2660566568374634,0.4104337990283966,-0.016970258206129074,0.10974884033203125,0.04017403721809387,-0.09235036373138428,0.10466152429580688,0.05501830577850342,-0.09235036373138428,0.09731468558311462,0.0688839852809906,-0.09235036373138428,0.08788922429084778,0.08142966032028198,-0.09235036373138428,0.07661721110343933,0.09234641492366791,-0.09235036373138428,0.06377625465393066,0.10136543214321136,-0.09235036373138428,0.04968249797821045,0.10826463997364044,-0.09235036373138428,0.0346829891204834,0.11287416517734528,-0.09235036373138428,0.019147038459777832,0.11508049070835114,-0.09235036373138428,0.0034572184085845947,0.11482928693294525,-0.09235036373138428,1.5707963705062866,-0.6394986510276794,0.11389505863189697,0.021362630650401115,0.05514598589461883,-0.029296881958051912,9.115848723383944,29452.0
4.1798,0.0099,1,1,-0.37380900979042053,0.16690602898597717,0.8911843299865723,-0.27366623282432556,0.1856078952550888,0.7995012998580933,0.3776302933692932,0.47645261883735657,-0.10514089465141296,0.9795193076133728,-0.07828889787197113,0.10854033380746841,0.15043210983276367,-1.013779872943147,0.19691527948867896,-0.11092233219985997,-7.136285721401864,13.661722583371272,16.606271242652664,0.1370551437139511,0.10014277696609497,0.018701866269111633,-0.091683030128479,0.3776302933692932,0.47645261883735657,-0.10514089465141296,-0.07828889787197113,0.10854033380746841,0.15043210983276367,0.9795193076133728,-1.013779878616333,0.19691528379917145,-0.11092232912778854,0.10014277696609497,0.018701866269111633,-0.091683030128479,0.09458985924720764,0.03337831795215607,-0.091683030128479,0.0868094265460968,0.047005414962768555,-0.091683030128479,0.07699301838874817,0.05924759805202484,-0.091683030128479,0.06538236141204834,0.06980344653129578,-0.091683030128479,0.052263349294662476,0.07841302454471588,-0.091683030128479,0.037959009408950806,0.08486434817314148,-0.091683030128479,0.0228215754032135,0.08899852633476257,-0.091683030128479,0.0072238147258758545,0.09071382880210876,-0.091683030128479,-0.00845026969909668,0.08996796607971191,-0.091683030128479,1.5707963705062866,-1.5707963705062866,0.2641937732696533,0.021362630650401115,7.527572992947309,-7.514648440979026,11.241501377386827,29452.0
4.2003,0.0099,1,1,-0.3689645528793335,0.17949920892715454,0.9464955925941467,-0.27459320425987244,0.18861623108386993,0.7995012998580933,0.4159497916698456,0.5126240849494934,-0.08366268128156662,0.9785501956939697,-0.08796746283769608,0.10888730734586716,0.15113840997219086,-0.4281039108890509,-0.2289691030136295,-0.11645605637228679,-8.246270571837286,13.868475792107152,16.55541157376773,0.1749182492494583,0.09437134861946106,0.009117022156715393,-0.14699429273605347,0.4159497916698456,0.5126240849494934,-0.08366268128156662,-0.08796746283769608,0.10888730734586716,0.15113840997219086,0.9785501956939697,-0.4281039237976074,-0.22896909713745117,-0.1164560541510582,0.09437134861946106,0.009117022156715393,-0.14699429273605347,0.08835923671722412,0.02361142635345459,-0.14699429273605347,0.0801537036895752,0.03698687255382538,-0.14699429273605347,0.06995683908462524,0.04891401529312134,-0.14699429273605347,0.058019667863845825,0.05909918248653412,-0.14699429273605347,0.04463618993759155,0.06729157269001007,-0.14699429273605347,0.030135899782180786,0.07328945398330688,-0.14699429273605347,0.014875829219818115,0.07694515585899353,-0.14699429273605347,-0.0007682144641876221,0.07816863059997559,-0.14699429273605347,-0.016411036252975464,0.07692980766296387,-0.14699429273605347,1.5707963705062866,-1.3160061836242676,0.11381757259368896,0.021362630650401115,11.263786496473655,-11.257324220489513,11.139782039617012,29452.0
4.2199,0.0092,1,1,-0.3574334979057312,0.19535377621650696,0.90470290184021,-0.27560633420944214,0.1915714591741562,0.7995012998580933,0.46320396661758423,0.5651644468307495,-0.2993699014186859,0.9771259427070618,-0.09088920056819916,0.11008507013320923,0.15761762857437134,0.9671623033257462,-1.7531874414228263,-0.1325794910795206,-8.474185289498037,14.110068158667037,17.2759108958246,0.1333318054676056,0.08182716369628906,-0.003782317042350769,-0.1052016019821167,0.46320396661758423,0.5651644468307495,-0.2993699014186859,-0.09088920056819916,0.11008507013320923,0.15761762857437134,0.9771259427070618,0.9671623110771179,-1.7531874179840088,-0.1325794905424118,0.08182716369628906,-0.003782317042350769,-0.1052016019821167,0.07536521553993225,0.010517209768295288,-0.1052016019821167,0.06674587726593018,0.023629814386367798,-0.1052016019821167,0.05618143081665039,0.03523263335227966,-0.1052016019821167,0.043931931257247925,0.04503995180130005,-0.1052016019821167,0.030299067497253418,0.05281028151512146,-0.1052016019821167,0.015618503093719482,0.05835229158401489,-0.1052016019821167,0.0002517104148864746,0.06152951717376709,-0.1052016019821167,-0.015422940254211426,0.06226372718811035,-0.1052016019821167,-0.03101944923400879,0.060536861419677734,-0.1052016019821167,1.5707963705062866,-1.5707963705062866,0.1932600736618042,0.021362630650401115,13.131893248236828,-13.128662110244758,12.58078068373072,29452.0
4.2401,0.0098,1,1,-0.34972092509269714,0.20872998237609863,0.9563138484954834,-0.27673014998435974,0.19454114139080048,0.7995012998580933,0.5081034898757935,0.6022982001304626,-0.13668835163116455,0.9799002408981323,-0.07823600620031357,0.09444604068994522,0.15732958912849426,2.0197087469927406,-2.629177290357064,-0.24679369012380029,-7.262758236025328,12.10553815243999,17.47158427570629,0.17354869842529297,0.0729907751083374,-0.014188840985298157,-0.15681254863739014,0.5081034898757935,0.6022982001304626,-0.13668835163116455,-0.07823600620031357,0.09444604068994522,0.15732958912849426,0.9799002408981323,2.0197086334228516,-2.6291773319244385,-0.2467936873435974,0.0729907751083374,-0.014188840985298157,-0.15681254863739014,0.06607812643051147,-0.0001016855239868164,-0.15681254863739014,0.05704683065414429,0.012730672955513,-0.15681254863739014,0.0461193323135376,0.02399224042892456,-0.15681254863739014,0.03356465697288513,0.03340570628643036,-0.15681254863739014,0.01969197392463684,0.04073929786682129,-0.15681254863739014,0.004842847585678101,0.0458124577999115,-0.15681254863739014,-0.010617077350616455,0.04850021004676819,-0.15681254863739014,-0.026307106018066406,0.04873642325401306,-0.15681254863739014,-0.041840940713882446,0.04651525616645813,-0.15681254863739014,1.5707963705062866,-1.2247107028961182,-0.05265676975250244,0.021362630650401115,14.065946624118414,-14.064331055122379,12.972127443494097,29452.0
4.2597,0.0093,1,1,-0.3397151827812195,0.2191450446844101,0.9044564962387085,-0.27791956067085266,0.19740884006023407,0.7995012998580933,0.5248642563819885,0.6204521656036377,-0.33214041590690613,0.9852122068405151,-0.04061081260442734,0.0569436214864254,0.15640664100646973,2.6371774262716623,-3.321534991595395,-0.15887357127928067,-3.594736968034351,7.175368063380251,17.81584262014306,0.12372047454118729,0.06179562211036682,-0.021736204624176025,-0.10495519638061523,0.5248642563819885,0.6204521656036377,-0.33214041590690613,-0.04061081260442734,0.0569436214864254,0.15640664100646973,0.9852122068405151,2.6371774673461914,-3.321535110473633,-0.1588735729455948,0.06179562211036682,-0.021736204624176025,-0.10495519638061523,0.054448992013931274,-0.007870405912399292,-0.10495519638061523,0.045023709535598755,0.0046754032373428345,-0.10495519638061523,0.03375190496444702,0.015592336654663086,-0.10495519638061523,0.020911067724227905,0.024611547589302063,-0.10495519638061523,0.0068174004554748535,0.031510964035987854,-0.10495519638061523,-0.008182048797607422,0.03612072765827179,-0.10495519638061523,-0.023717939853668213,0.03832726180553436,-0.10495519638061523,-0.03940775990486145,0.03807632625102997,-0.10495519638061523,-0.05486515164375305,0.035374030470848083,-0.10495519638061523,1.5707963705062866,-1.5707963705062866,-0.05969715118408203,0.021362630650401115,14.532973312059207,-14.53216552756119,13.66064413236763,29452.0
4.2801,0.0094,1,1,-0.3305070102214813,0.2340899109840393,0.9553123712539673,-0.2792274057865143,0.2003019154071808,0.7995012998580933,0.5406822562217712,0.6600741744041443,-0.15442195534706116,0.9867531657218933,-0.023805728182196617,0.03965102508664131,0.15549053251743317,2.565688328917902,-3.1883955792190637,-0.2028111186679509,-1.9930259343279326,4.913672559701446,17.824275723570913,0.16747631132602692,0.05127960443496704,-0.03378799557685852,-0.15581107139587402,0.5406822562217712,0.6600741744041443,-0.15442195534706116,-0.023805728182196617,0.03965102508664131,0.15549053251743317,0.9867531657218933,2.565688371658325,-3.1883955001831055,-0.2028111219406128,0.05127960443496704,-0.03378799557685852,-0.15581107139587402,0.04349648952484131,-0.020162418484687805,-0.15581107139587402,0.03367769718170166,-0.007922127842903137,-0.15581107139587402,0.022065013647079468,0.002631455659866333,-0.15581107139587402,0.008944332599639893,0.01123848557472229,-0.15581107139587402,-0.0053612589836120605,0.01768702268600464,-0.15581107139587402,-0.020499497652053833,0.02181828022003174,-0.15581107139587402,-0.03609761595726013,0.023530542850494385,-0.15581107139587402,-0.05177155137062073,0.02278164029121399,-0.15581107139587402,-0.06713536381721497,0.019589990377426147,-0.15581107139587402,1.5707963705062866,-1.1592156887054443,-0.10227727890014648,0.021362630650401115,14.766486656029603,-14.766082763780595,13.677510339223348,29452.0
4.2997,0.0101,1,1,-0.3195766806602478,0.2473873347043991,0.9519343376159668,-0.2806069254875183,0.20311377942562103,0.7995012998580933,0.5521093606948853,0.6692848801612854,-0.1831878274679184,0.9880656003952026,0.006317409221082926,0.011696860194206238,0.15345244109630585,2.2387304439922198,-2.8470451728142665,-0.1648763530210761,0.9212101797440403,1.2133681657726911,17.6654185710094,0.1634460836648941,0.03896975517272949,-0.044273555278778076,-0.15243303775787354,0.5521093606948853,0.6692848801612854,-0.1831878274679184,0.006317409221082926,0.011696860194206238,0.15345244109630585,0.9880656003952026,2.2387304306030273,-2.8470451831817627,-0.16487635672092438,0.03896975517272949,-0.044273555278778076,-0.15243303775787354,0.030763745307922363,-0.03089839220046997,-0.15243303775787354,0.020566463470458984,-0.018971607089042664,-0.15243303775787354,0.0086289644241333,-0.008786872029304504,-0.15243303775787354,-0.004754841327667236,-0.0005949586629867554,-0.15243303775787354,-0.019255340099334717,0.005402430891990662,-0.15243303775787354,-0.03451552987098694,0.009057566523551941,-0.15243303775787354,-0.050159603357315063,0.010280504822731018,-0.15243303775787354,-0.0658024251461029,0.009041115641593933,-0.15243303775787354,-0.08105874061584473,0.005369916558265686,-0.15243303775787354,1.5707963705062866,-1.5707963705062866,-0.046942949295043945,0.021362630650401115,14.883243328014801,-14.883041381890298,13.35979603410032,29452.0
4.3198,0.0094,1,1,-0.3053644299507141,0.2631274461746216,1.0320899486541748,-0.28208473324775696,0.2059008777141571,0.7995012998580933,0.5729727149009705,0.6831497550010681,0.55814528465271,0.9876090288162231,0.0365423858165741,-0.02075977623462677,0.15119585394859314,1.7902706280216347,-2.2725528561523354,-0.1863557458979739,3.7837592681141605,-2.983891857537973,17.309367872958788,0.24065391719341278,0.023279696702957153,-0.05722656846046448,-0.23258864879608154,0.5729727149009705,0.6831497550010681,0.55814528465271,0.0365423858165741,-0.02075977623462677,0.15119585394859314,0.9876090288162231,1.7902706861495972,-2.272552967071533,-0.18635573983192444,0.023279696702957153,-0.05722656846046448,-0.23258864879608154,0.014655888080596924,-0.044116899371147156,-0.23258864879608154,0.004087477922439575,-0.032517701387405396,-0.23258864879608154,-0.008165359497070312,-0.022714555263519287,-0.23258864879608154,-0.021800875663757324,-0.01494888961315155,-0.23258864879608154,-0.03648334741592407,-0.009411871433258057,-0.23258864879608154,-0.05185121297836304,-0.006239891052246094,-0.23258864879608154,-0.06752610206604004,-0.0055110156536102295,-0.23258864879608154,-0.08312201499938965,-0.007243216037750244,-0.23258864879608154,-0.09825494885444641,-0.011393815279006958,-0.23258864879608154,1.5707963705062866,-0.35721468925476074,-0.23083925247192383,0.021362630650401115,14.9416216640074,-14.941520690945149,12.647694637999084,29452.0
4.3396,0.0099,1,1,-0.29395732283592224,0.27665603160858154,1.0429548025131226,-0.2836250364780426,0.2085983157157898,0.7995012998580933,0.5674159526824951,0.6692611575126648,0.5281692743301392,0.9864012002944946,0.05718015134334564,-0.039669424295425415,0.14888744056224823,1.4118580739906406,-1.7125579895164684,-0.20471719299439103,5.822916732549373,-5.467824147525451,16.888538330113455,0.2529984414577484,0.010332286357879639,-0.06805771589279175,-0.2434535026550293,0.5674159526824951,0.6692611575126648,0.5281692743301392,0.05718015134334564,-0.039669424295425415,0.14888744056224823,0.9864012002944946,1.411858081817627,-1.7125580310821533,-0.20471718907356262,0.010332286357879639,-0.06805771589279175,-0.2434535026550293,0.0013054609298706055,-0.05522222816944122,-0.2434535026550293,-0.009618103504180908,-0.04395684599876404,-0.2434535026550293,-0.022169500589370728,-0.03453899919986725,-0.2434535026550293,-0.03603962063789368,-0.02720057964324951,-0.2434535026550293,-0.05088698863983154,-0.02212226390838623,-0.2434535026550293,-0.06634595990180969,-0.019429117441177368,-0.2434535026550293,-0.08203592896461487,-0.01918742060661316,-0.2434535026550293,-0.0975705087184906,-0.02140316367149353,-0.2434535026550293,-0.1125672459602356,-0.02602177858352661,-0.2434535026550293,1.5707963705062866,-0.5418730974197388,-0.20162367820739746,0.021362630650401115,14.9708108320037,-14.970760345472574,11.806035552308408,29452.0
4.3606,0.0099,1,1,-0.27848437428474426,0.29316937923431396,1.1368279457092285,-0.2852954566478729,0.21132071316242218,0.7995012998580933,0.5525393486022949,0.6450229287147522,1.196324110031128,0.984300434589386,0.07735992968082428,-0.061253733932971954,0.14633552730083466,1.0973812266716694,-1.3098407615871388,-0.17929853545683205,7.80276231383582,-8.234515965953534,16.34983030760603,0.3471813201904297,-0.006811082363128662,-0.08184866607189178,-0.33732664585113525,0.5525393486022949,0.6450229287147522,1.196324110031128,0.07735992968082428,-0.061253733932971954,0.14633552730083466,0.984300434589386,1.0973812341690063,-1.3098407983779907,-0.179298534989357,-0.006811082363128662,-0.08184866607189178,-0.33732664585113525,-0.01624321937561035,-0.06930799782276154,-0.33732664585113525,-0.027520984411239624,-0.05839723348617554,-0.33732664585113525,-0.04036673903465271,-0.04938502609729767,-0.33732664585113525,-0.05446416139602661,-0.0424933135509491,-0.33732664585113525,-0.06946611404418945,-0.03789174556732178,-0.33732664585113525,-0.08500322699546814,-0.03569367527961731,-0.33732664585113525,-0.10069289803504944,-0.03595319390296936,-0.33732664585113525,-0.11614879965782166,-0.03866392374038696,-0.33732664585113525,-0.1309903860092163,-0.04375910758972168,-0.33732664585113525,1.5707963705062866,-0.16770315170288086,-0.36717653274536133,0.021362630650401115,14.98540541600185,-12.289721574544917,10.72861950729359,29452.0
4.3801,0.0098,1,1,-0.2675987780094147,0.3057835102081299,1.1604254245758057,-0.2870103120803833,0.21392717957496643,0.7995012998580933,0.5358023643493652,0.6161187887191772,1.1630585193634033,0.9828501343727112,0.08978743106126785,-0.07164813578128815,0.14425112307071686,0.9234649564226443,-0.9778869196145225,-0.17554158081754365,9.092974069586992,-9.598482680746486,15.934103380626327,0.37293514609336853,-0.019411534070968628,-0.09185633063316345,-0.3609241247177124,0.5358023643493652,0.6161187887191772,1.1630585193634033,0.08978743106126785,-0.07164813578128815,0.14425112307071686,0.9828501343727112,0.9234649538993835,-0.9778869152069092,-0.17554157972335815,-0.019411534070968628,-0.09185633063316345,-0.3609241247177124,-0.0292302668094635,-0.0796160101890564,-0.3609241247177124,-0.040842920541763306,-0.06906238198280334,-0.3609241247177124,-0.05396357178688049,-0.06045529246330261,-0.3609241247177124,-0.06826913356781006,-0.05400669574737549,-0.3609241247177124,-0.08340734243392944,-0.04987537860870361,-0.3609241247177124,-0.09900546073913574,-0.04816308617591858,-0.3609241247177124,-0.11467939615249634,-0.0489119291305542,-0.3609241247177124,-0.13004320859909058,-0.05210348963737488,-0.3609241247177124,-0.14471861720085144,-0.05765920877456665,-0.3609241247177124,1.5655087232589722,-0.24346089363098145,-0.3765345811843872,0.021362630650401115,14.992702708000925,-13.11950162804181,9.89716565333418,29452.0
4.3998,0.0094,1,1,-0.25707346200942993,0.3177792429924011,1.1833258867263794,-0.2887999713420868,0.2164711356163025,0.7995012998580933,0.5165704488754272,0.5832717418670654,1.1265782117843628,0.9815706014633179,0.10003781318664551,-0.07907379418611526,0.14232681691646576,0.8195688504491188,-0.6941277046778249,-0.15982441965697983,10.18867954634713,-10.585882361997614,15.554251143217403,0.39823511242866516,-0.03172650933265686,-0.10130810737609863,-0.38382458686828613,0.5165704488754272,0.5832717418670654,1.1265782117843628,0.10003781318664551,-0.07907379418611526,0.14232681691646576,0.9815706014633179,0.8195688724517822,-0.6941276788711548,-0.1598244160413742,-0.03172650933265686,-0.10130810737609863,-0.38382458686828613,-0.04192119836807251,-0.08937907218933105,-0.38382458686828613,-0.053856462240219116,-0.07919169962406158,-0.38382458686828613,-0.067238450050354,-0.07099683582782745,-0.38382458686828613,-0.08173763751983643,-0.06499627232551575,-0.38382458686828613,-0.09699699282646179,-0.06133776903152466,-0.38382458686828613,-0.11264082789421082,-0.06011137366294861,-0.38382458686828613,-0.12828388810157776,-0.06134733557701111,-0.38382458686828613,-0.14354103803634644,-0.06501519680023193,-0.38382458686828613,-0.15803653001785278,-0.07102462649345398,-0.38382458686828613,1.3258136510849,-0.31362175941467285,-0.3911409378051758,0.021362630650401115,14.996351354000463,-14.059750814020905,9.137461178516343,29452.0
4.4197,0.0093,1,1,-0.24530397355556488,0.33024105429649353,1.2559022903442383,-0.29069748520851135,0.2189963012933731,0.7995012998580933,0.48845165967941284,0.5410881638526917,1.409658432006836,0.9800493121147156,0.11014573276042938,-0.08700578659772873,0.14071007072925568,0.7013493986057928,-0.4304432981696038,-0.16625325723891748,11.269330352661877,-11.62686180540059,15.189678873269745,0.47195106744766235,-0.04539351165294647,-0.11124475300312042,-0.456400990486145,0.48845165967941284,0.5410881638526917,1.409658432006836,0.11014573276042938,-0.08700578659772873,0.14071007072925568,0.9800493121147156,0.7013493776321411,-0.43044328689575195,-0.1662532538175583,-0.04539351165294647,-0.11124475300312042,-0.456400990486145,-0.05595983564853668,-0.09964363276958466,-0.456400990486145,-0.06821088492870331,-0.08983829617500305,-0.456400990486145,-0.0818450003862381,-0.08207015693187714,-0.456400990486145,-0.09652648866176605,-0.07653051614761353,-0.456400990486145,-0.11189378798007965,-0.07335573434829712,-0.456400990486145,-0.12756852805614471,-0.07262405753135681,-0.456400990486145,-0.1431647688150406,-0.07435342669487,-0.456400990486145,-0.15829844772815704,-0.07850131392478943,-0.456400990486145,-0.17259694635868073,-0.0849655419588089,-0.456400990486145,0.3288685083389282,-0.2616894245147705,-0.4320429563522339,0.021362630650401115,14.998175677000232,-14.5267251909623,8.408316638621024,29452.0
4.4398,0.01,1,1,-0.23576325178146362,0.34066930413246155,1.2836989164352417,-0.29265761375427246,0.22144076228141785,0.7995012998580933,0.4655459225177765,0.5016221404075623,1.3696905374526978,0.9791737198829651,0.11749099940061569,-0.08982774615287781,0.13908138871192932,0.5664078251198048,-0.36422662727344174,-0.2251052058118176,12.105638717040526,-12.040061131208587,14.886992175916108,0.5018961429595947,-0.05689436197280884,-0.1192285418510437,-0.48419761657714844,0.4655459225177765,0.5016221404075623,1.3696905374526978,0.11749099940061569,-0.08982774615287781,0.13908138871192932,0.9791737198829651,0.5664077997207642,-0.36422663927078247,-0.22510521113872528,-0.05689436197280884,-0.1192285418510437,-0.48419761657714844,-0.06781896948814392,-0.1079641580581665,-0.48419761657714844,-0.0803712010383606,-0.09854744374752045,-0.48419761657714844,-0.09424200654029846,-0.0912102609872818,-0.48419761657714844,-0.10908979177474976,-0.08613330125808716,-0.48419761657714844,-0.1245490312576294,-0.08344152569770813,-0.48419761657714844,-0.14023900032043457,-0.08320125937461853,-0.48419761657714844,-0.15577340126037598,-0.08541840314865112,-0.48419761657714844,-0.17076972126960754,-0.09003838896751404,-0.48419761657714844,-0.18485864996910095,-0.09694740176200867,-0.48419761657714844,0.04861462116241455,-0.24785113334655762,-0.4372040033340454,0.021362630650401115,8.89179414611698,-14.363774539627116,7.802943243913718,29452.0
4.4596,0.0097,1,1,-0.2267465889453888,0.35024479031562805,1.308895230293274,-0.2946816086769104,0.22380930185317993,0.7995012998580933,0.44231611490249634,0.4601428508758545,1.3183215856552124,0.9784536957740784,0.12377462536096573,-0.09218316525220871,0.13714416325092316,0.4734218578944933,-0.2476331850784205,-0.22926166790413152,12.83196831003745,-12.377035419325443,14.56046651812776,0.529228925704956,-0.0679350197315216,-0.12643548846244812,-0.5093939304351807,0.44231611490249634,0.4601428508758545,1.3183215856552124,0.12377462536096573,-0.09218316525220871,0.13714416325092316,0.9784536957740784,0.4734218716621399,-0.2476331889629364,-0.22926166653633118,-0.0679350197315216,-0.12643548846244812,-0.5093939304351807,-0.07920524477958679,-0.11551690101623535,-0.5093939304351807,-0.09204471111297607,-0.10649576783180237,-0.5093939304351807,-0.10613736510276794,-0.09959426522254944,-0.5093939304351807,-0.12113609910011292,-0.09498226642608643,-0.5093939304351807,-0.13667169213294983,-0.09277340769767761,-0.5093939304351807,-0.15236154198646545,-0.09302201867103577,-0.5093939304351807,-0.1678193211555481,-0.0957220196723938,-0.5093939304351807,-0.1826644241809845,-0.10080689191818237,-0.5093939304351807,-0.19653132557868958,-0.10815146565437317,-0.5093939304351807,-0.2027071714401245,-0.24780189990997314,-0.45443081855773926,0.021362630650401115,-1.3612356272184858,-14.280888779895916,7.149891928337058,29452.0
4.48,0.01,1,1,-0.21813979744911194,0.3590105175971985,1.3348517417907715,-0.2968197166919708,0.2261575609445572,0.7995012998580933,0.41838955879211426,0.4164777994155884,1.2767586708068848,0.977803647518158,0.12914593517780304,-0.09447559714317322,0.13525459170341492,0.20071194851772317,-0.3801785960183665,-0.19518379201645034,13.455316480380404,-12.690962612555639,14.247760447682092,0.5571718811988831,-0.07867991924285889,-0.1328529566526413,-0.5353504419326782,0.41838955879211426,0.4164777994155884,1.2767586708068848,0.12914593517780304,-0.09447559714317322,0.13525459170341492,0.977803647518158,0.2007119506597519,-0.3801786005496979,-0.19518379867076874,-0.07867991924285889,-0.1328529566526413,-0.5353504419326782,-0.09029114246368408,-0.1222977340221405,-0.5353504419326782,-0.10341060161590576,-0.1136888712644577,-0.5353504419326782,-0.1177152693271637,-0.10723832249641418,-0.5353504419326782,-0.1328529417514801,-0.10310494899749756,-0.5353504419326782,-0.1484508216381073,-0.10139051079750061,-0.5353504419326782,-0.16412484645843506,-0.10213720798492432,-0.5353504419326782,-0.1794891059398651,-0.10532668232917786,-0.5353504419326782,-0.19416525959968567,-0.11088040471076965,-0.5353504419326782,-0.20779192447662354,-0.11866159737110138,-0.5353504419326782,-0.4443073272705078,-0.1266016960144043,-0.4888319969177246,0.021362630650401115,-8.180617813609242,-10.767315820359748,6.524479787445725,29452.0
4.5005,0.0091,1,1,-0.2109834998846054,0.3662225306034088,1.3329097032546997,-0.298988938331604,0.22839447855949402,0.7995012998580933,0.3965975046157837,0.37552300095558167,1.0866659879684448,0.9776341319084167,0.13073620200157166,-0.09713267534971237,0.13305138051509857,-0.5304630400184644,-0.3814201284290478,-0.1647390670668825,13.639238999640977,-12.985808178205238,13.940543149144299,0.5579122304916382,-0.0880054384469986,-0.1378280520439148,-0.5334084033966064,0.3965975046157837,0.37552300095558167,1.0866659879684448,0.13073620200157166,-0.09713267534971237,0.13305138051509857,0.9776341319084167,-0.5304630398750305,-0.3814201354980469,-0.16473907232284546,-0.0880054384469986,-0.1378280520439148,-0.5334084033966064,-0.09993989765644073,-0.12763972580432892,-0.5334084033966064,-0.1133212298154831,-0.11944378912448883,-0.5334084033966064,-0.1278199404478073,-0.113442063331604,-0.5334084033966064,-0.1430789977312088,-0.10978230834007263,-0.5334084033966064,-0.15872274339199066,-0.1085546612739563,-0.5334084033966064,-0.17436589300632477,-0.10978937149047852,-0.5334084033966064,-0.18962331116199493,-0.11345598101615906,-0.5334084033966064,-0.20411930978298187,-0.11946424841880798,-0.5334084033966064,-0.21749694645404816,-0.12766622006893158,-0.5334084033966064,-0.22579693794250488,-0.03844094276428223,-0.4959768056869507,0.021362630650401115,-10.558914692346068,-6.4849098006285395,5.91004519037013,29452.0
4.5206,0.0102,1,1,-0.20329873263835907,0.37328875064849854,1.3541795015335083,-0.30128714442253113,0.23061931133270264,0.7995012998580933,0.37165558338165283,0.33108842372894287,1.0405488014221191,0.9785647988319397,0.12388463318347931,-0.1007060557603836,0.13007612526416779,-1.7284482727926442,-0.20052429552941348,-0.14077163258633493,12.837134177261262,-13.257256566646154,13.645327449431615,0.5810543894767761,-0.09798841178417206,-0.1426694393157959,-0.554678201675415,0.37165558338165283,0.33108842372894287,1.0405488014221191,0.12388463318347931,-0.1007060557603836,0.13007612526416779,0.9785647988319397,-1.7284482717514038,-0.20052430033683777,-0.14077162742614746,-0.09798841178417206,-0.1426694393157959,-0.554678201675415,-0.11024262011051178,-0.13286802172660828,-0.554678201675415,-0.12387923896312714,-0.12510424852371216,-0.554678201675415,-0.13856245577335358,-0.11956930160522461,-0.554678201675415,-0.15393079817295074,-0.11639946699142456,-0.554678201675415,-0.1696057766675949,-0.115672767162323,-0.554678201675415,-0.18520145118236542,-0.11740714311599731,-0.554678201675415,-0.20033378899097443,-0.12155985832214355,-0.554678201675415,-0.21463023126125336,-0.12802869081497192,-0.554678201675415,-0.22773869335651398,-0.1366543173789978,-0.554678201675415,-0.07000529766082764,0.08351171016693115,-0.4723595380783081,0.021362630650401115,-7.284961395934273,-0.8500206340718091,5.319613790944762,29452.0
4.5407,0.0101,1,1,-0.19755356013774872,0.37843769788742065,1.3397715091705322,-0.3036210834980011,0.2327393889427185,0.7995012998580933,0.3476748764514923,0.2950315773487091,0.8142525553703308,0.9808669686317444,0.10572365671396255,-0.10379903018474579,0.12627866864204407,-2.7030919948316683,0.2813452591456225,-0.20381281677771376,10.730672586294727,-13.316345876022245,13.415749796928628,0.5695350766181946,-0.10606752336025238,-0.14569830894470215,-0.540270209312439,0.3476748764514923,0.2950315773487091,0.8142525553703308,0.10572365671396255,-0.10379903018474579,0.12627866864204407,0.9808669686317444,-2.703092098236084,0.2813452482223511,-0.20381282269954681,-0.10606752336025238,-0.14569830894470215,-0.540270209312439,-0.11862464249134064,-0.1362881064414978,-0.540270209312439,-0.13249923288822174,-0.1289581060409546,-0.540270209312439,-0.14734967052936554,-0.12388882040977478,-0.540270209312439,-0.1628103107213974,-0.12120509147644043,-0.540270209312439,-0.17850039899349213,-0.12097293138504028,-0.540270209312439,-0.1940336376428604,-0.12319815158843994,-0.540270209312439,-0.20902754366397858,-0.12782588601112366,-0.540270209312439,-0.22311292588710785,-0.13474220037460327,-0.540270209312439,-0.23594291508197784,-0.1437768042087555,-0.540270209312439,0.6250964403152466,-0.08527541160583496,-0.3617856502532959,0.021362630650401115,3.8575193020328644,-2.867970907663535,4.860458485938764,29452.0
4.5605,0.0095,1,1,-0.1908804029226303,0.3839787542819977,1.3555997610092163,-0.3060033917427063,0.2347705215215683,0.7995012998580933,0.31916844844818115,0.2595442831516266,0.7700905799865723,0.9839813113212585,0.07827243208885193,-0.10410571843385696,0.12171363830566406,-2.9531987738648247,0.7395887300128318,-0.20701939588822366,7.58797707334799,-12.93995499236258,13.240988369968859,0.5871642827987671,-0.11512298882007599,-0.14920823276042938,-0.556098461151123,0.31916844844818115,0.2595442831516266,0.7700905799865723,0.07827243208885193,-0.10410571843385696,0.12171363830566406,0.9839813113212585,-2.9531986713409424,0.739588737487793,-0.2070193886756897,-0.11512298882007599,-0.14920823276042938,-0.556098461151123,-0.12796850502490997,-0.14019571244716644,-0.556098461151123,-0.14206574857234955,-0.13330361247062683,-0.556098461151123,-0.15706758201122284,-0.12870168685913086,-0.556098461151123,-0.17260463535785675,-0.12650319933891296,-0.556098461151123,-0.18829433619976044,-0.1267623007297516,-0.556098461151123,-0.20375029742717743,-0.12947264313697815,-0.556098461151123,-0.21859200298786163,-0.13456745445728302,-0.556098461151123,-0.23245398700237274,-0.1419212967157364,-0.556098461151123,-0.2449948936700821,-0.15135309100151062,-0.556098461151123,0.7711366415023804,-0.19780707359313965,-0.32852303981781006,0.021362630650401115,9.428759651016431,-7.1007406911920565,4.510935632019248,29452.0
4.5804,0.0095,1,1,-0.1868891566991806,0.3872121572494507,1.3319491147994995,-0.3084557354450226,0.23673200607299805,0.7995012998580933,0.29128628969192505,0.23965376615524292,0.5274390578269958,0.9867835640907288,0.050636257976293564,-0.09963838756084442,0.11732139438390732,-1.9609002911693931,1.2718145496463333,-0.1719896396479209,4.48943935323321,-12.035896961882626,13.086898371693463,0.5665010213851929,-0.12156657874584198,-0.15048015117645264,-0.5324478149414062,0.29128628969192505,0.23965376615524292,0.5274390578269958,0.050636257976293564,-0.09963838756084442,0.11732139438390732,0.9867835640907288,-1.9609003067016602,1.2718145847320557,-0.17198963463306427,-0.12156657874584198,-0.15048015117645264,-0.5324478149414062,-0.13468874990940094,-0.14187540113925934,-0.5324478149414062,-0.14899547398090363,-0.13542935252189636,-0.5324478149414062,-0.16413439810276031,-0.13130071759223938,-0.5324478149414062,-0.1797328144311905,-0.129591166973114,-0.5324478149414062,-0.19540663063526154,-0.13034281134605408,-0.5324478149414062,-0.2107698768377304,-0.13353711366653442,-0.5324478149414062,-0.22544430196285248,-0.13909542560577393,-0.5324478149414062,-0.23906852304935455,-0.1468808948993683,-0.5324478149414062,-0.2513071298599243,-0.15670181810855865,-0.5324478149414062,1.065590500831604,-0.5689079761505127,-0.3291182518005371,0.021362630650401115,12.214379825508216,-11.05037034559603,4.202755635468435,29452.0
4.6008,0.0102,1,1,-0.18137003481388092,0.3918074369430542,1.3421651124954224,-0.3109798729419708,0.23862379789352417,0.7995012998580933,0.2606886625289917,0.22065384685993195,0.49488577246665955,0.9888114333152771,0.03272516652941704,-0.08943329006433487,0.11480692774057388,-0.3378831371130823,1.19624868529588,-0.10670254513025101,2.5765221892572536,-10.624956370941643,13.005808757598395,0.5785740613937378,-0.1296098381280899,-0.15318363904953003,-0.5426638126373291,0.2606886625289917,0.22065384685993195,0.49488577246665955,0.03272516652941704,-0.08943329006433487,0.11480692774057388,0.9888114333152771,-0.3378831446170807,1.1962486505508423,-0.1067025437951088,-0.1296098381280899,-0.15318363904953003,-0.5426638126373291,-0.1429968923330307,-0.14499704539775848,-0.5426638126373291,-0.1574997752904892,-0.13900542259216309,-0.5426638126373291,-0.17276139557361603,-0.1353563368320465,-0.5426638126373291,-0.18840597569942474,-0.13413962721824646,-0.5426638126373291,-0.204048290848732,-0.13538521528244019,-0.5426638126373291,-0.21930314600467682,-0.13906249403953552,-0.5426638126373291,-0.2337949424982071,-0.14508087933063507,-0.5426638126373291,-0.24716685712337494,-0.15329217910766602,-0.5426638126373291,-0.2590895891189575,-0.16349421441555023,-0.5426638126373291,0.7100328207015991,-0.7045001983642578,-0.415482759475708,0.021362630650401115,13.607189912754109,-13.025185172798015,4.040576407278312,29452.0
4.6202,0.0093,1,1,-0.1764378547668457,0.3960796892642975,1.35175359249115,-0.31351467967033386,0.24040263891220093,0.7995012998580933,0.2328534573316574,0.20690949261188507,0.4640788435935974,0.9898961782455444,0.030814817175269127,-0.07859794050455093,0.11391369998455048,1.0363339178989193,0.691381652698817,-0.18455972670358128,2.5035731580105773,-9.359471360160438,12.924035109531149,0.5899220108985901,-0.13707682490348816,-0.15567705035209656,-0.5522522926330566,0.2328534573316574,0.20690949261188507,0.4640788435935974,0.030814817175269127,-0.07859794050455093,0.11391369998455048,0.9898961782455444,1.0363339185714722,0.6913816332817078,-0.18455973267555237,-0.13707682490348816,-0.15567705035209656,-0.5522522926330566,-0.15071094036102295,-0.14790889620780945,-0.5522522926330566,-0.16539239883422852,-0.14236921072006226,-0.5522522926330566,-0.18075969815254211,-0.13919439911842346,-0.5522522926330566,-0.19643443822860718,-0.13846269249916077,-0.5522522926330566,-0.21203067898750305,-0.14019203186035156,-0.5522522926330566,-0.2271643579006195,-0.14433985948562622,-0.5522522926330566,-0.2414628565311432,-0.1508040726184845,-0.5522522926330566,-0.25457409024238586,-0.15942548215389252,-0.5522522926330566,-0.266175240278244,-0.16999179124832153,-0.5522522926330566,0.3380758762359619,-0.7059478163719177,-0.4490102529525757,0.021362630650401115,14.303594956377054,-14.012592586399007,3.877029111143843,29452.0
4.6396,0.0092,1,1,-0.17442645132541656,0.39832302927970886,1.3199691772460938,-0.31611087918281555,0.24210692942142487,0.7995012998580933,0.21099871397018433,0.20031234622001648,0.2375360131263733,0.989976704120636,0.04353081062436104,-0.07219170778989792,0.1133027970790863,1.8242512319505007,-0.05250805334616837,-0.1531728585841275,4.051878346630999,-8.789257175654994,12.746632776215618,0.5615734457969666,-0.141684427857399,-0.156216099858284,-0.5204678773880005,0.21099871397018433,0.20031234622001648,0.2375360131263733,0.04353081062436104,-0.07219170778989792,0.1133027970790863,0.989976704120636,1.8242511749267578,-0.05250805243849754,-0.15317286550998688,-0.141684427857399,-0.156216099858284,-0.5204678773880005,-0.1555531769990921,-0.14887505769729614,-0.5204678773880005,-0.17039959132671356,-0.14379394054412842,-0.5204678773880005,-0.18585805594921112,-0.14109787344932556,-0.5204678773880005,-0.20154796540737152,-0.14085322618484497,-0.5204678773880005,-0.21708299219608307,-0.14306604862213135,-0.5204678773880005,-0.23208056390285492,-0.1476818323135376,-0.5204678773880005,-0.24617145955562592,-0.15458692610263824,-0.5204678773880005,-0.25900864601135254,-0.1636113077402115,-0.5204678773880005,-0.2702760696411133,-0.17453275620937347,-0.5204678773880005,0.4851647615432739,-0.6765565276145935,-0.4731457233428955,0.021362630650401115,14.651797478188527,-14.506296293199505,3.52222444451277,29452.0
4.6605,0.0107,1,1,-0.17042291164398193,0.4021577537059784,1.3243680000305176,-0.31884294748306274,0.2437795251607895,0.7995012998580933,0.18950887024402618,0.1827985793352127,0.20219945907592773,0.9891111254692078,0.06176334619522095,-0.07131262123584747,0.1129467561841011,1.717362198964917,-0.6895494644478697,-0.12472607869622912,6.163764748197812,-8.918197067911597,12.547634398005854,0.5679764151573181,-0.1484200358390808,-0.1583782285451889,-0.5248667001724243,0.18950887024402618,0.1827985793352127,0.20219945907592773,0.06176334619522095,-0.07131262123584747,0.1129467561841011,0.9891111254692078,1.7173621654510498,-0.689549446105957,-0.1247260794043541,-0.1484200358390808,-0.1583782285451889,-0.5248667001724243,-0.16251680254936218,-0.15148517489433289,-0.5248667001724243,-0.1775183379650116,-0.14688217639923096,-0.5248667001724243,-0.19305521249771118,-0.1446826159954071,-0.5248667001724243,-0.20874491333961487,-0.14494064450263977,-0.5248667001724243,-0.22420108318328857,-0.14764991402626038,-0.5248667001724243,-0.23904314637184143,-0.15274369716644287,-0.5248667001724243,-0.25290560722351074,-0.16009658575057983,-0.5248667001724243,-0.2654471695423126,-0.16952750086784363,-0.5248667001724243,-0.27635902166366577,-0.18080425262451172,-0.5248667001724243,0.3312896490097046,-0.4371170997619629,-0.5036270618438721,0.021362630650401115,14.825898739094264,-14.753148146599752,3.1242276880932156,29452.0
4.6803,0.01,1,1,-0.17015066742897034,0.40313389897346497,1.2862060070037842,-0.3215734660625458,0.24533431231975555,0.7995012998580933,0.17111298441886902,0.1660076230764389,-0.044116903096437454,0.9873337745666504,0.08032172173261642,-0.07797315716743469,0.11242196708917618,1.258998086900327,-0.9982975193669443,-0.060853376549932704,8.233752676848878,-9.905921790227767,12.277124793813863,0.5335832238197327,-0.15142279863357544,-0.1577995866537094,-0.4867047071456909,0.17111298441886902,0.1660076230764389,-0.044116903096437454,0.08032172173261642,-0.07797315716743469,0.11242196708917618,0.9873337745666504,1.2589980363845825,-0.9982975125312805,-0.06085337698459625,-0.15142279863357544,-0.1577995866537094,-0.4867047071456909,-0.16572916507720947,-0.15135282278060913,-0.4867047071456909,-0.18086788058280945,-0.14722341299057007,-0.4867047071456909,-0.19646623730659485,-0.14551308751106262,-0.4867047071456909,-0.21214008331298828,-0.14626389741897583,-0.4867047071456909,-0.2275034785270691,-0.1494574248790741,-0.4867047071456909,-0.24217817187309265,-0.1550150066614151,-0.4867047071456909,-0.25580281019210815,-0.16279977560043335,-0.4867047071456909,-0.2680418789386749,-0.17262007296085358,-0.4867047071456909,-0.278594046831131,-0.18423406779766083,-0.4867047071456909,0.801343560218811,-0.4299513101577759,-0.4783436059951782,0.021362630650401115,14.912949369547132,-14.876574073299876,2.583208479709277,29452.0
4.6999,0.0095,1,1,-0.16694898903369904,0.4061669111251831,1.2849317789077759,-0.324331670999527,0.24679246544837952,0.7995012998580933,0.14892296493053436,0.13694916665554047,-0.08364962786436081,0.985703706741333,0.09260399639606476,-0.08582780510187149,0.11155436187982559,0.7222565447434599,-0.8532416595349989,-0.13214060213187553,9.580820669831057,-10.944750088065339,11.993627632645557,0.5346141457557678,-0.15738268196582794,-0.1593744456768036,-0.4854304790496826,0.14892296493053436,0.13694916665554047,-0.08364962786436081,0.09260399639606476,-0.08582780510187149,0.11155436187982559,0.985703706741333,0.7222565412521362,-0.8532416820526123,-0.1321406066417694,-0.15738268196582794,-0.1593744456768036,-0.4854304790496826,-0.1718832105398178,-0.15337708592414856,-0.4854304790496826,-0.18714340031147003,-0.14972198009490967,-0.4854304790496826,-0.20278750360012054,-0.14849907159805298,-0.4854304790496826,-0.218430295586586,-0.14973849058151245,-0.4854304790496826,-0.23368661105632782,-0.15340971946716309,-0.4854304790496826,-0.2481807917356491,-0.1594223827123642,-0.4854304790496826,-0.26155591011047363,-0.16762839257717133,-0.4854304790496826,-0.27348268032073975,-0.1778257191181183,-0.4854304790496826,-0.2836674451828003,-0.18976324796676636,-0.4854304790496826,0.750994086265564,-0.4398730993270874,-0.43341267108917236,0.021362630650401115,14.956474684773566,-14.938287036649939,2.0162141573726426,29452.0
4.7205,0.0092,1,1,-0.16741420328617096,0.40601393580436707,1.2498722076416016,-0.3271379768848419,0.24816571176052094,0.7995012998580933,0.12586241960525513,0.10792426764965057,-0.2891703248023987,0.9842451810836792,0.10149702429771423,-0.09390129894018173,0.11018286645412445,0.47513570192450016,-0.7522378130843267,-0.07885056562706505,10.549021517331177,-11.958916729862699,11.6668935937931,0.5032511353492737,-0.15972377359867096,-0.15784822404384613,-0.4503709077835083,0.12586241960525513,0.10792426764965057,-0.2891703248023987,0.10149702429771423,-0.09390129894018173,0.11018286645412445,0.9842451810836792,0.4751357138156891,-0.7522377967834473,-0.07885056734085083,-0.15972377359867096,-0.15784822404384613,-0.4503709077835083,-0.1744045466184616,-0.15230679512023926,-0.4503709077835083,-0.18977148830890656,-0.14913013577461243,-0.4503709077835083,-0.20544613897800446,-0.1483965516090393,-0.4503709077835083,-0.22104258835315704,-0.15012401342391968,-0.4503709077835083,-0.2361767739057541,-0.15427005290985107,-0.4503709077835083,-0.25047606229782104,-0.16073256731033325,-0.4503709077835083,-0.2635883092880249,-0.16935239732265472,-0.4503709077835083,-0.27519071102142334,-0.1799173206090927,-0.4503709077835083,-0.28499752283096313,-0.19216717779636383,-0.4503709077835083,1.1058961153030396,-0.6561915874481201,-0.38049638271331787,0.021362630650401115,14.978237342386784,-14.96914351832497,1.3627460796677398,29452.0
4.7399,0.0096,1,1,-0.16516180336475372,0.407814085483551,1.243682861328125,-0.3300071954727173,0.2494598925113678,0.7995012998580933,0.09922944754362106,0.07199177145957947,-0.33010610938072205,0.983176052570343,0.1066797524690628,-0.10033807158470154,0.10915327817201614,0.33997924462805645,-0.5498382360285771,-0.04505546335169063,11.105146137364306,-12.743622370283823,11.426205979276926,0.4995471239089966,-0.16484539210796356,-0.15835419297218323,-0.44418156147003174,0.09922944754362106,0.07199177145957947,-0.33010610938072205,0.1066797524690628,-0.10033807158470154,0.10915327817201614,0.983176052570343,0.33997923135757446,-0.5498382449150085,-0.045055463910102844,-0.16484539210796356,-0.15835419297218323,-0.44418156147003174,-0.1796933263540268,-0.15327754616737366,-0.44418156147003174,-0.19515259563922882,-0.1505860984325409,-0.44418156147003174,-0.21084259450435638,-0.15034618973731995,-0.44418156147003174,-0.22637693583965302,-0.1525636613368988,-0.44418156147003174,-0.24137313663959503,-0.1571839451789856,-0.44418156147003174,-0.2554619312286377,-0.1640932708978653,-0.44418156147003174,-0.26829642057418823,-0.17312151193618774,-0.44418156147003174,-0.27956056594848633,-0.18404635787010193,-0.44418156147003174,-0.2889770269393921,-0.19659878313541412,-0.44418156147003174,0.9851261377334595,-0.739115834236145,-0.3826110363006592,0.021362630650401115,14.989118671193392,-14.984571759162485,0.8813708506353991,29452.0
4.7612,0.0094,1,1,-0.16661007702350616,0.40604159235954285,1.2111233472824097,-0.3329572379589081,0.25067952275276184,0.7995012998580933,0.07136660069227219,0.03663969039916992,-0.5030574798583984,0.982065737247467,0.11183157563209534,-0.10616543889045715,0.10847826302051544,0.35635488901289913,-0.36570318365032256,-0.03442468812123135,11.664042542890183,-13.46111968796067,11.22534114347977,0.4703631103038788,-0.16634716093540192,-0.155362069606781,-0.4116220474243164,0.07136660069227219,0.03663969039916992,-0.5030574798583984,0.11183157563209534,-0.10616543889045715,0.10847826302051544,0.982065737247467,0.35635489225387573,-0.36570319533348083,-0.034424688667058945,-0.16634716093540192,-0.155362069606781,-0.4116220474243164,-0.18134953081607819,-0.1507619321346283,-0.4116220474243164,-0.1968868523836136,-0.14856529235839844,-0.4116220474243164,-0.2125764936208725,-0.14882627129554749,-0.4116220474243164,-0.2280321568250656,-0.15153846144676208,-0.4116220474243164,-0.24287323653697968,-0.15663503110408783,-0.4116220474243164,-0.25673437118530273,-0.16399052739143372,-0.4116220474243164,-0.26927411556243896,-0.17342381179332733,-0.4116220474243164,-0.2801838517189026,-0.18470260500907898,-0.4116220474243164,-0.28919482231140137,-0.19754920899868011,-0.4116220474243164,1.1430467367172241,-1.0513406991958618,-0.3240393400192261,0.021362630650401115,14.994559335596696,-14.992285879581242,0.47964117904105735,29452.0
4.78,0.0094,1,1,-0.16548015177249908,0.4063827097415924,1.2006325721740723,-0.33585354685783386,0.2517716586589813,0.7995012998580933,0.04158595949411392,-0.0025986027903854847,-0.5462721586227417,0.9812805652618408,0.11563140898942947,-0.10948161035776138,0.10830322653055191,0.3057665794997036,-0.17829692057085325,0.0026657769176421306,12.083260839361344,-13.881279448637674,11.120049813317083,0.46242618560791016,-0.17037339508533478,-0.15461105108261108,-0.401131272315979,0.04158595949411392,-0.0025986027903854847,-0.5462721586227417,0.11563140898942947,-0.10948161035776138,0.10830322653055191,0.9812805652618408,0.30576658248901367,-0.17829692363739014,0.0026657769922167063,-0.17037339508533478,-0.15461105108261108,-0.401131272315979,-0.18551097810268402,-0.15047743916511536,-0.401131272315979,-0.20110882818698883,-0.14876273274421692,-0.401131272315979,-0.21678288280963898,-0.14950919151306152,-0.401131272315979,-0.2321472018957138,-0.15269842743873596,-0.401131272315979,-0.24682344496250153,-0.15825191140174866,-0.401131272315979,-0.26045024394989014,-0.16603288054466248,-0.401131272315979,-0.27269208431243896,-0.1758497655391693,-0.401131272315979,-0.2832474708557129,-0.18746080994606018,-0.401131272315979,-0.2918565273284912,-0.2005801498889923,-0.401131272315979,0.9837244749069214,-1.168759822845459,-0.330569863319397,0.021362630650401115,14.997279667798349,-14.996142939790621,0.26905851871566955,29452.0
4.8006,0.0099,1,1,-0.16822007298469543,0.4026085138320923,1.170200228691101,-0.3388461172580719,0.2527943253517151,0.7995012998580933,0.010862862691283226,-0.042028121650218964,-0.6952824592590332,0.9805057048797607,0.11976272612810135,-0.11184857785701752,0.10841266810894012,0.3323944952644835,-0.1548301770199974,0.06574914048323102,12.547097161173692,-14.19979579359037,11.049907863264439,0.43471282720565796,-0.17062604427337646,-0.1498141884803772,-0.3706989288330078,0.010862862691283226,-0.042028121650218964,-0.6952824592590332,0.11976272612810135,-0.11184857785701752,0.10841266810894012,0.9805057048797607,0.33239448070526123,-0.1548301726579666,0.0657491385936737,-0.17062604427337646,-0.1498141884803772,-0.3706989288330078,-0.18588677048683167,-0.146161288022995,-0.3706989288330078,-0.2015310525894165,-0.14494067430496216,-0.3706989288330078,-0.21717366576194763,-0.14618238806724548,-0.3706989288330078,-0.23242944478988647,-0.1498558521270752,-0.3706989288330078,-0.24692273139953613,-0.15587063133716583,-0.3706989288330078,-0.26029667258262634,-0.16407860815525055,-0.3706989288330078,-0.27222195267677307,-0.1742776781320572,-0.3706989288330078,-0.28240492939949036,-0.18621669709682465,-0.3706989288330078,-0.2905948758125305,-0.1996016949415207,-0.3706989288330078,1.019809365272522,-1.469879150390625,-0.31820499897003174,0.021362630650401115,14.998639833899174,-14.998071469895311,0.12877461861038364,29452.0
4.8201,0.0097,1,1,-0.16831062734127045,0.40135449171066284,1.1558387279510498,-0.34186768531799316,0.25372132658958435,0.7995012998580933,-0.01990482397377491,-0.08344876766204834,-0.7409977316856384,0.9799501299858093,0.12297797948122025,-0.1125522032380104,0.10910613089799881,0.26187871671012014,-0.05529439812023139,0.07141164930030917,12.909451720523954,-14.325271626202058,11.077007833841481,0.4229585826396942,-0.17355705797672272,-0.1476331651210785,-0.35633742809295654,-0.01990482397377491,-0.08344876766204834,-0.7409977316856384,0.12297797948122025,-0.1125522032380104,0.10910613089799881,0.9799501299858093,0.26187872886657715,-0.055294398218393326,0.07141164690256119,-0.17355705797672272,-0.1476331651210785,-0.35633742809295654,-0.1889256089925766,-0.14446434378623962,-0.35633742809295654,-0.20460061728954315,-0.14373871684074402,-0.35633742809295654,-0.2201962023973465,-0.1454741656780243,-0.35633742809295654,-0.23532827198505402,-0.1496278941631317,-0.35633742809295654,-0.24962423741817474,-0.1560976803302765,-0.35633742809295654,-0.2627321481704712,-0.164724200963974,-0.35633742809295654,-0.27432912588119507,-0.17529502511024475,-0.35633742809295654,-0.2841297388076782,-0.187549889087677,-0.35633742809295654,-0.2918925881385803,-0.20118701457977295,-0.35633742809295654,0.8347021341323853,-1.5707963705062866,-0.31382036209106445,0.021362630650401115,14.999319916949588,-14.999035734947656,0.1829745597644873,29452.0
4.8398,0.0092,1,1,0.06981320679187775,0.586344301700592,1.140418529510498,-0.3448430895805359,0.25453346967697144,0.7995012998580933,0.48334378004074097,0.1771797090768814,-0.81892991065979,0.9901260137557983,0.11655577272176743,-0.07781171053647995,-0.002927293535321951,0.23328532148183453,-0.14432671961499535,0.16964307847718166,13.534778157359954,-8.824269074295131,-1.3879710236308695,0.631080687046051,-0.41465628147125244,-0.3318108320236206,-0.3409172296524048,0.48334378004074097,0.1771797090768814,-0.81892991065979,0.11655577272176743,-0.07781171053647995,-0.002927293535321951,0.9901260137557983,0.2332853227853775,-0.14432671666145325,0.1696430742740631,-0.41465628147125244,-0.3318108320236206,-0.3409172296524048,-0.4301152229309082,-0.3291175067424774,-0.3409172296524048,-0.4458051919937134,-0.3288756012916565,-0.3409172296524048,-0.4613398313522339,-0.33109116554260254,-0.3409172296524048,-0.47633659839630127,-0.3357095718383789,-0.3409172296524048,-0.490426242351532,-0.3426171541213989,-0.3409172296524048,-0.5032618641853333,-0.35164380073547363,-0.3409172296524048,-0.5145273804664612,-0.3625672459602356,-0.3409172296524048,-0.5239453911781311,-0.3751184940338135,-0.3409172296524048,-0.531283974647522,-0.38898855447769165,-0.3409172296524048,1.5707963705062866,-1.5707963705062866,-0.0994722843170166,0.021362630650401115,14.999659958474794,-14.999517867473827,-24.74698315518022,29452.0
4.8604,0.009,1,1,0.0819195955991745,0.58072829246521,1.1156690120697021,-0.34791073203086853,0.25526878237724304,0.7995012998580933,0.4657730460166931,0.04585670679807663,-0.9160810112953186,0.9834900498390198,0.12178772687911987,-0.07121439278125763,-0.11332057416439056,0.25118113150640814,-0.17073397583870537,0.5644043956107655,14.911516342322585,-6.458018793699806,-13.991598468662314,0.6250120401382446,-0.42983031272888184,-0.3254595100879669,-0.3161677122116089,0.4657730460166931,0.04585670679807663,-0.9160810112953186,0.12178772687911987,-0.07121439278125763,-0.11332057416439056,0.9834900498390198,0.25118112564086914,-0.1707339733839035,0.5644043684005737,-0.42983031272888184,-0.3254595100879669,-0.3161677122116089,-0.4453665614128113,-0.32325509190559387,-0.3161677122116089,-0.46105635166168213,-0.32350823283195496,-0.3161677122116089,-0.4765133261680603,-0.32621267437934875,-0.3161677122116089,-0.4913569688796997,-0.33130180835723877,-0.3161677122116089,-0.5052217841148376,-0.33865034580230713,-0.3161677122116089,-0.5177662372589111,-0.34807735681533813,-0.3161677122116089,-0.5286816358566284,-0.35935071110725403,-0.3161677122116089,-0.5376990437507629,-0.3721928000450134,-0.3161677122116089,-0.5445965528488159,-0.3862873911857605,-0.3161677122116089,1.5707963705062866,-1.5707963705062866,-0.2740316390991211,0.021362630650401115,14.999829979237397,-14.999758933736913,-45.0,29452.0
4.88,0.0092,1,1,-0.0494978092610836,0.5242887139320374,0.7418224215507507,-0.350992351770401,0.25590550899505615,0.7995012998580933,0.06999482214450836,0.19287432730197906,-2.5777781009674072,0.9639454483985901,0.14210160076618195,-0.08768586814403534,-0.20718468725681305,0.20146327619550497,-0.5193972395045353,1.1219780493415867,18.19132051112989,-6.324898405335655,-25.274086640932687,0.40774422883987427,-0.3014945387840271,-0.2683832049369812,0.05767887830734253,0.06999482214450836,0.19287432730197906,-2.5777781009674072,0.14210160076618195,-0.08768586814403534,-0.20718468725681305,0.9639454483985901,0.20146328210830688,-0.5193972587585449,1.1219780445098877,-0.3014945387840271,-0.2683832049369812,0.05767887830734253,-0.3170923888683319,-0.2666687071323395,0.05767887830734253,-0.33276644349098206,-0.2674153745174408,0.05767887830734253,-0.3481307327747345,-0.27060478925704956,0.05767887830734253,-0.36280688643455505,-0.2761584520339966,0.05767887830734253,-0.3764336109161377,-0.28393957018852234,0.05767887830734253,-0.3886753022670746,-0.2937566041946411,0.05767887830734253,-0.39923056960105896,-0.30536776781082153,0.05767887830734253,-0.40783947706222534,-0.3184872269630432,0.05767887830734253,-0.41429007053375244,-0.33279186487197876,0.05767887830734253,1.5707963705062866,-1.5707963705062866,0.47860395908355713,0.20000000298023224,14.999914989618699,-14.999879466868457,-45.0,33452.0
4.9,0.0099,1,1,-0.0667218342423439,0.541540801525116,0.7129725813865662,-0.3541077971458435,0.25644737482070923,0.7995012998580933,0.0010004895739257336,0.14547641575336456,-2.5000157356262207,0.9737589955329895,0.13918524980545044,-0.10245820879936218,-0.1480579823255539,-0.12960997491791978,-0.5990383395340552,1.5648087417160714,17.7735336450771,-9.109641933860479,-18.718245571316057,0.41395190358161926,-0.2873859703540802,-0.28509342670440674,0.0865287184715271,0.0010004895739257336,0.14547641575336456,-2.5000157356262207,0.13918524980545044,-0.10245820879936218,-0.1480579823255539,0.9737589955329895,-0.12960997223854065,-0.5990383625030518,1.56480872631073,-0.2873859703540802,-0.28509342670440674,0.0865287184715271,-0.30303025245666504,-0.28387296199798584,0.0865287184715271,-0.31867286562919617,-0.2851148247718811,0.0865287184715271,-0.33392858505249023,-0.28878843784332275,0.0865287184715271,-0.3484218418598175,-0.2948033809661865,0.0865287184715271,-0.36179569363594055,-0.3030114769935608,0.0865287184715271,-0.3737208843231201,-0.3132106363773346,0.0865287184715271,-0.38390374183654785,-0.3251497745513916,0.0865287184715271,-0.3920935392379761,-0.3385348320007324,0.0865287184715271,-0.39808863401412964,-0.3530362844467163,0.0865287184715271,1.5707963705062866,-1.5707963705062866,0.4201011657714844,0.20000000298023224,14.99995749480935,-14.999939733434228,-45.0,37452.0
4.9198,0.0089,1,1,-0.0626811683177948,0.5442965626716614,0.6867877840995789,-0.3571793735027313,0.25688299536705017,0.7995012998580933,0.009826106019318104,0.10649671405553818,-2.506530523300171,0.9795969724655151,0.13334710896015167,-0.11677202582359314,-0.09471376985311508,-0.4022143565364955,-0.8860840949929923,1.5643152579660797,16.823848033974997,-11.742841672699484,-12.787601819897002,0.42666158080101013,-0.2944982051849365,-0.2874135673046112,0.1127135157585144,0.009826106019318104,0.10649671405553818,-2.506530523300171,0.13334710896015167,-0.11677202582359314,-0.09471376985311508,0.9795969724655151,-0.4022143483161926,-0.8860840797424316,1.5643151998519897,-0.2944982051849365,-0.2874135673046112,0.1127135157585144,-0.31017282605171204,-0.2866789698600769,0.1127135157585144,-0.3257693946361542,-0.2884054481983185,0.1127135157585144,-0.3409038186073303,-0.29255053400993347,0.1127135157585144,-0.3552035093307495,-0.29901212453842163,0.1127135157585144,-0.36831632256507874,-0.30763113498687744,0.1127135157585144,-0.3799194097518921,-0.31819531321525574,0.1127135157585144,-0.38972702622413635,-0.3304445743560791,0.1127135157585144,-0.39749768376350403,-0.3440772294998169,0.1127135157585144,-0.4030400514602661,-0.3587576746940613,0.1127135157585144,1.5707963705062866,-1.5707963705062866,0.4262278079986572,0.20000000298023224,14.999978747404676,-14.999969866717114,-45.0,41452.0
4.9403,0.0099,1,1,-0.10945603996515274,0.587661862373352,0.6902522444725037,-0.3603382408618927,0.2572302222251892,0.7995012998580933,-0.11802708357572556,0.16664396226406097,-2.362274169921875,0.9816951155662537,0.1230030432343483,-0.13690145313739777,-0.048999108374118805,-0.47302151820362714,-0.9035005693108652,1.4767618397589073,15.293284389531188,-14.876528854853982,-7.723201288866891,0.4290248155593872,-0.25088220834732056,-0.33043164014816284,0.1092490553855896,-0.11802708357572556,0.16664396226406097,-2.362274169921875,0.1230030432343483,-0.13690145313739777,-0.048999108374118805,0.9816951155662537,-0.4730215072631836,-0.9035005569458008,1.476761817932129,-0.25088220834732056,-0.33043164014816284,0.1092490553855896,-0.2665722370147705,-0.33019548654556274,0.1092490553855896,-0.28210604190826416,-0.33241668343544006,0.1092490553855896,-0.29710114002227783,-0.3370405435562134,0.1092490553855896,-0.31118831038475037,-0.3439532518386841,0.1092490553855896,-0.3240206241607666,-0.35298454761505127,0.1092490553855896,-0.33528217673301697,-0.36391207575798035,0.1092490553855896,-0.3446955978870392,-0.3764667510986328,0.1092490553855896,-0.3520291745662689,-0.3903394937515259,0.1092490553855896,-0.35710227489471436,-0.4051886200904846,0.1092490553855896,1.5707963705062866,-1.5707963705062866,0.6161595582962036,0.20000000298023224,14.999989373702338,-14.999984933358558,-37.41744368565228,44230.0
4.96,0.0098,1,1,-0.1056942269206047,0.5908235907554626,0.6673195958137512,-0.36349794268608093,0.2574763596057892,0.7995012998580933,-0.1152283325791359,0.1425238698720932,-2.337587356567383,0.9823002815246582,0.11327135562896729,-0.14885202050209045,-0.00983783882111311,-0.4119790696998664,-0.4031177007782504,1.3216711889395432,13.627055492565681,-16.87029368957839,-3.1777881786694095,0.4416504502296448,-0.25780370831489563,-0.33334723114967346,0.13218170404434204,-0.1152283325791359,0.1425238698720932,-2.337587356567383,0.11327135562896729,-0.14885202050209045,-0.00983783882111311,0.9823002815246582,-0.411979079246521,-0.40311768651008606,1.3216712474822998,-0.25780370831489563,-0.33334723114967346,0.13218170404434204,-0.27349334955215454,-0.33360838890075684,0.13218170404434204,-0.28894898295402527,-0.336320698261261,0.13218170404434204,-0.30379000306129456,-0.34141743183135986,0.13218170404434204,-0.31765103340148926,-0.3487730622291565,0.13218170404434204,-0.3301907181739807,-0.35820648074150085,0.13218170404434204,-0.3411003351211548,-0.36948537826538086,0.13218170404434204,-0.3501112163066864,-0.38233208656311035,0.13218170404434204,-0.35700148344039917,-0.39643019437789917,0.13218170404434204,-0.36160147190093994,-0.4114326238632202,0.13218170404434204,1.5707963705062866,-1.5707963705062866,0.6338495016098022,0.20000000298023224,14.999994686851169,-14.999992466679279,-28.32661746525729,44230.0
4.9801,0.0097,1,1,-0.16022959351539612,0.6379667520523071,0.6938644051551819,-0.36662372946739197,0.25762102007865906,0.7995012998580933,-0.30020490288734436,0.20504654943943024,-2.1758334636688232,0.9815033078193665,0.10405731201171875,-0.15883119404315948,0.024372125044465065,0.09446144169299948,0.10208349195659033,1.183139274829965,11.958289032235687,-18.473069235380454,0.8933293997482099,0.4454442262649536,-0.20639413595199585,-0.38034573197364807,0.10563689470291138,-0.30020490288734436,0.20504654943943024,-2.1758334636688232,0.10405731201171875,-0.15883119404315948,0.024372125044465065,0.9815033078193665,0.09446144104003906,0.1020834892988205,1.1831393241882324,-0.20639413595199585,-0.38034573197364807,0.10563689470291138,-0.2220679223537445,-0.38109761476516724,0.10563689470291138,-0.2374311089515686,-0.3842921853065491,0.10563689470291138,-0.2521054446697235,-0.38985076546669006,0.10563689470291138,-0.26572951674461365,-0.3976364731788635,0.10563689470291138,-0.2779679298400879,-0.4074575901031494,0.10563689470291138,-0.2885192930698395,-0.41907232999801636,0.10563689470291138,-0.29712381958961487,-0.43219465017318726,0.10563689470291138,-0.30356961488723755,-0.4465014636516571,0.10563689470291138,-0.30769798159599304,-0.46164047718048096,0.10563689470291138,1.5707963705062866,-1.3026971817016602,0.8808678388595581,0.20000000298023224,14.999997343425584,-14.99999623333964,-20.18438230842204,44230.0
4.9999,0.0089,1,1,-0.1581108272075653,0.6410199403762817,0.6578713059425354,-0.36971721053123474,0.2576678693294525,0.7995012998580933,-0.30013585090637207,0.1875120848417282,-2.164170980453491,0.9810233116149902,0.09834104031324387,-0.15763065218925476,0.055433087050914764,0.3373044322082081,0.3963975799520853,1.0808171636397035,10.674236103186999,-18.673894556213234,4.708145473051195,0.4602120518684387,-0.21160638332366943,-0.3833520710468292,0.14162999391555786,-0.30013585090637207,0.1875120848417282,-2.164170980453491,0.09834104031324387,-0.15763065218925476,0.055433087050914764,0.9810233116149902,0.3373044431209564,0.39639759063720703,1.0808172225952148,-0.21160638332366943,-0.3833520710468292,0.14162999391555786,-0.227249413728714,-0.3845885097980499,0.14162999391555786,-0.24250644445419312,-0.3882567882537842,0.14162999391555786,-0.2570017874240875,-0.39426666498184204,0.14162999391555786,-0.2703785002231598,-0.40247008204460144,0.14162999391555786,-0.2823072373867035,-0.41266512870788574,0.14162999391555786,-0.2924942672252655,-0.42460066080093384,0.14162999391555786,-0.3006887137889862,-0.4379829168319702,0.14162999391555786,-0.3066888749599457,-0.45248228311538696,0.14162999391555786,-0.31034693121910095,-0.4677417278289795,0.14162999391555786,1.5707963705062866,-1.5707963705062866,0.8599048852920532,0.20000000298023224,14.999998671712792,-14.99999811666982,-12.554750161816074,44230.0
5.0208,0.0093,1,1,-0.22365963459014893,0.6934226155281067,0.681003749370575,-0.37292516231536865,0.2576152980327606,0.7995012998580933,-0.5244002342224121,0.2641509175300598,-1.8520222902297974,0.9799299240112305,0.09428750723600388,-0.15508542954921722,0.08242428302764893,0.561517129514956,0.5284029850467473,0.9950041877839251,9.673369900003944,-18.632016536477188,8.025387922495414,0.47565731406211853,-0.14926552772521973,-0.43580731749534607,0.11849755048751831,-0.5244002342224121,0.2641509175300598,-1.8520222902297974,0.09428750723600388,-0.15508542954921722,0.08242428302764893,0.9799299240112305,0.5615171194076538,0.5284029841423035,0.9950041770935059,-0.14926552772521973,-0.43580731749534607,0.11849755048751831,-0.16486084461212158,-0.43754491209983826,0.11849755048751831,-0.17999231815338135,-0.4417007565498352,0.11849755048751831,-0.19428741931915283,-0.44817250967025757,0.11849755048751831,-0.2073940932750702,-0.4568008482456207,0.11849755048751831,-0.21898964047431946,-0.4673733115196228,0.11849755048751831,-0.22878852486610413,-0.4796295166015625,0.11849755048751831,-0.2365494668483734,-0.4932677149772644,0.11849755048751831,-0.2420814037322998,-0.507952094078064,0.11849755048751831,-0.24524804949760437,-0.5233210921287537,0.11849755048751831,1.5707963705062866,0.15667426586151123,1.2387827634811401,0.20000000298023224,14.999999335856396,-3.0116119622473168,-5.920265262927645,44230.0
5.0407,0.0095,1,1,-0.21633757650852203,0.691104531288147,0.6513609886169434,-0.3760519325733185,0.2574648857116699,0.7995012998580933,-0.48421743512153625,0.24337078630924225,-1.7965912818908691,0.979215681552887,0.09111044555902481,-0.14494967460632324,0.1087341234087944,0.6676257231430922,0.5461512226574169,0.856645645461311,8.870050776582254,-17.679225259379535,11.290406113540712,0.4852809011936188,-0.15971435606479645,-0.43363964557647705,0.1481403112411499,-0.48421743512153625,0.24337078630924225,-1.7965912818908691,0.09111044555902481,-0.14494967460632324,0.1087341234087944,0.979215681552887,0.6676257252693176,0.5461512207984924,0.8566456437110901,-0.15971435606479645,-0.43363964557647705,0.1481403112411499,-0.1752476543188095,-0.43586453795433044,0.1481403112411499,-0.19024164974689484,-0.4404919743537903,0.1481403112411499,-0.20432715117931366,-0.4474080204963684,0.1481403112411499,-0.21715734899044037,-0.45644235610961914,0.1481403112411499,-0.228416308760643,-0.4673725366592407,0.1481403112411499,-0.23782674968242645,-0.47992947697639465,0.1481403112411499,-0.24515704810619354,-0.4938039183616638,0.1481403112411499,-0.25022661685943604,-0.5086542367935181,0.1481403112411499,-0.25291067361831665,-0.5241148471832275,0.1481403112411499,1.5707963705062866,-0.4332960844039917,1.191224217414856,0.20000000298023224,14.999999667928197,-9.005805981123657,0.6097711191629651,44230.0
5.0599,0.0097,1,1,-0.20277923345565796,0.6831314563751221,0.628680944442749,-0.3791201710700989,0.25722163915634155,0.7995012998580933,-0.4218969941139221,0.2039731740951538,-1.6490784883499146,0.9783032536506653,0.09035421907901764,-0.13127583265304565,0.1323762834072113,0.7416244503500884,0.8096118903445577,0.7576347090333723,8.5101740696316,-16.306563653525,14.19053213654866,0.49160438776016235,-0.17634093761444092,-0.4259098172187805,0.17082035541534424,-0.4218969941139221,0.2039731740951538,-1.6490784883499146,0.09035421907901764,-0.13127583265304565,0.1323762834072113,0.9783032536506653,0.7416244745254517,0.8096119165420532,0.757634699344635,-0.17634093761444092,-0.4259098172187805,0.17082035541534424,-0.19179841876029968,-0.428611695766449,0.17082035541534424,-0.20664289593696594,-0.4336983561515808,0.17082035541534424,-0.2205089032649994,-0.4410446286201477,0.17082035541534424,-0.2330549657344818,-0.4504695534706116,0.17082035541534424,-0.24397221207618713,-0.46174106001853943,0.17082035541534424,-0.25299176573753357,-0.47458165884017944,0.17082035541534424,-0.2598915994167328,-0.4886751174926758,0.17082035541534424,-0.26450175046920776,-0.5036744475364685,0.17082035541534424,-0.26670873165130615,-0.5192102789878845,0.17082035541534424,1.5707963705062866,-1.28914475440979,1.1121586561203003,0.20000000298023224,14.999999833964099,-12.002902990561829,6.410023165178848,44230.0
5.0802,0.0095,1,1,-0.270153671503067,0.7351931929588318,0.6490100026130676,-0.38224855065345764,0.25687533617019653,0.7995012998580933,-0.5970640182495117,0.3007539212703705,-1.2993162870407104,0.9777070879936218,0.08796555548906326,-0.11560409516096115,0.15160657465457916,0.7321825456003487,1.212804625686521,0.616484907572246,8.137634387894611,-14.638893469829414,16.5815262913485,0.5138101577758789,-0.11209487915039062,-0.47831785678863525,0.15049129724502563,-0.5970640182495117,0.3007539212703705,-1.2993162870407104,0.08796555548906326,-0.11560409516096115,0.15160657465457916,0.9777070879936218,0.7321825623512268,1.2128046751022339,0.6164848804473877,-0.11209487915039062,-0.47831785678863525,0.15049129724502563,-0.12745964527130127,-0.4815048277378082,0.15049129724502563,-0.14213669300079346,-0.487056165933609,0.15049129724502563,-0.155764639377594,-0.49483513832092285,0.15049129724502563,-0.16800788044929504,-0.5046502351760864,0.15049129724502563,-0.17856499552726746,-0.5162597298622131,0.15049129724502563,-0.18717598915100098,-0.529377818107605,0.15049129724502563,-0.19362884759902954,-0.5436814427375793,0.15049129724502563,-0.19776469469070435,-0.5588183999061584,0.15049129724502563,-0.19948166608810425,-0.5744160413742065,0.15049129724502563,1.5707963705062866,0.6988757848739624,1.5707963705062866,0.20000000298023224,14.999999916982048,1.4985485047190856,11.192011474778552,44230.0
5.0996,0.0092,1,1,-0.2584371268749237,0.7271490097045898,0.6316113471984863,-0.3853554129600525,0.2564322054386139,0.7995012998580933,-0.5150819420814514,0.2459111213684082,-1.1243480443954468,0.9766501784324646,0.0911240428686142,-0.09338948875665665,0.17066693305969238,0.8210924449087531,0.9096964135869346,0.47133170920245826,8.601709768204636,-12.328798096909226,18.89357914278642,0.5156254172325134,-0.12691828608512878,-0.47071680426597595,0.16788995265960693,-0.5150819420814514,0.2459111213684082,-1.1243480443954468,0.0911240428686142,-0.09338948875665665,0.17066693305969238,0.9766501784324646,0.821092426776886,0.9096964001655579,0.47133171558380127,-0.12691828608512878,-0.47071680426597595,0.16788995265960693,-0.14217546582221985,-0.4743843376636505,0.16788995265960693,-0.15667110681533813,-0.48039349913597107,0.16788995265960693,-0.17004823684692383,-0.48859626054763794,0.16788995265960693,-0.18197748064994812,-0.4987907111644745,0.16788995265960693,-0.1921650767326355,-0.5107257962226868,0.16788995265960693,-0.20036020874977112,-0.5241075754165649,0.16788995265960693,-0.2063610553741455,-0.5386066436767578,0.16788995265960693,-0.21001985669136047,-0.5538659691810608,0.16788995265960693,-0.2112465500831604,-0.569509744644165,0.16788995265960693,1.5707963705062866,-0.35530853271484375,1.5178219079971313,0.20000000298023224,14.999999958491024,-6.750725747640457,15.816117177654357,44230.0
5.1201,0.0085,1,1,-0.32348641753196716,0.7761356830596924,0.6554362177848816,-0.3884793817996979,0.25588560104370117,0.7995012998580933,-0.6566634178161621,0.33220091462135315,-0.6922494769096375,0.9756654500961304,0.09133432060480118,-0.07662506401538849,0.18401512503623962,0.79710315586251,0.8749047439480849,0.36861861267465956,8.777863201449259,-10.552397702433106,20.549340032207034,0.5437269806861877,-0.06499296426773071,-0.5202500820159912,0.14406508207321167,-0.6566634178161621,0.33220091462135315,-0.6922494769096375,0.09133432060480118,-0.07662506401538849,0.18401512503623962,0.9756654500961304,0.7971031665802002,0.8749047517776489,0.36861860752105713,-0.06499296426773071,-0.5202500820159912,0.14406508207321167,-0.08012619614601135,-0.5243996381759644,0.14406508207321167,-0.09442397952079773,-0.5308654308319092,0.14406508207321167,-0.107534259557724,-0.5394882559776306,0.14406508207321167,-0.11913421750068665,-0.5500558614730835,0.14406508207321167,-0.12893825769424438,-0.5623079538345337,0.14406508207321167,-0.1367049217224121,-0.5759429335594177,0.14406508207321167,-0.14224296808242798,-0.590624988079071,0.14406508207321167,-0.14541608095169067,-0.6059926152229309,0.14406508207321167,-0.14614605903625488,-0.6216674447059631,0.14406508207321167,1.5707963705062866,1.5707963705062866,1.5707963705062866,0.20000000298023224,14.999999979245512,4.124637126179772,19.12763895649559,44230.0
5.14,0.0075,1,1,-0.1493077427148819,0.6421754956245422,0.5740382075309753,-0.3915768563747406,0.25524187088012695,0.7995012998580933,-0.10463371127843857,-0.11678185313940048,-0.9139541387557983,0.9695926904678345,0.11821947991847992,-0.05619243159890175,0.20677171647548676,0.6645192788895692,1.0955354562991626,0.0902842652008318,12.041917356947401,-9.082497675944776,23.11669614114847,0.5091615915298462,-0.2422691136598587,-0.3869336247444153,0.22546309232711792,-0.10463371127843857,-0.11678185313940048,-0.9139541387557983,0.11821947991847992,-0.05619243159890175,0.20677171647548676,0.9695926904678345,0.6645192503929138,1.095535397529602,0.09028426557779312,-0.2422691136598587,-0.3869336247444153,0.22546309232711792,-0.25726354122161865,-0.39155974984169006,0.22546309232711792,-0.27134960889816284,-0.3984745740890503,0.22546309232711792,-0.28418058156967163,-0.40750783681869507,0.22546309232711792,-0.2954404354095459,-0.41843706369400024,0.22546309232711792,-0.3048520088195801,-0.4309931993484497,0.22546309232711792,-0.3121834397315979,-0.44486701488494873,0.22546309232711792,-0.31725430488586426,-0.45971691608428955,0.22546309232711792,-0.3199397325515747,-0.47517722845077515,0.22546309232711792,-0.3201735019683838,-0.4908673167228699,0.22546309232711792,1.5707963705062866,-1.5707963705062866,0.5871585607528687,0.20000000298023224,14.999999989622756,-5.437681436910113,24.26235117437844,44230.0
5.1599,0.0071,1,1,-0.14838984608650208,0.6360812187194824,0.5688104033470154,-0.39461180567741394,0.2545109689235687,0.7995012998580933,-0.10869108140468597,-0.17352166771888733,-0.8363166451454163,0.9672984480857849,0.12123250216245651,-0.04508701711893082,0.2181779146194458,0.4911620394428654,1.142423403346234,-0.009229240933723844,12.53306941820282,-8.055120744087386,24.53514680223068,0.5093519687652588,-0.24622195959091187,-0.3815702497959137,0.23069089651107788,-0.10869108140468597,-0.17352166771888733,-0.8363166451454163,0.12123250216245651,-0.04508701711893082,0.2181779146194458,0.9672984480857849,0.4911620318889618,1.142423391342163,-0.00922924093902111,-0.24622195959091187,-0.3815702497959137,0.23069089651107788,-0.26106464862823486,-0.38666215538978577,0.23069089651107788,-0.2749280631542206,-0.39401328563690186,0.23069089651107788,-0.28747081756591797,-0.4034426212310791,0.23069089651107788,-0.29838407039642334,-0.41471800208091736,0.23069089651107788,-0.30739909410476685,-0.42756175994873047,0.23069089651107788,-0.3142939507961273,-0.4416576623916626,0.23069089651107788,-0.3188988268375397,-0.45665860176086426,0.23069089651107788,-0.3211003243923187,-0.47219520807266235,0.23069089651107788,-0.32084426283836365,-0.4878849387168884,0.23069089651107788,1.5707963705062866,-1.5707963705062866,0.5583375692367554,0.20000000298023224,14.999999994811379,-10.218840718455056,27.099252496542892,44230.0
5.1798,0.0096,1,1,-0.1457923799753189,0.6312614679336548,0.5513203144073486,-0.39763450622558594,0.2536821961402893,0.7995012998580933,-0.10120336711406708,-0.23137547075748444,-0.8027782440185547,0.9654080867767334,0.12338419258594513,-0.03215080499649048,0.2274376004934311,0.3598291823919893,1.154022801474074,-0.1277745659065292,13.013830575027619,-6.788329132659858,25.737628024817862,0.5172855854034424,-0.2518421411514282,-0.3775792717933655,0.24818098545074463,-0.10120336711406708,-0.23137547075748444,-0.8027782440185547,0.12338419258594513,-0.03215080499649048,0.2274376004934311,0.9654080867767334,0.3598291873931885,1.1540228128433228,-0.12777456641197205,-0.2518421411514282,-0.3775792717933655,0.24818098545074463,-0.2665179967880249,-0.38313382863998413,0.24818098545074463,-0.28014421463012695,-0.3909158408641815,0.24818098545074463,-0.2923852801322937,-0.40073361992836,0.24818098545074463,-0.30293983221054077,-0.4123454689979553,0.24818098545074463,-0.3115479350090027,-0.42546546459198,0.24818098545074463,-0.31799763441085815,-0.43977051973342896,0.24818098545074463,-0.32213008403778076,-0.4549083709716797,0.24818098545074463,-0.32384365797042847,-0.47050637006759644,0.24818098545074463,-0.32309603691101074,-0.4861803650856018,0.24818098545074463,1.5707963705062866,-1.5707963705062866,0.5590716600418091,0.20000000298023224,14.99999999740569,-12.609420359227528,29.504214941717272,44230.0
5.2005,0.0075,1,1,-0.14979644119739532,0.6318650245666504,0.5539379119873047,-0.4006151556968689,0.2527638375759125,0.7995012998580933,-0.08900322765111923,-0.2788012623786926,-0.7572023868560791,0.9640487432479858,0.12361378967761993,-0.02097691223025322,0.23428109288215637,0.24271339443866263,0.37762262716216294,-0.2683671591662052,13.274940593764857,-5.645101324721914,26.660751398170355,0.5166518092155457,-0.25081872940063477,-0.3791011869907379,0.24556338787078857,-0.08900322765111923,-0.2788012623786926,-0.7572023868560791,0.12361378967761993,-0.02097691223025322,0.23428109288215637,0.9640487432479858,0.24271339178085327,0.3776226341724396,-0.2683671712875366,-0.25081872940063477,-0.3791011869907379,0.24556338787078857,-0.26531416177749634,-0.3851107358932495,0.24556338787078857,-0.2786911129951477,-0.39331385493278503,0.24556338787078857,-0.29062002897262573,-0.40350860357284546,0.24556338787078857,-0.3008073568344116,-0.41544395685195923,0.24556338787078857,-0.3090021014213562,-0.4288259744644165,0.24556338787078857,-0.31500256061553955,-0.4433252215385437,0.24556338787078857,-0.3186609745025635,-0.45858460664749146,0.24556338787078857,-0.3198872208595276,-0.4742284417152405,0.24556338787078857,-0.3186511993408203,-0.4898715019226074,0.24556338787078857,1.5707963705062866,-1.5707963705062866,0.5860642194747925,0.20000000298023224,14.999999998702844,-13.804710179613764,31.350461688422257,44230.0
5.2198,0.0074,1,1,-0.15186616778373718,0.629187822341919,0.5399287343025208,-0.4036039113998413,0.2517392039299011,0.7995012998580933,-0.08785848319530487,-0.33444446325302124,-0.7182803153991699,0.9643174409866333,0.12515650689601898,-0.017917335033416748,0.23260408639907837,0.3244168630610966,-0.28134905415017586,-0.38978371925341443,13.535953862117745,-5.323548838139419,26.49037513393516,0.5227018594741821,-0.2517377436161041,-0.3774486184120178,0.2595725655555725,-0.08785848319530487,-0.33444446325302124,-0.7182803153991699,0.12515650689601898,-0.017917335033416748,0.23260408639907837,0.9643174409866333,0.3244168758392334,-0.2813490629196167,-0.38978371024131775,-0.2517377436161041,-0.3774486184120178,0.2595725655555725,-0.26603612303733826,-0.3839130699634552,0.2595725655555725,-0.279147207736969,-0.39253470301628113,0.2595725655555725,-0.29074814915657043,-0.40310120582580566,0.2595725655555725,-0.3005532920360565,-0.4153524339199066,0.2595725655555725,-0.3083212375640869,-0.42898666858673096,0.2595725655555725,-0.3138606548309326,-0.4436682462692261,0.2595725655555725,-0.31703516840934753,-0.45903557538986206,0.2595725655555725,-0.31776660680770874,-0.4747103452682495,0.2595725655555725,-0.31603699922561646,-0.490306556224823,0.2595725655555725,1.5707963705062866,-1.5707963705062866,0.6422103643417358,0.20000000298023224,14.999999999351422,-14.402355089806882,31.009709159951825,44230.0
5.2396,0.0071,1,1,-0.14283740520477295,0.6279679536819458,0.5632724165916443,-0.4065234661102295,0.25063470005989075,0.7995012998580933,-0.060436103492975235,-0.4085793197154999,-0.48247024416923523,0.964914858341217,0.12760807573795319,-0.017934735864400864,0.22876164317131042,0.341203932544843,-0.7209704376740333,-0.43425561327005224,13.832978920638684,-5.33591086002708,26.027044675497848,0.5174116492271423,-0.26368606090545654,-0.37733325362205505,0.23622888326644897,-0.060436103492975235,-0.4085793197154999,-0.48247024416923523,0.12760807573795319,-0.017934735864400864,0.22876164317131042,0.964914858341217,0.3412039279937744,-0.7209704518318176,-0.43425559997558594,-0.26368606090545654,-0.37733325362205505,0.23622888326644897,-0.27777570486068726,-0.38424086570739746,0.23622888326644897,-0.2906113266944885,-0.39326751232147217,0.23622888326644897,-0.30187681317329407,-0.40419095754623413,0.23622888326644897,-0.311294823884964,-0.416742205619812,0.23622888326644897,-0.31863340735435486,-0.4306122660636902,0.23622888326644897,-0.32371190190315247,-0.4454595446586609,0.23622888326644897,-0.32640522718429565,-0.46091848611831665,0.23622888326644897,-0.3266471028327942,-0.4766084551811218,0.23622888326644897,-0.32443153858184814,-0.49214309453964233,0.23622888326644897,1.5707963705062866,-1.5707963705062866,0.4653254747390747,0.20000000298023224,14.999999999675712,-14.701177544903441,30.08304824307723,44230.0
5.2597,0.0074,1,1,-0.14179539680480957,0.6235643625259399,0.5329496264457703,-0.4094429016113281,0.24942408502101898,0.7995012998580933,-0.030701162293553352,-0.46621793508529663,-0.5250154733657837,0.9649085998535156,0.1341647356748581,-0.022752933204174042,0.22456960380077362,0.24442267780530272,-0.9118913909573779,-0.4723362202761225,14.480740639610227,-5.9792131521182155,25.442829837678488,0.5316633582115173,-0.26764750480651855,-0.37414026260375977,0.266551673412323,-0.030701162293553352,-0.46621793508529663,-0.5250154733657837,0.1341647356748581,-0.022752933204174042,0.22456960380077362,0.9649085998535156,0.24442267417907715,-0.9118914008140564,-0.4723362326622009,-0.26764750480651855,-0.37414026260375977,0.266551673412323,-0.2815118134021759,-0.381489634513855,0.266551673412323,-0.2940557599067688,-0.39091742038726807,0.266551673412323,-0.3049704432487488,-0.4021914005279541,0.266551673412323,-0.3139871060848236,-0.4150340259075165,0.266551673412323,-0.32088375091552734,-0.42912906408309937,0.266551673412323,-0.3254905045032501,-0.44412940740585327,0.266551673412323,-0.32769399881362915,-0.4596657454967499,0.266551673412323,-0.32743993401527405,-0.47535550594329834,0.266551673412323,-0.32473456859588623,-0.49081236124038696,0.266551673412323,1.5707963705062866,-1.5707963705062866,0.5307382345199585,0.20000000298023224,14.999999999837856,-14.85058877245172,28.91461856743851,44230.0
5.2796,0.0075,1,1,-0.1431218534708023,0.6189606785774231,0.5200750231742859,-0.4122973084449768,0.24813376367092133,0.7995012998580933,-0.037882015109062195,-0.5146573185920715,-0.5027372241020203,0.9650812149047852,0.13742975890636444,-0.022494954988360405,0.22186343371868134,0.25367008857168255,-0.9263822496597444,-0.5521644073722204,14.873324092511597,-5.992610245371645,25.110705067408922,0.5367001891136169,-0.2691754698753357,-0.3708269000053406,0.2794262766838074,-0.037882015109062195,-0.5146573185920715,-0.5027372241020203,0.13742975890636444,-0.022494954988360405,0.22186343371868134,0.9650812149047852,0.2536700963973999,-0.9263822436332703,-0.5521644353866577,-0.2691754698753357,-0.3708269000053406,0.2794262766838074,-0.2828028202056885,-0.378606915473938,0.2794262766838074,-0.29504531621932983,-0.38842296600341797,0.2794262766838074,-0.30560147762298584,-0.40003329515457153,0.2794262766838074,-0.31421148777008057,-0.4131520390510559,0.2794262766838074,-0.3206632733345032,-0.4274561405181885,0.2794262766838074,-0.32479792833328247,-0.44259342551231384,0.2794262766838074,-0.32651370763778687,-0.4581911563873291,0.2794262766838074,-0.3257683515548706,-0.473865270614624,0.2794262766838074,-0.3225802183151245,-0.48922979831695557,0.2794262766838074,1.5707963705062866,-1.5707963705062866,0.5678762197494507,0.20000000298023224,14.999999999918927,-14.925294386225861,28.25036902689938,44230.0
5.2995,0.0094,1,1,-0.12262572348117828,0.6241534948348999,0.5439111590385437,-0.41510409116744995,0.2467576414346695,0.7995012998580933,0.07748892158269882,-0.5603440999984741,-0.4063568115234375,0.965731143951416,0.14226092398166656,-0.029819246381521225,0.21502071619033813,0.2510485560183926,-0.8633943619796807,-0.6645413831266169,15.29658461522835,-6.821285067415601,24.187277274632624,0.5415695309638977,-0.29247838258743286,-0.3773958683013916,0.25559014081954956,0.07748892158269882,-0.5603440999984741,-0.4063568115234375,0.14226092398166656,-0.029819246381521225,0.21502071619033813,0.965731143951416,0.25104856491088867,-0.8633943796157837,-0.6645413637161255,-0.29247838258743286,-0.3773958683013916,0.25559014081954956,-0.3058558702468872,-0.38559800386428833,0.25559014081954956,-0.3177855610847473,-0.3957918882369995,0.25559014081954956,-0.32797372341156006,-0.4077264964580536,0.25559014081954956,-0.3361694812774658,-0.4211079478263855,0.25559014081954956,-0.3421710133552551,-0.4356067180633545,0.25559014081954956,-0.3458305597305298,-0.45086586475372314,0.25559014081954956,-0.34705793857574463,-0.4665095806121826,0.25559014081954956,-0.3458230495452881,-0.4821527600288391,0.25559014081954956,-0.34215623140335083,-0.4974101185798645,0.25559014081954956,1.5707963705062866,-1.5707963705062866,0.3774193525314331,0.20000000298023224,14.999999999959464,-14.96264719311293,26.403513441346753,44230.0
5.32,0.0099,1,1,-0.12107502669095993,0.6122567057609558,0.5361006855964661,-0.4179057478904724,0.24527284502983093,0.7995012998580933,0.07684922218322754,-0.6297966837882996,-0.3749673068523407,0.9665164947509766,0.14685587584972382,-0.035606902092695236,0.20738713443279266,0.2425088137326741,-0.7098753090985997,-0.7092645796816173,15.747733566810707,-7.454646468393298,23.18842105925488,0.5405233502388,-0.2968307137489319,-0.3669838607311249,0.2634006142616272,0.07684922218322754,-0.6297966837882996,-0.3749673068523407,0.14685587584972382,-0.035606902092695236,0.20738713443279266,0.9665164947509766,0.24250881373882294,-0.7098752856254578,-0.7092645764350891,-0.2968307137489319,-0.3669838607311249,0.2634006142616272,-0.30994144082069397,-0.3756060004234314,0.2634006142616272,-0.32154199481010437,-0.38617298007011414,0.2634006142616272,-0.33134666085243225,-0.39842456579208374,0.2634006142616272,-0.3391140401363373,-0.41205912828445435,0.2634006142616272,-0.34465286135673523,-0.4267408847808838,0.2634006142616272,-0.3478267788887024,-0.4421083927154541,0.2634006142616272,-0.34855762124061584,-0.45778316259384155,0.2634006142616272,-0.3468273878097534,-0.47337931394577026,0.2634006142616272,-0.34267866611480713,-0.4885127544403076,0.2634006142616272,1.5707963705062866,-1.5707963705062866,0.3835667371749878,0.20000000298023224,14.999999999979732,-14.981323596556464,24.40580101059127,44230.0
5.3399,0.0082,1,1,-0.11440731585025787,0.592681348323822,0.5778779983520508,-0.4206468462944031,0.24370713531970978,0.7995012998580933,0.08284677565097809,-0.7606840133666992,0.0696306973695755,0.9662913680076599,0.15399467945098877,-0.03881571814417839,0.20262761414051056,0.1313925368264291,-0.6593074726362842,-0.8085888370118038,16.53357174365823,-7.898680546378492,22.536763207872927,0.5144730806350708,-0.3062395453453064,-0.34897422790527344,0.22162330150604248,0.08284677565097809,-0.7606840133666992,0.0696306973695755,0.15399467945098877,-0.03881571814417839,0.20262761414051056,0.9662913680076599,0.13139253854751587,-0.6593074798583984,-0.8085888624191284,-0.3062395453453064,-0.34897422790527344,0.22162330150604248,-0.31907159090042114,-0.3580058813095093,0.22162330150604248,-0.33033281564712524,-0.368933767080307,0.22162330150604248,-0.3397458791732788,-0.38148874044418335,0.22162330150604248,-0.3470790386199951,-0.39536166191101074,0.22162330150604248,-0.3521517515182495,-0.4102109372615814,0.22162330150604248,-0.354839026927948,-0.42567092180252075,0.22162330150604248,-0.3550747036933899,-0.4413609802722931,0.22162330150604248,-0.35285305976867676,-0.45689475536346436,0.22162330150604248,-0.3482287526130676,-0.4718897044658661,0.22162330150604248,1.5707963705062866,-1.5707963705062866,0.12981069087982178,0.20000000298023224,14.999999999989866,-14.990661798278232,23.102485307827383,44230.0
5.3601,0.0099,1,1,-0.10572630167007446,0.5659512281417847,0.5710405707359314,-0.4233439266681671,0.2420513778924942,0.7995012998580933,0.13832835853099823,-0.9014697074890137,0.0242654737085104,0.9674385786056519,0.15685050189495087,-0.04349244385957718,0.1938219964504242,0.10186963179867857,-0.7016514010734078,-0.8135138873947146,16.83918711885288,-8.334655453353095,21.422088759322598,0.5079236030578613,-0.31761762499809265,-0.32389986515045166,0.22846072912216187,0.13832835853099823,-0.9014697074890137,0.0242654737085104,0.15685050189495087,-0.04349244385957718,0.1938219964504242,0.9674385786056519,0.10186963528394699,-0.701651394367218,-0.8135138750076294,-0.31761762499809265,-0.32389986515045166,0.22846072912216187,-0.33015748858451843,-0.3333330750465393,0.22846072912216187,-0.34106725454330444,-0.344611793756485,0.22846072912216187,-0.3500783443450928,-0.35745835304260254,0.22846072912216187,-0.35696882009506226,-0.3715563714504242,0.22846072912216187,-0.3615690767765045,-0.3865587115287781,0.22846072912216187,-0.36376577615737915,-0.4020960330963135,0.22846072912216187,-0.36350488662719727,-0.4177856743335724,0.22846072912216187,-0.3607928156852722,-0.4332413673400879,0.22846072912216187,-0.35569632053375244,-0.44808247685432434,0.22846072912216187,1.5707963705062866,-1.5707963705062866,0.10828304290771484,0.20000000298023224,14.999999999994934,-14.995330899139116,20.873136410726712,44230.0
5.3799,0.0097,1,1,-0.1564694195985794,0.5549456477165222,0.5069029331207275,-0.42593860626220703,0.24034425616264343,0.7995012998580933,-0.18491362035274506,-0.7938281893730164,-0.35039424896240234,0.9691503643989563,0.14915379881858826,-0.06588809192180634,0.1848173588514328,-0.0415648914004374,-0.588023638423542,-0.8718512300212273,15.622027860225609,-10.535421422116125,20.144095756826054,0.5071503520011902,-0.2694692015647888,-0.3146013915538788,0.2925983667373657,-0.18491362035274506,-0.7938281893730164,-0.35039424896240234,0.14915379881858826,-0.06588809192180634,0.1848173588514328,0.9691503643989563,-0.04156489297747612,-0.5880236625671387,-0.8718512058258057,-0.2694692015647888,-0.3146013915538788,0.2925983667373657,-0.28171002864837646,-0.3244194984436035,0.2925983667373657,-0.29226428270339966,-0.33603158593177795,0.2925983667373657,-0.3008720278739929,-0.3491517901420593,0.2925983667373657,-0.3073214292526245,-0.36345696449279785,0.2925983667373657,-0.31145352125167847,-0.3785949945449829,0.2925983667373657,-0.31316667795181274,-0.39419299364089966,0.2925983667373657,-0.3124186396598816,-0.40986698865890503,0.2925983667373657,-0.3092278838157654,-0.4252309799194336,0.2925983667373657,-0.3036729693412781,-0.43990665674209595,0.2925983667373657,1.5707963705062866,-1.5707963705062866,0.7972673177719116,0.20000000298023224,14.999999999997467,-14.997665449569558,18.31715040573365,44230.0
5.3999,0.0096,1,1,-0.16034634411334991,0.5383281707763672,0.5001665353775024,-0.42850300669670105,0.2385399043560028,0.7995012998580933,-0.20346543192863464,-0.8678919672966003,-0.3237561881542206,0.9703612327575684,0.15059980750083923,-0.0699368342757225,0.1755722612142563,-0.07113592058132351,-0.40703171534282623,-0.9117763423982865,15.819473998616537,-10.87169300255346,18.996746288484893,0.5013803839683533,-0.26815664768218994,-0.2997882664203644,0.2993347644805908,-0.20346543192863464,-0.8678919672966003,-0.3237561881542206,0.15059980750083923,-0.0699368342757225,0.1755722612142563,0.9703612327575684,-0.07113592326641083,-0.40703171491622925,-0.9117763638496399,-0.26815664768218994,-0.2997882664203644,0.2993347644805908,-0.28008365631103516,-0.30998530983924866,0.2993347644805908,-0.2902686595916748,-0.3219226002693176,0.2993347644805908,-0.2984609007835388,-0.33530622720718384,0.2993347644805908,-0.3044585585594177,-0.34980660676956177,0.2993347644805908,-0.30811405181884766,-0.36506667733192444,0.2993347644805908,-0.309337317943573,-0.38071075081825256,0.2993347644805908,-0.3080982565879822,-0.3963535726070404,0.2993347644805908,-0.3044273853302002,-0.4116099774837494,0.2993347644805908,-0.29841506481170654,-0.4261043071746826,0.2993347644805908,1.417603611946106,-1.5707963705062866,0.8276702165603638,0.20000000298023224,14.999999999998733,-14.99883272478478,16.022451469051326,44230.0
5.4197,0.0097,1,1,-0.18350040912628174,0.5555421710014343,0.5002748370170593,-0.43100616335868835,0.2366587072610855,0.7995012998580933,-0.31970590353012085,-0.7152602076530457,-0.3288072943687439,0.9731924533843994,0.1352432817220688,-0.07542373239994049,0.1700441688299179,-0.09105683158830698,-0.33543509286005424,-0.922961019765374,14.012139388775285,-11.116133692300734,18.451907219817997,0.5024760961532593,-0.24750575423240662,-0.31888347864151,0.29922646284103394,-0.31970590353012085,-0.7152602076530457,-0.3288072943687439,0.1352432817220688,-0.07542373239994049,0.1700441688299179,0.9731924533843994,-0.09105683118104935,-0.33543509244918823,-0.9229609966278076,-0.24750575423240662,-0.31888347864151,0.29922646284103394,-0.25910764932632446,-0.329448938369751,0.29922646284103394,-0.2689139246940613,-0.3416992425918579,0.29922646284103394,-0.27668309211730957,-0.35533279180526733,0.29922646284103394,-0.2822238504886627,-0.3700138330459595,0.29922646284103394,-0.28539979457855225,-0.3853808641433716,0.29922646284103394,-0.28613266348838806,-0.40105557441711426,0.29922646284103394,-0.284404456615448,-0.4166519343852997,0.29922646284103394,-0.2802577316761017,-0.4317859411239624,0.29922646284103394,-0.273794561624527,-0.4460849165916443,0.29922646284103394,1.5707963705062866,-1.5707963705062866,1.0191468000411987,0.20000000298023224,14.999999999999368,-14.99941636239239,14.932773331717538,44230.0
5.4401,0.0097,1,1,-0.1892378181219101,0.5479509830474854,0.4771779477596283,-0.43349218368530273,0.2346644550561905,0.7995012998580933,-0.32534152269363403,-0.7016426920890808,-0.3681986629962921,0.974700391292572,0.1315881758928299,-0.07527562230825424,0.16424155235290527,-0.07762688471806567,-0.2510059620857082,-0.9416336405904101,13.655908745355505,-10.950849586193554,17.81429030202696,0.5115671753883362,-0.24425436556339264,-0.31328654289245605,0.32232335209846497,-0.32534152269363403,-0.7016426920890808,-0.3681986629962921,0.1315881758928299,-0.07527562230825424,0.16424155235290527,0.974700391292572,-0.07762688398361206,-0.25100594758987427,-0.9416336417198181,-0.24425436556339264,-0.31328654289245605,0.32232335209846497,-0.2555137276649475,-0.3242163360118866,0.32232335209846497,-0.2649245858192444,-0.3367729187011719,0.32232335209846497,-0.2722553610801697,-0.35064709186553955,0.32232335209846497,-0.27732551097869873,-0.36549726128578186,0.32232335209846497,-0.2800101041793823,-0.3809577226638794,0.32232335209846497,-0.2802430987358093,-0.3966478109359741,0.32232335209846497,-0.2780187726020813,-0.41218119859695435,0.32232335209846497,-0.2733919024467468,-0.4271753430366516,0.32232335209846497,-0.2664763331413269,-0.4412611126899719,0.32232335209846497,1.5707963705062866,-1.5707963705062866,1.0682786703109741,0.20000000298023224,14.999999999999684,-14.999708181196194,13.657539496135467,44230.0
5.4597,0.0099,1,1,-0.22442296147346497,0.5591685771942139,0.5099614262580872,-0.43584680557250977,0.23265080153942108,0.7995012998580933,-0.4963906407356262,-0.6340155005455017,-0.08938856422901154,0.9777928590774536,0.11839564889669418,-0.08010684698820114,0.15324638783931732,-0.0660275614916312,-0.15890904125604915,-0.9684986775607479,12.177699203999559,-11.124597033900693,16.624229344568434,0.48491981625556946,-0.2114238440990448,-0.3265177607536316,0.2895398736000061,-0.4963906407356262,-0.6340155005455017,-0.08938856422901154,0.11839564889669418,-0.08010684698820114,0.15324638783931732,0.9777928590774536,-0.06602755934000015,-0.15890903770923615,-0.968498706817627,-0.2114238440990448,-0.3265177607536316,0.2895398736000061,-0.2223391830921173,-0.3377911448478699,0.2895398736000061,-0.23135659098625183,-0.3506332337856293,0.2895398736000061,-0.23825404047966003,-0.36472785472869873,0.2895398736000061,-0.24286168813705444,-0.37972795963287354,0.2895398736000061,-0.2450660765171051,-0.3952641487121582,0.2895398736000061,-0.24481290578842163,-0.41095393896102905,0.2895398736000061,-0.24210843443870544,-0.4264109432697296,0.2895398736000061,-0.23701927065849304,-0.441254585981369,0.2895398736000061,-0.2296707034111023,-0.4551193416118622,0.2895398736000061,1.5707963705062866,-1.5707963705062866,1.2815223932266235,0.20000000298023224,14.999999999999842,-14.999854090598097,11.27741758121838,44230.0
5.4805,0.0097,1,1,-0.23018641769886017,0.5566941499710083,0.49389567971229553,-0.4382028877735138,0.2305040955543518,0.7995012998580933,-0.46521151065826416,-0.5406685471534729,-0.17788752913475037,0.9798697829246521,0.11159896850585938,-0.0760498046875,0.14702129364013672,0.006746393534497084,-0.219285616263506,-0.9222344428409731,11.517804163839818,-10.477690680234758,16.00654641827643,0.4930168390274048,-0.20801647007465363,-0.3261900544166565,0.30560562014579773,-0.46521151065826416,-0.5406685471534729,-0.17788752913475037,0.11159896850585938,-0.0760498046875,0.14702129364013672,0.9798697829246521,0.006746393628418446,-0.21928562223911285,-0.9222344160079956,-0.20801647007465363,-0.3261900544166565,0.30560562014579773,-0.21856699883937836,-0.3378055691719055,0.30560562014579773,-0.22717054188251495,-0.35092848539352417,0.30560562014579773,-0.23361529409885406,-0.3652358055114746,0.30560562014579773,-0.2377425581216812,-0.38037511706352234,0.30560562014579773,-0.23945067822933197,-0.39597368240356445,0.30560562014579773,-0.2386976033449173,-0.4116474390029907,0.30560562014579773,-0.23550190031528473,-0.4270103871822357,0.30560562014579773,-0.22994224727153778,-0.4416843056678772,0.30560562014579773,-0.22215555608272552,-0.45530781149864197,0.30560562014579773,1.5707963705062866,-1.5707963705062866,1.290796160697937,0.20000000298023224,14.999999999999922,-14.99992704529905,10.042051728634371,44230.0
5.4998,0.0096,1,1,-0.23527024686336517,0.5466187596321106,0.48785844445228577,-0.44043970108032227,0.22833316028118134,0.7995012998580933,-0.452310174703598,-0.5598703026771545,-0.1693650335073471,0.9811211228370667,0.1112835705280304,-0.07416681200265884,0.1396944224834442,0.13777516024107547,-0.3428476688591535,-0.9479760918844883,11.583797000467552,-10.173215994674313,15.172261011050313,0.49042990803718567,-0.2051694542169571,-0.31828558444976807,0.3116428554058075,-0.452310174703598,-0.5598703026771545,-0.1693650335073471,0.1112835705280304,-0.07416681200265884,0.1396944224834442,0.9811211228370667,0.13777515292167664,-0.34284767508506775,-0.9479761123657227,-0.2051694542169571,-0.31828558444976807,0.3116428554058075,-0.21535281836986542,-0.33022427558898926,0.3116428554058075,-0.2235432118177414,-0.3436090350151062,0.3116428554058075,-0.2295389026403427,-0.3581102192401886,0.3116428554058075,-0.23319227993488312,-0.37337082624435425,0.3116428554058075,-0.23441343009471893,-0.3890150487422943,0.3116428554058075,-0.2331722229719162,-0.4046577215194702,0.3116428554058075,-0.2294992357492447,-0.4199135899543762,0.3116428554058075,-0.22348494827747345,-0.434407114982605,0.3116428554058075,-0.21527741849422455,-0.4477813243865967,0.3116428554058075,1.5707963705062866,-1.5707963705062866,1.289854645729065,0.20000000298023224,14.999999999999961,-14.999963522649525,8.373480914182158,44230.0
5.5199,0.0096,1,1,-0.280697226524353,0.5768734812736511,0.5150046348571777,-0.4426206350326538,0.22607986629009247,0.7995012998580933,-0.6280315518379211,-0.369037002325058,0.003130559576675296,0.9837285876274109,0.09560012072324753,-0.0796886682510376,0.12956246733665466,0.15712191036179465,-0.43402508338819223,-0.9528354953465287,9.80349592557554,-10.460429840573276,14.106360511969319,0.4798058867454529,-0.16192340850830078,-0.35079360008239746,0.2844966650009155,-0.6280315518379211,-0.369037002325058,0.003130559576675296,0.09560012072324753,-0.0796886682510376,0.12956246733665466,0.9837285876274109,0.1571219116449356,-0.4340250790119171,-0.9528355002403259,-0.16192340850830078,-0.35079360008239746,0.2844966650009155,-0.17172741889953613,-0.36304572224617004,0.2844966650009155,-0.17949408292770386,-0.3766806721687317,0.2844966650009155,-0.18503215909004211,-0.3913627564907074,0.2844966650009155,-0.18820524215698242,-0.40673041343688965,0.2844966650009155,-0.18893525004386902,-0.4224052429199219,0.2844966650009155,-0.18720421195030212,-0.43800127506256104,0.2844966650009155,-0.18305468559265137,-0.4531345069408417,0.2844966650009155,-0.17658889293670654,-0.46743229031562805,0.2844966650009155,-0.1679660677909851,-0.4805426001548767,0.2844966650009155,1.5707963705062866,-1.5707963705062866,1.5707963705062866,0.20000000298023224,14.99999999999998,-14.999981761324761,6.241679916020171,44230.0
5.5401,0.0105,1,1,-0.2870839238166809,0.5661154985427856,0.5129785537719727,-0.4447517395019531,0.22373442351818085,0.7995012998580933,-0.6120023727416992,-0.4166138470172882,0.026376016438007355,0.984583854675293,0.09853728115558624,-0.07888667285442352,0.12107779830694199,0.10453755328920632,-0.4172998991102766,-0.93517494231475,10.242339464327255,-10.32330782094892,13.093639633442292,0.47347569465637207,-0.15766781568527222,-0.3423810601234436,0.2865227460861206,-0.6120023727416992,-0.4166138470172882,0.026376016438007355,0.09853728115558624,-0.07888667285442352,0.12107779830694199,0.984583854675293,0.10453755408525467,-0.41729989647865295,-0.9351749420166016,-0.15766781568527222,-0.3423810601234436,0.2865227460861206,-0.1670786738395691,-0.35493770241737366,0.2865227460861206,-0.1744093894958496,-0.3688119053840637,0.2865227460861206,-0.1794794499874115,-0.38366207480430603,0.2865227460861206,-0.1821640431880951,-0.39912253618240356,0.2865227460861206,-0.18239697813987732,-0.4148126244544983,0.2865227460861206,-0.1801726222038269,-0.4303460121154785,0.2865227460861206,-0.17554566264152527,-0.4453401565551758,0.2865227460861206,-0.16863009333610535,-0.4594258964061737,0.2865227460861206,-0.15959617495536804,-0.4722563624382019,0.2865227460861206,1.5707963705062866,-1.5707963705062866,1.5707963705062866,0.20000000298023224,14.99999999999999,-14.99999088066238,4.216238158966135,44230.0
5.5607,0.0095,1,1,-0.3353143036365509,0.6007609963417053,0.5445204973220825,-0.44677111506462097,0.22136659920215607,0.7995012998580933,-0.7741279602050781,-0.22738373279571533,0.2294173389673233,0.9866640567779541,0.08488421887159348,-0.08415529876947403,0.11047452688217163,0.2515452355616924,-0.42505941842038597,-0.8888460593595134,8.71506728116925,-10.650702599916068,11.9633925484302,0.4705081880092621,-0.11145681142807007,-0.37939441204071045,0.25498080253601074,-0.7741279602050781,-0.22738373279571533,0.2294173389673233,0.08488421887159348,-0.08415529876947403,0.11047452688217163,0.9866640567779541,0.251545250415802,-0.42505940794944763,-0.8888460397720337,-0.11145681142807007,-0.37939441204071045,0.25498080253601074,-0.12047240138053894,-0.39223775267601013,0.25498080253601074,-0.12736788392066956,-0.4063333570957184,0.25498080253601074,-0.13197341561317444,-0.42133408784866333,0.25498080253601074,-0.1341755986213684,-0.43687063455581665,0.25498080253601074,-0.13392022252082825,-0.4525603652000427,0.25498080253601074,-0.13121360540390015,-0.46801698207855225,0.25498080253601074,-0.12612232565879822,-0.48285990953445435,0.25498080253601074,-0.11877182126045227,-0.49672362208366394,0.25498080253601074,-0.109343022108078,-0.5092667937278748,0.25498080253601074,1.5707963705062866,1.1853162050247192,1.5707963705062866,0.20000000298023224,14.999999999999995,4.559668809633877e-06,1.955743988941945,44230.0
5.58,0.0096,1,1,-0.34202468395233154,0.5900148749351501,0.5447020530700684,-0.44874250888824463,0.21890269219875336,0.7995012998580933,-0.7475118637084961,-0.28229641914367676,0.23641717433929443,0.9872882962226868,0.08995898813009262,-0.08283956348896027,0.1015123724937439,0.43321521610069913,-0.3223063078972088,-0.9061678583006341,9.41236366101678,-10.476776056776554,10.87606808658801,0.46263980865478516,-0.10671782493591309,-0.3711121678352356,0.2547992467880249,-0.7475118637084961,-0.28229641914367676,0.23641717433929443,0.08995898813009262,-0.08283956348896027,0.1015123724937439,0.9872882962226868,0.4332152307033539,-0.3223063051700592,-0.9061678647994995,-0.10671782493591309,-0.3711121678352356,0.2547992467880249,-0.11532372236251831,-0.38423359394073486,0.2547992467880249,-0.12177100777626038,-0.3985397517681122,0.2547992467880249,-0.12590095400810242,-0.4136783480644226,0.2547992467880249,-0.12761184573173523,-0.42927658557891846,0.2547992467880249,-0.1268616020679474,-0.4449504613876343,0.2547992467880249,-0.1236686110496521,-0.460314005613327,0.2547992467880249,-0.11811158061027527,-0.4749889075756073,0.2547992467880249,-0.11032730340957642,-0.4886138141155243,0.2547992467880249,-0.10050743818283081,-0.5008532404899597,0.2547992467880249,1.5707963705062866,1.0010343790054321,1.5707963705062866,0.20000000298023224,14.999999999999996,7.500002279834405,-0.2189049347424554,44230.0
5.6001,0.0098,1,1,-0.3956539034843445,0.6285455226898193,0.5802391767501831,-0.4506249725818634,0.21639186143875122,0.7995012998580933,-0.9318599104881287,-0.1110047847032547,0.4221096336841583,0.9885474443435669,0.08158741891384125,-0.08831120282411575,0.09119473397731781,0.3639076138643639,0.25659845057206326,-0.8903280419271153,8.503969134046326,-10.922457458454874,9.7268404746222,0.4700726866722107,-0.05497106909751892,-0.4121536612510681,0.21926212310791016,-0.9318599104881287,-0.1110047847032547,0.4221096336841583,0.08158741891384125,-0.08831120282411575,0.09119473397731781,0.9885474443435669,0.3639076054096222,0.25659844279289246,-0.890328049659729,-0.05497106909751892,-0.4121536612510681,0.21926212310791016,-0.06316101551055908,-0.42553865909576416,0.21926212310791016,-0.0691562294960022,-0.44004005193710327,0.21926212310791016,-0.0728091299533844,-0.45530077815055847,0.21926212310791016,-0.07402977347373962,-0.4709450602531433,0.21926212310791016,-0.0727880597114563,-0.48658764362335205,0.21926212310791016,-0.06911459565162659,-0.5018434524536133,0.21926212310791016,-0.06309983134269714,-0.5163367390632629,0.21926212310791016,-0.05489185452461243,-0.5297107100486755,0.21926212310791016,-0.044692784547805786,-0.5416359901428223,0.21926212310791016,1.5707963705062866,1.5707963705062866,1.5707963705062866,0.20000000298023224,14.999999999999998,11.250001139917202,-2.517360158674046,44230.0
5.6195,0.0092,1,1,-0.39688703417778015,0.6166753172874451,0.5782238245010376,-0.45240235328674316,0.21386058628559113,0.7995012998580933,-0.8456226587295532,-0.15686939656734467,0.3843228816986084,0.9901902675628662,0.08473318070173264,-0.07414688915014267,0.08272694051265717,0.37049917058890536,1.489783499066904,-0.8227006613120247,9.066937568408958,-9.256729528259907,8.81596980268041,0.4629313051700592,-0.05551531910896301,-0.40281474590301514,0.22127747535705566,-0.8456226587295532,-0.15686939656734467,0.3843228816986084,0.08473318070173264,-0.07414688915014267,0.08272694051265717,0.9901902675628662,0.3704991638660431,1.489783525466919,-0.8227006793022156,-0.05551531910896301,-0.40281474590301514,0.22127747535705566,-0.0632874071598053,-0.41644662618637085,0.22127747535705566,-0.06883129477500916,-0.4311264753341675,0.22127747535705566,-0.07201048731803894,-0.44649285078048706,0.22127747535705566,-0.07274672389030457,-0.4621673822402954,0.22127747535705566,-0.07102185487747192,-0.4777641296386719,0.22127747535705566,-0.06687834858894348,-0.49289900064468384,0.22127747535705566,-0.06041821837425232,-0.5071993470191956,0.22127747535705566,-0.05180057883262634,-0.5203130841255188,0.22127747535705566,-0.041237592697143555,-0.5319172143936157,0.22127747535705566,1.5707963705062866,1.5707963705062866,1.5707963705062866,0.20000000298023224,15.0,13.125000569958601,-4.3391015025576305,44230.0
5.6397,0.0099,1,1,-0.4320096969604492,0.6426228880882263,0.6016642451286316,-0.4541386067867279,0.21121567487716675,0.7995012998580933,-0.9041149616241455,-0.039768118411302567,0.47242602705955505,0.9927800297737122,0.07729287445545197,-0.053853634744882584,0.07423865050077438,0.3470443779734413,2.5401371624713547,-0.8090042235628289,8.424395141735172,-6.8001093614434085,8.051643515103796,0.47512248158454895,-0.022128909826278687,-0.43140721321105957,0.19783705472946167,-0.9041149616241455,-0.039768118411302567,0.47242602705955505,0.07729287445545197,-0.053853634744882584,0.07423865050077438,0.9927800297737122,0.3470443785190582,2.5401370525360107,-0.8090042471885681,-0.022128909826278687,-0.43140721321105957,0.19783705472946167,-0.029465854167938232,-0.4452781081199646,0.19783705472946167,-0.03454256057739258,-0.46012604236602783,0.19783705472946167,-0.03723406791687012,-0.47558528184890747,0.19783705472946167,-0.03747406601905823,-0.49127528071403503,0.19783705472946167,-0.035256654024124146,-0.506809651851654,0.19783705472946167,-0.03063642978668213,-0.5218058824539185,0.19783705472946167,-0.0237271785736084,-0.5358946919441223,0.19783705472946167,-0.014698982238769531,-0.5487292408943176,0.19783705472946167,-0.003774195909500122,-0.5599934458732605,0.19783705472946167,1.5707963705062866,1.5707963705062866,1.5707963705062866,0.20000000298023224,15.0,14.0625002849793,-5.86775407771089,44230.0
5.6607,0.0095,1,1,-0.4354131519794464,0.6283719539642334,0.6013840436935425,-0.45579397678375244,0.20851093530654907,0.7995012998580933,-0.8396034240722656,-0.11612163484096527,0.4500753879547119,0.9941256046295166,0.08067994564771652,-0.02268901653587818,0.06846991181373596,0.393775631279875,2.746027744242035,-0.7136430162507893,9.06492835200655,-3.2194111546196145,7.62470030898563,0.464703232049942,-0.02038082480430603,-0.4198610186576843,0.19811725616455078,-0.8396034240722656,-0.11612163484096527,0.4500753879547119,0.08067994564771652,-0.02268901653587818,0.06846991181373596,0.9941256046295166,0.3937756419181824,2.746027708053589,-0.7136430144309998,-0.02038082480430603,-0.4198610186576843,0.19811725616455078,-0.027274280786514282,-0.43395760655403137,0.19811725616455078,-0.03187766671180725,-0.44895899295806885,0.19811725616455078,-0.03407764434814453,-0.46449583768844604,0.19811725616455078,-0.03382003307342529,-0.48018553853034973,0.19811725616455078,-0.031111180782318115,-0.4956417679786682,0.19811725616455078,-0.026017814874649048,-0.510483980178833,0.19811725616455078,-0.018665283918380737,-0.524346649646759,0.19811725616455078,-0.009234726428985596,-0.5368884801864624,0.19811725616455078,0.002041727304458618,-0.547800600528717,0.19811725616455078,1.5707963705062866,1.5707963705062866,1.5707963705062866,0.20000000298023224,15.0,14.53125014248965,-6.721640489947208,44230.0
5.6799,0.0098,1,1,-0.47358188033103943,0.6543262600898743,0.6281782388687134,-0.45732688903808594,0.20582041144371033,0.7995012998580933,-0.9150072932243347,-0.029588891193270683,0.5747444033622742,0.9952498078346252,0.0747029259800911,0.003614073619246483,0.06230771914124489,0.26798622726178295,2.476240204753193,-0.712943270674371,8.577488620385118,-0.12119932597298883,7.155562754945129,0.48038870096206665,0.01625499129295349,-0.44850584864616394,0.17132306098937988,-0.9150072932243347,-0.029588891193270683,0.5747444033622742,0.0747029259800911,0.003614073619246483,0.06230771914124489,0.9952498078346252,0.2679862380027771,2.4762401580810547,-0.7129432559013367,0.01625499129295349,-0.44850584864616394,0.17132306098937988,0.009801298379898071,-0.46280908584594727,0.17132306098937988,0.0056645870208740234,-0.47794583439826965,0.17132306098937988,0.00394672155380249,-0.4935433268547058,0.17132306098937988,0.004689991474151611,-0.5092175602912903,0.17132306098937988,0.007876098155975342,-0.5245825052261353,0.17132306098937988,0.01342657208442688,-0.5392599105834961,0.17132306098937988,0.021204769611358643,-0.5528882741928101,0.17132306098937988,0.031019151210784912,-0.5651320815086365,0.17132306098937988,0.04262804985046387,-0.5756898522377014,0.17132306098937988,1.5707963705062866,1.5707963705062866,1.5707963705062866,0.18288113176822662,15.0,14.765625071244825,-7.659915598028223,44230.0
5.6998,0.0106,1,1,-0.25919991731643677,0.33791980147361755,0.4891204833984375,-0.4587971866130829,0.203041672706604,0.7995012998580933,-0.15268351137638092,-1.3411802053451538,0.014271564781665802,0.9833192825317383,0.15738484263420105,0.052404046058654785,0.07459916919469833,0.19575587230811298,2.019992773122998,-0.8285744628332762,18.56300795995018,4.564324580655559,9.423119641743876,0.39289620518684387,-0.19959726929664612,-0.13487812876701355,0.31038081645965576,-0.15268351137638092,-1.3411802053451538,0.014271564781665802,0.15738484263420105,0.052404046058654785,0.07459916919469833,0.9833192825317383,0.19575586915016174,2.0199928283691406,-0.8285744786262512,-0.19959726929664612,-0.13487812876701355,0.31038081645965576,-0.20559817552566528,-0.14937718212604523,0.31038081645965576,-0.20925703644752502,-0.16463646292686462,0.31038081645965576,-0.21048375964164734,-0.18028026819229126,0.31038081645965576,-0.20924818515777588,-0.1959233582019806,0.31038081645965576,-0.2055806815624237,-0.21118056774139404,0.31038081645965576,-0.19957154989242554,-0.22567622363567352,0.31038081645965576,-0.19136881828308105,-0.2390533685684204,0.31038081645965576,-0.18117442727088928,-0.2509826421737671,0.31038081645965576,-0.1692393720149994,-0.26117026805877686,0.31038081645965576,-1.5707963705062866,-1.5707963705062866,0.3928927183151245,0.20000000298023224,0.0,-0.11718746437758831,-3.1248018244306994,44230.0
5.7195,0.0091,1,1,-0.2619411051273346,0.3103848099708557,0.4896707534790039,-0.46017393469810486,0.20022976398468018,0.7995012998580933,-0.12016527354717255,-1.4121761322021484,0.04026263952255249,0.9826346039772034,0.15604466199874878,0.07244572788476944,0.06949032098054886,-0.4126466243166084,1.3703553715628458,-0.7138116609268186,18.60672912850296,6.931820532330972,9.227142833730214,0.383960098028183,-0.19823282957077026,-0.11015504598617554,0.30983054637908936,-0.12016527354717255,-1.4121761322021484,0.04026263952255249,0.15604466199874878,0.07244572788476944,0.06949032098054886,0.9826346039772034,-0.412646621465683,1.3703553676605225,-0.7138116359710693,-0.19823282957077026,-0.11015504598617554,0.30983054637908936,-0.20377689599990845,-0.12483483552932739,0.30983054637908936,-0.20695626735687256,-0.14020119607448578,0.30983054637908936,-0.2076926827430725,-0.15587571263313293,0.30983054637908936,-0.2059679925441742,-0.1714724749326706,0.30983054637908936,-0.20182466506958008,-0.18660739064216614,0.30983054637908936,-0.19536471366882324,-0.20090782642364502,0.30983054637908936,-0.1867472231388092,-0.21402165293693542,0.30983054637908936,-0.17618438601493835,-0.2256259322166443,0.30983054637908936,-0.1639362871646881,-0.23543494939804077,0.30983054637908936,-1.5707963705062866,-1.5707963705062866,0.3086928129196167,0.20000000298023224,-7.5,-7.558593732188794,-3.516755440458024,44230.0
5.7394,0.0094,1,1,-0.2692803144454956,0.2878386378288269,0.5342960357666016,-0.46146151423454285,0.19737721979618073,0.7995012998580933,-0.10558170080184937,-1.4770584106445312,0.3080327808856964,0.9843571782112122,0.141060933470726,0.08362141251564026,0.06440600007772446,-1.4212887268847747,0.4480301482182146,-0.6275458145276721,16.955250036299745,8.421621389032936,8.744455831956223,0.33978039026260376,-0.19218119978904724,-0.09046141803264618,0.2652052640914917,-0.10558170080184937,-1.4770584106445312,0.3080327808856964,0.141060933470726,0.08362141251564026,0.06440600007772446,0.9843571782112122,-1.4212887287139893,0.44803014397621155,-0.6275458335876465,-0.19218119978904724,-0.09046141803264618,0.2652052640914917,-0.19726315140724182,-0.10530751943588257,0.2652052640914917,-0.1999601423740387,-0.12076583504676819,0.2652052640914917,-0.20020568370819092,-0.1364557445049286,0.2652052640914917,-0.19799375534057617,-0.1519908756017685,0.2652052640914917,-0.19337883591651917,-0.16698873043060303,0.2652052640914917,-0.18647456169128418,-0.18108001351356506,0.2652052640914917,-0.17745092511177063,-0.19391773641109467,0.2652052640914917,-0.16653013229370117,-0.20518580079078674,0.2652052640914917,-0.1539810597896576,-0.21460673213005066,0.2652052640914917,-1.5707963705062866,-1.5707963705062866,0.007121443748474121,0.20000000298023224,-11.25,-11.279296866094397,-4.4821294440060155,44230.0
5.7596,0.0093,1,1,-0.27096259593963623,0.25768032670021057,0.5407158732414246,-0.46267420053482056,0.19444777071475983,0.7995012998580933,-0.06248685345053673,-1.5381194353103638,0.335078626871109,0.9868380427360535,0.12355460226535797,0.08523589372634888,0.060147836804389954,-2.7320637253823135,-0.7937918479421328,-0.5706883239398892,14.901168986822663,8.821981649315264,8.131662676882232,0.32820966839790344,-0.19171160459518433,-0.06323255598545074,0.2587854266166687,-0.06248685345053673,-1.5381194353103638,0.335078626871109,0.12355460226535797,0.08523589372634888,0.060147836804389954,0.9868380427360535,-2.7320637702941895,-0.7937918305397034,-0.5706883072853088,-0.19171160459518433,-0.06323255598545074,0.2587854266166687,-0.19632038474082947,-0.0782323032617569,0.2587854266166687,-0.19852596521377563,-0.09376834332942963,0.2587854266166687,-0.19827398657798767,-0.10945813357830048,0.2587854266166687,-0.195570707321167,-0.12491534650325775,0.2587854266166687,-0.19048264622688293,-0.139759361743927,0.2587854266166687,-0.18313512206077576,-0.15362468361854553,0.2587854266166687,-0.17370906472206116,-0.1661699116230011,0.2587854266166687,-0.16243651509284973,-0.17708608508110046,0.2587854266166687,-0.14959511160850525,-0.18610447645187378,0.2587854266166687,-1.5707963705062866,-1.5707963705062866,-0.0027326345443725586,0.20000000298023224,-13.125,-13.1396484330472,-5.707715754153991,44230.0
5.7796,0.0094,1,1,-0.27732446789741516,0.23103365302085876,0.5914463400840759,-0.46378248929977417,0.1915118396282196,0.7995012998580933,-0.054014455527067184,-1.5719355344772339,0.6400318145751953,0.9923459887504578,0.08539791405200958,0.06979341804981232,0.05553019419312477,-3.4354469135335726,-2.1284449485104036,-0.3432982424260813,10.296029675966691,7.413780884081608,7.074531321243464,0.282162070274353,-0.186458021402359,-0.03952181339263916,0.20805495977401733,-0.054014455527067184,-1.5719355344772339,0.6400318145751953,0.08539791405200958,0.06979341804981232,0.05553019419312477,0.9923459887504578,-3.4354469776153564,-2.1284449100494385,-0.3432982563972473,-0.186458021402359,-0.03952181339263916,0.20805495977401733,-0.1905938684940338,-0.054658785462379456,0.20805495977401733,-0.1923108696937561,-0.07025638222694397,0.20805495977401733,-0.19156670570373535,-0.08593054115772247,0.20805495977401733,-0.18837973475456238,-0.10129532217979431,0.20805495977401733,-0.18282842636108398,-0.11597238481044769,0.20805495977401733,-0.17504945397377014,-0.12960033118724823,0.20805495977401733,-0.16523438692092896,-0.14184358716011047,0.20805495977401733,-0.15362489223480225,-0.15240070223808289,0.20805495977401733,-0.1405068337917328,-0.1610117256641388,0.20805495977401733,-1.5707963705062866,-1.5707963705062866,-0.18494677543640137,0.20000000298023224,-14.0625,-14.0698242165236,-7.821978465431539,44230.0
5.8,0.0097,1,1,-0.27877095341682434,0.22047503292560577,0.5079677104949951,-0.4648148715496063,0.1884908527135849,0.7995012998580933,-0.018645398318767548,-1.4934327602386475,0.061024315655231476,0.9954479932785034,0.06308615207672119,0.051485326141119,0.049504999071359634,-3.453751086021796,-2.3785959360176556,-0.24516613251311198,7.545023115414997,5.523601358188167,6.058591117431449,0.3473142087459564,-0.18604391813278198,-0.031984180212020874,0.29153358936309814,-0.018645398318767548,-1.4934327602386475,0.061024315655231476,0.06308615207672119,0.051485326141119,0.049504999071359634,0.9954479932785034,-3.4537510871887207,-2.3785958290100098,-0.2451661378145218,-0.18604391813278198,-0.031984180212020874,0.29153358936309814,-0.18969449400901794,-0.04724545776844025,0.29153358936309814,-0.19091269373893738,-0.06288991868495941,0.29153358936309814,-0.18966859579086304,-0.07853233814239502,0.29153358936309814,-0.1859927773475647,-0.09378756582736969,0.29153358936309814,-0.17997577786445618,-0.10827993601560593,0.29153358936309814,-0.1717657744884491,-0.12165262550115585,0.29153358936309814,-0.1615648865699768,-0.13357633352279663,0.29153358936309814,-0.1496242880821228,-0.14375749230384827,0.29153358936309814,-0.13623803853988647,-0.1519453525543213,0.29153358936309814,-1.5707963705062866,-1.5707963705062866,0.21436560153961182,0.20000000298023224,-14.53125,-14.5349121082618,-9.853858873055579,44230.0
5.8199,0.0098,1,1,-0.26971009373664856,0.1734340786933899,0.4930858016014099,-0.46573206782341003,0.18550145626068115,0.7995012998580933,0.05985194072127342,-1.6207451820373535,0.062237661331892014,0.997991681098938,0.03714677691459656,0.030579593032598495,0.04117709770798683,-3.030166259896987,-2.1692163469028625,-0.21124536648498865,4.404186345366119,3.3237107226561693,4.8531950264405435,0.36395150423049927,-0.19602197408676147,0.01206737756729126,0.30641549825668335,0.05985194072127342,-1.6207451820373535,0.062237661331892014,0.03714677691459656,0.030579593032598495,0.04117709770798683,0.997991681098938,-3.0301661491394043,-2.1692163944244385,-0.2112453728914261,-0.19602197408676147,0.01206737756729126,0.30641549825668335,-0.19919359683990479,-0.003300577402114868,0.30641549825668335,-0.1999220848083496,-0.018975481390953064,0.30641549825668335,-0.19818952679634094,-0.03457134962081909,0.30641549825668335,-0.1940385401248932,-0.049704186618328094,0.30641549825668335,-0.18757137656211853,-0.06400135904550552,0.30641549825668335,-0.17894726991653442,-0.07711081206798553,0.30641549825668335,-0.1683785617351532,-0.0887097641825676,0.30641549825668335,-0.1561254858970642,-0.09851260483264923,0.30641549825668335,-0.14248979091644287,-0.1062779501080513,0.30641549825668335,-1.5707963705062866,-1.5707963705062866,0.0660257339477539,0.20000000298023224,-14.765625,-14.7674560541309,-12.264651055037382,44230.0
5.8404,0.0093,1,1,-0.2681216597557068,0.14079388976097107,0.4862935245037079,-0.4665631353855133,0.18245439231395721,0.7995012998580933,0.06523416191339493,-1.6411254405975342,0.08876226097345352,0.9993587732315063,0.008531453087925911,0.008039487525820732,0.03380383923649788,-2.667929480011025,-2.1840516189132035,-0.02290029334818519,1.0083207090751802,0.8876544505558355,3.8824464407713006,0.3731135427951813,-0.19844147562980652,0.041660502552986145,0.3132077753543854,0.06523416191339493,-1.6411254405975342,0.08876226097345352,0.008531453087925911,0.008039487525820732,0.03380383923649788,0.9993587732315063,-2.6679294109344482,-2.184051513671875,-0.02290029264986515,-0.19844147562980652,0.041660502552986145,0.3132077753543854,-0.20112618803977966,0.026200056076049805,0.3132077753543854,-0.2013593316078186,0.010509967803955078,0.3132077753543854,-0.19913509488105774,-0.0050234198570251465,0.3132077753543854,-0.19450831413269043,-0.02001761645078659,0.3132077753543854,-0.18759286403656006,-0.03410342335700989,0.3132077753543854,-0.1785590648651123,-0.04693399369716644,0.3132077753543854,-0.16762933135032654,-0.058193400502204895,0.3132077753543854,-0.15507280826568604,-0.06760440021753311,0.3132077753543854,-0.14119869470596313,-0.07493526488542557,0.3132077753543854,-1.5707963705062866,-1.5707963705062866,-0.0447084903717041,0.20000000298023224,-14.8828125,-14.88372802706545,-14.20614822637587,44230.0
5.8599,0.0094,1,1,-0.2771059274673462,0.12097199261188507,0.5204150080680847,-0.46728751063346863,0.179427832365036,0.7995012998580933,0.054815951734781265,-1.6307624578475952,0.15881530940532684,0.9992981553077698,-0.018135666847229004,-0.014141043648123741,0.029535837471485138,-2.295807312474798,-1.9098201956714007,0.021013951380946846,-2.1258705283303754,-1.5581177659888328,3.414853301523005,0.34274667501449585,-0.19018158316612244,0.05845583975315094,0.27908629179000854,0.054815951734781265,-1.6307624578475952,0.15881530940532684,-0.018135666847229004,-0.014141043648123741,0.029535837471485138,0.9992981553077698,-2.295807361602783,-1.9098201990127563,0.021013950929045677,-0.19018158316612244,0.05845583975315094,0.27908629179000854,-0.19238391518592834,0.0429193377494812,0.27908629179000854,-0.19212868809700012,0.027229607105255127,0.27908629179000854,-0.18942221999168396,0.011772945523262024,0.27908629179000854,-0.18433108925819397,-0.0030700191855430603,0.27908629179000854,-0.17698070406913757,-0.016933821141719818,0.27908629179000854,-0.16755202412605286,-0.0294770747423172,0.27908629179000854,-0.15627723932266235,-0.04039093852043152,0.27908629179000854,-0.14343395829200745,-0.04940667003393173,0.27908629179000854,-0.12933844327926636,-0.0563022643327713,0.27908629179000854,-1.5707963705062866,-1.5707963705062866,-0.2002549171447754,0.20000000298023224,-14.94140625,-14.941864013532726,-15.141334504872454,44230.0
5.8798,0.0092,1,1,-0.27540698647499084,0.09019127488136292,0.5009911060333252,-0.4679226279258728,0.176352396607399,0.7995012998580933,0.03990492597222328,-1.6229326725006104,0.15272630751132965,0.9984207153320312,-0.03854024037718773,-0.032269276678562164,0.025049543008208275,-1.86914986424231,-1.5688009533481546,0.0729746751888335,-4.515532941291,-3.58365453823328,3.01573301639715,0.3655056059360504,-0.19251564145088196,0.08616112172603607,0.29851019382476807,0.03990492597222328,-1.6229326725006104,0.15272630751132965,-0.03854024037718773,-0.032269276678562164,0.025049543008208275,0.9984207153320312,-1.869149923324585,-1.568800926208496,0.07297467440366745,-0.19251564145088196,0.08616112172603607,0.29851019382476807,-0.19422906637191772,0.07056313753128052,0.29851019382476807,-0.19348132610321045,0.054889142513275146,0.29851019382476807,-0.19029083847999573,0.03952509164810181,0.29851019382476807,-0.18473616242408752,0.0248493030667305,0.29851019382476807,-0.17695409059524536,0.011223137378692627,0.29851019382476807,-0.16713622212409973,-0.0010178834199905396,0.29851019382476807,-0.15552428364753723,-0.01157233864068985,0.29851019382476807,-0.14240425825119019,-0.0201803520321846,0.29851019382476807,-0.12809917330741882,-0.02662995457649231,0.29851019382476807,-1.5707963705062866,-1.5707963705062866,-0.21253812313079834,0.20000000298023224,-14.970703125,-14.970932006766363,-15.939575075124193,44230.0
5.9001,0.0096,1,1,-0.2784090042114258,0.06365223973989487,0.5041000843048096,-0.46846529841423035,0.17323045432567596,0.7995012998580933,0.013057203963398933,-1.5994439125061035,0.18615132570266724,0.9968236684799194,-0.059229154139757156,-0.04870579391717911,0.021450934931635857,-1.5798299023704998,-1.2340547869725904,0.09706876794634954,-6.933226136853713,-5.426060982258208,2.7944872193798918,0.36795470118522644,-0.19005629420280457,0.1095782145857811,0.2954012155532837,0.013057203963398933,-1.5994439125061035,0.18615132570266724,-0.059229154139757156,-0.04870579391717911,0.021450934931635857,0.9968236684799194,-1.5798299312591553,-1.2340548038482666,0.09706876426935196,-0.19005629420280457,0.1095782145857811,0.2954012155532837,-0.19127464294433594,0.09393376857042313,0.2954012155532837,-0.19003069400787354,0.07829133421182632,0.2954012155532837,-0.18635502457618713,0.06303607672452927,0.2954012155532837,-0.18033814430236816,0.04854365438222885,0.2954012155532837,-0.17212823033332825,0.035170890390872955,0.2954012155532837,-0.1619274616241455,0.023247085511684418,0.2954012155532837,-0.14998698234558105,0.013065837323665619,0.2954012155532837,-0.1366007924079895,0.004877835512161255,0.2954012155532837,-0.12209853529930115,-0.0011152923107147217,0.2954012155532837,-1.5707963705062866,-1.5707963705062866,-0.27276408672332764,0.20000000298023224,-14.9853515625,-14.98546600338318,-16.382066669158707,44230.0
5.9201,0.0098,1,1,-0.2842846214771271,0.04140683263540268,0.5167077779769897,-0.4689041078090668,0.17013019323349,0.7995012998580933,-0.02058796025812626,-1.560685157775879,0.270343542098999,0.9952546954154968,-0.07283766567707062,-0.06177615374326706,0.01855950616300106,-1.379606394241454,-1.1000401267040045,0.1291229077216795,-8.531542585184479,-6.907243891577795,2.6524821794776545,0.36142250895500183,-0.1846194863319397,0.1287233531475067,0.2827935218811035,-0.02058796025812626,-1.560685157775879,0.270343542098999,-0.07283766567707062,-0.06177615374326706,0.01855950616300106,0.9952546954154968,-1.3796063661575317,-1.100040078163147,0.12912291288375854,-0.1846194863319397,0.1287233531475067,0.2827935218811035,-0.18534743785858154,0.11304844170808792,0.2827935218811035,-0.18361437320709229,0.09745261818170547,0.2827935218811035,-0.17946287989616394,0.08231992274522781,0.2827935218811035,-0.17299523949623108,0.06802297383546829,0.2827935218811035,-0.16437068581581116,0.054913803935050964,0.2827935218811035,-0.1538015902042389,0.04331520199775696,0.2827935218811035,-0.14154821634292603,0.033512771129608154,0.2827935218811035,-0.1279122531414032,0.025747880339622498,0.2827935218811035,-0.11322945356369019,0.02021172270178795,0.2827935218811035,-1.5707963705062866,-1.5707963705062866,-0.37324512004852295,0.20000000298023224,-14.99267578125,-14.99273300169159,-16.66607674896316,44230.0
5.94,0.0096,1,1,-0.28830891847610474,0.01598890870809555,0.5199713706970215,-0.46924614906311035,0.16701211035251617,0.7995012998580933,-0.06035011261701584,-1.5216060876846313,0.2914597988128662,0.9935070872306824,-0.08553191274404526,-0.07328593730926514,0.015971431508660316,-1.1045512552744896,-0.923458298519919,0.18278657740504972,-10.025145108269632,-8.215000603429292,2.5637544514814667,0.3656272292137146,-0.18093723058700562,0.15102320909500122,0.2795299291610718,-0.06035011261701584,-1.5216060876846313,0.2914597988128662,-0.08553191274404526,-0.07328593730926514,0.015971431508660316,0.9935070872306824,-1.1045511960983276,-0.9234582781791687,0.18278658390045166,-0.18093723058700562,0.15102320909500122,0.2795299291610718,-0.18117323517799377,0.13533315062522888,0.2795299291610718,-0.17895182967185974,0.11979936808347702,0.2795299291610718,-0.1743277907371521,0.10480432957410812,0.2795299291610718,-0.16741490364074707,0.09071726351976395,0.2795299291610718,-0.15838345885276794,0.07788504660129547,0.2795299291610718,-0.14745578169822693,0.06662364304065704,0.2795299291610718,-0.1349009871482849,0.057210348546504974,0.2795299291610718,-0.12102818489074707,0.049876950681209564,0.2795299291610718,-0.10617899894714355,0.044804029166698456,0.2795299291610718,-1.5707963705062866,-1.5707963705062866,-0.4303419589996338,0.20000000298023224,-14.996337890625,-14.996366500845795,-16.843532204955547,44230.0
5.9597,0.0096,1,1,-0.29645249247550964,-0.0031098946928977966,0.5393089652061462,-0.4694882929325104,0.16391630470752716,0.7995012998580933,-0.09793032705783844,-1.4421974420547485,0.35498154163360596,0.9915072321891785,-0.09899717569351196,-0.08250121772289276,0.01745045743882656,-0.9403858164616534,-0.8891942676720413,0.18415016581744073,-11.642046937856275,-9.215371614671435,2.9580820597569777,0.3543151021003723,-0.17303580045700073,0.16702619194984436,0.260192334651947,-0.09793032705783844,-1.4421974420547485,0.35498154163360596,-0.09899717569351196,-0.08250121772289276,0.01745045743882656,0.9915072321891785,-0.9403858184814453,-0.8891942501068115,0.18415015935897827,-0.17303580045700073,0.16702619194984436,0.260192334651947,-0.17278450727462769,0.1513364017009735,0.260192334651947,-0.17008188366889954,0.13587906956672668,0.260192334651947,-0.164994478225708,0.12103483080863953,0.260192334651947,-0.15764755010604858,0.10716918855905533,0.260192334651947,-0.14822202920913696,0.09462357312440872,0.260192334651947,-0.13694995641708374,0.08370689302682877,0.260192334651947,-0.1241089403629303,0.07468795031309128,0.260192334651947,-0.1100151538848877,0.06778882443904877,0.260192334651947,-0.09501558542251587,0.0631793960928917,0.260192334651947,-1.5707963705062866,-1.5707963705062866,-0.4894310235977173,0.20000000298023224,-14.9981689453125,-14.998183250422898,-16.0548769884045,44230.0
5.98,0.0101,1,1,-0.3007122278213501,-0.030509259551763535,0.5463147163391113,-0.4696364998817444,0.16073934733867645,0.7995012998580933,-0.1465354859828949,-1.4001011848449707,0.38274243474006653,0.9898335933685303,-0.10743707418441772,-0.09175292402505875,0.016314979642629623,-0.7622111516295916,-0.8275701182071801,0.302330868666906,-12.661417964736222,-10.261123509942239,3.0300087433298417,0.35946470499038696,-0.1689242720603943,0.19124861061573029,0.25318658351898193,-0.1465354859828949,-1.4001011848449707,0.38274243474006653,-0.10743707418441772,-0.09175292402505875,0.016314979642629623,0.9898335933685303,-0.7622111439704895,-0.8275701403617859,0.302330881357193,-0.1689242720603943,0.19124861061573029,0.25318658351898193,-0.16817417740821838,0.17557473480701447,0.25318658351898193,-0.1649813950061798,0.16021116077899933,0.25318658351898193,-0.15942451357841492,0.14553621411323547,0.25318658351898193,-0.15164035558700562,0.13191121816635132,0.25318658351898193,-0.14182063937187195,0.11967167258262634,0.25318658351898193,-0.1302071511745453,0.10911896824836731,0.25318658351898193,-0.11708581447601318,0.10051293671131134,0.25318658351898193,-0.10277974605560303,0.09406548738479614,0.25318658351898193,-0.08764120936393738,0.08993537724018097,0.25318658351898193,-1.5707963705062866,-1.5707963705062866,-0.5750551819801331,0.20000000298023224,-14.99908447265625,-14.999091625211449,-15.91102362125879,44230.0
6.0002,0.0101,1,1,-0.3101336658000946,-0.04807739704847336,0.5643259882926941,-0.4696836471557617,0.15756161510944366,0.7995012998580933,-0.20682401955127716,-1.2925305366516113,0.5438763499259949,0.9876133799552917,-0.1193293035030365,-0.10012802481651306,0.018779665231704712,-0.6737848823751457,-0.6298622986228504,0.27371813223120367,-14.126647043093172,-11.145059142596555,3.563966607310006,0.3507862985134125,-0.15954998135566711,0.20563900470733643,0.23517531156539917,-0.20682401955127716,-1.2925305366516113,0.5438763499259949,-0.1193293035030365,-0.10012802481651306,0.018779665231704712,0.9876133799552917,-0.6737849116325378,-0.6298623085021973,0.27371811866760254,-0.15954998135566711,0.20563900470733643,0.23517531156539917,-0.1583021879196167,0.1899968683719635,0.23517531156539917,-0.15462279319763184,0.17474251985549927,0.23517531156539917,-0.14860239624977112,0.16025155782699585,0.23517531156539917,-0.14038923382759094,0.14688080549240112,0.23517531156539917,-0.1301855444908142,0.13495948910713196,0.23517531156539917,-0.11824256181716919,0.12478115409612656,0.23517531156539917,-0.10485437512397766,0.11659642308950424,0.23517531156539917,-0.09035065770149231,0.11060682684183121,0.23517531156539917,-0.07508853077888489,0.10695985704660416,0.23517531156539917,-1.5707963705062866,-1.5707963705062866,-0.6524079442024231,0.20000000298023224,-14.999542236328125,-14.999545812605724,-14.843107893298464,44230.0
6.0199,0.0095,1,1,-0.31474602222442627,-0.07338464260101318,0.5754513144493103,-0.469632625579834,0.15447214245796204,0.7995012998580933,-0.2549411654472351,-1.2378239631652832,0.5683289766311646,0.9861676096916199,-0.12574566900730133,-0.10576257109642029,0.02176504395902157,-0.5380973907573401,-0.5502948682869848,0.3195027649281688,-14.951125263235921,-11.719790958566547,4.071806916816927,0.35511544346809387,-0.15488660335540771,0.22785678505897522,0.22404998540878296,-0.2549411654472351,-1.2378239631652832,0.5683289766311646,-0.12574566900730133,-0.10576257109642029,0.02176504395902157,0.9861676096916199,-0.5380973815917969,-0.5502948760986328,0.3195027709007263,-0.15488660335540771,0.22785678505897522,0.22404998540878296,-0.1531561315059662,0.2122606784105301,0.22404998540878296,-0.14900720119476318,0.19712728261947632,0.22404998540878296,-0.14254197478294373,0.18282923102378845,0.22404998540878296,-0.13391965627670288,0.16971862316131592,0.22404998540878296,-0.1233525276184082,0.15811823308467865,0.22404998540878296,-0.11110079288482666,0.1483137309551239,0.22404998540878296,-0.09746614098548889,0.1405465304851532,0.22404998540878296,-0.0827842652797699,0.13500790297985077,0.22404998540878296,-0.06741675734519958,0.13183419406414032,0.22404998540878296,-1.5707963705062866,-1.5707963705062866,-0.7045217752456665,0.20000000298023224,-14.999771118164062,-14.999772906302862,-13.827427274284608,44230.0
6.0402,0.0096,1,1,-0.3288736343383789,-0.08479437232017517,0.648642897605896,-0.4694819450378418,0.15131886303424835,0.7995012998580933,-0.34788188338279724,-1.0843801498413086,1.0615452527999878,0.9839006066322327,-0.13751360774040222,-0.11125265061855316,0.025504115968942642,-0.3436025418701365,-0.6409557627226027,0.3755994569715434,-16.42108255127685,-12.234234824644544,4.741584744957369,0.31349387764930725,-0.1406083106994629,0.23611323535442352,0.15085840225219727,-0.34788188338279724,-1.0843801498413086,1.0615452527999878,-0.13751360774040222,-0.11125265061855316,0.025504115968942642,0.9839006066322327,-0.3436025381088257,-0.6409557461738586,0.3755994439125061,-0.1406083106994629,0.23611323535442352,0.15085840225219727,-0.13838642835617065,0.22057951986789703,0.15085840225219727,-0.13376188278198242,0.20558461546897888,0.15085840225219727,-0.12684854865074158,0.1914977729320526,0.15085840225219727,-0.11781668663024902,0.17866584658622742,0.15085840225219727,-0.10688865184783936,0.16740480065345764,0.15085840225219727,-0.09433352947235107,0.1579919159412384,0.15085840225219727,-0.08046051859855652,0.1506589651107788,0.15085840225219727,-0.06561115384101868,0.1455865055322647,0.15085840225219727,-0.05015110969543457,0.14289946854114532,0.15085840225219727,-1.5707963705062866,-0.9952529072761536,-0.8516303896903992,0.16163378953933716,-14.999885559082031,-14.999886453151431,-12.48787161800375,44230.0
6.0597,0.0091,1,1,-0.33636507391929626,-0.10586155205965042,0.6701004505157471,-0.4692368507385254,0.1482250988483429,0.7995012998580933,-0.40182092785835266,-1.0222752094268799,1.0838912725448608,0.9827343821525574,-0.14043939113616943,-0.11670984327793121,0.029776297509670258,-0.0940627415106794,-0.5374131913837852,0.3782016316726598,-16.86728446294014,-12.769303297456675,5.371964040872772,0.3145783245563507,-0.13287177681922913,0.2540866434574127,0.1294008493423462,-0.40182092785835266,-1.0222752094268799,1.0838912725448608,-0.14043939113616943,-0.11670984327793121,0.029776297509670258,0.9827343821525574,-0.09406273812055588,-0.5374131798744202,0.3782016336917877,-0.13287177681922913,0.2540866434574127,0.1294008493423462,-0.13016894459724426,0.23862937092781067,0.1294008493423462,-0.12508133053779602,0.2237851917743683,0.1294008493423462,-0.11773422360420227,0.20991966128349304,0.1294008493423462,-0.10830849409103394,0.197374165058136,0.1294008493423462,-0.09703630208969116,0.18645764887332916,0.1294008493423462,-0.08419513702392578,0.177438884973526,0.1294008493423462,-0.07010123133659363,0.1705399602651596,0.1294008493423462,-0.055101633071899414,0.16593074798583984,0.1294008493423462,-0.03956565260887146,0.16372473537921906,0.1294008493423462,-1.5707963705062866,-0.16887354850769043,-0.8449083566665649,0.10966324806213379,-14.999942779541016,-12.337814027019938,-11.227113026172935,40230.0
6.0803,0.0107,1,1,-0.35162416100502014,-0.11396247148513794,0.7595584392547607,-0.46888914704322815,0.14508697390556335,0.7995012998580933,-0.4930509328842163,-0.8671429753303528,1.6314687728881836,0.9813404679298401,-0.14593426883220673,-0.12027120590209961,0.03474117070436478,0.15697979742812532,-0.36755780903345375,0.39499009931597845,-17.613969792935954,-13.056639182124895,6.0865356798434815,0.28714650869369507,-0.11726498603820801,0.2590494453907013,0.03994286060333252,-0.4930509328842163,-0.8671429753303528,1.6314687728881836,-0.14593426883220673,-0.12027120590209961,0.03474117070436478,0.9813404679298401,0.15697979927062988,-0.3675578236579895,0.39499008655548096,-0.11726498603820801,0.2590494453907013,0.03994286060333252,-0.11407551169395447,0.24368518590927124,0.03994286060333252,-0.10852181911468506,0.22900903224945068,0.03994286060333252,-0.10074064135551453,0.21538235247135162,0.03994286060333252,-0.09092357754707336,0.20314067602157593,0.03994286060333252,-0.07931235432624817,0.19258545339107513,0.03994286060333252,-0.0661928653717041,0.18397657573223114,0.03994286060333252,-0.05188819766044617,0.17752602696418762,0.03994286060333252,-0.03675055503845215,0.1733926385641098,0.03994286060333252,-0.02115267515182495,0.17167818546295166,0.03994286060333252,-1.5707963705062866,0.38802051544189453,-1.1832146644592285,0.021362630650401115,-14.999971389770508,1.331092986490031,-9.79796974823153,36230.0
6.0998,0.0094,1,1,-0.3620569407939911,-0.13066637516021729,0.7923665642738342,-0.4684455394744873,0.14198032021522522,0.7995012998580933,-0.5504401922225952,-0.803677499294281,1.6486760377883911,0.9810105562210083,-0.14474305510520935,-0.12301257997751236,0.03916091099381447,0.20794863937157956,-0.14958944217937137,0.37641951085020603,-17.560548296139803,-13.298057256468063,6.634949462847482,0.29275527596473694,-0.10638859868049622,0.2726466953754425,0.007134735584259033,-0.5504401922225952,-0.803677499294281,1.6486760377883911,-0.14474305510520935,-0.12301257997751236,0.03916091099381447,0.9810105562210083,0.20794863998889923,-0.1495894491672516,0.3764195144176483,-0.10638859868049622,0.2726466953754425,0.007134735584259033,-0.10271859169006348,0.2573900818824768,0.007134735584259033,-0.09670713543891907,0.24289542436599731,0.007134735584259033,-0.0885021984577179,0.22951960563659668,0.007134735584259033,-0.07830584049224854,0.2175920009613037,0.007134735584259033,-0.06636914610862732,0.20740631222724915,0.007134735584259033,-0.0529860258102417,0.19921332597732544,0.007134735584259033,-0.038485974073410034,0.1932148039340973,0.007134735584259033,-0.023226112127304077,0.18955843150615692,0.007134735584259033,-0.0075820982456207275,0.18833424150943756,0.007134735584259033,-1.5707963705062866,1.1224812269210815,-1.1209590435028076,0.021362630650401115,-14.999985694885254,8.165546493245015,-8.7011421822235,32230.0
6.1198,0.0096,1,1,-0.37362709641456604,-0.14613577723503113,0.8254307508468628,-0.4678993821144104,0.13886159658432007,0.7995012998580933,-0.6064631342887878,-0.7438914179801941,1.6565890312194824,0.981002688407898,-0.1439744532108307,-0.1224064752459526,0.043816011399030685,0.2619512545603112,0.3388103832256206,0.43279803191593824,-17.523932523608845,-13.152601542934676,7.1506974044851725,0.30130234360694885,-0.09427228569984436,0.2849973738193512,-0.02592945098876953,-0.6064631342887878,-0.7438914179801941,1.6565890312194824,-0.1439744532108307,-0.1224064752459526,0.043816011399030685,0.981002688407898,0.2619512677192688,0.33881038427352905,0.43279802799224854,-0.09427228569984436,0.2849973738193512,-0.02592945098876953,-0.09012115001678467,0.26986458897590637,-0.02592945098876953,-0.08365380764007568,0.2555674910545349,-0.02592945098876953,-0.07502955198287964,0.24245813488960266,-0.02592945098876953,-0.06446072459220886,0.23085930943489075,-0.02592945098876953,-0.05220755934715271,0.22105661034584045,-0.02592945098876953,-0.03857174515724182,0.21329142153263092,-0.02592945098876953,-0.023889094591140747,0.2077549397945404,-0.02592945098876953,-0.008521080017089844,0.20458349585533142,-0.02592945098876953,0.007153809070587158,0.20385518670082092,-0.02592945098876953,-1.5707963705062866,1.5707963705062866,-1.0819047689437866,0.021362630650401115,-14.999992847442627,11.582773246622509,-7.669646298948127,29452.0
6.1403,0.0096,1,1,-0.2624889016151428,-0.12685611844062805,0.855577826499939,-0.4672561585903168,0.13576772809028625,0.7995012998580933,0.17591071128845215,-0.4237484037876129,1.5530184507369995,0.9841476678848267,-0.15682366490364075,-0.06603224575519562,0.04997492581605911,0.23770678474736814,1.5407229796593402,0.41820860296372525,-18.5030395090029,-6.563047572810299,6.884123604307937,0.33770620822906494,-0.20476725697517395,0.2626238465309143,-0.0560765266418457,0.17591071128845215,-0.4237484037876129,1.5530184507369995,-0.15682366490364075,-0.06603224575519562,0.04997492581605911,0.9841476678848267,0.23770678043365479,1.5407229661941528,0.41820859909057617,-0.20476725697517395,0.2626238465309143,-0.0560765266418457,-0.20014002919197083,0.247629776597023,-0.0560765266418457,-0.19322419166564941,0.23354417085647583,-0.0560765266418457,-0.184190034866333,0.22071385383605957,-0.0560765266418457,-0.17326000332832336,0.209454745054245,-0.0560765266418457,-0.16070321202278137,0.20004409551620483,-0.0560765266418457,-0.14682886004447937,0.19271361827850342,-0.0560765266418457,-0.1319786012172699,0.18764382600784302,-0.0560765266418457,-0.11651808023452759,0.1849595457315445,-0.0560765266418457,-0.10082799196243286,0.18472686409950256,-0.0560765266418457,-1.5707963705062866,-1.5707963705062866,-1.2249234914779663,0.021362630650401115,-14.999996423721313,-1.7086133766887457,-8.202793899302625,29452.0
6.1597,0.0093,1,1,-0.2592453062534332,-0.1347474902868271,0.8865019083023071,-0.46653997898101807,0.1327909529209137,0.7995012998580933,0.1493615061044693,-0.3660173714160919,1.5380674600601196,0.985297679901123,-0.15558336675167084,-0.04781229421496391,0.05190620943903923,0.2998374508068057,2.2156232604780386,0.5322880377344685,-18.210508829813886,-4.477476914695556,6.749134710399511,0.3494524359703064,-0.20729467272758484,0.2675384283065796,-0.08700060844421387,0.1493615061044693,-0.3660173714160919,1.5380674600601196,-0.15558336675167084,-0.04781229421496391,0.05190620943903923,0.985297679901123,0.2998374402523041,2.215623378753662,0.5322880148887634,-0.20729467272758484,0.2675384283065796,-0.08700060844421387,-0.20221060514450073,0.2526930570602417,-0.08700060844421387,-0.19486680626869202,0.23882576823234558,-0.08700060844421387,-0.18544408679008484,0.22627803683280945,-0.08700060844421387,-0.1741744875907898,0.21535882353782654,-0.08700060844421387,-0.16133549809455872,0.20633698999881744,-0.08700060844421387,-0.14724323153495789,0.19943469762802124,-0.08700060844421387,-0.13224473595619202,0.19482189416885376,-0.08700060844421387,-0.11670929193496704,0.1926121711730957,-0.08700060844421387,-0.10101941227912903,0.19285991787910461,-0.08700060844421387,-1.5707963705062866,-1.5707963705062866,-1.18276047706604,0.021362630650401115,-14.999998211860657,-8.354306688344373,-8.472771687119474,29452.0
6.18,0.01,1,1,-0.24191267788410187,-0.1366012990474701,0.9402608275413513,-0.4656955599784851,0.12970855832099915,0.7995012998580933,0.22064390778541565,-0.28281670808792114,1.6363948583602905,0.9866642355918884,-0.15455184876918793,-0.0204263124614954,0.04677840322256088,0.4419931282116548,1.95414704727717,0.645783208251562,-17.878239576045548,-1.4811718638785165,5.6617804108367205,0.37525054812431335,-0.22378288209438324,0.26630985736846924,-0.14075952768325806,0.22064390778541565,-0.28281670808792114,1.6363948583602905,-0.15455184876918793,-0.0204263124614954,0.04677840322256088,0.9866642355918884,0.4419931173324585,1.9541471004486084,0.6457831859588623,-0.22378288209438324,0.26630985736846924,-0.14075952768325806,-0.21822701394557953,0.25163450837135315,-0.14075952768325806,-0.21044380962848663,0.23800897598266602,-0.14075952768325806,-0.2006249576807022,0.22576875984668732,-0.14075952768325806,-0.18901215493679047,0.21521525084972382,-0.14075952768325806,-0.1758914440870285,0.20660831034183502,-0.14075952768325806,-0.16158582270145416,0.20015986263751984,-0.14075952768325806,-0.14644755423069,0.1960287094116211,-0.14075952768325806,-0.1308494359254837,0.1943165510892868,-0.14075952768325806,-0.11517550051212311,0.19506555795669556,-0.14075952768325806,-1.5707963705062866,-1.5707963705062866,-1.0491387844085693,0.021362630650401115,-14.999999105930328,-11.677153344172186,-10.647480286245045,29452.0
6.1997,0.0102,1,1,-0.4589862525463104,-0.09698883444070816,0.6968888640403748,-0.4647829830646515,0.12674659490585327,0.7995012998580933,-0.8311213850975037,-0.16779391467571259,0.11026947945356369,0.9822882413864136,-0.1687597632408142,-0.07183299958705902,0.038314804434776306,0.5575547452870817,0.5436347018748602,0.7170495321801369,-19.86772972609995,-7.3649787329168195,5.759053856266816,0.2462122142314911,-0.0057967305183410645,0.22373542189598083,0.1026124358177185,-0.8311213850975037,-0.16779391467571259,0.11026947945356369,-0.1687597632408142,-0.07183299958705902,0.038314804434776306,0.9822882413864136,0.5575547218322754,0.5436347126960754,0.7170495390892029,-0.0057967305183410645,0.22373542189598083,0.1026124358177185,0.00021126866340637207,0.20923930406570435,0.1026124358177185,0.008412957191467285,0.19586151838302612,0.1026124358177185,0.01860642433166504,0.18393146991729736,0.1026124358177185,0.030540674924850464,0.17374290525913239,0.1026124358177185,0.043921858072280884,0.1655467003583908,0.1026124358177185,0.05842044949531555,0.1595446765422821,0.1026124358177185,0.07367944717407227,0.15588463842868805,0.1026124358177185,0.08932313323020935,0.15465669333934784,0.1026124358177185,0.10496634244918823,0.15589109063148499,0.1026124358177185,-1.5707963705062866,1.5707963705062866,0.15245604515075684,0.20000000298023224,-14.999999552965164,1.6614233279139068,-10.45293339538486,33452.0
6.2205,0.0093,1,1,-0.5041906237602234,-0.025780659168958664,0.6950221657752991,-0.46375852823257446,0.12375728785991669,0.7995012998580933,-0.9669032692909241,0.18524867296218872,0.059377819299697876,0.979652464389801,-0.1812305748462677,-0.07384258508682251,0.04451793432235718,0.5172367500702085,-0.6513097335666672,0.6704739073499046,-21.388270033953425,-7.385470635342961,6.600329880977716,0.18684817850589752,0.040432095527648926,0.14953795075416565,0.10447913408279419,-0.9669032692909241,0.18524867296218872,0.059377819299697876,-0.1812305748462677,-0.07384258508682251,0.04451793432235718,0.979652464389801,0.5172367691993713,-0.6513097286224365,0.6704739332199097,0.040432095527648926,0.14953795075416565,0.10447913408279419,0.046895116567611694,0.1352389007806778,0.10447913408279419,0.055515408515930176,0.12212692201137543,0.10447913408279419,0.0660807192325592,0.11052489280700684,0.10447913408279419,0.07833093404769897,0.10071849822998047,0.10447913408279419,0.09196439385414124,0.09294918179512024,0.10447913408279419,0.1066453754901886,0.08740825206041336,0.10447913408279419,0.12201240658760071,0.0842321515083313,0.10447913408279419,0.137687087059021,0.08349910378456116,0.10447913408279419,0.1532834768295288,0.0852271318435669,0.10447913408279419,0.32074713706970215,1.5707963705062866,1.0575155019760132,0.20000000298023224,2.2351741790771484e-07,8.330711663956954,-8.770381345963049,37452.0
6.2396,0.0092,1,1,-0.4758014678955078,-0.21309800446033478,0.6618044376373291,-0.4626496136188507,0.12082583457231522,0.7995012998580933,-0.8223609328269958,-0.49320149421691895,0.027688367292284966,0.9871281981468201,-0.13238850235939026,-0.07263549417257309,0.052662257105112076,0.5594350035957049,-0.526108139135426,0.6360912992544911,-15.74176884922135,-7.438234874921603,7.137246858684818,0.3614395260810852,0.013151854276657104,0.3339238464832306,0.13769686222076416,-0.8223609328269958,-0.49320149421691895,0.027688367292284966,-0.13238850235939026,-0.07263549417257309,0.052662257105112076,0.9871281981468201,0.5594350099563599,-0.5261081457138062,0.6360912919044495,0.013151854276657104,0.3339238464832306,0.13769686222076416,0.02005976438522339,0.3198343515396118,0.13769686222076416,0.02908673882484436,0.30699896812438965,0.13769686222076416,0.04001045227050781,0.2957337200641632,0.13769686222076416,0.05256196856498718,0.28631603717803955,0.13769686222076416,0.0664321780204773,0.27897778153419495,0.13769686222076416,0.08127960562705994,0.273899644613266,0.13769686222076416,0.09673860669136047,0.27120667695999146,0.13769686222076416,0.11242857575416565,0.27096518874168396,0.13769686222076416,0.12796315550804138,0.27318114042282104,0.13769686222076416,-1.5707963705062866,1.5707963705062866,-0.4639946222305298,0.20000000298023224,-7.499999888241291,11.665355831978477,-7.696547390548848,41452.0
6.2597,0.0099,1,1,-0.49923115968704224,-0.2130623161792755,0.7078033089637756,-0.46143803000450134,0.11790432035923004,0.7995012998580933,-0.8563761711120605,-0.3997832238674164,0.06069886311888695,0.9872623085975647,-0.12843511998653412,-0.07351649552583694,0.05840281769633293,0.8721521672244062,0.5331166137286194,0.5983011099652941,-15.333380429509372,-7.478733279385979,7.779057225001487,0.34550797939300537,0.037793129682540894,0.33096665143966675,0.09169799089431763,-0.8563761711120605,-0.3997832238674164,0.06069886311888695,-0.12843511998653412,-0.07351649552583694,0.05840281769633293,0.9872623085975647,0.8721521496772766,0.5331166386604309,0.598301112651825,0.037793129682540894,0.33096665143966675,0.09169799089431763,0.04514315724372864,0.3171026408672333,0.09169799089431763,0.05457150936126709,0.3045591413974762,0.09169799089431763,0.0658460259437561,0.2936449944972992,0.09169799089431763,0.07868906855583191,0.2846289277076721,0.09169799089431763,0.09278440475463867,0.2777329683303833,0.09169799089431763,0.10778498649597168,0.2731269299983978,0.09169799089431763,0.12332144379615784,0.2709241807460785,0.09169799089431763,0.1390112042427063,0.2711789906024933,0.09169799089431763,0.15446791052818298,0.2738850712776184,0.09169799089431763,-1.5707963705062866,1.5707963705062866,-0.4179236888885498,0.20000000298023224,-11.249999944120646,13.332677915989239,-6.412926657915522,44230.0
6.2801,0.0097,1,1,-0.5149589776992798,-0.22136762738227844,0.6847715973854065,-0.460141122341156,0.11503628641366959,0.7995012998580933,-0.8739792704582214,-0.3643620014190674,-0.03326822444796562,0.9886748790740967,-0.11978252977132797,-0.06465566158294678,0.06317993998527527,1.4010214051989993,1.753684919914453,0.6907422943001162,-14.276006412834066,-6.471625260797808,8.124154675579303,0.3596324324607849,0.05481785535812378,0.33640390634536743,0.11472970247268677,-0.8739792704582214,-0.3643620014190674,-0.03326822444796562,-0.11978252977132797,-0.06465566158294678,0.06317993998527527,0.9886748790740967,1.4010213613510132,1.7536848783493042,0.6907423138618469,0.05481785535812378,0.33640390634536743,0.11472970247268677,0.06260058283805847,0.3227781057357788,0.11472970247268677,0.07241901755332947,0.31053757667541504,0.11472970247268677,0.08403146266937256,0.2999836504459381,0.11472970247268677,0.09715190529823303,0.2913762629032135,0.11472970247268677,0.11145728826522827,0.2849273383617401,0.11472970247268677,0.1265954077243805,0.2807956635951996,0.11472970247268677,0.1421934962272644,0.2790829837322235,0.11472970247268677,0.157867431640625,0.2798314690589905,0.11472970247268677,0.1732313334941864,0.2830226719379425,0.11472970247268677,-1.5707963705062866,1.5707963705062866,-0.4580878019332886,0.20000000298023224,-13.124999972060323,14.166338957994618,-5.722731756759844,44230.0
6.2997,0.0092,1,1,-0.5381281971931458,-0.21587370336055756,0.7258672118186951,-0.4587666988372803,0.11223422735929489,0.7995012998580933,-0.905099630355835,-0.24945735931396484,0.03898249566555023,0.9907656311988831,-0.11075275391340256,-0.04235287010669708,0.06573835015296936,1.0620331561020748,2.6189504854550507,0.649036858734339,-13.036501475528516,-3.9773508806734474,8.046754401345074,0.3455069363117218,0.07936149835586548,0.32810792326927185,0.0736340880393982,-0.905099630355835,-0.24945735931396484,0.03898249566555023,-0.11075275391340256,-0.04235287010669708,0.06573835015296936,0.9907656311988831,1.0620331764221191,2.618950366973877,0.6490368843078613,0.07936149835586548,0.32810792326927185,0.0736340880393982,0.08756563067436218,0.3147316575050354,0.0736340880393982,0.09776127338409424,0.3028034567832947,0.0736340880393982,0.10969740152359009,0.2926170527935028,0.0736340880393982,0.1230800449848175,0.284423291683197,0.0736340880393982,0.13757973909378052,0.278423935174942,0.0736340880393982,0.15283939242362976,0.2747666537761688,0.0736340880393982,0.16848331689834595,0.27354156970977783,0.0736340880393982,0.18412628769874573,0.274778813123703,0.0736340880393982,0.19938310980796814,0.2784479260444641,0.0736340880393982,-1.5707963705062866,1.5707963705062866,-0.3326261043548584,0.20000000298023224,-14.062499986030161,14.58316947899731,-5.8775323052283195,44230.0
6.3196,0.0091,1,1,-0.554377019405365,-0.2215413898229599,0.701730489730835,-0.45729923248291016,0.10946496576070786,0.7995012998580933,-0.907981812953949,-0.21706153452396393,-0.04976387321949005,0.9920895099639893,-0.10421498119831085,-0.015452933497726917,0.06824058294296265,0.37846555093668666,2.7014224591442977,0.6602577550922517,-12.058978239298337,-0.9418706904187599,7.969221487154523,0.3585365116596222,0.09707778692245483,0.33100634813308716,0.0977708101272583,-0.907981812953949,-0.21706153452396393,-0.04976387321949005,-0.10421498119831085,-0.015452933497726917,0.06824058294296265,0.9920895099639893,0.37846556305885315,2.7014224529266357,0.6602577567100525,0.09707778692245483,0.33100634813308716,0.0977708101272583,0.10569709539413452,0.31789371371269226,0.0977708101272583,0.11626151204109192,0.3062908947467804,0.0977708101272583,0.128510981798172,0.2964835464954376,0.0977708101272583,0.14214381575584412,0.28871315717697144,0.0977708101272583,0.15682438015937805,0.2831711173057556,0.0977708101272583,0.17219117283821106,0.27999383211135864,0.0977708101272583,0.18786579370498657,0.279259592294693,0.0977708101272583,0.20346233248710632,0.2809864282608032,0.0977708101272583,0.2185966670513153,0.2851318120956421,0.0977708101272583,-1.5707963705062866,1.5707963705062866,-0.22270989418029785,0.20000000298023224,-14.53124999301508,14.791584739498655,-6.032598133609428,44230.0
6.3397,0.0095,1,1,-0.5783827304840088,-0.207484170794487,0.742922842502594,-0.4557316303253174,0.10671935230493546,0.7995012998580933,-0.9221739172935486,-0.06563957780599594,0.14622163772583008,0.991852343082428,-0.10586689412593842,0.013379551470279694,0.06957116723060608,-0.1081387213271035,2.2319717406197626,0.7212695106644492,-12.024181806336319,2.3653629452272393,7.775448670877696,0.34200623631477356,0.1226511001586914,0.31420353055000305,0.05657845735549927,-0.9221739172935486,-0.06563957780599594,0.14622163772583008,-0.10586689412593842,0.013379551470279694,0.06957116723060608,0.991852343082428,-0.10813871771097183,2.2319717407226562,0.7212694883346558,0.1226511001586914,0.31420353055000305,0.05657845735549927,0.13168057799339294,0.30136990547180176,0.05657845735549927,0.14260652661323547,0.2901068329811096,0.05657845735549927,0.15515989065170288,0.28069162368774414,0.05657845735549927,0.16903156042099,0.2733561098575592,0.05657845735549927,0.1838800013065338,0.26828092336654663,0.05657845735549927,0.19933953881263733,0.26559099555015564,0.05657845735549927,0.2150295376777649,0.26535260677337646,0.05657845735549927,0.2305636703968048,0.2675716280937195,0.05657845735549927,0.245559424161911,0.27219337224960327,0.05657845735549927,-1.5707963705062866,1.5707963705062866,-0.06436145305633545,0.20000000298023224,-14.76562499650754,14.895792369749326,-6.4201437661630925,44230.0
6.3596,0.0093,1,1,-0.5967885255813599,-0.2083244025707245,0.7460525631904602,-0.4540953040122986,0.10405182838439941,0.7995012998580933,-0.9172120094299316,-0.017948927357792854,0.16734005510807037,0.9906291961669922,-0.10901851207017899,0.0347549207508564,0.07455845177173615,-0.2943714791169862,1.8686257541397826,0.6673418301708897,-12.214907497129353,4.882636777601464,8.085582779570107,0.3475586771965027,0.14269322156906128,0.3123762309551239,0.05344873666763306,-0.9172120094299316,-0.017948927357792854,0.16734005510807037,-0.10901851207017899,0.0347549207508564,0.07455845177173615,0.9906291961669922,-0.29437148571014404,1.8686257600784302,0.6673418283462524,0.14269322156906128,0.3123762309551239,0.05344873666763306,0.15211987495422363,0.29983144998550415,0.05344873666763306,0.16339287161827087,0.288915753364563,0.05344873666763306,0.17623469233512878,0.2798979580402374,0.05344873666763306,0.19032910466194153,0.2730000615119934,0.05344873666763306,0.2053290605545044,0.2683919668197632,0.05344873666763306,0.22086521983146667,0.2661871314048767,0.05344873666763306,0.23655501008033752,0.2664397954940796,0.05344873666763306,0.25201207399368286,0.2691437900066376,0.05344873666763306,0.2668558657169342,0.27423250675201416,0.05344873666763306,-1.5707963705062866,1.5707963705062866,0.032862186431884766,0.20000000298023224,-14.88281249825377,14.947896184874663,-5.799875548778283,44230.0
6.3797,0.0065,1,1,-0.6150030493736267,-0.208176851272583,0.7496487498283386,-0.4523676037788391,0.10142402350902557,0.7995012998580933,-0.9032044410705566,0.03319940343499184,0.1924867182970047,0.9890626072883606,-0.11278344690799713,0.051970336586236954,0.07957489788532257,-0.21676278711811714,1.3275923281491708,0.6721548280509354,-12.498397714261943,6.935579398512942,8.439224151785043,0.3532538414001465,0.1626354455947876,0.3096008896827698,0.04985255002975464,-0.9032044410705566,0.03319940343499184,0.1924867182970047,-0.11278344690799713,0.051970336586236954,0.07957489788532257,0.9890626072883606,-0.21676278114318848,1.327592372894287,0.6721548438072205,0.1626354455947876,0.3096008896827698,0.04985255002975464,0.17245188355445862,0.2973587214946747,0.04985255002975464,0.18406257033348083,0.28680288791656494,0.04985255002975464,0.1971816122531891,0.2781933546066284,0.04985255002975464,0.21148595213890076,0.2717421054840088,0.04985255002975464,0.22662338614463806,0.2676079571247101,0.04985255002975464,0.24222120642662048,0.26589271426200867,0.04985255002975464,0.25789526104927063,0.2666386365890503,0.04985255002975464,0.273259699344635,0.26982733607292175,0.04985255002975464,0.28793612122535706,0.27538028359413147,0.04985255002975464,-1.5707963705062866,1.5707963705062866,0.08509063720703125,0.20000000298023224,-14.941406249126885,14.973948092437332,-5.092592804348395,44230.0
6.3999,0.0074,1,1,-0.6148052215576172,-0.3012726902961731,0.7359762787818909,-0.45054373145103455,0.09883203357458115,0.7995012998580933,-0.7772362232208252,-0.33974510431289673,0.07908549159765244,0.9888744950294495,-0.09754154831171036,0.06822654604911804,0.08919657766819,-0.07873826345284776,0.9528506087857148,0.61229748623226,-10.537320259156823,8.762309706964253,9.498665782189724,0.43715107440948486,0.16426149010658264,0.40010473132133484,0.06352502107620239,-0.7772362232208252,-0.33974510431289673,0.07908549159765244,-0.09754154831171036,0.06822654604911804,0.08919657766819,0.9888744950294495,-0.0787382647395134,0.9528505802154541,0.6122974753379822,0.16426149010658264,0.40010473132133484,0.06352502107620239,0.1744609773159027,0.3881797790527344,0.06352502107620239,0.18640032410621643,0.3779972195625305,0.06352502107620239,0.19978561997413635,0.36980774998664856,0.06352502107620239,0.21428722143173218,0.36381304264068604,0.06352502107620239,0.22954806685447693,0.3601606488227844,0.06352502107620239,0.24519237875938416,0.35894057154655457,0.06352502107620239,0.2608349323272705,0.36018282175064087,0.06352502107620239,0.2760905921459198,0.36385682225227356,0.06352502107620239,0.29058369994163513,0.3698720932006836,0.06352502107620239,-1.5707963705062866,1.5707963705062866,-0.46232056617736816,0.20000000298023224,-14.970703124563443,14.986974046218666,-2.9737095435390377,44230.0
6.4199,0.0074,1,1,-0.6189279556274414,-0.3197535276412964,0.7309142351150513,-0.44865724444389343,0.09632312506437302,0.7995012998580933,-0.744493842124939,-0.3457834720611572,0.08062856644392014,0.9876585602760315,-0.09662215411663055,0.07817569375038147,0.095295749604702,-0.22476049289822045,0.8805233480578796,0.5591950527814887,-10.291040936079884,9.952817960556734,10.123919208240956,0.45477035641670227,0.17027071118354797,0.41607666015625,0.06858706474304199,-0.744493842124939,-0.3457834720611572,0.08062856644392014,-0.09662215411663055,0.07817569375038147,0.095295749604702,0.9876585602760315,-0.2247604876756668,0.8805233240127563,0.5591950416564941,0.17027071118354797,0.41607666015625,0.06858706474304199,0.1808394193649292,0.40447771549224854,0.06858706474304199,0.1930924952030182,0.3946748971939087,0.06858706474304199,0.20672821998596191,0.3869095742702484,0.06858706474304199,0.2214108407497406,0.38137295842170715,0.06858706474304199,0.23677879571914673,0.37820136547088623,0.06858706474304199,0.2524537146091461,0.3774729073047638,0.06858706474304199,0.26804956793785095,0.37920549511909485,0.06858706474304199,0.28318241238594055,0.383356511592865,0.06858706474304199,0.2974795699119568,0.38982367515563965,0.06858706474304199,-1.5707963705062866,1.5707963705062866,-0.4869905710220337,0.20000000298023224,-14.985351562281721,14.993487023109333,-1.723202691436542,44230.0
6.4399,0.0072,1,1,-0.6476181149482727,-0.3284393548965454,0.7534270286560059,-0.446699321269989,0.09388233721256256,0.7995012998580933,-0.7207965850830078,-0.2967597246170044,0.2404123842716217,0.9863510727882385,-0.09877342730760574,0.0871635228395462,0.09877202659845352,-0.3106856710596753,0.6222712242516885,0.5874916054167714,-10.426845776639874,11.037987071779314,10.426667272024988,0.46994340419769287,0.2009187936782837,0.4223216772079468,0.0460742712020874,-0.7207965850830078,-0.2967597246170044,0.2404123842716217,-0.09877342730760574,0.0871635228395462,0.09877202659845352,0.9863510727882385,-0.3106856644153595,0.6222712397575378,0.5874916315078735,0.2009187936782837,0.4223216772079468,0.0460742712020874,0.2118452489376068,0.41105908155441284,0.0460742712020874,0.22439903020858765,0.40164443850517273,0.0460742712020874,0.23827102780342102,0.39430952072143555,0.0460742712020874,0.25311967730522156,0.3892349898815155,0.0460742712020874,0.2685793340206146,0.3865457773208618,0.0460742712020874,0.2842693626880646,0.38630807399749756,0.0460742712020874,0.29980337619781494,0.3885277509689331,0.0460742712020874,0.31479892134666443,0.3931501805782318,0.0460742712020874,0.3288867473602295,0.4000615179538727,0.0460742712020874,-1.5707963705062866,1.5707963705062866,-0.4741891622543335,0.20000000298023224,-14.99267578114086,14.996743511554666,-1.1177065638684986,44230.0
6.4597,0.007,1,1,-0.6558929681777954,-0.3400302529335022,0.7525857090950012,-0.4446624219417572,0.09149995446205139,0.7995012998580933,-0.6769412755966187,-0.2703920602798462,0.24843502044677734,0.9848293662071228,-0.10096654295921326,0.09420658648014069,0.10507134348154068,-0.4163055746277819,0.6496187594325213,0.4973033554956154,-10.546195254698846,11.933262030351358,11.07433266937323,0.4827398359775543,0.2112305462360382,0.4315302073955536,0.04691559076309204,-0.6769412755966187,-0.2703920602798462,0.24843502044677734,-0.10096654295921326,0.09420658648014069,0.10507134348154068,0.9848293662071228,-0.4163055717945099,0.6496187448501587,0.4973033666610718,0.2112305462360382,0.4315302073955536,0.04691559076309204,0.2225046157836914,0.4206155836582184,0.04691559076309204,0.23534730076789856,0.41159898042678833,0.04691559076309204,0.24944233894348145,0.40470245480537415,0.04691559076309204,0.2644427418708801,0.40009576082229614,0.04691559076309204,0.27997907996177673,0.39789238572120667,0.04691559076309204,0.2956688404083252,0.39814653992652893,0.04691559076309204,0.3111256957054138,0.4008519947528839,0.04691559076309204,0.32596901059150696,0.4059421122074127,0.04691559076309204,0.3398332893848419,0.4132915735244751,0.04691559076309204,-1.5707963705062866,1.5707963705062866,-0.4459190368652344,0.20000000298023224,-14.99633789057043,14.998371755777333,0.17762423082797577,44230.0
6.4796,0.0072,1,1,-0.6823722720146179,-0.34426721930503845,0.8046388626098633,-0.4425637423992157,0.08919526636600494,0.7995012998580933,-0.6456745266914368,-0.21111997961997986,0.34860900044441223,0.9834051132202148,-0.10488004982471466,0.09946279972791672,0.1096343994140625,-0.36490133913561335,0.5097694461107082,0.4735237903852161,-10.896944654398593,12.628072571496435,11.513276704421944,0.49540314078330994,0.23980852961540222,0.4334625005722046,-0.0051375627517700195,-0.6456745266914368,-0.21111997961997986,0.34860900044441223,-0.10488004982471466,0.09946279972791672,0.1096343994140625,0.9834051132202148,-0.3649013340473175,0.5097694396972656,0.4735237956047058,0.23980852961540222,0.4334625005722046,-0.0051375627517700195,0.25141727924346924,0.4229045510292053,-0.0051375627517700195,0.26453471183776855,0.4142926037311554,-0.0051375627517700195,0.2788378894329071,0.40783870220184326,-0.0051375627517700195,0.29397454857826233,0.4037017524242401,-0.0051375627517700195,0.3095720410346985,0.4019836485385895,-0.0051375627517700195,0.32524624466896057,0.4027266800403595,-0.0051375627517700195,0.3406112492084503,0.4059125483036041,-0.0051375627517700195,0.35528871417045593,0.41146281361579895,-0.0051375627517700195,0.36891722679138184,0.4192408323287964,-0.0051375627517700195,-1.5707963705062866,1.5707963705062866,-0.45588088035583496,0.20000000298023224,-14.998168945285215,14.999185877888667,1.0555123009254073,44230.0
6.4998,0.0068,1,1,-0.694469690322876,-0.3565448522567749,0.7734671831130981,-0.44037359952926636,0.08693641424179077,0.7995012998580933,-0.5984230041503906,-0.19838345050811768,0.259522944688797,0.9821339845657349,-0.1066691055893898,0.10445026308298111,0.11455457657575607,-0.39857431466906157,0.4022617608038989,0.4378279775562845,-10.993102782533494,13.27394558409509,12.022610707199021,0.5117794871330261,0.2540960907936096,0.4434812664985657,0.026034116744995117,-0.5984230041503906,-0.19838345050811768,0.259522944688797,-0.1066691055893898,0.10445026308298111,0.11455457657575607,0.9821339845657349,-0.3985743224620819,0.40226176381111145,0.4378279745578766,0.2540960907936096,0.4434812664985657,0.026034116744995117,0.2660312354564667,0.43329375982284546,0.026034116744995117,0.2794131338596344,0.425098717212677,0.026034116744995117,0.29391223192214966,0.41909798979759216,0.026034116744995117,0.30917155742645264,0.41543927788734436,0.026034116744995117,0.3248153626918793,0.414212703704834,0.026034116744995117,0.3404584527015686,0.41544848680496216,0.026034116744995117,0.35571563243865967,0.41911613941192627,0.026034116744995117,0.3702112138271332,0.425125390291214,0.026034116744995117,0.3835882842540741,0.4333282709121704,0.026034116744995117,-1.5707963705062866,1.5707963705062866,-0.3949967622756958,0.20000000298023224,-14.999084472642608,14.999592938944334,2.074180306479585,44230.0
6.52,0.0075,1,1,-0.7040092945098877,-0.35824209451675415,0.8079863786697388,-0.4380795657634735,0.08471580594778061,0.7995012998580933,-0.5409308671951294,-0.13514478504657745,0.38179928064346313,0.9805727005004883,-0.10972524434328079,0.10944857448339462,0.12023569643497467,-0.37217679562808714,0.3612364632910144,0.3746928836469668,-11.221670935696098,13.947360471429034,12.604192973105963,0.5167226791381836,0.2659297287464142,0.44295790791511536,-0.008485078811645508,-0.5409308671951294,-0.13514478504657745,0.38179928064346313,-0.10972524434328079,0.10944857448339462,0.12023569643497467,0.9805727005004883,-0.37217679619789124,0.36123645305633545,0.3746928870677948,0.2659297287464142,0.44295790791511536,-0.008485078811645508,0.2781839966773987,0.4331565797328949,-0.008485078811645508,0.2918206751346588,0.42539292573928833,-0.008485078811645508,0.30650395154953003,0.41985809803009033,-0.008485078811645508,0.3218723237514496,0.4166884124279022,-0.008485078811645508,0.33754730224609375,0.4159618616104126,-0.008485078811645508,0.35314297676086426,0.41769638657569885,-0.008485078811645508,0.3682752847671509,0.42184922099113464,-0.008485078811645508,0.38257163763046265,0.42831817269325256,-0.008485078811645508,0.3956800401210785,0.436943918466568,-0.008485078811645508,-1.5707963705062866,1.5707963705062866,-0.40430593490600586,0.1899535357952118,-14.999542236321304,14.999796469472166,3.2373448382934376,44230.0
6.5395,0.0068,1,1,-0.7251510620117188,-0.3647758662700653,0.7968260049819946,-0.435799241065979,0.08264297246932983,0.7995012998580933,-0.514220118522644,-0.1009436845779419,0.33155542612075806,0.9796351194381714,-0.11244306713342667,0.11144019663333893,0.1234935000538826,-0.313206386320949,0.21714068967679936,0.3835589796795177,-11.472644714426911,14.247643906897201,12.931090669387599,0.5328369736671448,0.28935182094573975,0.44741883873939514,0.002675294876098633,-0.514220118522644,-0.1009436845779419,0.33155542612075806,-0.11244306713342667,0.11144019663333893,0.1234935000538826,0.9796351194381714,-0.31320637464523315,0.21714068949222565,0.383558988571167,0.28935182094573975,0.44741883873939514,0.002675294876098633,0.30190229415893555,0.43799978494644165,0.002675294876098633,0.3157717287540436,0.4306599795818329,0.002675294876098633,0.33061856031417847,0.425580233335495,0.002675294876098633,0.3460772931575775,0.42288556694984436,0.002675294876098633,0.3617672324180603,0.4226423501968384,0.002675294876098633,0.37730205059051514,0.42485660314559937,0.002675294876098633,0.39229920506477356,0.42947375774383545,0.002675294876098633,0.406389445066452,0.43638014793395996,0.002675294876098633,0.4192258417606354,0.4454056918621063,0.002675294876098633,-1.5707963705062866,1.5707963705062866,-0.3512544631958008,0.20000000298023224,-14.999771118160652,14.999898234736083,3.8911402308567102,44230.0
6.5608,0.0075,1,1,-0.7430986762046814,-0.3624056577682495,0.8551232814788818,-0.43336251378059387,0.0805639773607254,0.7995012998580933,-0.4551834464073181,-0.012264883145689964,0.5682664513587952,0.9787850975990295,-0.11524757742881775,0.11309823393821716,0.12611301243305206,-0.30908997151352713,0.11676004788834092,0.3556376997313408,-11.745658889583,14.505099443606259,13.183845455564875,0.543371319770813,0.3097361624240875,0.4429696202278137,-0.055621981620788574,-0.4551834464073181,-0.012264883145689964,0.5682664513587952,-0.11524757742881775,0.11309823393821716,0.12611301243305206,0.9787850975990295,-0.3090899586677551,0.11676004528999329,0.35563769936561584,0.3097361624240875,0.4429696202278137,-0.055621981620788574,0.3225818872451782,0.4339573383331299,-0.055621981620788574,0.33667925000190735,0.42706552147865295,-0.055621981620788574,0.3516811728477478,0.42246389389038086,-0.055621981620788574,0.3672182857990265,0.42026570439338684,-0.055621981620788574,0.3829079568386078,0.42052513360977173,-0.055621981620788574,0.3983638882637024,0.4232357442378998,-0.055621981620788574,0.41320547461509705,0.42833083868026733,-0.055621981620788574,0.4270673096179962,0.4356849491596222,-0.055621981620788574,0.43960803747177124,0.4451169967651367,-0.055621981620788574,-1.5707963705062866,1.5707963705062866,-0.2705730199813843,0.021428916603326797,-14.999885559080326,14.999949117368041,4.396649803211262,40230.0
6.5805,0.0075,1,1,-0.7556275725364685,-0.3676512837409973,0.8220537900924683,-0.4309186339378357,0.07860913127660751,0.7995012998580933,-0.414620041847229,0.014670668169856071,0.46157288551330566,0.9780284762382507,-0.11691804230213165,0.11432784050703049,0.12929637730121613,-0.2635908796196889,-0.02636779358590101,0.3366417711499691,-11.880943825792322,14.70639633092816,13.523124683509275,0.5523521304130554,0.3247089385986328,0.4462604224681854,-0.022552490234375,-0.414620041847229,0.014670668169856071,0.46157288551330566,-0.11691804230213165,0.11432784050703049,0.12929637730121613,0.9780284762382507,-0.26359087228775024,-0.0263677928596735,0.33664175868034363,0.3247089385986328,0.4462604224681854,-0.022552490234375,0.3378303647041321,0.4376544952392578,-0.022552490234375,0.352136492729187,0.43120718002319336,-0.022552490234375,0.36727505922317505,0.4270772337913513,-0.022552490234375,0.3828733265399933,0.42536628246307373,-0.022552490234375,0.3985472023487091,0.4261165261268616,-0.022552490234375,0.41391074657440186,0.4293094873428345,-0.022552490234375,0.42858564853668213,0.4348664879798889,-0.022552490234375,0.4422105550765991,0.44265076518058777,-0.022552490234375,0.45445001125335693,0.452470600605011,-0.022552490234375,-1.5707963705062866,1.5707963705062866,-0.2679562568664551,0.13240550458431244,-14.999942779540163,14.99997455868402,5.0752082591000685,44230.0
6.6,0.0079,1,1,-0.7697280049324036,-0.3694981038570404,0.8266574144363403,-0.4284490942955017,0.07675662636756897,0.7995012998580933,-0.3725467622280121,0.060144927352666855,0.46304619312286377,0.9773778915405273,-0.11837195605039597,0.11445129662752151,0.13273823261260986,-0.22571989668092152,0.016578110166418705,0.27531579585865584,-11.998425073904682,14.782432198760338,13.906001744921747,0.5624518394470215,0.34127891063690186,0.4462547302246094,-0.02715611457824707,-0.3725467622280121,0.060144927352666855,0.46304619312286377,-0.11837195605039597,0.11445129662752151,0.13273823261260986,0.9773778915405273,-0.2257198989391327,0.016578109934926033,0.2753157913684845,0.34127891063690186,0.4462547302246094,-0.02715611457824707,0.3546597361564636,0.43805795907974243,-0.02715611457824707,0.3691580593585968,0.4320552945137024,-0.02715611457824707,0.3844169080257416,0.4283945858478546,-0.02715611457824707,0.4000605344772339,0.4271659553050995,-0.02715611457824707,0.41570380330085754,0.4283996820449829,-0.02715611457824707,0.4309614598751068,0.43206533789634705,-0.02715611457824707,0.4454578161239624,0.43807268142700195,-0.02715611457824707,0.4588359594345093,0.4462738037109375,-0.02715611457824707,0.47076645493507385,0.45646676421165466,-0.02715611457824707,-1.5707963705062866,1.5707963705062866,-0.21310901641845703,0.11963091790676117,-14.999971389770081,14.99998727934201,5.8409623819250065,41738.0
6.6201,0.0091,1,1,-0.7823083996772766,-0.36770138144493103,0.8565374612808228,-0.4258679747581482,0.07494347542524338,0.7995012998580933,-0.31920307874679565,0.11375986784696579,0.47067564725875854,0.976730227470398,-0.1198691576719284,0.11496003717184067,0.13568958640098572,-0.2013830151781527,-0.07431499423119994,0.25970784094754207,-12.123632227994182,14.898048572799384,14.22707046554929,0.5711719393730164,0.3564404249191284,0.442644864320755,-0.05703616142272949,-0.31920307874679565,0.11375986784696579,0.47067564725875854,-0.1198691576719284,0.11496003717184067,0.13568958640098572,0.976730227470398,-0.20138300955295563,-0.07431499660015106,0.25970783829689026,0.3564404249191284,0.442644864320755,-0.05703616142272949,0.3700730800628662,0.43487417697906494,-0.05703616142272949,0.3847534954547882,0.42933177947998047,-0.05703616142272949,0.40012022852897644,0.42615413665771484,-0.05703616142272949,0.41579481959342957,0.42541950941085815,-0.05703616142272949,0.4313913881778717,0.42714595794677734,-0.05703616142272949,0.44652584195137024,0.43129101395606995,-0.05703616142272949,0.46082553267478943,0.4377525746822357,-0.05703616142272949,0.47393837571144104,0.44637155532836914,-0.05703616142272949,0.4855414628982544,0.45693570375442505,-0.05703616142272949,-1.5707963705062866,1.5707963705062866,-0.13390958309173584,0.041398778557777405,-14.99998569488504,14.999993639671004,6.483099823180088,37738.0
6.6405,0.0074,1,1,-0.7938085794448853,-0.3683318495750427,0.8562520742416382,-0.42320314049720764,0.0731949657201767,0.7995012998580933,-0.2798905372619629,0.14783675968647003,0.4320942461490631,0.9764281511306763,-0.12060100585222244,0.11443837732076645,0.13764163851737976,-0.16849966690791293,0.08771840935908133,0.23902829521453592,-12.185983034348169,14.873223839856925,14.451037996400991,0.5792365670204163,0.3706054389476776,0.4415268301963806,-0.05675077438354492,-0.2798905372619629,0.14783675968647003,0.4320942461490631,-0.12060100585222244,0.11443837732076645,0.13764163851737976,0.9764281511306763,-0.1684996634721756,0.0877184122800827,0.23902828991413116,0.3706054389476776,0.4415268301963806,-0.05675077438354492,0.3844788372516632,0.43419453501701355,-0.05675077438354492,0.39932844042778015,0.42912280559539795,-0.05675077438354492,0.4147886037826538,0.42643648386001587,-0.05675077438354492,0.43047866225242615,0.4262017607688904,-0.05675077438354492,0.4460122883319855,0.4284243881702423,-0.05675077438354492,0.4610069692134857,0.43304964900016785,-0.05675077438354492,0.4750934839248657,0.4399636387825012,-0.05675077438354492,0.4879249632358551,0.4489961266517639,-0.05675077438354492,0.4991855025291443,0.45992469787597656,-0.05675077438354492,-1.5707963705062866,1.5707963705062866,-0.10706436634063721,0.05261404067277908,-14.99999284744252,14.999996819835502,6.931034884883536,33738.0
6.6601,0.0078,1,1,-0.8053065538406372,-0.3663212060928345,0.8771486282348633,-0.42055651545524597,0.07157514244318008,0.7995012998580933,-0.21834543347358704,0.19838950037956238,0.5779007077217102,0.976190447807312,-0.1202210858464241,0.11473725736141205,0.1394004076719284,-0.18524772108168963,-0.061815281207344905,0.17347728143283916,-12.110931849731964,14.923466384286632,14.661762223770323,0.5880603194236755,0.38475003838539124,0.43789634108543396,-0.07764732837677002,-0.21834543347358704,0.19838950037956238,0.5779007077217102,-0.1202210858464241,0.11473725736141205,0.1394004076719284,0.976190447807312,-0.18524771928787231,-0.061815280467271805,0.17347727715969086,0.38475003838539124,0.43789634108543396,-0.07764732837677002,0.39884424209594727,0.4309980273246765,-0.07764732837677002,0.4138440489768982,0.4263894557952881,-0.07764732837677002,0.4293801188468933,0.424184113740921,-0.07764732837677002,0.44506990909576416,0.4244363009929657,-0.07764732837677002,0.46052709221839905,0.4271398186683655,-0.07764732837677002,0.47537103295326233,0.43222805857658386,-0.07764732837677002,0.4892362654209137,0.43957576155662537,-0.07764732837677002,0.5017813444137573,0.4490020275115967,-0.07764732837677002,0.5126973390579224,0.46027469635009766,-0.07764732837677002,-1.5707963705062866,1.5707963705062866,0.0021088123321533203,0.021362630650401115,-14.99999642372126,14.999998409917751,7.352483339622145,29738.0
6.6807,0.0076,1,1,-0.8103194236755371,-0.36066192388534546,0.8860158920288086,-0.4178132116794586,0.07001200318336487,0.7995012998580933,-0.18945154547691345,0.2610185146331787,0.5614086985588074,0.9756633639335632,-0.12233506143093109,0.11364360898733139,0.14212052524089813,-0.14345797982265468,-0.172728034349659,0.1519763335958685,-12.331056234324706,14.864172360895994,14.96074600045137,0.5890890955924988,0.3925062119960785,0.4306739270687103,-0.08651459217071533,-0.18945154547691345,0.2610185146331787,0.5614086985588074,-0.12233506143093109,0.11364360898733139,0.14212052524089813,0.9756633639335632,-0.14345797896385193,-0.172728031873703,0.1519763320684433,0.3925062119960785,0.4306739270687103,-0.08651459217071533,0.4068111479282379,0.42422401905059814,-0.08651459217071533,0.42194899916648865,0.42009127140045166,-0.08651459217071533,0.4375469386577606,0.41837748885154724,-0.08651459217071533,0.4532209634780884,0.41912487149238586,-0.08651459217071533,0.4685850739479065,0.4223150312900543,-0.08651459217071533,0.48326098918914795,0.42786937952041626,-0.08651459217071533,0.49688732624053955,0.43565112352371216,-0.08651459217071533,0.5091285705566406,0.4454687237739563,-0.08651459217071533,0.5196832418441772,0.4570804238319397,-0.08651459217071533,-1.5707963705062866,1.5707963705062866,0.0779193639755249,0.021362630650401115,-14.99999821186063,14.999999204958876,7.950450892984249,29452.0
6.6998,0.0074,1,1,-0.8312198519706726,-0.36311671137809753,0.9214843511581421,-0.41507038474082947,0.06856092065572739,0.7995012998580933,-0.19897642731666565,0.2598538398742676,0.5210257172584534,0.9762627482414246,-0.12049681693315506,0.10935065150260925,0.14294037222862244,-0.11372296233645775,-0.1310952697921274,0.07616867918557119,-12.15683484241501,14.356689568532833,15.122836079852545,0.6118870973587036,0.41614946722984314,0.4316776394844055,-0.12198305130004883,-0.19897642731666565,0.2598538398742676,0.5210257172584534,-0.12049681693315506,0.10935065150260925,0.14294037222862244,0.9762627482414246,-0.11372296512126923,-0.1310952752828598,0.07616867870092392,0.41614946722984314,0.4316776394844055,-0.12198305130004883,0.4306476414203644,0.4256746470928192,-0.12198305130004883,0.445906400680542,0.4220135807991028,-0.12198305130004883,0.4615500271320343,0.4207845628261566,-0.12198305130004883,0.47719329595565796,0.422017902135849,-0.12198305130004883,0.4924510419368744,0.4256832003593445,-0.12198305130004883,0.5069475173950195,0.4316902160644531,-0.12198305130004883,0.5203258991241455,0.4398910105228424,-0.12198305130004883,0.5322566032409668,0.4500836730003357,-0.12198305130004883,0.5424460172653198,0.4620172381401062,-0.12198305130004883,-1.5707963705062866,1.5707963705062866,0.1383582353591919,0.021362630650401115,-14.999999105930314,14.999999602479438,8.274631051786617,29452.0
6.7195,0.0077,1,1,-0.8434413075447083,-0.3589509427547455,0.9102240800857544,-0.41225019097328186,0.06717977672815323,0.7995012998580933,-0.17646116018295288,0.2923746407032013,0.4141545593738556,0.9762409925460815,-0.12137457728385925,0.10801509022712708,0.1433614045381546,-0.08269111023506831,-0.1978116495773292,0.09379269697614537,-12.270424135877674,14.223109415728747,15.171698355233955,0.6162570118904114,0.4311911165714264,0.4261307120323181,-0.11072278022766113,-0.17646116018295288,0.2923746407032013,0.4141545593738556,-0.12137457728385925,0.10801509022712708,0.1433614045381546,0.9762409925460815,-0.08269111067056656,-0.19781164824962616,0.09379269927740097,0.4311911165714264,0.4261307120323181,-0.11072278022766113,0.44587063789367676,0.42058590054512024,-0.11072278022766113,0.461236834526062,0.41740575432777405,-0.11072278022766113,0.4769113063812256,0.41666853427886963,-0.11072278022766113,0.4925081431865692,0.41839244961738586,-0.11072278022766113,0.5076432824134827,0.4225350022315979,-0.11072278022766113,0.5219440460205078,0.42899423837661743,-0.11072278022766113,0.5350582599639893,0.43761104345321655,-0.11072278022766113,0.5466631650924683,0.44817328453063965,-0.11072278022766113,0.5564727783203125,0.4604209065437317,-0.11072278022766113,-1.5707963705062866,1.5707963705062866,0.17079806327819824,0.021362630650401115,-14.999999552965157,14.999999801239719,8.372355602549431,29452.0
6.7395,0.0099,1,1,-0.8464627861976624,-0.3522508442401886,0.9830932021141052,-0.4093858301639557,0.06588692218065262,0.7995012998580933,-0.12146608531475067,0.3503406345844269,0.6802920699119568,0.976672887802124,-0.1190955713391304,0.10538052767515182,0.1442888379096985,-0.13141233576465816,-0.03140283252183207,-0.020172810675996734,-12.024156388834268,13.899108102449617,15.336621780685725,0.6321245431900024,0.43707695603370667,0.4181377589702606,-0.18359190225601196,-0.12146608531475067,0.3503406345844269,0.6802920699119568,-0.1190955713391304,0.10538052767515182,0.1442888379096985,0.976672887802124,-0.1314123421907425,-0.0314028337597847,-0.020172810181975365,0.43707695603370667,0.4181377589702606,-0.18359190225601196,0.4519234597682953,0.41305696964263916,-0.18359190225601196,0.4673819839954376,0.4103612005710602,-0.18359190225601196,0.4830719232559204,0.41011691093444824,-0.18359190225601196,0.4986068904399872,0.4123300313949585,-0.18359190225601196,0.5136044025421143,0.416946142911911,-0.18359190225601196,0.5276951193809509,0.42385151982307434,-0.18359190225601196,0.540532112121582,0.4328761696815491,-0.18359190225601196,0.5517992973327637,0.44379785656929016,-0.18359190225601196,0.5612192749977112,0.45634767413139343,-0.18359190225601196,-1.5707963705062866,1.5707963705062866,0.12046229839324951,0.021362630650401115,-14.999999776482579,14.999999900619859,8.702202453452976,29452.0
6.7596,0.0083,1,1,-0.8655476570129395,-0.3505069613456726,0.9457298517227173,-0.40646103024482727,0.06467631459236145,0.7995012998580933,-0.15708351135253906,0.3483799993991852,0.298077255487442,0.9767160415649414,-0.1222316175699234,0.10358460247516632,0.14266584813594818,-0.15682616632274138,-0.05895090581334257,-0.0032093262756070265,-12.436803630466592,13.722640744141266,15.118139378554824,0.636019229888916,0.4590866267681122,0.41518327593803406,-0.14622855186462402,-0.15708351135253906,0.3483799993991852,0.298077255487442,-0.1222316175699234,0.10358460247516632,0.14266584813594818,0.9767160415649414,-0.1568261682987213,-0.05895090475678444,-0.0032093261834234,0.4590866267681122,0.41518327593803406,-0.14622855186462402,0.4740865230560303,0.41057491302490234,-0.14622855186462402,0.4896226227283478,0.408369779586792,-0.14622855186462402,0.505312442779541,0.4086221754550934,-0.14622855186462402,0.5207695364952087,0.4113259017467499,-0.14622855186462402,0.5356134176254272,0.41641438007354736,-0.14622855186462402,0.5494785308837891,0.4237622618675232,-0.14622855186462402,0.5620235204696655,0.43318870663642883,-0.14622855186462402,0.572939395904541,0.44446152448654175,-0.14622855186462402,0.5819573998451233,0.4573031961917877,-0.14622855186462402,-1.5707963705062866,1.5707963705062866,0.2702575922012329,0.021362630650401115,-14.99999988824129,14.99999995030993,8.265237649191175,29452.0
6.7799,0.0096,1,1,-0.8788648247718811,-0.34411320090293884,1.0017914772033691,-0.40348878502845764,0.06355507671833038,0.7995012998580933,-0.1135910302400589,0.39474421739578247,0.47294119000434875,0.977192223072052,-0.12116022408008575,0.10199842602014542,0.14145657420158386,-0.16840502482067427,0.010268372061261835,-0.028547938397429338,-12.348354334422094,13.51040582206058,15.005330590141263,0.6581011414527893,0.47537603974342346,0.4076682925224304,-0.20229017734527588,-0.1135910302400589,0.39474421739578247,0.47294119000434875,-0.12116022408008575,0.10199842602014542,0.14145657420158386,0.977192223072052,-0.16840502619743347,0.010268372483551502,-0.02854793891310692,0.47537603974342346,0.4076682925224304,-0.20229017734527588,0.49051472544670105,0.40353867411613464,-0.20229017734527588,0.5061130523681641,0.4018281400203705,-0.20229017734527588,0.5217869281768799,0.40257877111434937,-0.20229017734527588,0.5371503829956055,0.4057720899581909,-0.20229017734527588,0.5518251061439514,0.411329448223114,-0.20229017734527588,0.5654498338699341,0.41911405324935913,-0.20229017734527588,0.5776890516281128,0.4289341866970062,-0.20229017734527588,0.5882413387298584,0.4405480623245239,-0.20229017734527588,0.5968469381332397,0.4536696970462799,-0.20229017734527588,-1.5707963705062866,1.5707963705062866,0.2127286195755005,0.021362630650401115,-14.999999944120646,14.999999975154964,8.039620072364064,29452.0
6.8005,0.0094,1,1,-0.8875173330307007,-0.33900946378707886,0.9657787084579468,-0.40053442120552063,0.06254566460847855,0.7995012998580933,-0.09760656207799911,0.4057442247867584,0.21602457761764526,0.9770925641059875,-0.12369459122419357,0.10285811126232147,0.1393122375011444,-0.11819445141859282,0.007261933667860587,0.01431867285432517,-12.663669916128782,13.619219144171153,14.710553754799749,0.6527227759361267,0.48698291182518005,0.4015551209449768,-0.16627740859985352,-0.09760656207799911,0.4057442247867584,0.21602457761764526,-0.12369459122419357,0.10285811126232147,0.1393122375011444,0.9770925641059875,-0.11819445341825485,0.007261933758854866,0.014318672940135002,0.48698291182518005,0.4015551209449768,-0.16627740859985352,0.502243161201477,0.39790013432502747,-0.16627740859985352,0.5178872346878052,0.3966773450374603,-0.16627740859985352,0.5335299968719482,0.39791688323020935,-0.16627740859985352,0.5487862825393677,0.4015882611274719,-0.16627740859985352,0.563280463218689,0.407600998878479,-0.16627740859985352,0.5766555070877075,0.4158071279525757,-0.16627740859985352,0.5885821580886841,0.4260045289993286,-0.16627740859985352,0.5987668037414551,0.43794214725494385,-0.16627740859985352,0.6069586277008057,0.45132601261138916,-0.16627740859985352,-1.5707963705062866,1.5707963705062866,0.3118417263031006,0.021362630650401115,-14.999999972060323,14.999999987577482,7.4500664016810045,29452.0
6.8199,0.0098,1,1,-0.8988614082336426,-0.3308030664920807,0.9607946276664734,-0.3975193500518799,0.0616200789809227,0.7995012998580933,-0.08604780584573746,0.442729651927948,0.11834308505058289,0.9771772623062134,-0.12556926906108856,0.10223547369241714,0.1374877542257309,-0.1756154169587661,-0.03332837497195962,-0.012921020947116366,-12.915757469569087,13.552298906843943,14.476627737453896,0.656776487827301,0.5013420581817627,0.392423152923584,-0.16129332780838013,-0.08604780584573746,0.442729651927948,0.11834308505058289,-0.12556926906108856,0.10223547369241714,0.1374877542257309,0.9771772623062134,-0.17561541497707367,-0.033328376710414886,-0.012921021319925785,0.5013420581817627,0.392423152923584,-0.16129332780838013,0.5167099237442017,0.3892512023448944,-0.16129332780838013,0.5323848724365234,0.38852235674858093,-0.16129332780838013,0.547980785369873,0.3902546167373657,-0.16129332780838013,0.5631136894226074,0.3944052457809448,-0.16129332780838013,0.5774109363555908,0.4008721113204956,-0.16129332780838013,0.5905206203460693,0.4094959497451782,-0.16129332780838013,0.6021198034286499,0.42006438970565796,-0.16129332780838013,0.6119228601455688,0.43231725692749023,-0.16129332780838013,0.6196885108947754,0.44595277309417725,-0.16129332780838013,-1.5707963705062866,1.5707963705062866,0.3660895824432373,0.021362630650401115,-14.999999986030161,14.999999993788741,6.98221436698932,29452.0
6.8398,0.0092,1,1,-0.9081230163574219,-0.3306731879711151,0.985745906829834,-0.39451897144317627,0.06080089509487152,0.7995012998580933,-0.04090120270848274,0.4285154640674591,0.1438392996788025,0.9779128432273865,-0.12287848442792892,0.10170657187700272,0.13505981862545013,-0.14555169049264774,0.00839921788602751,0.010584213603869526,-12.640469825828243,13.421458777220339,14.233457067268665,0.6721072196960449,0.5136040449142456,0.39147406816482544,-0.18624460697174072,-0.04090120270848274,0.4285154640674591,0.1438392996788025,-0.12287848442792892,0.10170657187700272,0.13505981862545013,0.9779128432273865,-0.14555169641971588,0.008399218320846558,0.010584213770925999,0.5136040449142456,0.39147406816482544,-0.18624460697174072,0.5290631651878357,0.3887815773487091,-0.18624460697174072,0.5447530746459961,0.3885405659675598,-0.18624460697174072,0.560287594795227,0.3907569646835327,-0.18624460697174072,0.5752841234207153,0.39537620544433594,-0.18624460697174072,0.5893734693527222,0.40228456258773804,-0.18624460697174072,0.6022085547447205,0.41131192445755005,-0.18624460697174072,0.6134734153747559,0.42223596572875977,-0.18624460697174072,0.6228907704353333,0.4347877502441406,-0.18624460697174072,0.6302286386489868,0.44865819811820984,-0.18624460697174072,-1.5707963705062866,1.5707963705062866,0.3346630334854126,0.021362630650401115,-14.99999999301508,14.99999999689437,6.495873026618845,29452.0
6.8605,0.0098,1,1,-0.9191838502883911,-0.3221055865287781,0.9792399406433105,-0.3914293050765991,0.060060855001211166,0.7995012998580933,-0.032030053436756134,0.4649650454521179,0.04711140692234039,0.9779779314994812,-0.12515196204185486,0.10108423233032227,0.13295157253742218,-0.16531715611575462,0.077754358588118,-0.04217259147167986,-12.94234105255987,13.35563490430072,13.961557137283128,0.6759305000305176,0.527754545211792,0.38216644525527954,-0.17973864078521729,-0.032030053436756134,0.4649650454521179,0.04711140692234039,-0.12515196204185486,0.10108423233032227,0.13295157253742218,0.9779779314994812,-0.16531716287136078,0.07775435596704483,-0.042172592133283615,0.527754545211792,0.38216644525527954,-0.17973864078521729,0.5432913303375244,0.3799663782119751,-0.17973864078521729,0.5589810609817505,0.3802239000797272,-0.17973864078521729,0.5744373202323914,0.3829326629638672,-0.17973864078521729,0.5892795324325562,0.3880259692668915,-0.17973864078521729,0.603142261505127,0.39537838101387024,-0.17973864078521729,0.6156841516494751,0.404808908700943,-0.17973864078521729,0.6265963315963745,0.41608530282974243,-0.17973864078521729,0.6356101632118225,0.4289298951625824,-0.17973864078521729,0.6425037384033203,0.44302645325660706,-0.17973864078521729,-1.5707963705062866,1.5707963705062866,0.39205265045166016,0.021362630650401115,-14.99999999650754,14.999999998447185,5.952073166647798,29452.0
6.8803,0.0102,1,1,-0.9287661910057068,-0.33182990550994873,1.0036331415176392,-0.3883283734321594,0.059421356767416,0.7995012998580933,0.006164988037198782,0.39395755529403687,0.0674210712313652,0.9790781736373901,-0.11896765977144241,0.10096040368080139,0.1306043416261673,-0.12739792002698633,0.09405843051866485,0.005865982126589961,-12.252097248052703,13.224763911446201,13.770554875806448,0.6977251768112183,0.5404378175735474,0.39125126600265503,-0.2041318416595459,0.006164988037198782,0.39395755529403687,0.0674210712313652,-0.11896765977144241,0.10096040368080139,0.1306043416261673,0.9790781736373901,-0.12739792466163635,0.09405843168497086,0.0058659822680056095,0.5404378175735474,0.39125126600265503,-0.2041318416595459,0.5560364723205566,0.38954415917396545,-0.2041318416595459,0.5717101693153381,0.3902982473373413,-0.2041318416595459,0.5870729684829712,0.39349496364593506,-0.2041318416595459,0.6017464399337769,0.3990556001663208,-0.2041318416595459,0.615369439125061,0.4068432152271271,-0.2041318416595459,0.6276065111160278,0.41666603088378906,-0.2041318416595459,0.6381562948226929,0.428282231092453,-0.2041318416595459,0.6467589139938354,0.4414057731628418,-0.2041318416595459,0.6532027721405029,0.4557134807109833,-0.2041318416595459,-1.5707963705062866,1.5707963705062866,0.3215174674987793,0.021362630650401115,-14.99999999825377,14.999999999223594,5.5700686436944205,29452.0
6.8998,0.0095,1,1,-0.9396839737892151,-0.32406848669052124,0.9958436489105225,-0.3852778971195221,0.05889124050736427,0.7995012998580933,0.011950979009270668,0.42909273505210876,-0.027337685227394104,0.9791938066482544,-0.12077323347330093,0.0998401939868927,0.12893080711364746,-0.13799339797002905,-0.04593895872094601,0.0392897362364259,-12.498177974358807,13.101016098702363,13.56118640717992,0.7018365263938904,0.5544060468673706,0.3829597234725952,-0.1963423490524292,0.011950979009270668,0.42909273505210876,-0.027337685227394104,-0.12077323347330093,0.0998401939868927,0.12893080711364746,0.9791938066482544,-0.13799339532852173,-0.04593895748257637,0.03928973525762558,0.5544060468673706,0.3829597234725952,-0.1963423490524292,0.5700501203536987,0.3817363679409027,-0.1963423490524292,0.5856930017471313,0.38297533988952637,-0.1963423490524292,0.6009494066238403,0.3866461217403412,-0.1963423490524292,0.615443766117096,0.3926583528518677,-0.1963423490524292,0.6288191080093384,0.4008639454841614,-0.1963423490524292,0.6407462358474731,0.4110609292984009,-0.1963423490524292,0.6509312391281128,0.4229981601238251,-0.1963423490524292,0.6591235399246216,0.4363817274570465,-0.1963423490524292,0.66512131690979,0.45088207721710205,-0.1963423490524292,-1.5707963705062866,1.5707963705062866,0.36185431480407715,0.021362630650401115,-14.999999999126885,14.999999999611797,5.151331706441378,29452.0
6.9204,0.0097,1,1,-0.9523121118545532,-0.34203940629959106,1.0618375539779663,-0.382110059261322,0.058442939072847366,0.7995012998580933,0.03243551775813103,0.3305010199546814,0.03811954706907272,0.9805712699890137,-0.11334661394357681,0.09776665270328522,0.12677644193172455,-0.14281344490458506,0.08793770403009254,0.017652116220669124,-11.682158807459192,12.736857332748095,13.42526617322745,0.7445379495620728,0.5702020525932312,0.4004823565483093,-0.26233625411987305,0.03243551775813103,0.3305010199546814,0.03811954706907272,-0.11334661394357681,0.09776665270328522,0.12677644193172455,0.9805712699890137,-0.14281344413757324,0.08793770521879196,0.01765211671590805,0.5702020525932312,0.4004823565483093,-0.26233625411987305,0.5858772397041321,0.39976006746292114,-0.26233625411987305,0.6014723777770996,0.40149879455566406,-0.26233625411987305,0.6166036128997803,0.40565574169158936,-0.26233625411987305,0.6308982372283936,0.4121285676956177,-0.26233625411987305,0.644004225730896,0.42075788974761963,-0.26233625411987305,0.6555989980697632,0.43133115768432617,-0.26233625411987305,0.665397047996521,0.44358810782432556,-0.26233625411987305,0.6731569766998291,0.4572269022464752,-0.26233625411987305,0.6786878108978271,0.4719116687774658,-0.26233625411987305,-1.5707963705062866,1.5707963705062866,0.24695682525634766,0.021362630650401115,-14.999999999563443,14.999999999805897,4.87949123853641,29452.0
6.9402,0.0102,1,1,-0.9514114260673523,-0.33504724502563477,1.0621137619018555,-0.37900668382644653,0.058103401213884354,0.7995012998580933,0.05770174413919449,0.3688111901283264,-0.010258236899971962,0.980239748954773,-0.11530076712369919,0.09887222200632095,0.1267206221818924,-0.20479469098211234,0.08429044666058018,0.007905637908535504,-11.898657315829839,12.888762710823542,13.38333107088431,0.7424149513244629,0.5724047422409058,0.39315065741539,-0.2626124620437622,0.05770174413919449,0.3688111901283264,-0.010258236899971962,-0.11530076712369919,0.09887222200632095,0.1267206221818924,0.980239748954773,-0.20479469001293182,0.08429044485092163,0.007905637845396996,0.5724047422409058,0.39315065741539,-0.2626124620437622,0.5880948305130005,0.39291802048683167,-0.2626124620437622,0.6036281585693359,0.39514270424842834,-0.2626124620437622,0.6186221837997437,0.39976996183395386,-0.2626124620437622,0.6327078342437744,0.40668582916259766,-0.2626124620437622,0.6455380916595459,0.41572004556655884,-0.2626124620437622,0.6567971706390381,0.42665010690689087,-0.2626124620437622,0.6662077903747559,0.43920692801475525,-0.2626124620437622,0.6735382080078125,0.45308130979537964,-0.2626124620437622,0.6786079406738281,0.4679315686225891,-0.2626124620437622,-1.5707963705062866,1.5707963705062866,0.2686570882797241,0.021362630650401115,-14.999999999781721,14.999999999902949,4.795621033850129,29452.0
6.9603,0.0098,1,1,-0.9749106764793396,-0.39074015617370605,1.0892561674118042,-0.37591123580932617,0.05786196142435074,0.7995012998580933,-0.004608040675520897,0.10922037065029144,-0.14715327322483063,0.982552170753479,-0.10145673900842667,0.0933195948600769,0.12484844028949738,-0.23608743300178867,0.17210164221651555,-0.042287340425148645,-10.371889331279323,12.047127269632748,13.385575495780598,0.802497386932373,0.5989994406700134,0.4486021101474762,-0.28975486755371094,-0.004608040675520897,0.10922037065029144,-0.14715327322483063,-0.10145673900842667,0.0933195948600769,0.12484844028949738,0.982552170753479,-0.23608742654323578,0.17210164666175842,-0.04228734225034714,0.5989994406700134,0.4486021101474762,-0.28975486755371094,0.6146892309188843,0.4488566815853119,-0.28975486755371094,0.6301459670066833,0.4515625536441803,-0.28975486755371094,0.6449891328811646,0.45665305852890015,-0.28975486755371094,0.6588532328605652,0.46400290727615356,-0.28975486755371094,0.6713968515396118,0.4734310507774353,-0.28975486755371094,0.6823111772537231,0.48470538854599,-0.28975486755371094,0.6913274526596069,0.49754831194877625,-0.28975486755371094,0.6982235908508301,0.5116435289382935,-0.28975486755371094,0.702829897403717,0.5266440510749817,-0.28975486755371094,-1.5707963705062866,1.5707963705062866,0.1843569278717041,0.021362630650401115,-14.99999999989086,14.999999999951473,4.800109883642724,29452.0
6.9796,0.0092,1,1,-0.9865015745162964,-0.4060294032096863,1.0428353548049927,-0.3728005886077881,0.05771644786000252,0.7995012998580933,-0.019930420443415642,0.061599913984537125,-0.4177248775959015,0.9828556180000305,-0.10090328007936478,0.09341610223054886,0.12281986325979233,-0.31199035367770517,0.0011412434596566527,0.021449550908526738,-10.331214070086089,12.0294795973388,13.15427518154356,0.8067840933799744,0.6137009859085083,0.4637458622455597,-0.24333405494689941,-0.019930420443415642,0.061599913984537125,-0.4177248775959015,-0.10090328007936478,0.09341610223054886,0.12281986325979233,0.9828556180000305,-0.311990350484848,0.0011412434978410602,0.021449550986289978,0.6137009859085083,0.4637458622455597,-0.24333405494689941,0.6293752193450928,0.46448883414268494,-0.24333405494689941,0.6447402238845825,0.4676746428012848,-0.24333405494689941,0.6594176888465881,0.47322484850883484,-0.24333405494689941,0.6730462312698364,0.4810028076171875,-0.24333405494689941,0.6852902173995972,0.49081695079803467,-0.24333405494689941,0.6958482265472412,0.5024256706237793,-0.24333405494689941,0.7044602036476135,0.5155431032180786,-0.24333405494689941,0.710914134979248,0.52984619140625,-0.24333405494689941,0.7150511741638184,0.54498291015625,-0.24333405494689941,-1.5707963705062866,1.5707963705062866,0.10358524322509766,0.02211706154048443,-14.99999999994543,14.999999999975737,4.337509255168658,29452.0
6.9999,0.0095,1,1,-1.005191683769226,-0.4792212247848511,1.0978899002075195,-0.3696114122867584,0.05766788497567177,0.7995012998580933,-0.025044837966561317,-0.208474263548851,-0.22850103676319122,0.984790027141571,-0.08647608011960983,0.08923304080963135,0.12143302708864212,-0.39103294154174334,0.09932857664457946,0.031056848364933345,-8.720442431405282,11.347189376340872,13.191102160442407,0.8838823437690735,0.63558030128479,0.5368891358375549,-0.29838860034942627,-0.025044837966561317,-0.208474263548851,-0.22850103676319122,-0.08647608011960983,0.08923304080963135,0.12143302708864212,0.984790027141571,-0.3910329341888428,0.09932857751846313,0.031056849285960197,0.63558030128479,0.5368891358375549,-0.29838860034942627,0.651222825050354,0.538131594657898,-0.29838860034942627,0.6664783954620361,0.5418058037757874,-0.29838860034942627,0.6809713840484619,0.5478212833404541,-0.29838860034942627,0.6943449974060059,0.5560299158096313,-0.29838860034942627,0.7062697410583496,0.566229522228241,-0.29838860034942627,0.7164521217346191,0.578169047832489,-0.29838860034942627,0.7246414422988892,0.5915544629096985,-0.29838860034942627,0.730635941028595,0.6060560941696167,-0.29838860034942627,0.7342880964279175,0.6213170289993286,-0.29838860034942627,-1.5707963705062866,1.5707963705062866,-0.06423306465148926,0.021362630650401115,-14.999999999972715,14.999999999987867,4.411163212966352,29452.0
7.0197,0.0099,1,1,-1.0175079107284546,-0.5011245608329773,1.0610462427139282,-0.36651983857154846,0.05771792307496071,0.7995012998580933,-0.0440642274916172,-0.2519616186618805,-0.43726077675819397,0.9849100708961487,-0.08715913444757462,0.08907071501016617,0.12008307874202728,-0.5164230877781621,0.15486042054312663,0.002399271734599784,-8.817110386675308,11.325699067083525,13.026683927200743,0.8969371318817139,0.6509881019592285,0.5588424801826477,-0.26154494285583496,-0.0440642274916172,-0.2519616186618805,-0.43726077675819397,-0.08715913444757462,0.08907071501016617,0.12008307874202728,0.9849100708961487,-0.5164231061935425,0.15486042201519012,0.002399271819740534,0.6509881019592285,0.5588424801826477,-0.26154494285583496,0.6665847301483154,0.5605679750442505,-0.26154494285583496,0.6817194223403931,0.5647120475769043,-0.26154494285583496,0.6960195302963257,0.5711727142333984,-0.26154494285583496,0.7091329097747803,0.5797908902168274,-0.26154494285583496,0.7207366824150085,0.590354323387146,-0.26154494285583496,0.7305450439453125,0.6026029586791992,-0.26154494285583496,0.7383166551589966,0.6162351369857788,-0.26154494285583496,0.7438599467277527,0.6309151649475098,-0.26154494285583496,0.7470385432243347,0.6462817192077637,-0.26154494285583496,-1.5707963705062866,1.5707963705062866,-0.1923457384109497,0.07685696333646774,-14.999999999986358,14.999999999993934,4.082326746482989,30510.0
7.0401,0.0098,1,1,-1.0311030149459839,-0.5055239796638489,1.0490729808807373,-0.36332058906555176,0.05787051096558571,0.7995012998580933,-0.058197591453790665,-0.2200046181678772,-0.5011852383613586,0.9845805764198303,-0.09301510453224182,0.08873709291219711,0.11862966418266296,-0.6494354007914694,0.2562135905050332,-0.06390586682424632,-9.517086763546216,11.35026415217982,12.79266668741917,0.908643364906311,0.6677824258804321,0.5633944869041443,-0.24957168102264404,-0.058197591453790665,-0.2200046181678772,-0.5011852383613586,-0.09301510453224182,0.08873709291219711,0.11862966418266296,0.9845805764198303,-0.6494354009628296,0.25621360540390015,-0.06390586495399475,0.6677824258804321,0.5633944869041443,-0.24957168102264404,0.6833158731460571,0.5656185746192932,-0.24957168102264404,0.6983100771903992,0.5702452063560486,-0.24957168102264404,0.7123959064483643,0.5771605372428894,-0.24957168102264404,0.725226640701294,0.5861942172050476,-0.24957168102264404,0.7364860773086548,0.5971238613128662,-0.24957168102264404,0.7458972334861755,0.6096802949905396,-0.24957168102264404,0.7532281875610352,0.6235543489456177,-0.24957168102264404,0.7582985162734985,0.6384044289588928,-0.24957168102264404,0.760983407497406,0.653864860534668,-0.24957168102264404,-1.5707963705062866,1.5707963705062866,-0.17948591709136963,0.113474540412426,-14.999999999993179,14.999999999996966,3.6142922669198874,34510.0
7.0601,0.0099,1,1,-1.055790662765503,-0.6376901268959045,1.0848368406295776,-0.3601827025413513,0.058120228350162506,0.7995012998580933,-0.1168689876794815,-0.6429990530014038,-0.44441288709640503,0.9869198203086853,-0.07538602501153946,0.0838848352432251,0.11518481373786926,-0.6332591605932464,0.12657508647393592,-0.0053639242462449836,-7.5677233133162805,10.541162151543269,12.614755609859975,1.0244213342666626,0.6956079602241516,0.6958103775978088,-0.2853355407714844,-0.1168689876794815,-0.6429990530014038,-0.44441288709640503,-0.07538602501153946,0.0838848352432251,0.11518481373786926,0.9869198203086853,-0.6332591772079468,0.12657508254051208,-0.00536392442882061,0.6956079602241516,0.6958103775978088,-0.2853355407714844,0.7110636830329895,0.6985222101211548,-0.2853355407714844,0.7259048819541931,0.7036185264587402,-0.2853355407714844,0.7397661209106445,0.7109737396240234,-0.2853355407714844,0.7523061037063599,0.7204068303108215,-0.2853355407714844,0.7632160186767578,0.7316854000091553,-0.2853355407714844,0.7722272872924805,0.7445318102836609,-0.2853355407714844,0.7791179418563843,0.7586297392845154,-0.2853355407714844,0.7837183475494385,0.7736320495605469,-0.2853355407714844,0.7859152555465698,0.7891693115234375,-0.2853355407714844,-1.5707963705062866,1.5707963705062866,-0.44523024559020996,0.11634472012519836,-14.99999999999659,14.999999999998483,3.258470111801491,38510.0
7.0796,0.0092,1,1,-1.0715997219085693,-0.6497983932495117,1.072120189666748,-0.3571312725543976,0.058458805084228516,0.7995012998580933,-0.1520315259695053,-0.6126564145088196,-0.5118789672851562,0.9753592610359192,-0.16213618218898773,0.09528692066669464,0.11534568667411804,-0.7234689488297185,0.3084145605715694,-0.02236234521096219,-17.573112733416014,12.901837658259353,11.486406289585776,1.0423121452331543,0.7144684791564941,0.7082571983337402,-0.2726188898086548,-0.1520315259695053,-0.6126564145088196,-0.5118789672851562,-0.16213618218898773,0.09528692066669464,0.11534568667411804,0.9753592610359192,-0.7234689593315125,0.3084145486354828,-0.022362345829606056,0.7144684791564941,0.7082571983337402,-0.2726188898086548,0.7298336029052734,0.711442232131958,-0.2726188898086548,0.7445113658905029,0.7169917821884155,-0.2726188898086548,0.7581403255462646,0.7247689962387085,-0.2726188898086548,0.7703847885131836,0.7345825433731079,-0.2726188898086548,0.7809433341026306,0.7461907863616943,-0.2726188898086548,0.7895559668540955,0.7593077421188354,-0.2726188898086548,0.7960106134414673,0.7736105918884277,-0.2726188898086548,0.8001483678817749,0.7887470722198486,-0.2726188898086548,0.8018673062324524,0.8043444156646729,-0.2726188898086548,-1.5707963705062866,1.5707963705062866,-0.4071763753890991,0.14956948161125183,-14.999999999998295,14.999999999999241,1.0017714712530614,42510.0
7.1,0.0099,1,1,-1.0306575298309326,-0.21070092916488647,1.0407805442810059,-0.353995680809021,0.05890609696507454,0.7995012998580933,0.08098974078893661,0.9225696921348572,-0.5985666513442993,0.9732852578163147,-0.17067445814609528,0.1015239953994751,0.11522576212882996,-0.5327572534290269,0.33254839268597647,0.03403276027433956,-18.535177895424777,13.706938883268732,11.256358909679793,0.7673166394233704,0.6766618490219116,0.2696070373058319,-0.2412792444229126,0.08098974078893661,0.9225696921348572,-0.5985666513442993,-0.17067445814609528,0.1015239953994751,0.11522576212882996,0.9732852578163147,-0.5327572822570801,0.3325483798980713,0.03403276205062866,0.6766618490219116,0.2696070373058319,-0.2412792444229126,0.6919184923171997,0.2732771039009094,-0.2412792444229126,0.7064130902290344,0.279288649559021,-0.2412792444229126,0.7197889089584351,0.28749361634254456,-0.2412792444229126,0.7317163944244385,0.2976900339126587,-0.2412792444229126,0.7419020533561707,0.3096267879009247,-0.2412792444229126,0.750095009803772,0.3230099678039551,-0.2412792444229126,0.756093442440033,0.33751001954078674,-0.2412792444229126,0.759749710559845,0.3527699112892151,-0.2412792444229126,0.7609738111495972,0.36841392517089844,-0.2412792444229126,-0.03636956214904785,1.5707963705062866,0.6876202821731567,0.021362630650401115,-8.541911206938742,14.99999999999962,0.541676711441105,38510.0
7.12,0.0086,1,1,-1.039501667022705,-0.2006997913122177,1.0344555377960205,-0.35088831186294556,0.059450071305036545,0.7995012998580933,0.08374884724617004,0.9565027356147766,-0.6180140972137451,0.9726382493972778,-0.17373022437095642,0.1023130938410759,0.11542391031980515,0.19291199909331505,0.24828456099154025,-0.05614447914018468,-18.88846421411032,13.835345515848095,11.223019596794815,0.7727029323577881,0.6886133551597595,0.26014986634254456,-0.23495423793792725,0.08374884724617004,0.9565027356147766,-0.6180140972137451,-0.17373022437095642,0.1023130938410759,0.11542391031980515,0.9726382493972778,0.1929119974374771,0.24828456342220306,-0.05614447966217995,0.6886133551597595,0.26014986634254456,-0.23495423793792725,0.7037465572357178,0.26429933309555054,-0.23495423793792725,0.7180444002151489,0.2707650661468506,-0.23495423793792725,0.7311546802520752,0.279387891292572,-0.23495423793792725,0.7427546977996826,0.2899554371833801,-0.23495423793792725,0.7525587677955627,0.3022075295448303,-0.23495423793792725,0.7603254914283752,0.3158424496650696,-0.23495423793792725,0.7658635973930359,0.3305245041847229,-0.23495423793792725,0.7690367698669434,0.34589213132858276,-0.23495423793792725,0.7697668075561523,0.361566960811615,-0.23495423793792725,0.13948416709899902,1.5707963705062866,0.7004269361495972,0.021362630650401115,-0.27502856163428113,14.99999999999981,0.4749980856711544,34510.0
7.1398,0.0081,1,1,-1.0453215837478638,-0.1511562019586563,1.0968014001846313,-0.34781351685523987,0.06008868291974068,0.7995012998580933,0.13450783491134644,1.1408628225326538,-0.5786800980567932,0.9713749885559082,-0.17733237147331238,0.10601549595594406,0.11722898483276367,1.0165770576150848,0.032011693564862234,-0.09010361965514035,-19.264176596606482,14.33190629636293,11.318016969091804,0.7871018648147583,0.6975080966949463,0.2112448811531067,-0.2973001003265381,0.13450783491134644,1.1408628225326538,-0.5786800980567932,-0.17733237147331238,0.10601549595594406,0.11722898483276367,0.9713749885559082,1.0165770053863525,0.032011695206165314,-0.0901036188006401,0.6975080966949463,0.2112448811531067,-0.2973001003265381,0.7125035524368286,0.21586748957633972,-0.2973001003265381,0.7265912890434265,0.22277900576591492,-0.2973001003265381,0.7394243478775024,0.23180922865867615,-0.2973001003265381,0.7506868243217468,0.24273580312728882,-0.2973001003265381,0.760101318359375,0.2552897036075592,-0.2973001003265381,0.7674360275268555,0.26916179060935974,-0.2973001003265381,0.7725104093551636,0.28401049971580505,-0.2973001003265381,0.7751994729042053,0.2994701862335205,-0.2973001003265381,0.7754369974136353,0.31516021490097046,-0.2973001003265381,1.2317472696304321,1.5707963705062866,0.5386215448379517,0.021362630650401115,7.362485719182859,14.999999999999904,0.6649928302651267,30510.0
7.1605,0.0107,1,1,-1.046988606452942,-0.11093459278345108,1.0259160995483398,-0.3446710705757141,0.06084653362631798,0.7995012998580933,0.17722277343273163,1.249514102935791,-0.736578106880188,0.9731287360191345,-0.16591542959213257,0.10972528904676437,0.11597839742898941,1.8600602291257606,-0.12877411684266318,-0.11276002986531235,-17.90176753006201,14.598195163129242,11.281474868250813,0.7576426267623901,0.7023175358772278,0.17178112268447876,-0.22641479969024658,0.17722277343273163,1.249514102935791,-0.736578106880188,-0.16591542959213257,0.10972528904676437,0.11597839742898941,0.9731287360191345,1.860060214996338,-0.12877412140369415,-0.112760029733181,0.7023175358772278,0.17178112268447876,-0.22641479969024658,0.7171558141708374,0.17688599228858948,-0.22641479969024658,0.731012761592865,0.18424922227859497,-0.22641479969024658,0.7435473203659058,0.1936895102262497,-0.22641479969024658,0.7544506788253784,0.20497441291809082,-0.22641479969024658,0.7634545564651489,0.21782603859901428,-0.22641479969024658,0.7703371047973633,0.23192793130874634,-0.22641479969024658,0.7749288082122803,0.24693289399147034,-0.22641479969024658,0.7771167755126953,0.26247143745422363,-0.22641479969024658,0.7768470048904419,0.2781609296798706,-0.22641479969024658,1.5707963705062866,1.5707963705062866,0.7701128721237183,0.023931778967380524,11.18124285959143,14.999999999999952,0.5919086285831755,29452.0
7.1804,0.0098,1,1,-1.0560563802719116,-0.09307645261287689,1.0864927768707275,-0.34173187613487244,0.06165381893515587,0.7995012998580933,0.21456705033779144,1.2886697053909302,-0.6617164015769958,0.9775526523590088,-0.14087195694446564,0.10919399559497833,0.11234131455421448,2.667160891720428,-0.22304227129717177,-0.1283016387757695,-14.997766295702869,14.18994442770193,11.234127256867405,0.7852165102958679,0.7143244743347168,0.15473027527332306,-0.2869914770126343,0.21456705033779144,1.2886697053909302,-0.6617164015769958,-0.14087195694446564,0.10919399559497833,0.11234131455421448,0.9775526523590088,2.667160987854004,-0.22304226458072662,-0.12830163538455963,0.7143244743347168,0.15473027527332306,-0.2869914770126343,0.7290002703666687,0.16028499603271484,-0.2869914770126343,0.742626428604126,0.16806712746620178,-0.2869914770126343,0.754867434501648,0.1778850257396698,-0.2869914770126343,0.7654218077659607,0.1894969940185547,-0.2869914770126343,0.7740297913551331,0.20261704921722412,-0.2869914770126343,0.7804793119430542,0.21692216396331787,-0.2869914770126343,0.784611701965332,0.23206008970737457,-0.2869914770126343,0.7863250970840454,0.24765808880329132,-0.2869914770126343,0.7855772972106934,0.2633320689201355,-0.2869914770126343,1.5707963705062866,1.5707963705062866,0.4955536127090454,0.021362630650401115,13.090621429795714,14.999999999999975,0.49721340581635276,29452.0
7.1999,0.009,1,1,-1.061497688293457,-0.08362511545419693,1.037814736366272,-0.33873164653778076,0.06257858127355576,0.7995012998580933,0.22399325668811798,1.2779626846313477,-0.8623208999633789,0.9790104627609253,-0.1307813674211502,0.11121608316898346,0.1098347157239914,3.2144295767712423,-0.23261069284344704,-0.11722439499153145,-13.82851963003129,14.27002857192497,11.063073653521847,0.7749577760696411,0.7227660417556763,0.14620369672775269,-0.2383134365081787,0.22399325668811798,1.2779626846313477,-0.8623208999633789,-0.1307813674211502,0.11121608316898346,0.1098347157239914,0.9790104627609253,3.2144296169281006,-0.23261068761348724,-0.11722439527511597,0.7227660417556763,0.14620369672775269,-0.2383134365081787,0.7372602224349976,0.152216374874115,-0.2383134365081787,0.7506353855133057,0.1604223996400833,-0.2383134365081787,0.762562096118927,0.17061974108219147,-0.2383134365081787,0.7727468013763428,0.18255728483200073,-0.2383134365081787,0.7809386849403381,0.19594109058380127,-0.2383134365081787,0.7869359850883484,0.21044161915779114,-0.2383134365081787,0.7905911207199097,0.22570180892944336,-0.2383134365081787,0.7918139696121216,0.24134591221809387,-0.2383134365081787,0.7905745506286621,0.2569887042045593,-0.2383134365081787,1.5707963705062866,1.5707963705062866,0.6823548078536987,0.03216791898012161,14.045310714897857,14.999999999999988,0.15510619912524376,29452.0
7.22,0.0107,1,1,-1.0577044486999512,-0.04532570019364357,1.082624912261963,-0.33576297760009766,0.0635966807603836,0.7995012998580933,0.2968429625034332,1.3617514371871948,-0.4163142442703247,0.9859468936920166,-0.07063807547092438,0.10847549885511398,0.10559385269880295,3.4250680421333155,-0.1650564659345495,-0.08811797506875568,-6.866364383573124,13.227613431584544,11.428919943236203,0.783085286617279,0.7219414710998535,0.10892237722873688,-0.28312361240386963,0.2968429625034332,1.3617514371871948,-0.4163142442703247,-0.07063807547092438,0.10847549885511398,0.10559385269880295,0.9859468936920166,3.4250681400299072,-0.16505646705627441,-0.08811797201633453,0.7219414710998535,0.10892237722873688,-0.28312361240386963,0.7362397909164429,0.11538691818714142,-0.28312361240386963,0.7493508458137512,0.12400862574577332,-0.28312361240386963,0.7609517574310303,0.13457520306110382,-0.28312361240386963,0.7707568407058716,0.14682646095752716,-0.28312361240386963,0.7785246968269348,0.16046075522899628,-0.28312361240386963,0.7840640544891357,0.1751423329114914,-0.28312361240386963,0.7872384786605835,0.19050969183444977,-0.28312361240386963,0.7879698276519775,0.20618446171283722,-0.28312361240386963,0.7862401008605957,0.2217806577682495,-0.28312361240386963,1.5707963705062866,1.5707963705062866,0.3881486654281616,0.021362630650401115,14.52265535744893,14.999999999999993,0.8867987785539413,29452.0
7.2397,0.009,1,1,-1.0724726915359497,-0.03734787553548813,1.0344524383544922,-0.3328246772289276,0.0647086575627327,0.7995012998580933,0.2595510184764862,1.3347746133804321,-0.7105473875999451,0.9876192212104797,-0.04273559898138046,0.11116252094507217,0.10209277272224426,3.2130535214359983,-0.08816631144254063,-0.0628227924984247,-3.634373569013087,13.196916609009921,11.383127718180424,0.7827494740486145,0.7396479845046997,0.10205653309822083,-0.23495113849639893,0.2595510184764862,1.3347746133804321,-0.7105473875999451,-0.04273559898138046,0.11116252094507217,0.10209277272224426,0.9876192212104797,3.2130534648895264,-0.08816631138324738,-0.06282278895378113,0.7396479845046997,0.10205653309822083,-0.23495113849639893,0.7537362575531006,0.10896703600883484,-0.23495113849639893,0.766569972038269,0.11799634248018265,-0.23495113849639893,0.7778332233428955,0.12892211973667145,-0.23495113849639893,0.7872486114501953,0.1414753496646881,-0.23495113849639893,0.794584333896637,0.15534690022468567,-0.23495113849639893,0.7996597290039062,0.17019525170326233,-0.23495113849639893,0.8023499250411987,0.18565475940704346,-0.23495113849639893,0.8025885224342346,0.20134475827217102,-0.23495113849639893,0.8003697395324707,0.21687892079353333,-0.23495113849639893,1.5707963705062866,1.5707963705062866,0.6244348287582397,0.021362630650401115,14.761327678724465,14.999999999999996,0.7952143284423534,29452.0
7.2597,0.0095,1,1,-1.0640913248062134,0.003818065859377384,1.0077002048492432,-0.32992830872535706,0.0659099742770195,0.7995012998580933,0.30668580532073975,1.3634365797042847,-0.7729538083076477,0.9885702133178711,-0.01241342630237341,0.11405305564403534,0.09779971092939377,2.760860752565449,0.12719068448228615,-0.11648855525996415,-0.13148120779986266,13.175054234249272,11.284620758139837,0.7656353712081909,0.7341630458831787,0.06209190934896469,-0.2081989049911499,0.30668580532073975,1.3634365797042847,-0.7729538083076477,-0.01241342630237341,0.11405305564403534,0.09779971092939377,0.9885702133178711,2.7608606815338135,0.12719067931175232,-0.11648855358362198,0.7341630458831787,0.06209190934896469,-0.2081989049911499,0.7480276823043823,0.06944071501493454,-0.2081989049911499,0.7605719566345215,0.07886794954538345,-0.2081989049911499,0.7714871168136597,0.09014148265123367,-0.2081989049911499,0.7805043458938599,0.1029837355017662,-0.2081989049911499,0.787401556968689,0.11707846820354462,-0.2081989049911499,0.7920089960098267,0.1320786476135254,-0.2081989049911499,0.794213056564331,0.14761489629745483,-0.2081989049911499,0.7939596176147461,0.1633046567440033,-0.2081989049911499,0.7912549376487732,0.17876163125038147,-0.2081989049911499,1.5707963705062866,1.5707963705062866,0.8220227956771851,0.03197654336690903,14.880663839362231,14.999999999999998,0.598200408361207,29452.0
7.2799,0.0106,1,1,-1.0590986013412476,0.026490336284041405,1.0729061365127563,-0.3270532488822937,0.067209891974926,0.7995012998580933,0.3791303038597107,1.3482545614242554,-0.3321079909801483,0.9887950420379639,0.02465902268886566,0.1137167364358902,0.09350305795669556,2.243568608744567,-0.08752830126914171,-0.05301924711740908,4.11706841600415,12.725109351010484,11.263205325299918,0.7824951410293579,0.7320453524589539,0.04071955382823944,-0.2734048366546631,0.3791303038597107,1.3482545614242554,-0.3321079909801483,0.02465902268886566,0.1137167364358902,0.09350305795669556,0.9887950420379639,2.2435686588287354,-0.0875283032655716,-0.05301924794912338,0.7320453524589539,0.04071955382823944,-0.2734048366546631,0.745671272277832,0.048502109944820404,-0.2734048366546631,0.7579119205474854,0.05832041800022125,-0.2734048366546631,0.7684659957885742,0.06993269920349121,-0.2734048366546631,0.7770735025405884,0.08305303752422333,-0.2734048366546631,0.7835226058959961,0.09735836088657379,-0.2734048366546631,0.7876545190811157,0.11249642819166183,-0.2734048366546631,0.7893673777580261,0.12809447944164276,-0.2734048366546631,0.7886191010475159,0.14376844465732574,-0.2734048366546631,0.7854280471801758,0.15913239121437073,-0.2734048366546631,1.5707963705062866,1.5707963705062866,0.4984649419784546,0.021362630650401115,14.940331919681116,15.0,0.5553695426813534,29452.0
7.3,0.0097,1,1,-1.0511409044265747,0.05340752750635147,1.0658901929855347,-0.32422637939453125,0.06859691441059113,0.7995012998580933,0.4164635241031647,1.3430849313735962,-0.3703190088272095,0.988111674785614,0.04519287496805191,0.11589821428060532,0.09032443910837173,1.7421957766557423,0.06376734499685936,-0.09751667002980884,6.490587897689741,12.76053189584602,11.172436998737421,0.7743374109268188,0.7269145250320435,0.015189386904239655,-0.2663888931274414,0.4164635241031647,1.3430849313735962,-0.3703190088272095,0.04519287496805191,0.11589821428060532,0.09032443910837173,0.988111674785614,1.742195725440979,0.06376734375953674,-0.09751667082309723,0.7269145250320435,0.015189386904239655,-0.2663888931274414,0.7402886152267456,0.023397088050842285,-0.2663888931274414,0.7522140741348267,0.03359591215848923,-0.2663888931274414,0.7623973488807678,0.04553472250699997,-0.2663888931274414,0.7705875635147095,0.05891955643892288,-0.2663888931274414,0.7765830755233765,0.07342083007097244,-0.2663888931274414,0.7802362442016602,0.08868148177862167,-0.2663888931274414,0.7814571857452393,0.10432571917772293,-0.2663888931274414,0.7802157998085022,0.11996836215257645,-0.2663888931274414,0.7765426635742188,0.13522422313690186,-0.2663888931274414,1.5707963705062866,1.5707963705062866,0.6078263521194458,0.021362630650401115,14.970165959840557,15.0,0.37383288955637695,29452.0
7.3195,0.0093,1,1,-1.054028868675232,0.0724877193570137,1.0948163270950317,-0.32149359583854675,0.07004528492689133,0.7995012998580933,0.3816302716732025,1.2729510068893433,-0.11626333743333817,0.9872769117355347,0.07002002000808716,0.1096944659948349,0.09135957807302475,1.3273830036874907,-0.08157096803582417,-0.1352551523819664,9.305310327282742,11.759473549893459,11.534192373333596,0.7898257970809937,0.7325352430343628,-0.0024424344301223755,-0.2953150272369385,0.3816302716732025,1.2729510068893433,-0.11626333743333817,0.07002002000808716,0.1096944659948349,0.09135957807302475,0.9872769117355347,1.327383041381836,-0.08157096803188324,-0.13525515794754028,0.7325352430343628,-0.0024424344301223755,-0.2953150272369385,0.7456491589546204,0.006174929440021515,-0.2953150272369385,0.7572535276412964,0.016737669706344604,-0.2953150272369385,0.7670626640319824,0.02898569405078888,-0.2953150272369385,0.7748349905014038,0.04261740297079086,-0.2953150272369385,0.7803792357444763,0.05729716271162033,-0.2953150272369385,0.78355872631073,0.07266347855329514,-0.2953150272369385,0.7842953205108643,0.08833799511194229,-0.2953150272369385,0.7825707197189331,0.10393477231264114,-0.2953150272369385,0.7784276008605957,0.11906973272562027,-0.2953150272369385,1.5707963705062866,1.5707963705062866,0.4861823320388794,0.021362630650401115,14.985082979920278,15.0,1.0973436387486954,29452.0
7.3394,0.0091,1,1,-1.0621134042739868,0.0910254716873169,1.0363380908966064,-0.31877267360687256,0.07159772515296936,0.7995012998580933,0.2728440761566162,1.317839503288269,-0.6255658268928528,0.9872459173202515,0.06996706128120422,0.10814540833234787,0.09355594217777252,0.9721133861083124,-0.1132068666843356,-0.10496785354233587,9.303584257013974,11.562722783921327,11.770888421210337,0.7804002165794373,0.7433407306671143,-0.019427746534347534,-0.23683679103851318,0.2728440761566162,1.317839503288269,-0.6255658268928528,0.06996706128120422,0.10814540833234787,0.09355594217777252,0.9872459173202515,0.9721133708953857,-0.11320686340332031,-0.10496785491704941,0.7433407306671143,-0.019427746534347534,-0.23683679103851318,0.7561782598495483,-0.010403841733932495,-0.23683679103851318,0.7674461007118225,0.0005171969532966614,-0.23683679103851318,0.7768667936325073,0.01306646317243576,-0.23683679103851318,0.784208357334137,0.02693493664264679,-0.23683679103851318,0.7892900109291077,0.041781142354011536,-0.23683679103851318,0.7919867038726807,0.05723951756954193,-0.23683679103851318,0.7922319173812866,0.07292942702770233,-0.23683679103851318,0.7900196313858032,0.08846451342105865,-0.23683679103851318,0.7854044437408447,0.10346227884292603,-0.23683679103851318,1.5707963705062866,1.5707963705062866,0.9354726076126099,0.021362630650401115,14.99254148996014,15.0,1.5707357345022193,29452.0
7.36,0.0097,1,1,-1.0679575204849243,0.10705181956291199,1.0946784019470215,-0.3160392940044403,0.07327426970005035,0.7995012998580933,0.24838502705097198,1.2221667766571045,-0.1759667843580246,0.9866955280303955,0.08910589665174484,0.09994463622570038,0.09220157563686371,0.6946022134050498,-0.16515199019389928,-0.11568607824449603,11.39232904450958,10.416270301759473,11.718782107541758,0.8084871172904968,0.7519181966781616,-0.03377754986286163,-0.2951771020889282,0.24838502705097198,1.2221667766571045,-0.1759667843580246,0.08910589665174484,0.09994463622570038,0.09220157563686371,0.9866955280303955,0.6946021914482117,-0.16515198349952698,-0.1156860813498497,0.7519181966781616,-0.03377754986286163,-0.2951771020889282,0.7644598484039307,-0.024346686899662018,-0.2951771020889282,0.7753717303276062,-0.0130700021982193,-0.2951771020889282,0.7843852043151855,-0.00022514909505844116,-0.2951771020889282,0.7912783622741699,0.013871580362319946,-0.2951771020889282,0.7958813905715942,0.028873085975646973,-0.2951771020889282,0.7980810403823853,0.04440996050834656,-0.2951771020889282,0.7978231310844421,0.060099661350250244,-0.2951771020889282,0.7951139211654663,0.07555584609508514,-0.2951771020889282,0.790020227432251,0.0903979241847992,-0.2951771020889282,1.5707963705062866,1.5707963705062866,0.603774905204773,0.021362630650401115,14.99627074498007,15.0,1.4665231071650264,29452.0
7.3809,0.0097,1,1,-1.062656283378601,0.1312580108642578,1.0907129049301147,-0.31339162588119507,0.07501676678657532,0.7995012998580933,0.2816643714904785,1.198347806930542,-0.22110728919506073,0.9863819479942322,0.09490073472261429,0.0994134396314621,0.09033013880252838,0.4302989548385215,-0.10368425983118812,-0.12365443931833806,12.037042216058058,10.310030205604914,11.554679134462171,0.805831789970398,0.749264657497406,-0.056241244077682495,-0.2912116050720215,0.2816643714904785,1.198347806930542,-0.22110728919506073,0.09490073472261429,0.0994134396314621,0.09033013880252838,0.9863819479942322,0.43029895424842834,-0.10368426144123077,-0.12365444004535675,0.749264657497406,-0.056241244077682495,-0.2912116050720215,0.7615010738372803,-0.04641765356063843,-0.2912116050720215,0.772050142288208,-0.034800805151462555,-0.2912116050720215,0.7806520462036133,-0.021676748991012573,-0.2912116050720215,0.7870949506759644,-0.007368646562099457,-0.2912116050720215,0.7912202477455139,0.007771208882331848,-0.2912116050720215,0.7929263710975647,0.02336999773979187,-0.2912116050720215,0.7921713590621948,0.03904363512992859,-0.2912116050720215,0.7889736890792847,0.054406195878982544,-0.2912116050720215,0.7834120988845825,0.06907938420772552,-0.2912116050720215,1.5707963705062866,1.5707963705062866,0.6743918657302856,0.021362630650401115,14.998135372490035,15.0,1.138317161005853,29452.0
7.4004,0.0107,1,1,-1.110732913017273,0.12760348618030548,1.060601830482483,-0.31084802746772766,0.07680770754814148,0.7995012998580933,-0.0027062133885920048,1.0365102291107178,-0.4317306876182556,0.9866541624069214,0.10339132696390152,0.08088508248329163,0.09632978588342667,0.2934501918273869,0.04506660285518773,-0.09866031462567292,12.813650865496946,8.030016944239925,12.055665031274454,0.8429529070854187,0.7998849153518677,-0.050795778632164,-0.26110053062438965,-0.0027062133885920048,1.0365102291107178,-0.4317306876182556,0.10339132696390152,0.08088508248329163,0.09632978588342667,0.9866541624069214,0.2934502065181732,0.045066602528095245,-0.09866031259298325,0.7998849153518677,-0.050795778632164,-0.26110053062438965,0.8118098378181458,-0.04059632867574692,-0.26110053062438965,0.8219923973083496,-0.0286569744348526,-0.26110053062438965,0.8301819562911987,-0.015271708369255066,-0.26110053062438965,0.8361766934394836,-0.0007701218128204346,-0.26110053062438965,0.8398290872573853,0.014490708708763123,-0.26110053062438965,0.8410491943359375,0.030135035514831543,-0.26110053062438965,0.8398069739341736,0.04577760398387909,-0.26110053062438965,0.8361330032348633,0.06103326380252838,-0.26110053062438965,0.8301178216934204,0.07552637159824371,-0.26110053062438965,1.5707963705062866,1.5707963705062866,0.847199559211731,0.021362630650401115,14.999067686245017,15.0,2.140288954630448,29452.0
7.4197,0.01,1,1,-1.1105097532272339,0.14804567396640778,1.0515023469924927,-0.30835896730422974,0.07867874950170517,0.7995012998580933,0.025131501257419586,1.00748872756958,-0.4775305390357971,0.9863184094429016,0.10696461796760559,0.08195272833108902,0.0949537381529808,0.46625988535397045,0.1291879637536831,-0.14507674900174572,13.23017912844089,8.1259486494265,11.94185021133471,0.8436599969863892,0.8021507859230042,-0.0693669244647026,-0.2520010471343994,0.025131501257419586,1.00748872756958,-0.4775305390357971,0.10696461796760559,0.08195272833108902,0.0949537381529808,0.9863184094429016,0.4662598967552185,0.1291879564523697,-0.14507675170898438,0.8021507859230042,-0.0693669244647026,-0.2520010471343994,0.8137524127960205,-0.05880114436149597,-0.2520010471343994,0.8235583305358887,-0.04655054956674576,-0.2520010471343994,0.8313270807266235,-0.03291679173707962,-0.2520010471343994,0.8368674516677856,-0.018235594034194946,-0.2520010471343994,0.8400429487228394,-0.0028684288263320923,-0.2520010471343994,0.8407753705978394,0.012806281447410583,-0.2520010471343994,0.8390467166900635,0.028402596712112427,-0.2520010471343994,0.8348995447158813,0.0435364693403244,-0.2520010471343994,0.828436017036438,0.05783526599407196,-0.2520010471343994,1.5707963705062866,1.5707963705062866,0.8922396898269653,0.021362630650401115,14.999533843122508,15.0,1.9126593147509363,29452.0
7.4397,0.0097,1,1,-1.1097228527069092,0.16789323091506958,1.0415066480636597,-0.3059290647506714,0.08062665909528732,0.7995012998580933,0.05344555526971817,0.9772380590438843,-0.5224733948707581,0.9857456684112549,0.11467242985963821,0.07042397558689117,0.10096637904644012,0.4163716210228159,0.24803578845621324,-0.14543341285073458,13.99993951237164,6.643086627617496,12.51295628142147,0.8439587950706482,0.8037937879562378,-0.08726657181978226,-0.2420053482055664,0.05344555526971817,0.9772380590438843,-0.5224733948707581,0.11467242985963821,0.07042397558689117,0.10096637904644012,0.9857456684112549,0.416371613740921,0.24803578853607178,-0.14543341100215912,0.8037937879562378,-0.08726657181978226,-0.2420053482055664,0.8150607347488403,-0.07634464651346207,-0.2420053482055664,0.8244804739952087,-0.06379464268684387,-0.2420053482055664,0.8318209648132324,-0.04992558807134628,-0.2420053482055664,0.8369014263153076,-0.035078972578048706,-0.2420053482055664,0.8395968675613403,-0.019620388746261597,-0.2420053482055664,0.839840829372406,-0.0039304643869400024,-0.2420053482055664,0.8376274108886719,0.011604458093643188,-0.2420053482055664,0.8330109715461731,0.026601850986480713,-0.2420053482055664,0.8261052370071411,0.04069243371486664,-0.2420053482055664,1.5707963705062866,1.5707963705062866,0.9460605382919312,0.021362630650401115,14.999766921561253,15.0,3.054871454924468,29452.0
7.4599,0.0101,1,1,-1.1574164628982544,0.1646372675895691,1.0474517345428467,-0.3035174310207367,0.08268769830465317,0.7995012998580933,-0.14829720556735992,0.8532987236976624,-0.6231352686882019,0.9851552844047546,0.11875350773334503,0.07409212738275528,0.0993737280368805,0.4332825274972509,0.3425346475625283,-0.17861233871245952,14.512464813842495,7.029625995486235,12.416158233469398,0.8929381966590881,0.8538990020751953,-0.08194956928491592,-0.24795043468475342,-0.14829720556735992,0.8532987236976624,-0.6231352686882019,0.11875350773334503,0.07409212738275528,0.0993737280368805,0.9851552844047546,0.4332825243473053,0.3425346612930298,-0.1786123365163803,0.8538990020751953,-0.08194956928491592,-0.24795043468475342,0.8648139238357544,-0.07067575305700302,-0.24795043468475342,0.8738307952880859,-0.05783327668905258,-0.24795043468475342,0.8807276487350464,-0.043738365173339844,-0.24795043468475342,0.8853346109390259,-0.028738081455230713,-0.24795043468475342,0.8875383734703064,-0.013201773166656494,-0.24795043468475342,0.887284517288208,0.0024879872798919678,-0.24795043468475342,0.8845794200897217,0.017944887280464172,-0.24795043468475342,0.8794896602630615,0.03278830647468567,-0.24795043468475342,0.8721405267715454,0.046652764081954956,-0.24795043468475342,1.2864934206008911,1.5707963705062866,0.9650522470474243,0.021362630650401115,14.999883460780627,15.0,2.8612753590203037,29452.0
7.4798,0.0097,1,1,-1.1601208448410034,0.1813623458147049,1.0345441102981567,-0.3011888265609741,0.08480872213840485,0.7995012998580933,-0.12215353548526764,0.8191531300544739,-0.6680018305778503,0.9846422076225281,0.12172605097293854,0.07808911800384521,0.09778857976198196,0.2730047379541987,0.443726346738592,-0.19052873623380315,14.902033477011688,7.468023297805606,12.321359493609993,0.8957298398017883,0.8589320182800293,-0.09655362367630005,-0.23504281044006348,-0.12215353548526764,0.8191531300544739,-0.6680018305778503,0.12172605097293854,0.07808911800384521,0.09778857976198196,0.9846422076225281,0.2730047404766083,0.4437263607978821,-0.1905287355184555,0.8589320182800293,-0.09655362367630005,-0.23504281044006348,0.8694864511489868,-0.08494165539741516,-0.23504281044006348,0.8780943155288696,-0.07182157039642334,-0.23504281044006348,0.8845438957214355,-0.057516440749168396,-0.23504281044006348,0.8886761665344238,-0.0423785001039505,-0.23504281044006348,0.8903895616531372,-0.026780501008033752,-0.23504281044006348,0.8896417021751404,-0.011106505990028381,-0.23504281044006348,0.8864511251449585,0.004257515072822571,-0.23504281044006348,0.8808963894844055,0.018933281302452087,-0.23504281044006348,0.8731142282485962,0.032559409737586975,-0.23504281044006348,1.4777084589004517,1.5707963705062866,1.04049551486969,0.021362630650401115,14.999941730390313,15.0,2.671677879301518,29452.0
7.4996,0.0094,1,1,-1.174231767654419,0.18286128342151642,1.1061598062515259,-0.2989467978477478,0.08698339760303497,0.7995012998580933,-0.11353988945484161,0.6975687742233276,-0.17568209767341614,0.9837378859519958,0.12518157064914703,0.0842384323477745,0.09742335975170135,0.21497925149133423,0.4307662397412895,-0.13733401592888225,15.388912664386549,8.12573263343345,12.411192440462665,0.9323925375938416,0.8752849698066711,-0.09587788581848145,-0.3066585063934326,-0.11353988945484161,0.6975687742233276,-0.17568209767341614,0.12518157064914703,0.0842384323477745,0.09742335975170135,0.9837378859519958,0.21497924625873566,0.430766224861145,-0.13733401894569397,0.8752849698066711,-0.09587788581848145,-0.3066585063934326,0.8854715824127197,-0.08394195139408112,-0.3066585063934326,0.8936655521392822,-0.07055944204330444,-0.3066585063934326,0.8996651768684387,-0.05605986714363098,-0.3066585063934326,0.903322696685791,-0.04080025851726532,-0.3066585063934326,0.9045480489730835,-0.025156348943710327,-0.3066585063934326,0.9033111333847046,-0.009513363242149353,-0.3066585063934326,0.8996422290802002,0.005743533372879028,-0.3066585063934326,0.8936319351196289,0.02023865282535553,-0.3066585063934326,0.8854279518127441,0.03361508250236511,-0.3066585063934326,0.24192142486572266,1.5707963705062866,0.6216100454330444,0.021362630650401115,14.430509174493736,15.0,2.851343773006863,29452.0
7.5201,0.0108,1,1,-1.1762118339538574,0.1964549571275711,1.1021777391433716,-0.2967292368412018,0.08927451819181442,0.7995012998580933,-0.08438947796821594,0.6617437601089478,-0.22258049249649048,0.9832773208618164,0.1265915334224701,0.08822911977767944,0.0967150628566742,0.15074130928510107,0.26498902254722373,-0.06444541077752876,15.605912802648557,8.570182952550727,12.411627344188238,0.9362640380859375,0.879482626914978,-0.10718043893575668,-0.3026764392852783,-0.08438947796821594,0.6617437601089478,-0.22258049249649048,0.1265915334224701,0.08822911977767944,0.0967150628566742,0.9832773208618164,0.150741308927536,0.2649890184402466,-0.06444541364908218,0.879482626914978,-0.10718043893575668,-0.3026764392852783,0.8892834782600403,-0.09492582082748413,-0.3026764392852783,0.897046685218811,-0.08128887414932251,-0.3026764392852783,0.902580976486206,-0.06660538911819458,-0.3026764392852783,0.9057501554489136,-0.05123692750930786,-0.3026764392852783,0.9064761400222778,-0.03556191921234131,-0.3026764392852783,0.9047410488128662,-0.01996631920337677,-0.3026764392852783,0.9005876779556274,-0.0048341453075408936,-0.3026764392852783,0.8941182494163513,0.00946199893951416,-0.3026764392852783,0.8854920864105225,0.02257007360458374,-0.3026764392852783,0.3401072025299072,1.5707963705062866,0.6306637525558472,0.021362630650401115,14.715254587246868,15.0,2.852213580457996,29452.0
7.5402,0.0096,1,1,-1.1692417860031128,0.20409473776817322,1.179174542427063,-0.29464831948280334,0.09156420081853867,0.7995012998580933,0.01827557571232319,0.5833413004875183,0.27554577589035034,0.9827385544776917,0.1252841204404831,0.0957430750131607,0.09674742072820663,0.016523633957964374,0.09932801072284782,-0.019324774880536837,15.569092508628435,9.43560386732441,12.537705162579242,0.9600670337677002,0.8745934963226318,-0.11253053694963455,-0.3796732425689697,0.01827557571232319,0.5833413004875183,0.27554577589035034,0.1252841204404831,0.0957430750131607,0.09674742072820663,0.9827385544776917,0.016523633152246475,0.09932801127433777,-0.01932477578520775,0.8745934963226318,-0.11253053694963455,-0.3796732425689697,0.8840105533599854,-0.09997857362031937,-0.3796732425689697,0.891348123550415,-0.08610798418521881,-0.3796732425689697,0.8964255452156067,-0.07126031816005707,-0.3796732425689697,0.8991177082061768,-0.055801182985305786,-0.3796732425689697,0.8993584513664246,-0.040111199021339417,-0.3796732425689697,0.8971417546272278,-0.024576738476753235,-0.3796732425689697,0.8925222158432007,-0.00958031415939331,-0.3796732425689697,0.8856136202812195,0.004508838057518005,-0.3796732425689697,0.8765860199928284,0.017343789339065552,-0.3796732425689697,-0.16764390468597412,1.5707963705062866,0.22428107261657715,0.021362630650401115,2.5549831938235528,15.0,3.1043692172399853,29452.0
7.561,0.0095,1,1,-1.1685436964035034,0.21540193259716034,1.1842237710952759,-0.29258784651756287,0.09397929906845093,0.7995012998580933,0.05156979709863663,0.547405481338501,0.2292449176311493,0.9827113151550293,0.12482815980911255,0.09668111056089401,0.09668058156967163,-0.11558839848913896,0.037900789537030286,0.008721858291644659,15.530061742732363,9.548494315311318,12.54251289144487,0.9643927812576294,0.8759558200836182,-0.12142263352870941,-0.3847224712371826,0.05156979709863663,0.547405481338501,0.2292449176311493,0.12482815980911255,0.09668111056089401,0.09668058156967163,0.9827113151550293,-0.11558839678764343,0.03790079057216644,0.008721858263015747,0.8759558200836182,-0.12142263352870941,-0.3847224712371826,0.8849697113037109,-0.10857807844877243,-0.3847224712371826,0.8918633460998535,-0.09448157250881195,-0.3847224712371826,0.8964669108390808,-0.07948021590709686,-0.3847224712371826,0.89866703748703,-0.06394340097904205,-0.3847224712371826,0.8984096050262451,-0.04825370013713837,-0.3847224712371826,0.8957009315490723,-0.032797425985336304,-0.3847224712371826,0.8906077146530151,-0.01795518398284912,-0.3847224712371826,0.8832553625106812,-0.004092425107955933,-0.3847224712371826,0.8738248944282532,0.0084494948387146,-0.3847224712371826,-0.15250563621520996,1.5707963705062866,0.22008752822875977,0.021362630650401115,-3.09147305663273,15.0,3.113984674971246,29452.0
7.5798,0.01,1,1,-1.1525917053222656,0.22602000832557678,1.2489900588989258,-0.2906336784362793,0.09642165899276733,0.7995012998580933,0.1685435026884079,0.5003127455711365,0.5781076550483704,0.9828566908836365,0.11996254324913025,0.10039200633764267,0.09757580608129501,-0.5388375498033003,0.049419485561462605,0.046261334370900103,15.031901831716869,10.016456469523613,12.664060875764552,0.9807178974151611,0.8619580268859863,-0.12959834933280945,-0.4494887590408325,0.1685435026884079,0.5003127455711365,0.5781076550483704,0.11996254324913025,0.10039200633764267,0.09757580608129501,0.9828566908836365,-0.5388375520706177,0.04941948503255844,0.04626133292913437,0.8619580268859863,-0.12959834933280945,-0.4494887590408325,0.8705657720565796,-0.11647816002368927,-0.4494887590408325,0.8770151138305664,-0.10217294842004776,-0.4494887590408325,0.8811472654342651,-0.08703495562076569,-0.4494887590408325,0.8828604221343994,-0.07143694162368774,-0.4494887590408325,0.8821123838424683,-0.05576296150684357,-0.4494887590408325,0.878921627998352,-0.040398970246315,-0.4494887590408325,0.8733667135238647,-0.025723278522491455,-0.4494887590408325,0.8655843734741211,-0.01209723949432373,-0.4494887590408325,0.8557662963867188,0.00014360249042510986,-0.4494887590408325,-0.30474305152893066,1.5707963705062866,-0.02026987075805664,0.021362630650401115,-9.045736528316365,15.0,3.357080643610634,29452.0
7.5996,0.0092,1,1,-1.148869514465332,0.23567932844161987,1.2600969076156616,-0.2887640595436096,0.09891402721405029,0.7995012998580933,0.2037854790687561,0.465553879737854,0.5331789255142212,0.9837101697921753,0.11175291240215302,0.10016517341136932,0.09894675761461258,-1.307195709992472,0.06124142824908167,0.04333343842371018,14.08975672805264,10.075854506469419,12.735905496866469,0.9852078557014465,0.8601054549217224,-0.13676530122756958,-0.46059560775756836,0.2037854790687561,0.465553879737854,0.5331789255142212,0.11175291240215302,0.10016517341136932,0.09894675761461258,0.9837101697921753,-1.3071956634521484,0.061241429299116135,0.04333343729376793,0.8601054549217224,-0.13676530122756958,-0.46059560775756836,0.8683003187179565,-0.12338332086801529,-0.46059560775756836,0.8743008971214294,-0.10888414084911346,-0.46059560775756836,0.8779594302177429,-0.0936247706413269,-0.46059560775756836,0.8791857957839966,-0.07798095047473907,-0.46059560775756836,0.8779498934745789,-0.06233787536621094,-0.46059560775756836,0.8742820024490356,-0.047080740332603455,-0.46059560775756836,0.8682726621627808,-0.03258523344993591,-0.46059560775756836,0.8600695729255676,-0.019208252429962158,-0.46059560775756836,0.8498749136924744,-0.00727921724319458,-0.46059560775756836,-0.19776701927185059,1.5707963705062866,-0.010039925575256348,0.021362630650401115,-10.18847602973791,15.0,3.500769885814451,29452.0
7.6199,0.0107,1,1,-1.1393282413482666,0.24500298500061035,1.289273738861084,-0.28695592284202576,0.10148853808641434,0.7995012998580933,0.2640060484409332,0.4309278428554535,0.6043967604637146,0.9852527976036072,0.09500378370285034,0.09992499649524689,0.10131184011697769,-2.03905288388664,0.1126117916611358,0.06391966532764429,12.169585070983183,10.233068789861091,12.835688235601975,0.9934847354888916,0.8523722887039185,-0.1435144543647766,-0.4897724390029907,0.2640060484409332,0.4309278428554535,0.6043967604637146,0.09500378370285034,0.09992499649524689,0.10131184011697769,0.9852527976036072,-2.039052963256836,0.1126117929816246,0.06391966342926025,0.8523722887039185,-0.1435144543647766,-0.4897724390029907,0.8601422309875488,-0.12988132238388062,-0.4897724390029907,0.8656836748123169,-0.11520054936408997,-0.4897724390029907,0.8688604235649109,-0.0998336523771286,-0.4897724390029907,0.8695940971374512,-0.0841589868068695,-0.4897724390029907,0.8678666949272156,-0.06856253743171692,-0.4897724390029907,0.8637207746505737,-0.05342833697795868,-0.4897724390029907,0.8572583198547363,-0.039129018783569336,-0.4897724390029907,0.8486385345458984,-0.026016712188720703,-0.4897724390029907,0.83807373046875,-0.01441425085067749,-0.4897724390029907,-0.11475586891174316,1.5707963705062866,-0.05539834499359131,0.021362630650401115,-8.381751496368661,15.0,3.7003353632855003,29452.0
7.64,0.0099,1,1,-1.133693814277649,0.25332799553871155,1.3009576797485352,-0.2852107286453247,0.1041485145688057,0.7995012998580933,0.2996249496936798,0.40195411443710327,0.5651910305023193,0.9891558885574341,0.09329836070537567,0.014337063767015934,0.11250992119312286,-2.6159088891740714,0.18555413440986007,0.027534909369466024,10.824683560453217,0.42222786155969116,13.018231039189587,0.996813178062439,0.8484830856323242,-0.14917948842048645,-0.5014563798904419,0.2996249496936798,0.40195411443710327,0.5651910305023193,0.09329836070537567,0.014337063767015934,0.11250992119312286,0.9891558885574341,-2.6159088611602783,0.1855541318655014,0.027534909546375275,0.8484830856323242,-0.14917948842048645,-0.5014563798904419,0.8558153510093689,-0.13530609011650085,-0.5014563798904419,0.8608870506286621,-0.12045648694038391,-0.5014563798904419,0.8635733127593994,-0.10499630868434906,-0.5014563798904419,0.8638080358505249,-0.08930625021457672,-0.5014563798904419,0.8615853786468506,-0.07377263903617859,-0.5014563798904419,0.8569601774215698,-0.05877797305583954,-0.5014563798904419,0.8500461578369141,-0.044691458344459534,-0.5014563798904419,0.8410136699676514,-0.031859979033470154,-0.5014563798904419,0.830085039138794,-0.020599454641342163,-0.5014563798904419,-0.061826467514038086,1.5707963705062866,-0.017551779747009277,0.021362630650401115,-5.962073573562867,15.0,4.065420970460726,29452.0
7.6599,0.0095,1,1,-1.0776665210723877,0.37276318669319153,0.9111766219139099,-0.28358376026153564,0.10680724680423737,0.7995012998580933,0.49204158782958984,0.719234824180603,-1.8505606651306152,0.988791823387146,0.06036773696541786,0.12262702733278275,0.060058411210775375,-2.616505703574358,0.2051806662478489,0.2142535900285581,7.931235478917755,13.606597037910381,7.899342871631244,0.8448498845100403,0.794082760810852,-0.26595592498779297,-0.11167532205581665,0.49204158782958984,0.719234824180603,-1.8505606651306152,0.06036773696541786,0.12262702733278275,0.060058411210775375,0.988791823387146,-2.6165056228637695,0.20518065989017487,0.21425358951091766,0.794082760810852,-0.26595592498779297,-0.11167532205581665,0.8009790778160095,-0.25186076760292053,-0.11167532205581665,0.805585503578186,-0.23686030507087708,-0.11167532205581665,0.8077886700630188,-0.2213239073753357,-0.11167532205581665,0.8075342178344727,-0.20563416182994843,-0.11167532205581665,0.8048285245895386,-0.19017736613750458,-0.11167532205581665,0.7997381687164307,-0.1753341406583786,-0.11167532205581665,0.7923885583877563,-0.161469966173172,-0.11167532205581665,0.7829605340957642,-0.14892621338367462,-0.11167532205581665,0.7716862559318542,-0.13801178336143494,-0.11167532205581665,1.5707963705062866,1.5707963705062866,1.5707963705062866,0.20000000298023224,4.5189632132185675,15.0,-6.172355364655985,33452.0
7.6798,0.0106,1,1,-1.066210389137268,0.3976052403450012,0.8400601148605347,-0.2820327877998352,0.10952930152416229,0.7995012998580933,0.5689157247543335,0.6521328091621399,-1.9441730976104736,0.9909991025924683,0.03165769204497337,0.1300073266029358,0.003812291892245412,-2.012830334529284,0.3251876151700792,0.4185788156447599,3.781966485880671,14.91779453372173,0.9361444745706268,0.8364014029502869,0.7841776013374329,-0.28807592391967773,-0.040558815002441406,0.5689157247543335,0.6521328091621399,-1.9441730976104736,0.03165769204497337,0.1300073266029358,0.003812291892245412,0.9909991025924683,-2.0128302574157715,0.325187623500824,0.4185788035392761,0.7841776013374329,-0.28807592391967773,-0.040558815002441406,0.7906290292739868,-0.27377164363861084,-0.040558815002441406,0.7947633266448975,-0.2586342692375183,-0.040558815002441406,0.7964786291122437,-0.24303647875785828,-0.040558815002441406,0.795732855796814,-0.22736237943172455,-0.040558815002441406,0.7925443649291992,-0.21199794113636017,-0.040558815002441406,0.7869914770126343,-0.19732144474983215,-0.040558815002441406,0.779211163520813,-0.18369430303573608,-0.040558815002441406,0.7693948149681091,-0.17145206034183502,-0.040558815002441406,0.7577842473983765,-0.16089613735675812,-0.040558815002441406,1.5707963705062866,1.5707963705062866,1.5707963705062866,0.20000000298023224,9.759481606609285,15.0,-20.09875215877723,37452.0
7.6999,0.0107,1,1,-1.0581481456756592,0.415783554315567,0.8232594728469849,-0.28056079149246216,0.11231246590614319,0.7995012998580933,0.608795702457428,0.6661902666091919,-1.9434902667999268,0.990760862827301,0.017957087606191635,0.13103842735290527,0.029955647885799408,-0.7908473238828867,0.1228146697252304,0.38828752206349426,2.5770137739103482,14.985800775432473,3.8026148296983124,0.8350456953048706,0.777587354183197,-0.30347108840942383,-0.0237581729888916,0.608795702457428,0.6661902666091919,-1.9434902667999268,0.017957087606191635,0.13103842735290527,0.029955647885799408,0.990760862827301,-0.7908473014831543,0.12281467020511627,0.3882875144481659,0.777587354183197,-0.30347108840942383,-0.0237581729888916,0.783585250377655,-0.28897079825401306,-0.0237581729888916,0.7872409820556641,-0.2737107276916504,-0.0237581729888916,0.7884644269943237,-0.25806671380996704,-0.0237581729888916,0.787225604057312,-0.2424238622188568,-0.0237581729888916,0.7835549712181091,-0.22716739773750305,-0.0237581729888916,0.7775428295135498,-0.21267299354076385,-0.0237581729888916,0.7693373560905457,-0.19929753243923187,-0.0237581729888916,0.7591404914855957,-0.18737037479877472,-0.0237581729888916,0.7472033500671387,-0.17718520760536194,-0.0237581729888916,1.5707963705062866,1.5707963705062866,1.5707963705062866,0.20000000298023224,12.379740803304642,15.0,-14.365811448521844,41452.0
7.7197,0.0106,1,1,-1.048398494720459,0.43361300230026245,0.8100797533988953,-0.2791840136051178,0.11512600630521774,0.7995012998580933,0.6714651584625244,0.6764981746673584,-1.8608001470565796,0.9902631640434265,0.01746697537600994,0.1281099021434784,0.051571402698755264,0.5202625338322158,-0.44012508715453236,0.3894474285867647,2.831606224159485,14.59136076783403,6.3249491691830855,0.8326084613800049,0.7692145109176636,-0.3184869885444641,-0.010578453540802002,0.6714651584625244,0.6764981746673584,-1.8608001470565796,0.01746697537600994,0.1281099021434784,0.051571402698755264,0.9902631640434265,0.5202625393867493,-0.44012507796287537,0.389447420835495,0.7692145109176636,-0.3184869885444641,-0.010578453540802002,0.7747552990913391,-0.303805947303772,-0.010578453540802002,0.777931272983551,-0.28843891620635986,-0.010578453540802002,0.778664231300354,-0.2727642059326172,-0.010578453540802002,0.7769360542297363,-0.25716784596443176,-0.010578453540802002,0.7727893590927124,-0.24203383922576904,-0.010578453540802002,0.7663262486457825,-0.22773484885692596,-0.010578453540802002,0.7577058672904968,-0.21462294459342957,-0.010578453540802002,0.7471404075622559,-0.20302098989486694,-0.010578453540802002,0.7348901629447937,-0.19321468472480774,-0.010578453540802002,1.5707963705062866,1.5707963705062866,1.5707963705062866,0.20000000298023224,13.689870401652321,15.0,-9.32114276955232,44230.0
7.7397,0.0101,1,1,-1.0407856702804565,0.45019885897636414,0.7929016351699829,-0.2778909504413605,0.11799303442239761,0.7995012998580933,0.7176488041877747,0.692469596862793,-1.8304778337478638,0.9894136190414429,0.028335796669125557,0.12438242882490158,0.06917236000299454,1.419706143406995,-0.34441736929515987,0.2690622775002295,4.331575919909225,14.017085791402701,8.531106771261516,0.8321133852005005,0.7628947496414185,-0.3322058320045471,0.0065996646881103516,0.7176488041877747,0.692469596862793,-1.8304778337478638,0.028335796669125557,0.12438242882490158,0.06917236000299454,0.9894136190414429,1.419706106185913,-0.34441736340522766,0.2690622806549072,0.7628947496414185,-0.3322058320045471,0.0065996646881103516,0.7679711580276489,-0.3173578083515167,0.0065996646881103516,0.7706623077392578,-0.3018984794616699,0.0065996646881103516,0.7709019184112549,-0.28620851039886475,0.0065996646881103516,0.7686841487884521,-0.2706741690635681,0.0065996646881103516,0.7640635967254639,-0.25567805767059326,0.0065996646881103516,0.7571539878845215,-0.24158938229084015,0.0065996646881103516,0.7481255531311035,-0.22875505685806274,0.0065996646881103516,0.7372004985809326,-0.21749110519886017,0.0065996646881103516,0.7246478796005249,-0.2080748826265335,0.0065996646881103516,1.5707963705062866,1.5707963705062866,1.5707963705062866,0.20000000298023224,14.34493520082616,15.0,-4.908827565395418,44230.0
7.7598,0.0101,1,1,-1.023817777633667,0.4623740017414093,0.8137099146842957,-0.2766869068145752,0.12090378254652023,0.7995012998580933,0.797481119632721,0.667162299156189,-1.639832615852356,0.9894678592681885,0.04525976628065109,0.11830175668001175,0.07005368173122406,1.689811797488047,-0.3708474787699741,0.38171337575457914,6.25804022756739,13.165838109456569,8.822375873135513,0.8215888738632202,0.7471308708190918,-0.34147021174430847,-0.014208614826202393,0.797481119632721,0.667162299156189,-1.639832615852356,0.04525976628065109,0.11830175668001175,0.07005368173122406,0.9894678592681885,1.6898118257522583,-0.3708474934101105,0.3817133903503418,0.7471308708190918,-0.34147021174430847,-0.014208614826202393,0.751737117767334,-0.32646968960762024,-0.014208614826202393,0.7539399862289429,-0.31093329191207886,-0.014208614826202393,0.7536853551864624,-0.295243501663208,-0.014208614826202393,0.7509794235229492,-0.27978676557540894,-0.014208614826202393,0.745888888835907,-0.26494359970092773,-0.014208614826202393,0.7385389804840088,-0.2510795593261719,-0.014208614826202393,0.7291107773780823,-0.23853594064712524,-0.014208614826202393,0.7178363800048828,-0.2276216596364975,-0.014208614826202393,0.704993486404419,-0.21860547363758087,-0.014208614826202393,1.5707963705062866,1.5707963705062866,1.5707963705062866,0.20000000298023224,14.67246760041308,15.0,-4.326289361647431,44230.0
7.7798,0.0099,1,1,-1.0212523937225342,0.47748202085494995,0.7668549418449402,-0.2755762040615082,0.12384803593158722,0.7995012998580933,0.8290903568267822,0.6774057149887085,-1.689846158027649,0.987713634967804,0.06137143447995186,0.11759800463914871,0.08260762691497803,1.2487236114148013,-0.20305301691871416,0.2941676807145679,8.2949671636945,12.836332010997625,10.496322870065685,0.825927197933197,0.7456761598587036,-0.3536339998245239,0.032646358013153076,0.8290903568267822,0.6774057149887085,-1.689846158027649,0.06137143447995186,0.11759800463914871,0.08260762691497803,0.987713634967804,1.2487236261367798,-0.20305301249027252,0.2941676676273346,0.7456761598587036,-0.3536339998245239,0.032646358013153076,0.7498081922531128,-0.33849596977233887,0.032646358013153076,0.751521110534668,-0.32289791107177734,0.032646358013153076,0.7507729530334473,-0.30722394585609436,0.032646358013153076,0.7475820779800415,-0.2918599843978882,0.032646358013153076,0.7420269846916199,-0.2771843671798706,0.032646358013153076,0.7342445254325867,-0.26355838775634766,0.032646358013153076,0.72442626953125,-0.2513176500797272,0.032646358013153076,0.7128140926361084,-0.24076351523399353,0.032646358013153076,0.6996937990188599,-0.23215587437152863,0.032646358013153076,1.5707963705062866,1.5707963705062866,1.5707963705062866,0.20000000298023224,14.83623380020654,15.0,-0.9783953677871094,44230.0
7.7999,0.0099,1,1,-1.0107452869415283,0.49974048137664795,0.7760890126228333,-0.274557888507843,0.12682823836803436,0.7995012998580933,0.8976038098335266,0.6906852126121521,-1.518715739250183,0.9856746792793274,0.07387278974056244,0.11463664472103119,0.09922048449516296,0.883596369639722,0.10701297816719178,0.1540228563802967,9.91973483092919,12.20027502037116,12.559090062458779,0.8255807161331177,0.7361873984336853,-0.3729122281074524,0.02341228723526001,0.8976038098335266,0.6906852126121521,-1.518715739250183,0.07387278974056244,0.11463664472103119,0.09922048449516296,0.9856746792793274,0.8835963606834412,0.10701297968626022,0.15402285754680634,0.7361873984336853,-0.3729122281074524,0.02341228723526001,0.7398406267166138,-0.35765159130096436,0.02341228723526001,0.7410615682601929,-0.3420073390007019,0.02341228723526001,0.7398202419281006,-0.3263646960258484,0.02341228723526001,0.7361470460891724,-0.31110885739326477,0.02341228723526001,0.7301325798034668,-0.2966154217720032,0.02341228723526001,0.721924901008606,-0.28324130177497864,0.02341228723526001,0.7117260694503784,-0.2713158130645752,0.02341228723526001,0.6997873187065125,-0.2611325979232788,0.02341228723526001,0.6864024996757507,-0.25294235348701477,0.02341228723526001,1.5707963705062866,1.5707963705062866,1.5707963705062866,0.20000000298023224,14.91811690010327,15.0,3.1471390169990903,44230.0
7.8199,0.0106,1,1,-0.9982390403747559,0.5187564492225647,0.7354019284248352,-0.2736397087574005,0.1298190802335739,0.7995012998580933,0.9504941701889038,0.6918312311172485,-1.5063560009002686,0.9833635091781616,0.08155233412981033,0.11614064127206802,0.11337927728891373,0.5812079434037567,0.198611663168789,0.012673360489603908,11.010134256890229,12.117913005468363,14.326241731192402,0.8248789310455322,0.7245993614196777,-0.3889373540878296,0.06409937143325806,0.9504941701889038,0.6918312311172485,-1.5063560009002686,0.08155233412981033,0.11614064127206802,0.11337927728891373,0.9833635091781616,0.5812079310417175,0.19861166179180145,0.012673360295593739,0.7245993614196777,-0.3889373540878296,0.06409937143325806,0.7277733683586121,-0.37356990575790405,0.06409937143325806,0.7285043597221375,-0.3578951358795166,0.06409937143325806,0.7267742156982422,-0.3422989845275879,0.06409937143325806,0.7226256728172302,-0.32716548442840576,0.06409937143325806,0.716160774230957,-0.31286731362342834,0.06409937143325806,0.7075387239456177,-0.2997564673423767,0.06409937143325806,0.6969718933105469,-0.28815585374832153,0.06409937143325806,0.6847203373908997,-0.2783510684967041,0.06409937143325806,0.6710858345031738,-0.2705835700035095,0.06409937143325806,1.5707963705062866,1.5707963705062866,1.5707963705062866,0.20000000298023224,14.959058450051636,15.0,6.68144235446635,44230.0
7.8402,0.0103,1,1,-0.9856590628623962,0.534816563129425,0.74724280834198,-0.2728045582771301,0.1328800618648529,0.7995012998580933,1.0201036930084229,0.6674189567565918,-1.3284639120101929,0.9816674590110779,0.08800413459539413,0.11431228369474411,0.12455917149782181,0.45142201676156674,0.06791081585648073,-0.0587168097923354,11.859774996086369,11.683766967643871,15.68040958148793,0.8200277090072632,0.7128545045852661,-0.40193650126457214,0.05225849151611328,1.0201036930084229,0.6674189567565918,-1.3284639120101929,0.08800413459539413,0.11431228369474411,0.12455917149782181,0.9816674590110779,0.4514220058917999,0.0679108127951622,-0.05871681123971939,0.7128545045852661,-0.40193650126457214,0.05225849151611328,0.7155394554138184,-0.3864760994911194,0.05225849151611328,0.7157727479934692,-0.37078601121902466,0.05225849151611328,0.7135487198829651,-0.35525259375572205,0.05225849151611328,0.7089221477508545,-0.34025833010673523,0.05225849151611328,0.7020068764686584,-0.326172411441803,0.05225849151611328,0.692973256111145,-0.31334173679351807,0.05225849151611328,0.6820436716079712,-0.3020821809768677,0.05225849151611328,0.6694872379302979,-0.2926710247993469,0.05225849151611328,0.6556131839752197,-0.28533998131752014,0.05225849151611328,1.5707963705062866,1.5707963705062866,1.5707963705062866,0.20000000298023224,14.979529225025818,15.0,9.3897780550574,44230.0
7.86,0.0101,1,1,-0.9646599292755127,0.5478215217590332,0.7210476398468018,-0.2720789313316345,0.13591216504573822,0.7995012998580933,1.0800185203552246,0.6325942873954773,-1.290959119796753,0.9811897277832031,0.0925426259636879,0.11590263247489929,0.12355999648571014,0.4885339987896616,0.2125925098776484,-0.03472043840206846,12.40310422505255,11.804668604071875,15.642006485901986,0.8096250295639038,0.6925809979438782,-0.4119093418121338,0.0784536600112915,1.0800185203552246,0.6325942873954773,-1.290959119796753,0.0925426259636879,0.11590263247489929,0.12355999648571014,0.9811897277832031,0.48853400349617004,0.21259251236915588,-0.034720439463853836,0.6925809979438782,-0.4119093418121338,0.0784536600112915,0.6947826743125916,-0.3963727653026581,0.0784536600112915,0.6945267915725708,-0.380683034658432,0.0784536600112915,0.6918196082115173,-0.36522650718688965,0.0784536600112915,0.6867278218269348,-0.3503837585449219,0.0784536600112915,0.6793768405914307,-0.336520254611969,0.0784536600112915,0.669947624206543,-0.32397741079330444,0.0784536600112915,0.6586723327636719,-0.3130640685558319,0.0784536600112915,0.6458286643028259,-0.30404889583587646,0.0784536600112915,0.6317328214645386,-0.29715391993522644,0.0784536600112915,1.5707963705062866,1.5707963705062866,1.5707963705062866,0.20000000298023224,14.989764612512909,15.0,9.312971863885519,44230.0
7.88,0.0094,1,1,-0.9376883506774902,0.5590329170227051,0.7633768916130066,-0.27144813537597656,0.13896550238132477,0.7995012998580933,1.187031865119934,0.5522353053092957,-0.6693533062934875,0.9816745519638062,0.09674334526062012,0.10792053490877151,0.12372119724750519,0.304755510391855,0.1479035114065399,0.01748603899837826,12.742863722547382,10.833014011527121,15.579510563990807,0.7884399890899658,0.6662402153015137,-0.4200674295425415,0.03612440824508667,1.187031865119934,0.5522353053092957,-0.6693533062934875,0.09674334526062012,0.10792053490877151,0.12372119724750519,0.9816745519638062,0.3047555088996887,0.14790351688861847,0.01748603954911232,0.6662402153015137,-0.4200674295425415,0.03612440824508667,0.6679564714431763,-0.40446972846984863,0.03612440824508667,0.6672115325927734,-0.3887956142425537,0.03612440824508667,0.6640238761901855,-0.3734309673309326,0.03612440824508667,0.6584718227386475,-0.3587541878223419,0.03612440824508667,0.6506922245025635,-0.3451266288757324,0.03612440824508667,0.6408765912055969,-0.3328838050365448,0.03612440824508667,0.629266619682312,-0.32232725620269775,0.03612440824508667,0.6161481142044067,-0.313716858625412,0.03612440824508667,0.6018441915512085,-0.30726465582847595,0.03612440824508667,1.5707963705062866,1.5707963705062866,1.5707963705062866,0.20000000298023224,14.994882306256454,15.0,9.187980020063133,44230.0
7.9002,0.0098,1,1,-0.9452048540115356,0.5841384530067444,0.6866427659988403,-0.27089962363243103,0.14212094247341156,0.7995012998580933,1.1185238361358643,0.6193351745605469,-1.0180503129959106,0.9796144962310791,0.09565416723489761,0.11105097830295563,0.13737347722053528,0.15308454150447773,0.18235587767775666,-0.1429436069028627,12.827670872059045,11.028287145923724,17.208796194771182,0.8141277432441711,0.6743052005767822,-0.44201749563217163,0.11285853385925293,1.1185238361358643,0.6193351745605469,-1.0180503129959106,0.09565416723489761,0.11105097830295563,0.13737347722053528,0.9796144962310791,0.15308454632759094,0.1823558807373047,-0.1429436057806015,0.6743052005767822,-0.44201749563217163,0.11285853385925293,0.6755211353302002,-0.4263728857040405,0.11285853385925293,0.6742746829986572,-0.41073063015937805,0.11285853385925293,0.6705965995788574,-0.39547598361968994,0.11285853385925293,0.6645774245262146,-0.38098448514938354,0.11285853385925293,0.6563653945922852,-0.3676130175590515,0.11285853385925293,0.646162748336792,-0.3556908369064331,0.11285853385925293,0.6342206001281738,-0.3455114960670471,0.11285853385925293,0.620833158493042,-0.3373256325721741,0.11285853385925293,0.6063299179077148,-0.33133479952812195,0.11285853385925293,1.5707963705062866,1.5707963705062866,1.5707963705062866,0.20000000298023224,14.997441153128227,15.0,12.446551281623883,44230.0
7.9202,0.0098,1,1,-0.9222822785377502,0.6038092374801636,0.668554961681366,-0.2704588770866394,0.14524058997631073,0.7995012998580933,1.1739240884780884,0.6015244722366333,-0.9690009355545044,0.9793809652328491,0.09553834050893784,0.11293427646160126,0.13758325576782227,0.09866395982741497,0.1860493658593171,-0.1519579078500765,12.854741934521732,11.240191008344238,17.26336425105452,0.8076545596122742,0.6518234014511108,-0.45856863260269165,0.1309463381767273,1.1739240884780884,0.6015244722366333,-0.9690009355545044,0.09553834050893784,0.11293427646160126,0.13758325576782227,0.9793809652328491,0.09866396337747574,0.18604937195777893,-0.1519579142332077,0.6518234014511108,-0.45856863260269165,0.1309463381767273,0.6525458097457886,-0.44289344549179077,0.1309463381767273,0.65080726146698,-0.42729824781417847,0.1309463381767273,0.6466504335403442,-0.4121670126914978,0.1309463381767273,0.6401777267456055,-0.3978723883628845,0.1309463381767273,0.6315485239028931,-0.38476625084877014,0.1309463381767273,0.6209753751754761,-0.3731713891029358,0.1309463381767273,0.6087185144424438,-0.3633732795715332,0.1309463381767273,0.595079779624939,-0.35561323165893555,0.1309463381767273,0.5803950428962708,-0.35008224844932556,0.1309463381767273,1.5707963705062866,1.5707963705062866,1.5707963705062866,0.20000000298023224,14.998720576564114,15.0,12.55568739419057,44230.0
7.94,0.0097,1,1,-0.9121725559234619,0.6197709441184998,0.6738938689231873,-0.2701236605644226,0.14829762279987335,0.7995012998580933,1.2349570989608765,0.5701515078544617,-0.7728260159492493,0.9782575368881226,0.09671691805124283,0.11187732219696045,0.14539435505867004,0.13469954207717022,0.2502128394235689,-0.2564392934074174,13.056364188230445,10.99746006580176,18.16977718386707,0.8064063191413879,0.6420488953590393,-0.4714733362197876,0.125607430934906,1.2349570989608765,0.5701515078544617,-0.7728260159492493,0.09671691805124283,0.11187732219696045,0.14539435505867004,0.9782575368881226,0.13469953835010529,0.2502128481864929,-0.25643929839134216,0.6420488953590393,-0.4714733362197876,0.125607430934906,0.6422889828681946,-0.45578333735466003,0.125607430934906,0.6400716304779053,-0.440248966217041,0.125607430934906,0.6354514956474304,-0.4252527356147766,0.125607430934906,0.6285423040390015,-0.411163866519928,0.125607430934906,0.6195142269134521,-0.3983292579650879,0.125607430934906,0.6085894703865051,-0.38706502318382263,0.125607430934906,0.5960371494293213,-0.3776484429836273,0.125607430934906,0.5821661949157715,-0.370311439037323,0.125607430934906,0.567318320274353,-0.3652346432209015,0.125607430934906,1.5707963705062866,1.5707963705062866,1.5707963705062866,0.20000000298023224,14.999360288282057,15.0,14.368513259815664,44230.0
7.9602,0.0111,1,1,-0.8952456712722778,0.6307671070098877,0.6600452065467834,-0.2698763310909271,0.15146352350711823,0.7995012998580933,1.293845772743225,0.536839485168457,-0.7233111262321472,0.976961076259613,0.09825503826141357,0.11378882080316544,0.1514700949192047,0.07584973235552057,0.3149915364891427,-0.364558157539643,13.34259807749823,11.102751912925338,18.928804024939655,0.800166666507721,0.6253693103790283,-0.47930359840393066,0.13945609331130981,1.293845772743225,0.536839485168457,-0.7233111262321472,0.09825503826141357,0.11378882080316544,0.1514700949192047,0.976961076259613,0.0758497342467308,0.3149915337562561,-0.3645581603050232,0.6253693103790283,-0.47930359840393066,0.13945609331130981,0.6251111030578613,-0.4636138677597046,0.13945609331130981,0.6224016547203064,-0.44815775752067566,0.13945609331130981,0.6173076629638672,-0.4333157539367676,0.13945609331130981,0.6099545955657959,-0.41945338249206543,0.13945609331130981,0.6005235910415649,-0.4069119095802307,0.13945609331130981,0.5892466902732849,-0.3960002064704895,0.13945609331130981,0.5764017105102539,-0.38698697090148926,0.13945609331130981,0.5623048543930054,-0.380094051361084,0.13945609331130981,0.5473031997680664,-0.37549126148223877,0.13945609331130981,1.5707963705062866,1.5707963705062866,1.5707963705062866,0.20000000298023224,14.999680144141028,15.0,15.886566941960849,44230.0
7.98,0.0091,1,1,-0.8701478838920593,0.6644302010536194,0.6956304907798767,-0.2697317600250244,0.15456745028495789,0.7995012998580933,1.3792524337768555,0.5921252369880676,-0.443682461977005,0.9777121543884277,0.09041177481412888,0.11556877195835114,0.15015485882759094,-0.03448976703977556,0.3011639047667469,-0.3611177861749377,12.462985809822303,11.46880920452782,18.718685565903776,0.794511616230011,0.6004161238670349,-0.5098627805709839,0.10387080907821655,1.3792524337768555,0.5921252369880676,-0.443682461977005,0.09041177481412888,0.11556877195835114,0.15015485882759094,0.9777121543884277,-0.034489765763282776,0.301163911819458,-0.36111778020858765,0.6004161238670349,-0.5098627805709839,0.10387080907821655,0.5996705293655396,-0.49418866634368896,0.10387080907821655,0.5964822173118591,-0.4788241684436798,0.10387080907821655,0.5909295678138733,-0.4641475975513458,0.10387080907821655,0.5831493735313416,-0.4505203366279602,0.10387080907821655,0.573333203792572,-0.4382779598236084,0.10387080907821655,0.5617227554321289,-0.42772191762924194,0.10387080907821655,0.548603892326355,-0.41911208629608154,0.10387080907821655,0.5342997312545776,-0.41266047954559326,0.10387080907821655,0.5191623568534851,-0.4085260033607483,0.10387080907821655,1.5707963705062866,1.5707963705062866,1.5707963705062866,0.20000000298023224,14.999840072070514,15.0,15.466330023889066,44230.0
8.0001,0.0095,1,1,-0.8419445753097534,0.6759212017059326,0.6871501207351685,-0.26968368887901306,0.15770843625068665,0.7995012998580933,1.4410988092422485,0.557073712348938,-0.4051378667354584,0.9778264760971069,0.09001011401414871,0.11873090267181396,0.1471545696258545,0.13254331370058756,0.2734299449117435,-0.3069039490222492,12.449710815716674,11.870809721960146,18.415965699945776,0.780160129070282,0.572260856628418,-0.5182127952575684,0.1123511791229248,1.4410988092422485,0.557073712348938,-0.4051378667354584,0.09001011401414871,0.11873090267181396,0.1471545696258545,0.9778264760971069,0.13254331052303314,0.2734299302101135,-0.3069039583206177,0.572260856628418,-0.5182127952575684,0.1123511791229248,0.5710233449935913,-0.5025697946548462,0.1123511791229248,0.5673539638519287,-0.48731306195259094,0.1123511791229248,0.5613430738449097,-0.47281813621520996,0.1123511791229248,0.5531387329101562,-0.45944198966026306,0.1123511791229248,0.5429428815841675,-0.44751399755477905,0.1123511791229248,0.5310065746307373,-0.4373278021812439,0.1123511791229248,0.517623782157898,-0.4291342794895172,0.1123511791229248,0.5031239986419678,-0.4231351613998413,0.1123511791229248,0.48786425590515137,-0.419478178024292,0.1123511791229248,1.5707963705062866,1.5707963705062866,1.5707963705062866,0.20000000298023224,14.999920036035256,15.0,14.860890291973087,44230.0
8.0201,0.0093,1,1,-0.8416666388511658,0.7415580749511719,0.6853946447372437,-0.26973453164100647,0.16085657477378845,0.7995012998580933,1.4043282270431519,0.9300838708877563,-0.5533652901649475,0.9773869514465332,0.06492205709218979,0.1244892030954361,0.1581147462129593,0.11205564040174319,0.18674609873475229,-0.42900871986940536,9.820558067013051,12.874600415940034,19.48926682887645,0.8230071663856506,0.5719320774078369,-0.580701470375061,0.11410665512084961,1.4043282270431519,0.9300838708877563,-0.5533652901649475,0.06492205709218979,0.1244892030954361,0.1581147462129593,0.9773869514465332,0.11205563694238663,0.18674610555171967,-0.42900872230529785,0.5719320774078369,-0.580701470375061,0.11410665512084961,0.5702027082443237,-0.5651052594184875,0.11410665512084961,0.5660548806190491,-0.5499715805053711,0.11410665512084961,0.5595906376838684,-0.5356730818748474,0.11410665512084961,0.5509692430496216,-0.5225618481636047,0.11410665512084961,0.540402889251709,-0.5109607577323914,0.11410665512084961,0.5281518697738647,-0.5011553764343262,0.11410665512084961,0.5145177841186523,-0.49338722229003906,0.11410665512084961,0.4998362958431244,-0.48784756660461426,0.11410665512084961,0.4844689965248108,-0.48467278480529785,0.11410665512084961,1.5707963705062866,1.5707963705062866,1.5707963705062866,0.20000000298023224,14.999960018017628,15.0,17.007492549834414,44230.0
8.0401,0.0109,1,1,-0.8066911697387695,0.7106568217277527,0.64899080991745,-0.26988428831100464,0.1639985889196396,0.7995012998580933,1.491833209991455,0.5782053470611572,-0.626218855381012,0.9769120216369629,0.0881168320775032,0.1260606199502945,0.14827392995357513,0.3177645529741877,0.14661582308521615,-0.4054331528985062,12.40491561420921,12.71898357887666,18.648642189651564,0.7808010578155518,0.5368068814277649,-0.5466582179069519,0.1505104899406433,1.491833209991455,0.5782053470611572,-0.626218855381012,0.0881168320775032,0.1260606199502945,0.14827392995357513,0.9769120216369629,0.317764550447464,0.14661581814289093,-0.40543314814567566,0.5368068814277649,-0.5466582179069519,0.1505104899406433,0.5345878601074219,-0.5311241149902344,0.1505104899406433,0.5299660563468933,-0.5161283612251282,0.1505104899406433,0.5230553150177002,-0.5020402669906616,0.1505104899406433,0.5140258073806763,-0.4892066717147827,0.1505104899406433,0.503099799156189,-0.47794362902641296,0.1505104899406433,0.49054643511772156,-0.4685284495353699,0.1505104899406433,0.47667473554611206,-0.4611929655075073,0.1505104899406433,0.4618263244628906,-0.45611777901649475,0.1505104899406433,0.4463667571544647,-0.45342791080474854,0.1505104899406433,1.5707963705062866,1.5707963705062866,1.5707963705062866,0.20000000298023224,14.999980009008814,15.0,15.326243271384662,44230.0
8.0602,0.0097,1,1,-0.7688427567481995,0.7158809304237366,0.6388986706733704,-0.2701331079006195,0.16713795065879822,0.7995012998580933,1.614099144935608,0.4979478120803833,-0.4868970811367035,0.976472020149231,0.09486404806375504,0.12982435524463654,0.14369012415409088,0.411078355329688,0.2217581283090492,-0.3929819094064906,13.208764274260437,13.078019785110685,18.262940285487055,0.7586984634399414,0.49870964884757996,-0.5487430095672607,0.1606026291847229,1.614099144935608,0.4979478120803833,-0.4868970811367035,0.09486404806375504,0.12982435524463654,0.14369012415409088,0.976472020149231,0.4110783636569977,0.22175812721252441,-0.3929819166660309,0.49870964884757996,-0.5487430095672607,0.1606026291847229,0.49600255489349365,-0.533286452293396,0.1606026291847229,0.4909108877182007,-0.5184436440467834,0.1606026291847229,0.4835599660873413,-0.5045801401138306,0.1606026291847229,0.4741308093070984,-0.49203723669052124,0.1606026291847229,0.46285560727119446,-0.48112380504608154,0.1606026291847229,0.4500119686126709,-0.4721086025238037,0.1606026291847229,0.4359161853790283,-0.4652135372161865,0.1606026291847229,0.42091530561447144,-0.46060842275619507,0.1606026291847229,0.4053787291049957,-0.4584066867828369,0.1606026291847229,1.5707963705062866,0.011529922485351562,1.5707963705062866,0.20000000298023224,14.999990004504408,7.830307948261817,14.554839463055618,44230.0
8.0803,0.0093,1,1,-0.7358718514442444,0.7254782915115356,0.6295445561408997,-0.2704797387123108,0.17026062309741974,0.7995012998580933,1.6832700967788696,0.4613717198371887,-0.44855746626853943,0.976422131061554,0.09714607149362564,0.1332165002822876,0.13933368027210236,0.26497782062588854,0.19775315990188833,-0.4119576645426049,13.489004749508927,13.478451047846221,17.843582102775063,0.7441383004188538,0.4653921127319336,-0.5552176833152771,0.1699567437171936,1.6832700967788696,0.4613717198371887,-0.44855746626853943,0.09714607149362564,0.1332165002822876,0.13933368027210236,0.976422131061554,0.2649778127670288,0.1977531611919403,-0.41195765137672424,0.4653921127319336,-0.5552176833152771,0.1699567437171936,0.462200790643692,-0.5398538112640381,0.1699567437171936,0.45664533972740173,-0.5251783132553101,0.1699567437171936,0.4488625228404999,-0.5115525722503662,0.1699567437171936,0.4390439987182617,-0.49931204319000244,0.1699567437171936,0.42743152379989624,-0.4887582063674927,0.1699567437171936,0.414311021566391,-0.4801509380340576,0.1699567437171936,0.400005578994751,-0.473702073097229,0.1699567437171936,0.38486742973327637,-0.46957048773765564,0.1699567437171936,0.36926937103271484,-0.46785789728164673,0.1699567437171936,1.5707963705062866,-1.4118702411651611,1.5653663873672485,0.20000000298023224,14.999995002252204,-3.5848460258690924,13.716123097631655,44230.0
8.1008,0.0091,1,1,-0.7433367967605591,0.7390555739402771,0.6398171186447144,-0.2709309756755829,0.17341268062591553,0.7995012998580933,1.532105565071106,0.41329512000083923,-0.4638262987136841,0.9773584604263306,0.09741304069757462,0.12189231067895889,0.14290347695350647,0.02334012896637399,-0.044453717942198025,-0.5569022375304986,13.321297085470695,12.147179648308688,18.06074069696175,0.7540677785873413,0.4724058210849762,-0.5656428933143616,0.1596841812133789,1.532105565071106,0.41329512000083923,-0.4638262987136841,0.09741304069757462,0.12189231067895889,0.14290347695350647,0.9773584604263306,0.023340128362178802,-0.04445371776819229,-0.5569022297859192,0.4724058210849762,-0.5656428933143616,0.1596841812133789,0.4687269926071167,-0.5503883957862854,0.1596841812133789,0.4627071022987366,-0.5358972549438477,0.1596841812133789,0.4544944167137146,-0.5225261449813843,0.1596841812133789,0.4442911744117737,-0.5106045007705688,0.1596841812133789,0.4323485493659973,-0.5004256963729858,0.1596841812133789,0.41896066069602966,-0.4922404885292053,0.1596841812133789,0.404457151889801,-0.4862504005432129,0.1596841812133789,0.38919514417648315,-0.4826028645038605,0.1596841812133789,0.3735504448413849,-0.48138776421546936,0.1596841812133789,1.5707963705062866,-0.0466533899307251,1.5707963705062866,0.20000000298023224,14.999997501126103,-3.128944184438886,14.150440286005038,44230.0
8.1204,0.0106,1,1,-0.7109687328338623,0.7547787427902222,0.6066145300865173,-0.27147170901298523,0.17649348080158234,0.7995012998580933,1.5970579385757446,0.38449740409851074,-0.5106548070907593,0.9784114956855774,0.09744604676961899,0.12034016102552414,0.13686281442642212,0.023041752975149633,-0.7573223868165332,-0.5727303692847348,13.218521006040405,12.052677840872146,17.3276239517247,0.7515163421630859,0.4394970238208771,-0.578285276889801,0.19288676977157593,1.5970579385757446,0.38449740409851074,-0.5106548070907593,0.09744604676961899,0.12034016102552414,0.13686281442642212,0.9784114956855774,0.023041753098368645,-0.757322371006012,-0.5727303624153137,0.4394970238208771,-0.578285276889801,0.19288676977157593,0.4353429079055786,-0.5631532669067383,0.19288676977157593,0.4288727641105652,-0.5488574504852295,0.19288676977157593,0.4202459156513214,-0.5357497930526733,0.19288676977157593,0.4096747934818268,-0.5241530537605286,0.19288676977157593,0.39741969108581543,-0.5143527984619141,0.19288676977157593,0.38378235697746277,-0.5065903067588806,0.19288676977157593,0.36909860372543335,-0.5010566711425781,0.19288676977157593,0.3537299931049347,-0.4978882968425751,0.19288676977157593,0.33805492520332336,-0.4971630573272705,0.19288676977157593,1.5707963705062866,-1.200799584388733,1.5707963705062866,0.20000000298023224,14.999998750563051,-9.064472092219443,12.684206795530937,44230.0
8.1406,0.0114,1,1,-0.6950175166130066,0.7683285474777222,0.5879829525947571,-0.27211207151412964,0.1795717477798462,0.7995012998580933,1.632742166519165,0.3556409776210785,-0.4956621527671814,0.979607880115509,0.09979651868343353,0.10745443403720856,0.13733352720737457,0.08375906279932531,-1.6809009936386965,-0.5813341772394265,13.232768297206821,10.551287842140342,17.188113812206726,0.7551314830780029,0.42290544509887695,-0.588756799697876,0.21151834726333618,1.632742166519165,0.3556409776210785,-0.4956621527671814,0.09979651868343353,0.10745443403720856,0.13733352720737457,0.979607880115509,0.08375906199216843,-1.680901050567627,-0.5813341736793518,0.42290544509887695,-0.588756799697876,0.21151834726333618,0.41827765107154846,-0.5737628936767578,0.21151834726333618,0.4113612771034241,-0.5596776008605957,0.21151834726333618,0.4023266136646271,-0.5468475818634033,0.21151834726333618,0.3913961350917816,-0.5355889201164246,0.21151834726333618,0.37883898615837097,-0.5261787176132202,0.21151834726333618,0.3649643659591675,-0.5188487768173218,0.21151834726333618,0.3501138985157013,-0.5137795805931091,0.21151834726333618,0.3346532881259918,-0.5110958814620972,0.21151834726333618,0.3189631700515747,-0.5108637809753418,0.21151834726333618,1.5707963705062866,-1.5707963705062866,1.5707963705062866,0.20000000298023224,14.999999375281526,-12.032236046109722,12.405186516494997,44230.0
8.1608,0.0109,1,1,-0.6575272083282471,0.7749021649360657,0.621899425983429,-0.2728383541107178,0.1825874000787735,0.7995012998580933,1.707058310508728,0.3090965151786804,-0.3229234516620636,0.9822902679443359,0.10182441025972366,0.08867485821247101,0.12989425659179688,0.1615392956619091,-1.9846006938163896,-0.5277820690385954,13.035499015214967,8.496910909356004,16.038234812298203,0.7282614707946777,0.3846888542175293,-0.5923147797584534,0.1776018738746643,1.707058310508728,0.3090965151786804,-0.3229234516620636,0.10182441025972366,0.08867485821247101,0.12989425659179688,0.9822902679443359,0.16153930127620697,-1.9846006631851196,-0.5277820825576782,0.3846888542175293,-0.5923147797584534,0.1776018738746643,0.3795982301235199,-0.5774716138839722,0.1776018738746643,0.3722483217716217,-0.5636075735092163,0.1776018738746643,0.3628200888633728,-0.5510639548301697,0.1776018738746643,0.35154569149017334,-0.5401496887207031,0.1776018738746643,0.3387027382850647,-0.5311335325241089,0.1776018738746643,0.3246074318885803,-0.5242374539375305,0.1776018738746643,0.3096069097518921,-0.5196312665939331,0.1776018738746643,0.2940704822540283,-0.5174283981323242,0.1776018738746643,0.27838072180747986,-0.5176830291748047,0.1776018738746643,1.5707963705062866,-1.5707963705062866,1.4252928495407104,0.20000000298023224,14.999999687640763,-13.516118023054862,10.105428516677923,44230.0
8.1801,0.0098,1,1,-0.622861385345459,0.7806575298309326,0.6158503890037537,-0.2736719846725464,0.18562766909599304,0.7995012998580933,1.7583051919937134,0.2657305896282196,-0.2810486853122711,0.9844925999641418,0.10603561997413635,0.0675203800201416,0.12235123664140701,0.2105961710350114,-2.2274966978820476,-0.4444663060474705,13.097329482767304,6.142375724588748,14.87437840403926,0.7139477729797363,0.3491894006729126,-0.5950298309326172,0.1836509108543396,1.7583051919937134,0.2657305896282196,-0.2810486853122711,0.10603561997413635,0.0675203800201416,0.12235123664140701,0.9844925999641418,0.21059617400169373,-2.22749662399292,-0.4444662928581238,0.3491894006729126,-0.5950298309326172,0.1836509108543396,0.3436334729194641,-0.5803545713424683,0.1836509108543396,0.33585020899772644,-0.5667290687561035,0.1836509108543396,0.32603126764297485,-0.5544888973236084,0.1836509108543396,0.3144184350967407,-0.5439354181289673,0.1836509108543396,0.301297664642334,-0.5353285670280457,0.1836509108543396,0.28699201345443726,-0.52888023853302,0.1836509108543396,0.2718537449836731,-0.5247491598129272,0.1836509108543396,0.2562555968761444,-0.5230370759963989,0.1836509108543396,0.2405816614627838,-0.5237861275672913,0.1836509108543396,1.5707963705062866,-1.5707963705062866,1.2736424207687378,0.20000000298023224,14.999999843820381,-14.25805901152743,7.777715700160053,44230.0
8.2005,0.0089,1,1,-0.5753070712089539,0.7673749923706055,0.6414360404014587,-0.27458879351615906,0.18860259652137756,0.7995012998580933,1.8894176483154297,0.0796065405011177,-0.02469727396965027,0.9853466153144836,0.11851731687784195,0.04566994681954384,0.1138330027461052,0.2220912731166613,-2.3480167214330385,-0.39883493827123945,14.14901733946882,3.6131221643639404,13.628387367995513,0.6711137294769287,0.3007182776927948,-0.5787724256515503,0.15806525945663452,1.8894176483154297,0.0796065405011177,-0.02469727396965027,0.11851731687784195,0.04566994681954384,0.1138330027461052,0.9853466153144836,0.22209127247333527,-2.3480167388916016,-0.3988349437713623,0.3007182776927948,-0.5787724256515503,0.15806525945663452,0.294708251953125,-0.5642771124839783,0.15806525945663452,0.2865046560764313,-0.5509005188941956,0.15806525945663452,0.2763094902038574,-0.5389719009399414,0.15806525945663452,0.264373779296875,-0.528784990310669,0.15806525945663452,0.25099146366119385,-0.5205907225608826,0.15806525945663452,0.23649203777313232,-0.5145907402038574,0.15806525945663452,0.22123250365257263,-0.5109328627586365,0.15806525945663452,0.20558863878250122,-0.5097071528434753,0.15806525945663452,0.18994560837745667,-0.5109437704086304,0.15806525945663452,1.5707963705062866,-1.5707963705062866,1.0173474550247192,0.20000000298023224,14.999999921910192,-14.629029505763715,5.285733628072554,44230.0
8.2206,0.0097,1,1,-0.5373539924621582,0.7685786485671997,0.641656756401062,-0.2756241261959076,0.19162073731422424,0.7995012998580933,1.9191906452178955,0.026286007836461067,0.023929759860038757,0.9863271117210388,0.1229235902428627,0.023270124569535255,0.10726163536310196,0.1833129844840175,-2.2256651088423456,-0.33513475486812055,14.331100726776793,1.1192834447261775,12.553579738697698,0.6529149413108826,0.2617298662662506,-0.5769579410552979,0.15784454345703125,1.9191906452178955,0.026286007836461067,0.023929759860038757,0.1229235902428627,0.023270124569535255,0.10726163536310196,0.9863271117210388,0.18331298232078552,-2.2256650924682617,-0.33513474464416504,0.2617298662662506,-0.5769579410552979,0.15784454345703125,0.2552604377269745,-0.5626617670059204,0.15784454345703125,0.24663424491882324,-0.5495536923408508,0.15784454345703125,0.23606371879577637,-0.5379564166069031,0.15784454345703125,0.22380909323692322,-0.528155505657196,0.15784454345703125,0.2101721465587616,-0.5203922986984253,0.15784454345703125,0.19548866152763367,-0.5148580074310303,0.15784454345703125,0.18012022972106934,-0.5116888284683228,0.15784454345703125,0.1644451916217804,-0.5109628438949585,0.15784454345703125,0.14884960651397705,-0.5126978158950806,0.15784454345703125,1.5707963705062866,-1.5707963705062866,0.9061557054519653,0.1981736570596695,14.999999960955096,-14.814514752881857,3.1361183694769226,44230.0
8.24,0.01,1,1,-0.5510228872299194,0.822385847568512,0.6018181443214417,-0.276725172996521,0.19452856481075287,0.7995012998580933,1.5807534456253052,0.3604981005191803,-0.4389965236186981,0.9880384802818298,0.10335758328437805,-0.006807141471654177,0.11423143744468689,0.11441852175653759,-2.018324302700063,-0.3927560400565382,11.702307871172168,-2.1241435024814774,12.972139352643344,0.713107705116272,0.27429771423339844,-0.6278572678565979,0.1976831555366516,1.5807534456253052,0.3604981005191803,-0.4389965236186981,0.10335758328437805,-0.006807141471654177,0.11423143744468689,0.9880384802818298,0.11441852152347565,-2.018324375152588,-0.39275604486465454,0.27429771423339844,-0.6278572678565979,0.1976831555366516,0.2673869729042053,-0.6137691736221313,0.1976831555366516,0.258357435464859,-0.6009355783462524,0.1976831555366516,0.2474314570426941,-0.5896725654602051,0.1976831555366516,0.2348780632019043,-0.5802574157714844,0.1976831555366516,0.2210063636302948,-0.5729219317436218,0.1976831555366516,0.20615792274475098,-0.5678467750549316,0.1976831555366516,0.19069835543632507,-0.5651569366455078,0.1976831555366516,0.1750083565711975,-0.564918577671051,0.1976831555366516,0.1594742238521576,-0.5671376585960388,0.1976831555366516,1.5707963705062866,-1.5707963705062866,1.3706365823745728,0.20000000298023224,14.999999980477547,-14.907257376440928,3.973237597368226,44230.0
8.2598,0.0108,1,1,-0.5221303701400757,0.8460548520088196,0.5773279666900635,-0.2779295742511749,0.19743195176124573,0.7995012998580933,1.5679752826690674,0.34966814517974854,-0.457374632358551,0.9881787896156311,0.10457922518253326,-0.02447308786213398,0.10938414931297302,0.24915613039253912,-1.6945053525932028,-0.31439458893080147,11.644867711270106,-4.085567486931454,12.216201969484407,0.727809488773346,0.24420079588890076,-0.6486228704452515,0.22217333316802979,1.5679752826690674,0.34966814517974854,-0.457374632358551,0.10457922518253326,-0.02447308786213398,0.10938414931297302,0.9881787896156311,0.2491561323404312,-1.6945053339004517,-0.31439459323883057,0.24420079588890076,-0.6486228704452515,0.22217333316802979,0.23685067892074585,-0.6347589492797852,0.22217333316802979,0.22742223739624023,-0.6222155094146729,0.22217333316802979,0.21614769101142883,-0.6113014221191406,0.22217333316802979,0.20330458879470825,-0.6022854447364807,0.22217333316802979,0.1892091929912567,-0.5953896045684814,0.22217333316802979,0.17420858144760132,-0.5907835960388184,0.22217333316802979,0.15867212414741516,-0.5885809659957886,0.22217333316802979,0.1429823637008667,-0.5888358354568481,0.22217333316802979,0.12752565741539001,-0.5915420055389404,0.22217333316802979,1.5707963705062866,-1.5707963705062866,1.278396725654602,0.20000000298023224,14.999999990238774,-14.953628688220464,2.4613628310503297,44230.0
8.2798,0.0108,1,1,-0.49549469351768494,0.8581148982048035,0.5759994387626648,-0.27921974658966064,0.20028561353683472,0.7995012998580933,1.569223403930664,0.3040708303451538,-0.3517732620239258,0.9869375824928284,0.10903747379779816,-0.03981732204556465,0.11170327663421631,0.3567272988018331,-1.6011631542825797,-0.32177527357584707,11.971973470571925,-5.909306801795578,12.294506003905525,0.7276450395584106,0.2162749469280243,-0.6578292846679688,0.22350186109542847,1.569223403930664,0.3040708303451538,-0.3517732620239258,0.10903747379779816,-0.03981732204556465,0.11170327663421631,0.9869375824928284,0.3567273020744324,-1.6011631488800049,-0.32177528738975525,0.2162749469280243,-0.6578292846679688,0.22350186109542847,0.20849430561065674,-0.6442022919654846,0.22350186109542847,0.19867771863937378,-0.6319602727890015,0.22350186109542847,0.187066912651062,-0.6214045882225037,0.22350186109542847,0.17394781112670898,-0.6127951741218567,0.22350186109542847,0.15964338183403015,-0.6063441038131714,0.22350186109542847,0.14450588822364807,-0.6022100448608398,0.22350186109542847,0.12890809774398804,-0.6004949808120728,0.22350186109542847,0.1132340133190155,-0.6012411117553711,0.22350186109542847,0.0978696346282959,-0.6044299602508545,0.22350186109542847,1.5707963705062866,-1.5707963705062866,1.1947921514511108,0.20000000298023224,14.999999995119387,-14.976814344110231,2.617970899892558,44230.0
8.2995,0.0106,1,1,-0.4642225503921509,0.8636478185653687,0.5694354772567749,-0.28059297800064087,0.20308643579483032,0.7995012998580933,1.5568079948425293,0.24877037107944489,-0.30500131845474243,0.9865761995315552,0.11181546747684479,-0.046937696635723114,0.1093597412109375,0.4263768176326209,-1.261091198359075,-0.26616487474752093,12.22899265452427,-6.723117574840807,11.929511200010229,0.7231814861297607,0.18362957239151,-0.6605613827705383,0.23006582260131836,1.5568079948425293,0.24877037107944489,-0.30500131845474243,0.11181546747684479,-0.046937696635723114,0.1093597412109375,0.9865761995315552,0.4263768196105957,-1.2610912322998047,-0.2661648690700531,0.18362957239151,-0.6605613827705383,0.23006582260131836,0.17542767524719238,-0.6471837162971497,0.23006582260131836,0.1652340292930603,-0.6352537870407104,0.23006582260131836,0.15329965949058533,-0.6250653862953186,0.23006582260131836,0.13991838693618774,-0.616869330406189,0.23006582260131836,0.1254197061061859,-0.6108675003051758,0.23006582260131836,0.11016067862510681,-0.6072076559066772,0.23006582260131836,0.09451696276664734,-0.6059799194335938,0.23006582260131836,0.07887378334999084,-0.6072145700454712,0.23006582260131836,0.06361633539199829,-0.6108810901641846,0.23006582260131836,1.5707963705062866,-1.5707963705062866,1.0747965574264526,0.20000000298023224,14.999999997559694,-14.988407172055116,1.8879812921020054,44230.0
8.3195,0.0094,1,1,-0.4281730055809021,0.8806675672531128,0.6031739115715027,-0.28206443786621094,0.20586398243904114,0.7995012998580933,1.5605570077896118,0.22326380014419556,-0.1966899335384369,0.9852584004402161,0.11543488502502441,-0.05801372230052948,0.11212988942861557,0.30484422694566826,-1.0276254477133875,-0.313027654922291,12.509157824142592,-8.059675103923302,12.100719503848293,0.7178105711936951,0.14610856771469116,-0.674803614616394,0.19632738828659058,1.5605570077896118,0.22326380014419556,-0.1966899335384369,0.11543488502502441,-0.05801372230052948,0.11212988942861557,0.9852584004402161,0.3048442304134369,-1.0276254415512085,-0.31302765011787415,0.14610856771469116,-0.674803614616394,0.19632738828659058,0.13749030232429504,-0.6616902947425842,0.19632738828659058,0.1269267499446869,-0.6500866413116455,0.19632738828659058,0.11467805504798889,-0.6402783393859863,0.19632738828659058,0.10104581713676453,-0.6325069069862366,0.19632738828659058,0.08636566996574402,-0.62696373462677,0.19632738828659058,0.0709991455078125,-0.6237852573394775,0.19632738828659058,0.055324554443359375,-0.623049795627594,0.19632738828659058,0.03972792625427246,-0.6247754096984863,0.19632738828659058,0.024593234062194824,-0.6289196610450745,0.19632738828659058,1.5707963705062866,-1.5707963705062866,1.0525139570236206,0.20000000298023224,14.999999998779847,-14.994203586027558,2.230397899778137,44230.0
8.3399,0.0108,1,1,-0.40466001629829407,0.8867689967155457,0.5766965746879578,-0.28365346789360046,0.2086462825536728,0.7995012998580933,1.5225963592529297,0.17730838060379028,-0.182736337184906,0.9840456247329712,0.11881894618272781,-0.0687205120921135,0.11318890750408173,0.17039394010177267,-0.9620576227273095,-0.29982839605909944,12.780533273214612,-9.331492045533537,12.075706682790832,0.7239716649055481,0.1210065484046936,-0.6781226992607117,0.2228047251701355,1.5225963592529297,0.17730838060379028,-0.182736337184906,0.11881894618272781,-0.0687205120921135,0.11318890750408173,0.9840456247329712,0.1703939437866211,-0.9620576500892639,-0.2998284101486206,0.1210065484046936,-0.6781226992607117,0.2228047251701355,0.11197260022163391,-0.6652922630310059,0.2228047251701355,0.1010427474975586,-0.6540329456329346,0.2228047251701355,0.08848610520362854,-0.6446221470832825,0.2228047251701355,0.07461187243461609,-0.637291431427002,0.2228047251701355,0.05976170301437378,-0.6322214007377625,0.2228047251701355,0.04430121183395386,-0.6295368671417236,0.2228047251701355,0.02861112356185913,-0.6293039321899414,0.2228047251701355,0.013077765703201294,-0.6315283179283142,0.2228047251701355,-0.0019163787364959717,-0.6361553072929382,0.2228047251701355,1.5707963705062866,-1.5707963705062866,0.998656153678894,0.20000000298023224,14.999999999389924,-14.99710179301378,2.1803722576632096,44230.0
8.3596,0.0094,1,1,-0.3744875192642212,0.8896878361701965,0.5734868049621582,-0.2852681279182434,0.21127767860889435,0.7995012998580933,1.493839979171753,0.11430586129426956,-0.1385340839624405,0.9834046959877014,0.12199975550174713,-0.07766827940940857,0.10953056812286377,0.15924436652680377,-0.7286584511088741,-0.26932017136229003,13.09793663663651,-10.339711916112861,11.520468225672369,0.7206129431724548,0.08921939134597778,-0.6784101724624634,0.22601449489593506,1.493839979171753,0.11430586129426956,-0.1385340839624405,0.12199975550174713,-0.07766827940940857,0.10953056812286377,0.9834046959877014,0.1592443734407425,-0.7286584377288818,-0.26932016015052795,0.08921939134597778,-0.6784101724624634,0.22601449489593506,0.07979366183280945,-0.6658647060394287,0.22601449489593506,0.06852144002914429,-0.6549481749534607,0.22601449489593506,0.055680304765701294,-0.6459293961524963,0.22601449489593506,0.04158639907836914,-0.6390304565429688,0.22601449489593506,0.02658677101135254,-0.6344212889671326,0.22601449489593506,0.011050790548324585,-0.6322152614593506,0.22601449489593506,-0.004638999700546265,-0.6324667930603027,0.22601449489593506,-0.020096302032470703,-0.6351696252822876,0.22601449489593506,-0.034940481185913086,-0.6402572989463806,0.22601449489593506,1.5707963705062866,-1.5707963705062866,0.9154568910598755,0.20000000298023224,14.999999999694962,-14.99855089650689,1.069895343426271,44230.0
8.38,0.0099,1,1,-0.3668625056743622,0.900364875793457,0.6189694404602051,-0.28702759742736816,0.21395258605480194,0.7995012998580933,1.4187177419662476,0.04366810992360115,0.2143557220697403,0.9828351140022278,0.12190841883420944,-0.0884246900677681,0.10654773563146591,0.14387321657086846,-0.5011491931362851,-0.2535251626741118,13.022397855908894,-11.524790918332583,11.054589990357671,0.7142319083213806,0.07983490824699402,-0.6864122748374939,0.18053185939788818,1.4187177419662476,0.04366810992360115,0.2143557220697403,0.12190841883420944,-0.0884246900677681,0.10654773563146591,0.9828351140022278,0.1438732147216797,-0.5011491775512695,-0.25352516770362854,0.07983490824699402,-0.6864122748374939,0.18053185939788818,0.0700124204158783,-0.6741750240325928,0.18053185939788818,0.058396488428115845,-0.6636249423027039,0.18053185939788818,0.04527321457862854,-0.6550219058990479,0.18053185939788818,0.030965685844421387,-0.6485776901245117,0.18053185939788818,0.01582619547843933,-0.6444510221481323,0.18053185939788818,0.0002275705337524414,-0.6427434682846069,0.18053185939788818,-0.01544615626335144,-0.6434971690177917,0.18053185939788818,-0.030808985233306885,-0.6466934680938721,0.18053185939788818,-0.04548269510269165,-0.6522536873817444,0.18053185939788818,1.5707963705062866,-1.5707963705062866,0.9802118539810181,0.13866905868053436,14.999999999847482,-14.999275448253446,0.13813887279688242,44230.0
8.4002,0.0099,1,1,-0.3211752772331238,0.9135360717773438,0.5829862952232361,-0.2888372540473938,0.21652238070964813,0.7995012998580933,1.5152568817138672,0.15048743784427643,0.05077778548002243,0.9834496974945068,0.11694511026144028,-0.08274590224027634,0.11091300845146179,0.17467382306585497,-0.4465487981513716,-0.31627368210644774,12.446975566219505,-10.876596772713766,11.679557603160998,0.7305837273597717,0.03233802318572998,-0.6970136761665344,0.21651500463485718,1.5152568817138672,0.15048743784427643,0.05077778548002243,0.11694511026144028,-0.08274590224027634,0.11091300845146179,0.9834496974945068,0.17467382550239563,-0.44654878973960876,-0.31627368927001953,0.03233802318572998,-0.6970136761665344,0.21651500463485718,0.022135794162750244,-0.6850911378860474,0.21651500463485718,0.010194063186645508,-0.6749113202095032,0.21651500463485718,-0.003193110227584839,-0.6667249202728271,0.21651500463485718,-0.017696082592010498,-0.6607335805892944,0.21651500463485718,-0.03295779228210449,-0.6570847034454346,0.21651500463485718,-0.04860237240791321,-0.6558682918548584,0.21651500463485718,-0.06424465775489807,-0.6571141481399536,0.21651500463485718,-0.07949945330619812,-0.6607916355133057,0.21651500463485718,-0.09399116039276123,-0.6668102741241455,0.21651500463485718,1.5707963705062866,-1.5707963705062866,0.8601900339126587,0.1983320564031601,14.999999999923741,-14.999637724126723,1.3880740984035453,44230.0
8.4198,0.0103,1,1,-0.2925736904144287,0.9214622974395752,0.5934493541717529,-0.29070717096328735,0.21900878846645355,0.7995012998580933,1.4674712419509888,0.1031746119260788,0.1389334499835968,0.9828594326972961,0.11796962469816208,-0.08762975037097931,0.11130839586257935,0.16277313819494282,-0.4355416870499651,-0.3415205823984534,12.51529285584872,-11.450278257775649,11.66265690712358,0.7320531606674194,0.0018665194511413574,-0.7024534940719604,0.20605194568634033,1.4674712419509888,0.1031746119260788,0.1389334499835968,0.11796962469816208,-0.08762975037097931,0.11130839586257935,0.9828594326972961,0.16277313232421875,-0.43554168939590454,-0.3415205776691437,0.0018665194511413574,-0.7024534940719604,0.20605194568634033,-0.00870165228843689,-0.6908540725708008,0.20605194568634033,-0.020954251289367676,-0.6810506582260132,0.20605194568634033,-0.03458958864212036,-0.673284649848938,0.20605194568634033,-0.04927194118499756,-0.6677473783493042,0.20605194568634033,-0.06463974714279175,-0.6645749807357788,0.20605194568634033,-0.08031460642814636,-0.6638457775115967,0.20605194568634033,-0.09591057896614075,-0.6655776500701904,0.20605194568634033,-0.11104360222816467,-0.6697279214859009,0.20605194568634033,-0.12534105777740479,-0.676194429397583,0.20605194568634033,1.5707963705062866,-1.5707963705062866,0.8443938493728638,0.17215394973754883,14.99999999996187,-14.99981886206336,1.3542727063286923,44230.0
8.4404,0.0098,1,1,-0.2600255608558655,0.9277071356773376,0.5915586948394775,-0.29269343614578247,0.2214840203523636,0.7995012998580933,1.4513942003250122,0.062197595834732056,0.1743735373020172,0.9824169874191284,0.11934380978345871,-0.08988796919584274,0.1119462102651596,0.19310269807212152,-0.22822586468765882,-0.39415080409843994,12.646745100800677,-11.732055321028076,11.696993056531689,0.736924946308136,-0.03266787528991699,-0.7062231302261353,0.20794260501861572,1.4513942003250122,0.062197595834732056,0.1743735373020172,0.11934380978345871,-0.08988796919584274,0.1119462102651596,0.9824169874191284,0.19310270249843597,-0.22822587192058563,-0.3941507935523987,-0.03266787528991699,-0.7062231302261353,0.20794260501861572,-0.04359880089759827,-0.6949648857116699,0.20794260501861572,-0.05615633726119995,-0.6855552196502686,0.20794260501861572,-0.07003125548362732,-0.6782258152961731,0.20794260501861572,-0.08488190174102783,-0.6731572151184082,0.20794260501861572,-0.10034266114234924,-0.670474112033844,0.20794260501861572,-0.11603274941444397,-0.6702426671981812,0.20794260501861572,-0.1315658986568451,-0.6724685430526733,0.20794260501861572,-0.14655962586402893,-0.677096962928772,0.20794260501861572,-0.16064468026161194,-0.684013843536377,0.20794260501861572,1.5707963705062866,-1.5707963705062866,0.7834697961807251,0.1671857237815857,14.999999999980936,-14.99990943103168,1.422945005144895,44230.0
8.4605,0.0101,1,1,-0.2275986522436142,0.9279085397720337,0.6317049860954285,-0.2947145700454712,0.2238466590642929,0.7995012998580933,1.4161336421966553,-0.008397352881729603,0.2952357828617096,0.9823140501976013,0.12194773554801941,-0.09075881540775299,0.10931002348661423,0.19071316013929113,-0.42259492914762664,-0.3113148095776929,12.973879618425729,-11.827598806990688,11.349667030221195,0.726885974407196,-0.067115917801857,-0.7040618658065796,0.1677963137626648,1.4161336421966553,-0.008397352881729603,0.2952357828617096,0.12194773554801941,-0.09075881540775299,0.10931002348661423,0.9823140501976013,0.19071316719055176,-0.42259493470191956,-0.31131482124328613,-0.067115917801857,-0.7040618658065796,0.1677963137626648,-0.07839156687259674,-0.6931489109992981,0.1677963137626648,-0.09123556315898895,-0.6841341853141785,0.1677963137626648,-0.10533161461353302,-0.6772396564483643,0.1677963137626648,-0.12033267319202423,-0.6726351976394653,0.1677963137626648,-0.1358693391084671,-0.6704339981079102,0.1677963137626648,-0.15155906975269318,-0.6706904768943787,0.1677963137626648,-0.16701550781726837,-0.6733981370925903,0.1677963137626648,-0.18185807764530182,-0.6784904599189758,0.1677963137626648,-0.1957213133573532,-0.6858419179916382,0.1677963137626648,1.5707963705062866,-1.5707963705062866,0.7641412019729614,0.08806371688842773,14.999999999990468,-14.999954715515841,0.7282929525239353,40230.0
8.4796,0.0093,1,1,-0.19609244167804718,0.933098554611206,0.6108224987983704,-0.2968132495880127,0.22615070641040802,0.7995012998580933,1.4041852951049805,-0.06561430543661118,0.25980013608932495,0.9820709228515625,0.12445968389511108,-0.0938616618514061,0.10599243640899658,0.16640961808441876,-0.336958021529416,-0.2826191489635483,13.280486429667931,-12.165791282062035,10.898298456292338,0.7385930418968201,-0.10072080790996552,-0.7069478631019592,0.1886788010597229,1.4041852951049805,-0.06561430543661118,0.25980013608932495,0.12445968389511108,-0.0938616618514061,0.10599243640899658,0.9820709228515625,0.16640961170196533,-0.33695802092552185,-0.2826191484928131,-0.10072080790996552,-0.7069478631019592,0.1886788010597229,-0.11233104765415192,-0.6963915228843689,0.1886788010597229,-0.12544973194599152,-0.6877814531326294,0.1886788010597229,-0.1397537738084793,-0.6813295483589172,0.1886788010597229,-0.1548910290002823,-0.6771947145462036,0.1886788010597229,-0.17048875987529755,-0.6754788160324097,0.1886788010597229,-0.18616287410259247,-0.6762241125106812,0.1886788010597229,-0.2015274316072464,-0.6794121265411377,0.1886788010597229,-0.21620412170886993,-0.6849644184112549,0.1886788010597229,-0.2298315018415451,-0.6927443742752075,0.1886788010597229,1.5707963705062866,-1.5707963705062866,0.6734520196914673,0.12438665330410004,14.999999999995234,-14.99997735775792,-0.17444419533379557,42870.0
8.4999,0.0108,1,1,-0.18218345940113068,0.933349072933197,0.6441460847854614,-0.2989994287490845,0.2284049540758133,0.7995012998580933,1.2599817514419556,-0.06475824862718582,0.39437219500541687,0.9816780686378479,0.12233679741621017,-0.09872027486562729,0.10767661035060883,0.0835338758844023,-0.28408405401066,-0.29110437967070424,12.969850598467787,-12.7189406227016,11.06740848670657,0.7312505841255188,-0.1168159693479538,-0.7049441337585449,0.15535521507263184,1.2599817514419556,-0.06475824862718582,0.39437219500541687,0.12233679741621017,-0.09872027486562729,0.10767661035060883,0.9816780686378479,0.083533875644207,-0.2840840518474579,-0.29110437631607056,-0.1168159693479538,-0.7049441337585449,0.15535521507263184,-0.1287519484758377,-0.6947575807571411,0.15535521507263184,-0.14213447272777557,-0.6865636110305786,0.15535521507263184,-0.15663407742977142,-0.6805640459060669,0.15535521507263184,-0.17189370095729828,-0.6769065260887146,0.15535521507263184,-0.18753759562969208,-0.6756812334060669,0.15535521507263184,-0.20318059623241425,-0.6769182682037354,0.15535521507263184,-0.21843747794628143,-0.680587112903595,0.15535521507263184,-0.23293258249759674,-0.6865975260734558,0.15535521507263184,-0.24630899727344513,-0.6948014497756958,0.15535521507263184,1.5707963705062866,-1.5707963705062866,0.732303261756897,0.045664992183446884,14.999999999997616,-14.99998867887896,0.16377586549465778,38870.0
8.5198,0.0096,1,1,-0.1475694626569748,0.9392067790031433,0.6247727274894714,-0.3012802004814148,0.23061278462409973,0.7995012998580933,1.2818890810012817,-0.1393587291240692,0.36649009585380554,0.9815056920051575,0.12322428077459335,-0.10046268999576569,0.10661884397268295,0.1828048699927872,-0.08354268928313478,-0.3490586931534363,13.072817374838852,-12.913834023029782,10.913315786041668,0.7458300590515137,-0.15371073782444,-0.7085939645767212,0.17472857236862183,1.2818890810012817,-0.1393587291240692,0.36649009585380554,0.12322428077459335,-0.10046268999576569,0.10661884397268295,0.9815056920051575,0.1828048676252365,-0.08354268968105316,-0.34905868768692017,-0.15371073782444,-0.7085939645767212,0.17472857236862183,-0.16596399247646332,-0.6987913846969604,0.17472857236862183,-0.17959986627101898,-0.6910263299942017,0.17472857236862183,-0.19428257644176483,-0.6854900121688843,0.17472857236862183,-0.20965059101581573,-0.6823186874389648,0.17472857236862183,-0.22532550990581512,-0.6815904974937439,0.17472857236862183,-0.24092136323451996,-0.6833233833312988,0.17472857236862183,-0.2560541033744812,-0.6874746680259705,0.17472857236862183,-0.2703511118888855,-0.693942129611969,0.17472857236862183,-0.28346043825149536,-0.7025665044784546,0.17472857236862183,1.5707963705062866,-1.5707963705062866,0.6337975263595581,0.07848228514194489,14.999999999998808,-14.99999433943948,-0.1444095358351158,34870.0
8.5395,0.0093,1,1,-0.13297012448310852,0.938957929611206,0.6614807844161987,-0.3035721480846405,0.2326962649822235,0.7995012998580933,1.1753952503204346,-0.17189696431159973,0.48968106508255005,0.981233537197113,0.1226196214556694,-0.10482186824083328,0.10561979562044144,0.1819522423250415,0.0024004888824417344,-0.3691193202491081,12.979461276959634,-13.39197100566272,10.757003018854245,0.7395675778388977,-0.17060202360153198,-0.7062616348266602,0.13802051544189453,1.1753952503204346,-0.17189696431159973,0.48968106508255005,0.1226196214556694,-0.10482186824083328,0.10561979562044144,0.981233537197113,0.18195223808288574,0.0024004888255149126,-0.3691193163394928,-0.17060202360153198,-0.7062616348266602,0.13802051544189453,-0.183152973651886,-0.6968432664871216,0.13802051544189453,-0.19702279567718506,-0.6895042061805725,0.13802051544189453,-0.21186992526054382,-0.6844252347946167,0.13802051544189453,-0.22732877731323242,-0.6817314028739929,0.13802051544189453,-0.2430187463760376,-0.6814890503883362,0.13802051544189453,-0.2585534155368805,-0.683704137802124,0.13802051544189453,-0.2735503613948822,-0.6883220672607422,0.13802051544189453,-0.287640243768692,-0.695229172706604,0.13802051544189453,-0.3004761338233948,-0.7042554616928101,0.13802051544189453,1.5707963705062866,-1.5707963705062866,0.6390019655227661,0.021362630650401115,14.999999999999403,-14.999997169719741,-0.45703507020998435,30870.0
8.5603,0.0098,1,1,-0.10987164825201035,0.9349218606948853,0.6714661717414856,-0.3059803247451782,0.23475146293640137,0.7995012998580933,1.1346334218978882,-0.2314261645078659,0.5074681639671326,0.9812557101249695,0.12525375187397003,-0.10144104063510895,0.1056242287158966,0.20753212097709117,-0.08444862178457407,-0.26600654982071575,13.31573482135798,-13.03456723592133,10.75951453997737,0.7383022308349609,-0.19610866904258728,-0.7001703977584839,0.12803512811660767,1.1346334218978882,-0.2314261645078659,0.5074681639671326,0.12525375187397003,-0.10144104063510895,0.1056242287158966,0.9812557101249695,0.2075321227312088,-0.08444862067699432,-0.26600655913352966,-0.19610866904258728,-0.7001703977584839,0.12803512811660767,-0.20895150303840637,-0.6911540031433105,0.12803512811660767,-0.2230466604232788,-0.6842577457427979,0.12803512811660767,-0.23804712295532227,-0.6796512603759766,0.12803512811660767,-0.25358352065086365,-0.6774481534957886,0.12803512811660767,-0.2692732810974121,-0.6777025461196899,0.12803512811660767,-0.28473007678985596,-0.6804082989692688,0.12803512811660767,-0.29957330226898193,-0.6854986548423767,0.12803512811660767,-0.31343746185302734,-0.6928483247756958,0.12803512811660767,-0.3259811997413635,-0.7022764086723328,0.12803512811660767,1.5707963705062866,-1.5707963705062866,0.551561713218689,0.021362630650401115,14.999999999999702,-14.99999858485987,-0.4520120279637309,29452.0
8.5798,0.0093,1,1,-0.0779089480638504,0.9425073862075806,0.647101104259491,-0.30843111872673035,0.23671293258666992,0.7995012998580933,1.1553189754486084,-0.2580331265926361,0.3730601966381073,0.9817147850990295,0.12622332572937012,-0.09800814092159271,0.10342224687337875,0.1323425279991524,-0.10068376777715832,-0.2923072629560658,13.485249107757605,-12.623334676065923,10.529260949655546,0.7579658031463623,-0.23052217066287994,-0.7057944536209106,0.1524001955986023,1.1553189754486084,-0.2580331265926361,0.3730601966381073,0.12622332572937012,-0.09800814092159271,0.10342224687337875,0.9817147850990295,0.13234253227710724,-0.1006837710738182,-0.2923072576522827,-0.23052217066287994,-0.7057944536209106,0.1524001955986023,-0.2436416894197464,-0.6971856355667114,0.1524001955986023,-0.2579463720321655,-0.6907351016998291,0.1524001955986023,-0.27308404445648193,-0.6866017580032349,0.1524001955986023,-0.28868192434310913,-0.6848874092102051,0.1524001955986023,-0.3043559789657593,-0.6856341361999512,0.1524001955986023,-0.31972020864486694,-0.6888236403465271,0.1524001955986023,-0.3343963623046875,-0.6943773627281189,0.1524001955986023,-0.348022997379303,-0.7021586298942566,0.1524001955986023,-0.3602646589279175,-0.7119756937026978,0.1524001955986023,1.5707963705062866,-1.5707963705062866,0.5210467576980591,0.043047238141298294,14.99999999999985,-14.999999292429935,-0.9125192086073965,29452.0
8.5996,0.0091,1,1,-0.047283634543418884,0.9376296401023865,0.7000016570091248,-0.3109176754951477,0.2385786473751068,0.7995012998580933,1.1548314094543457,-0.32501211762428284,0.5758951902389526,0.9818693399429321,0.12766732275485992,-0.09776794165372849,0.10036475211381912,0.045822120850497194,-0.038088492459610435,-0.32216183140807203,13.695060536789587,-12.569123238541549,10.157407656253405,0.753707766532898,-0.2636340260505676,-0.699051022529602,0.0994996428489685,1.1548314094543457,-0.32501211762428284,0.5758951902389526,0.12766732275485992,-0.09776794165372849,0.10036475211381912,0.9818693399429321,0.04582212120294571,-0.038088493049144745,-0.32216182351112366,-0.2636340260505676,-0.699051022529602,0.0994996428489685,-0.2770147919654846,-0.6908540725708008,0.0994996428489685,-0.2915130853652954,-0.684851348400116,0.0994996428489685,-0.3067718744277954,-0.6811904907226562,0.0994996428489685,-0.3224155306816101,-0.6799618005752563,0.0994996428489685,-0.3380587697029114,-0.6811953783035278,0.0994996428489685,-0.3533164858818054,-0.6848609447479248,0.0994996428489685,-0.3678128719329834,-0.6908681392669678,0.0994996428489685,-0.38119107484817505,-0.6990691423416138,0.0994996428489685,-0.3931216597557068,-0.7092620134353638,0.0994996428489685,1.5707963705062866,-1.5707963705062866,0.39531147480010986,0.021362630650401115,14.999999999999925,-14.999999646214967,-1.6562257954116464,29452.0
8.6198,0.0094,1,1,-0.024493826553225517,0.9306326508522034,0.7113012075424194,-0.31351885199546814,0.24040545523166656,0.7995012998580933,1.1242464780807495,-0.3743518590927124,0.5529917478561401,0.9821178913116455,0.12838345766067505,-0.09761795401573181,0.0971122682094574,-0.027756781897188647,-0.022499400219154995,-0.32394934513173324,13.821096112466524,-12.514101783899696,9.771446330673921,0.7534775137901306,-0.28902503848075867,-0.690227210521698,0.08820009231567383,1.1242464780807495,-0.3743518590927124,0.5529917478561401,0.12838345766067505,-0.09761795401573181,0.0971122682094574,0.9821178913116455,-0.02775678224861622,-0.02249940112233162,-0.32394933700561523,-0.28902503848075867,-0.690227210521698,0.08820009231567383,-0.3026595115661621,-0.6824597120285034,0.08820009231567383,-0.31734126806259155,-0.6769207715988159,0.08820009231567383,-0.3327087163925171,-0.6737467050552368,0.08820009231567383,-0.34838348627090454,-0.673015832901001,0.08820009231567383,-0.36397963762283325,-0.6747459173202515,0.08820009231567383,-0.3791131377220154,-0.6788945198059082,0.08820009231567383,-0.3934113085269928,-0.6853594779968262,0.08820009231567383,-0.40652212500572205,-0.6939815282821655,0.08820009231567383,-0.41812270879745483,-0.7045484185218811,0.08820009231567383,1.5707963705062866,-1.5707963705062866,0.33647918701171875,0.021362630650401115,14.999999999999963,-14.999999823107483,-2.4281484465706464,29452.0
8.6399,0.0111,1,1,0.002312266267836094,0.9199591279029846,0.7843586802482605,-0.31615763902664185,0.24213655292987823,0.7995012998580933,1.0959430932998657,-0.46405884623527527,1.0216786861419678,0.9829685091972351,0.12541000545024872,-0.09543284773826599,0.09452886879444122,-0.02808639385516719,-0.09066091940275307,-0.31902848922753935,13.520055663652569,-12.199994348215915,9.534544676728725,0.7490633130073547,-0.31846991181373596,-0.6778225898742676,0.015142619609832764,1.0959430932998657,-0.46405884623527527,1.0216786861419678,0.12541000545024872,-0.09543284773826599,0.09452886879444122,0.9829685091972351,-0.02808639407157898,-0.09066092222929001,-0.31902849674224854,-0.31846991181373596,-0.6778225898742676,0.015142619609832764,-0.3323427140712738,-0.6704891920089722,0.015142619609832764,-0.3471919000148773,-0.6654163002967834,0.015142619609832764,-0.36265188455581665,-0.6627287864685059,0.015142619609832764,-0.3783419132232666,-0.6624928712844849,0.015142619609832764,-0.39387571811676025,-0.6647142171859741,0.015142619609832764,-0.40887075662612915,-0.6693383455276489,0.015142619609832764,-0.42295780777931213,-0.676251232624054,0.015142619609832764,-0.4357900023460388,-0.6852827072143555,0.015142619609832764,-0.44705137610435486,-0.6962103843688965,0.015142619609832764,1.5707963705062866,-1.5707963705062866,0.19938623905181885,0.021362630650401115,14.999999999999982,-14.999999911553742,-2.9019517544610323,29452.0
8.6603,0.0097,1,1,0.02395242638885975,0.9102305173873901,0.8044393062591553,-0.3188616931438446,0.24379059672355652,0.7995012998580933,1.0680418014526367,-0.508600115776062,0.9858828186988831,0.9832808971405029,0.12581387162208557,-0.09637313336133957,0.08966536819934845,-0.007534762558120246,-0.1500363705445571,-0.2981172484796963,13.620826414448032,-12.24462620496728,8.952906898416899,0.7494584918022156,-0.3428141176700592,-0.6664398908615112,-0.004938006401062012,1.0680418014526367,-0.508600115776062,0.9858828186988831,0.12581387162208557,-0.09637313336133957,0.08966536819934845,0.9832808971405029,-0.007534762378782034,-0.15003636479377747,-0.2981172502040863,-0.3428141176700592,-0.6664398908615112,-0.004938006401062012,-0.35691237449645996,-0.6595499515533447,-0.004938006401062012,-0.37191492319107056,-0.6549502015113831,-0.004938006401062012,-0.38745227456092834,-0.6527540683746338,-0.004938006401062012,-0.40314191579818726,-0.6530154943466187,-0.004938006401062012,-0.4185974895954132,-0.6557281017303467,-0.004938006401062012,-0.4334384500980377,-0.6608251333236694,-0.004938006401062012,-0.4472993314266205,-0.6681810617446899,-0.004938006401062012,-0.4598388373851776,-0.677614688873291,-0.004938006401062012,-0.4707482159137726,-0.6888937950134277,-0.004938006401062012,1.5707963705062866,-1.5707963705062866,0.15368926525115967,0.021362630650401115,14.999999999999991,-14.999999955776872,-4.065227311084693,29452.0
8.6801,0.009,1,1,0.07987117767333984,0.9846360087394714,0.8651910424232483,-0.32151859998703003,0.2453041821718216,0.7995012998580933,1.215144157409668,0.043279338628053665,1.196264624595642,0.9880931973457336,0.09178463369607925,-0.08136692643165588,0.09286995232105255,0.05797762030345949,-0.19457624174801919,-0.387903394365764,9.72758842232571,-10.244220441902831,9.864750041650383,0.8438248634338379,-0.4013897776603699,-0.739331841468811,-0.06568974256515503,1.215144157409668,0.043279338628053665,1.196264624595642,0.09178463369607925,-0.08136692643165588,0.09286995232105255,0.9880931973457336,0.057977620512247086,-0.19457624852657318,-0.3879033923149109,-0.4013897776603699,-0.739331841468811,-0.06568974256515503,-0.41569212079048157,-0.7328760623931885,-0.06568974256515503,-0.4308282732963562,-0.7287372350692749,-0.06568974256515503,-0.44642552733421326,-0.7270171642303467,-0.06568974256515503,-0.4620998203754425,-0.7277581691741943,-0.06568974256515503,-0.4774652421474457,-0.7309420108795166,-0.06568974256515503,-0.4921434223651886,-0.7364904284477234,-0.06568974256515503,-0.5057729482650757,-0.7442666888237,-0.06568974256515503,-0.5180181264877319,-0.7540793418884277,-0.06568974256515503,-0.5285775661468506,-0.7656867504119873,-0.06568974256515503,1.5707963705062866,-1.5707963705062866,0.3330899477005005,0.021362630650401115,14.999999999999996,-14.999999977888436,-2.241541024617722,29452.0
8.7002,0.0093,1,1,0.10393718630075455,0.9851766228675842,0.8887662291526794,-0.3243056535720825,0.24677921831607819,0.7995012998580933,1.1913245916366577,0.010804818011820316,1.161338210105896,0.9881775975227356,0.0935908779501915,-0.08259433507919312,0.08900542557239532,0.2560739409953721,-0.14101810814522178,-0.35972218989519533,9.96752657376176,-10.363698377564424,9.387294343022832,0.858248770236969,-0.42824283242225647,-0.7383974194526672,-0.08926492929458618,1.1913245916366577,0.010804818011820316,1.161338210105896,0.0935908779501915,-0.08259433507919312,0.08900542557239532,0.9881775975227356,0.2560739517211914,-0.1410181075334549,-0.35972219705581665,-0.42824283242225647,-0.7383974194526672,-0.08926492929458618,-0.44274160265922546,-0.7323958277702332,-0.08926492929458618,-0.45800071954727173,-0.7287362813949585,-0.08926492929458618,-0.4736444652080536,-0.7275087833404541,-0.08926492929458618,-0.4892876148223877,-0.7287436127662659,-0.08926492929458618,-0.5045450329780579,-0.7324104309082031,-0.08926492929458618,-0.5190409421920776,-0.7384188175201416,-0.08926492929458618,-0.5324184894561768,-0.7466209530830383,-0.08926492929458618,-0.5443482398986816,-0.7568147778511047,-0.08926492929458618,-0.5545364618301392,-0.7687493562698364,-0.08926492929458618,1.5707963705062866,-1.5707963705062866,0.2964656352996826,0.021362630650401115,14.999999999999998,-14.999999988944218,-3.1964524218728143,29452.0
8.72,0.0093,1,1,0.13122119009494781,0.9931554794311523,0.9431244134902954,-0.32713261246681213,0.24816319346427917,0.7995012998580933,1.1812944412231445,0.03071068413555622,1.336040735244751,0.988483726978302,0.0936034545302391,-0.08230607956647873,0.08580175042152405,0.4566344555156107,-0.3309383120699418,-0.2749184355792592,10.004518368840973,-10.29865513812421,9.017972867173855,0.8864137530326843,-0.45835381746292114,-0.7449922561645508,-0.14362311363220215,1.1812944412231445,0.03071068413555622,1.336040735244751,0.0936034545302391,-0.08230607956647873,0.08580175042152405,0.988483726978302,0.4566344618797302,-0.33093830943107605,-0.27491843700408936,-0.45835381746292114,-0.7449922561645508,-0.14362311363220215,-0.4730342626571655,-0.7394499778747559,-0.14362311363220215,-0.48840099573135376,-0.7362724542617798,-0.14362311363220215,-0.5040755867958069,-0.7355378866195679,-0.14362311363220215,-0.519672155380249,-0.7372644543647766,-0.14362311363220215,-0.5348066091537476,-0.7414095997810364,-0.14362311363220215,-0.549106240272522,-0.7478712797164917,-0.14362311363220215,-0.5622190237045288,-0.7564902901649475,-0.14362311363220215,-0.573822021484375,-0.767054557800293,-0.14362311363220215,-0.5836296081542969,-0.779303789138794,-0.14362311363220215,1.5707963705062866,-1.5707963705062866,0.2574882507324219,0.021362630650401115,15.0,-14.999999994472109,-3.9350953735707814,29452.0
8.7401,0.0097,1,1,0.10099081695079803,0.9326369762420654,0.715057373046875,-0.32999685406684875,0.24945540726184845,0.7995012998580933,0.9560522437095642,-0.22908416390419006,-0.08521264791488647,0.9842898845672607,0.11930280923843384,-0.10432883352041245,0.07780584692955017,0.5566968412314263,-0.3898758313376175,-0.1436355294435789,12.962873092952373,-12.940821279208683,7.563007138612267,0.8121688365936279,-0.4309876561164856,-0.6831815838813782,0.08444392681121826,0.9560522437095642,-0.22908416390419006,-0.08521264791488647,0.11930280923843384,-0.10432883352041245,0.07780584692955017,0.9842898845672607,0.5566968321800232,-0.3898758292198181,-0.14363552629947662,-0.4309876561164856,-0.6831815838813782,0.08444392681121826,-0.4458349943161011,-0.6781032085418701,0.08444392681121826,-0.4612939953804016,-0.6754100322723389,0.08444392681121826,-0.4769839644432068,-0.6751683950424194,0.08444392681121826,-0.4925185441970825,-0.677384078502655,0.08444392681121826,-0.5075152516365051,-0.6820026636123657,0.08444392681121826,-0.5216048359870911,-0.6889104247093201,0.08444392681121826,-0.5344403386116028,-0.6979371905326843,0.08444392681121826,-0.5457057356834412,-0.7088607549667358,0.08444392681121826,-0.5551236271858215,-0.7214121222496033,0.08444392681121826,1.5707963705062866,-1.5707963705062866,0.3380790948867798,0.045970238745212555,15.0,-14.999999997236054,-6.845026830693921,29452.0
8.76,0.0092,1,1,0.05452246963977814,0.9472904801368713,0.7438796162605286,-0.3329210877418518,0.25066524744033813,0.7995012998580933,0.639153003692627,-0.17027565836906433,-0.06731541454792023,0.9824134707450867,0.11542163789272308,-0.125070720911026,0.0767911747097969,0.3737298845967941,-0.27848816999391507,-0.16102064503961616,12.425947053719318,-15.276003230930906,7.266139497042178,0.7990575432777405,-0.38744354248046875,-0.6966252326965332,0.0556216835975647,0.639153003692627,-0.17027565836906433,-0.06731541454792023,0.11542163789272308,-0.125070720911026,0.0767911747097969,0.9824134707450867,0.3737298846244812,-0.2784881591796875,-0.1610206514596939,-0.38744354248046875,-0.6966252326965332,0.0556216835975647,-0.40244418382644653,-0.6920192241668701,0.0556216835975647,-0.4179806113243103,-0.6898165941238403,0.0556216835975647,-0.43367040157318115,-0.6900714635848999,0.0556216835975647,-0.44912707805633545,-0.6927776336669922,0.0556216835975647,-0.4639701843261719,-0.6978684663772583,0.0556216835975647,-0.4778341054916382,-0.7052185535430908,0.0556216835975647,-0.4903775453567505,-0.7146469950675964,0.0556216835975647,-0.5012916326522827,-0.7259215712547302,0.0556216835975647,-0.5103076696395874,-0.7387646436691284,0.0556216835975647,1.5707963705062866,-1.5707963705062866,0.4831351041793823,0.021362630650401115,15.0,-14.999999998618026,-7.438762113834124,29452.0
8.7797,0.0092,1,1,0.06532366573810577,0.9505212306976318,0.7190956473350525,-0.33584222197532654,0.2517675757408142,0.7995012998580933,0.6007450819015503,-0.1849738508462906,-0.16047897934913635,0.9818142056465149,0.11768358200788498,-0.1275339126586914,0.07697098702192307,0.17960340082261889,-0.07845774104389995,-0.14347071306161663,12.680699688850495,-15.577743299222922,7.223728439983692,0.8097257614135742,-0.4011659026145935,-0.6987536549568176,0.08040565252304077,0.6007450819015503,-0.1849738508462906,-0.16047897934913635,0.11768358200788498,-0.1275339126586914,0.07697098702192307,0.9818142056465149,0.17960339784622192,-0.07845774292945862,-0.14347071945667267,-0.4011659026145935,-0.6987536549568176,0.08040565252304077,-0.41630297899246216,-0.6946182250976562,0.08040565252304077,-0.43190062046051025,-0.692901611328125,0.08040565252304077,-0.4475747346878052,-0.6936461925506592,0.08040565252304077,-0.46293944120407104,-0.696833610534668,0.08040565252304077,-0.4776163697242737,-0.7023853063583374,0.08040565252304077,-0.4912440776824951,-0.7101646065711975,0.08040565252304077,-0.5034871101379395,-0.719980001449585,0.08040565252304077,-0.514043927192688,-0.7315897941589355,0.08040565252304077,-0.5226545929908752,-0.7447081208229065,0.08040565252304077,1.5707963705062866,-1.5707963705062866,0.4938620328903198,0.05900314450263977,15.0,-14.999999999309013,-7.523584227951081,29452.0
8.7999,0.0111,1,1,0.08157562464475632,0.9487118721008301,0.716920793056488,-0.3388414680957794,0.2527928054332733,0.7995012998580933,0.5831833481788635,-0.21580040454864502,-0.1931442767381668,0.9818918704986572,0.11812055855989456,-0.12605291604995728,0.07774600386619568,0.10846791300497251,0.17446860985910753,-0.1486838176059331,12.726298080682895,-15.420881769943358,7.324410755114674,0.8172352313995361,-0.42041710019111633,-0.6959190368652344,0.08258050680160522,0.5831833481788635,-0.21580040454864502,-0.1931442767381668,0.11812055855989456,-0.12605291604995728,0.07774600386619568,0.9818918704986572,0.10846791416406631,0.17446860671043396,-0.1486838161945343,-0.42041710019111633,-0.6959190368652344,0.08258050680160522,-0.4356776475906372,-0.6922653913497925,0.08258050680160522,-0.4513218402862549,-0.6910440325737,0.08258050680160522,-0.4669645130634308,-0.6922849416732788,0.08258050680160522,-0.48222050070762634,-0.6959576606750488,0.08258050680160522,-0.4967140853404999,-0.7019717693328857,0.08258050680160522,-0.5100883841514587,-0.7101790904998779,0.08258050680160522,-0.5220142006874084,-0.7203775644302368,0.08258050680160522,-0.5321977734565735,-0.7323160767555237,0.08258050680160522,-0.5403883457183838,-0.7457007169723511,0.08258050680160522,1.5707963705062866,-1.5707963705062866,0.45764076709747314,0.06925803422927856,15.0,-14.999999999654506,-7.322219597689122,29452.0
8.8199,0.0097,1,1,0.007556697353720665,0.959441065788269,0.7594742178916931,-0.34184032678604126,0.2537133991718292,0.7995012998580933,0.20674066245555878,-0.18955890834331512,-0.08108525723218918,0.9808694124221802,0.11128111183643341,-0.14099417626857758,0.07503552734851837,0.07624065943640898,0.2895821500811286,-0.11627966356196107,11.900584984983283,-17.055255723760823,6.958358358855264,0.7884998917579651,-0.34939703345298767,-0.7057276964187622,0.040027081966400146,0.20674066245555878,-0.18955890834331512,-0.08108525723218918,0.11128111183643341,-0.14099417626857758,0.07503552734851837,0.9808694124221802,0.0762406587600708,0.28958216309547424,-0.11627966165542603,-0.34939703345298767,-0.7057276964187622,0.040027081966400146,-0.36476466059684753,-0.70255446434021,0.040027081966400146,-0.38043949007987976,-0.701824426651001,0.040027081966400146,-0.3960355520248413,-0.7035553455352783,0.040027081966400146,-0.41116881370544434,-0.7077047824859619,0.040027081966400146,-0.4254666268825531,-0.714170515537262,0.040027081966400146,-0.43857696652412415,-0.7227932810783386,0.040027081966400146,-0.45017698407173157,-0.7333608269691467,0.040027081966400146,-0.4599810838699341,-0.7456128597259521,0.040027081966400146,-0.4677478075027466,-0.7592477798461914,0.040027081966400146,1.5707963705062866,-1.5707963705062866,0.6693891286849976,0.021362630650401115,15.0,-14.999999999827253,-8.054324390207961,29452.0
8.8396,0.0095,1,1,0.011271625757217407,0.9552626609802246,0.7574042677879333,-0.3448295593261719,0.2545299828052521,0.7995012998580933,0.1647910475730896,-0.2282838225364685,-0.1257963329553604,0.9812999367713928,0.112085722386837,-0.13771161437034607,0.07430175691843033,0.19202157118284705,0.3480480235197512,-0.08872329493977389,12.02113570932723,-16.67419647385492,6.892066544259844,0.7871509194374084,-0.3561011850833893,-0.7007327079772949,0.04209703207015991,0.1647910475730896,-0.2282838225364685,-0.1257963329553604,0.112085722386837,-0.13771161437034607,0.07430175691843033,0.9812999367713928,0.19202157855033875,0.34804803133010864,-0.08872329443693161,-0.3561011850833893,-0.7007327079772949,0.04209703207015991,-0.3715597689151764,-0.6980371475219727,0.04209703207015991,-0.3872496783733368,-0.6977931261062622,0.04209703207015991,-0.4027846157550812,-0.7000064849853516,0.04209703207015991,-0.4177820384502411,-0.7046228051185608,0.04209703207015991,-0.4318726658821106,-0.7115284204483032,0.04209703207015991,-0.44470953941345215,-0.7205532789230347,0.04209703207015991,-0.45597657561302185,-0.7314751148223877,0.04209703207015991,-0.46539631485939026,-0.7440251111984253,0.04209703207015991,-0.4727368652820587,-0.7578940987586975,0.04209703207015991,1.5707963705062866,-1.5707963705062866,0.6349374055862427,0.021362630650401115,15.0,-14.999999999913626,-8.186908019398775,29452.0
8.8601,0.0112,1,1,-0.054021548479795456,0.9597945809364319,0.8112677931785583,-0.34793755412101746,0.2552747428417206,0.7995012998580933,-0.1471518874168396,-0.24801379442214966,0.18984003365039825,0.9813469648361206,0.10815513879060745,-0.14112281799316406,0.07309601455926895,0.24280281007226204,0.4161799067138438,-0.09912226488388239,11.561986781855955,-17.025202168151576,6.783330237999554,0.7634614109992981,-0.2939160168170929,-0.7045198678970337,-0.011766493320465088,-0.1471518874168396,-0.24801379442214966,0.18984003365039825,0.10815513879060745,-0.14112281799316406,0.07309601455926895,0.9813469648361206,0.24280281364917755,0.416179895401001,-0.09912226349115372,-0.2939160168170929,-0.7045198678970337,-0.011766493320465088,-0.3094528019428253,-0.7023196816444397,-0.011766493320465088,-0.3251425325870514,-0.7025771141052246,-0.011766493320465088,-0.34059879183769226,-0.7052857875823975,-0.011766493320465088,-0.35544103384017944,-0.7103790044784546,-0.011766493320465088,-0.36930379271507263,-0.7177313566207886,-0.011766493320465088,-0.38184571266174316,-0.7271618247032166,-0.011766493320465088,-0.39275798201560974,-0.7384381294250488,-0.011766493320465088,-0.4017719030380249,-0.7512826919555664,-0.011766493320465088,-0.4086654782295227,-0.7653791904449463,-0.011766493320465088,1.5707963705062866,-1.5707963705062866,0.9351755380630493,0.021362630650401115,15.0,-14.999999999956813,-8.404380631919375,29452.0
8.8802,0.0108,1,1,-0.05738849937915802,0.9544550180435181,0.8146271705627441,-0.3510379493236542,0.2559141516685486,0.7995012998580933,-0.18946723639965057,-0.28600552678108215,0.1462789922952652,0.981693685054779,0.11054728180170059,-0.13685867190361023,0.07296930998563766,0.35860452776471635,0.37463499318277116,-0.05400809963610152,11.864083844496058,-16.549267263980326,6.770458392275616,0.7579037547111511,-0.29364943504333496,-0.6985408663749695,-0.015125870704650879,-0.18946723639965057,-0.28600552678108215,0.1462789922952652,0.11054728180170059,-0.13685867190361023,0.07296930998563766,0.981693685054779,0.3586045205593109,0.3746349811553955,-0.05400810018181801,-0.29364943504333496,-0.6985408663749695,-0.015125870704650879,-0.30924808979034424,-0.696833610534668,-0.015125870704650879,-0.32492178678512573,-0.6975874900817871,-0.015125870704650879,-0.3402845859527588,-0.7007840871810913,-0.015125870704650879,-0.354958176612854,-0.7063445448875427,-0.015125870704650879,-0.36858129501342773,-0.7141320109367371,-0.015125870704650879,-0.3808184266090393,-0.7239546775817871,-0.015125870704650879,-0.3913682699203491,-0.7355707883834839,-0.015125870704650879,-0.3999711275100708,-0.7486942410469055,-0.015125870704650879,-0.40641510486602783,-0.7630018591880798,-0.015125870704650879,1.5707963705062866,-1.5707963705062866,0.9233361482620239,0.021362630650401115,15.0,-14.999999999978407,-8.430124323367266,29452.0
8.9008,0.0097,1,1,-0.0989084541797638,0.9490089416503906,0.8771669864654541,-0.3541122376918793,0.25644806027412415,0.7995012998580933,-0.37691637873649597,-0.3440530002117157,0.5278975963592529,0.9824790358543396,0.11096646636724472,-0.13074129819869995,0.0729796513915062,0.28206308092793975,0.3406652083458336,-0.05857119729854612,11.936278081376692,-15.848684937676444,6.828982471423795,0.7421600222587585,-0.2552037835121155,-0.6925609111785889,-0.07766568660736084,-0.37691637873649597,-0.3440530002117157,0.5278975963592529,0.11096646636724472,-0.13074129819869995,0.0729796513915062,0.9824790358543396,0.2820630669593811,0.34066522121429443,-0.05857119709253311,-0.2552037835121155,-0.6925609111785889,-0.07766568660736084,-0.2708481252193451,-0.6913411021232605,-0.07766568660736084,-0.28649067878723145,-0.6925836801528931,-0.07766568660736084,-0.3017462491989136,-0.6962579488754272,-0.07766568660736084,-0.31623920798301697,-0.7022735476493835,-0.07766568660736084,-0.32961270213127136,-0.7104822397232056,-0.07766568660736084,-0.3415374457836151,-0.7206819653511047,-0.07766568660736084,-0.35171976685523987,-0.7326215505599976,-0.07766568660736084,-0.35990893840789795,-0.746006965637207,-0.07766568660736084,-0.365903377532959,-0.7605087161064148,-0.07766568660736084,1.5707963705062866,-1.5707963705062866,1.0443717241287231,0.021362630650401115,15.0,-14.999999999989203,-8.313076165070882,29452.0
8.9197,0.0094,1,1,-0.10683131217956543,0.9417475461959839,0.8872705101966858,-0.3571859300136566,0.256883829832077,0.7995012998580933,-0.41529953479766846,-0.38218361139297485,0.48260313272476196,0.9826604723930359,0.11365225911140442,-0.12693770229816437,0.07311979681253433,0.22580496803299271,0.2208622076288329,-0.03380523269048972,12.266532983368617,-15.431955819412606,6.842813500394202,0.7344515919685364,-0.2503546178340912,-0.6848636865615845,-0.08776921033859253,-0.41529953479766846,-0.38218361139297485,0.48260313272476196,0.11365225911140442,-0.12693770229816437,0.07311979681253433,0.9826604723930359,0.22580496966838837,0.22086220979690552,-0.033805232495069504,-0.2503546178340912,-0.6848636865615845,-0.08776921033859253,-0.2660292685031891,-0.6841301918029785,-0.08776921033859253,-0.2816257178783417,-0.6858576536178589,-0.08776921033859253,-0.2967599034309387,-0.6900037527084351,-0.08776921033859253,-0.3110591471195221,-0.696466326713562,-0.08776921033859253,-0.32417139410972595,-0.7050861716270447,-0.08776921033859253,-0.335773766040802,-0.7156510949134827,-0.08776921033859253,-0.3455805778503418,-0.7279009819030762,-0.08776921033859253,-0.35335034132003784,-0.7415341734886169,-0.08776921033859253,-0.35889172554016113,-0.75621497631073,-0.08776921033859253,1.5707963705062866,-1.5707963705062866,1.0509973764419556,0.021362630650401115,15.0,-14.999999999994602,-8.285414107130066,29452.0
8.9396,0.0107,1,1,-0.12295043468475342,0.9285998940467834,0.9438078999519348,-0.3602951467037201,0.2572261691093445,0.7995012998580933,-0.48221704363822937,-0.45579081773757935,0.7712363600730896,0.9835264682769775,0.11516395956277847,-0.11844421178102493,0.07336169481277466,0.17623423572755964,0.181120071063419,-0.03397288908408322,12.474655275069837,-14.47060547340205,6.9417086865407525,0.7265670299530029,-0.23734471201896667,-0.671373724937439,-0.14430660009384155,-0.48221704363822937,-0.45579081773757935,0.7712363600730896,0.11516395956277847,-0.11844421178102493,0.07336169481277466,0.9835264682769775,0.17623423039913177,0.18112006783485413,-0.03397288918495178,-0.23734471201896667,-0.671373724937439,-0.14430660009384155,-0.25303465127944946,-0.6711307764053345,-0.14430660009384155,-0.2685694098472595,-0.6733452081680298,-0.14430660009384155,-0.28356653451919556,-0.6779626607894897,-0.14430660009384155,-0.2976566553115845,-0.6848692297935486,-0.14430660009384155,-0.3104929029941559,-0.6938949823379517,-0.14430660009384155,-0.3217591643333435,-0.7048176527023315,-0.14430660009384155,-0.33117803931236267,-0.7173682451248169,-0.14430660009384155,-0.33851760625839233,-0.7312377691268921,-0.14430660009384155,-0.3435971438884735,-0.7460846900939941,-0.14430660009384155,1.5707963705062866,-1.5707963705062866,0.7652007341384888,0.021362630650401115,15.0,-14.9999999999973,-8.087623734836978,29452.0
8.9599,0.0096,1,1,-0.13294391334056854,0.9190887808799744,0.95880126953125,-0.3634861409664154,0.2574756145477295,0.7995012998580933,-0.5169773697853088,-0.4952744245529175,0.7277893424034119,0.9835966229438782,0.1169896125793457,-0.11603625863790512,0.07338060438632965,0.15062884066331567,0.11452406615948879,-0.020036159303156643,12.69938292448615,-14.207558946962044,6.944150313180231,0.7185111045837402,-0.23054222762584686,-0.6616131663322449,-0.15929996967315674,-0.5169773697853088,-0.4952744245529175,0.7277893424034119,0.1169896125793457,-0.11603625863790512,0.07338060438632965,0.9835966229438782,0.15062883496284485,0.11452406644821167,-0.020036159083247185,-0.23054222762584686,-0.6616131663322449,-0.15929996967315674,-0.24623189866542816,-0.6618724465370178,-0.15929996967315674,-0.2616878151893616,-0.6645829677581787,-0.15929996967315674,-0.2765294909477234,-0.6696779131889343,-0.15929996967315674,-0.29039138555526733,-0.6770318746566772,-0.15929996967315674,-0.3029322028160095,-0.6864638328552246,-0.15929996967315674,-0.31384313106536865,-0.6977414488792419,-0.15929996967315674,-0.32285553216934204,-0.7105870842933655,-0.15929996967315674,-0.32974743843078613,-0.7246843576431274,-0.15929996967315674,-0.33434921503067017,-0.7396862506866455,-0.15929996967315674,1.5707963705062866,-1.5537283420562744,0.7374788522720337,0.021362630650401115,15.0,-14.99999999999865,-8.082740481558014,29452.0
8.9798,0.0104,1,1,-0.14181636273860931,0.9051154851913452,0.9956706166267395,-0.36659547686576843,0.2576201558113098,0.7995012998580933,-0.5449722409248352,-0.5534298419952393,0.828907310962677,0.9839661121368408,0.11803615838289261,-0.11165723949670792,0.07354456186294556,0.07910771047506901,0.10926230899100793,-0.019777175209524846,12.838244028182562,-13.715190253628675,6.998641776752015,0.7129223346710205,-0.22477911412715912,-0.6474953293800354,-0.19616931676864624,-0.5449722409248352,-0.5534298419952393,0.828907310962677,0.11803615838289261,-0.11165723949670792,0.07354456186294556,0.9839661121368408,0.07910770922899246,0.10926230996847153,-0.019777175039052963,-0.22477911412715912,-0.6474953293800354,-0.19616931676864624,-0.2404531091451645,-0.6482428312301636,-0.19616931676864624,-0.2558172345161438,-0.651432991027832,-0.19616931676864624,-0.2704930901527405,-0.6569874286651611,-0.19616931676864624,-0.2841194272041321,-0.6647692918777466,-0.19616931676864624,-0.2963605523109436,-0.6745870113372803,-0.19616931676864624,-0.3069152235984802,-0.6861987113952637,-0.19616931676864624,-0.3155234456062317,-0.6993186473846436,-0.19616931676864624,-0.3219733238220215,-0.713623583316803,-0.19616931676864624,-0.3261059522628784,-0.7287614345550537,-0.19616931676864624,1.5707963705062866,-1.0285197496414185,0.5641049146652222,0.021362630650401115,15.0,-14.999999999999325,-7.973757554414429,29452.0
8.9999,0.0094,1,1,-0.15304234623908997,0.893645167350769,1.0118157863616943,-0.3697434067726135,0.2576678395271301,0.7995012998580933,-0.5776641368865967,-0.5936771035194397,0.7858152985572815,0.9839318990707397,0.11887385696172714,-0.11098423600196838,0.07367147505283356,0.05758721337122148,0.11490939227970964,-0.021982871803355723,12.937889454041128,-13.645687949543001,7.009494390816552,0.7046303749084473,-0.21670106053352356,-0.6359773278236389,-0.21231448650360107,-0.5776641368865967,-0.5936771035194397,0.7858152985572815,0.11887385696172714,-0.11098423600196838,0.07367147505283356,0.9839318990707397,0.057587213814258575,0.11490939557552338,-0.021982870995998383,-0.21670106053352356,-0.6359773278236389,-0.21231448650360107,-0.23234376311302185,-0.6372178196907043,-0.21231448650360107,-0.24759981036186218,-0.6408901214599609,-0.21231448650360107,-0.26209357380867004,-0.6469037532806396,-0.21231448650360107,-0.2754681706428528,-0.6551107168197632,-0.21231448650360107,-0.2873942255973816,-0.6653088331222534,-0.21231448650360107,-0.2975781261920929,-0.6772471070289612,-0.21231448650360107,-0.30576908588409424,-0.6906314492225647,-0.21231448650360107,-0.3117654323577881,-0.7051323652267456,-0.21231448650360107,-0.3154194951057434,-0.7203928232192993,-0.21231448650360107,1.5707963705062866,-0.7043293714523315,0.5358701944351196,0.021362630650401115,15.0,-14.999999999999662,-7.952052326285355,29452.0
9.0208,0.0097,1,1,-0.16491921246051788,0.8813679218292236,1.0270968675613403,-0.37293025851249695,0.2576151490211487,0.7995012998580933,-0.6100168824195862,-0.6340911388397217,0.7423601746559143,0.9839796423912048,0.11967559903860092,-0.10967715829610825,0.07369370013475418,0.0912634512770051,0.01527162575346388,0.018423419687221113,13.037368027619245,-13.501973577640884,7.016251787171742,0.6957987546920776,-0.20801104605197906,-0.623752772808075,-0.22759556770324707,-0.6100168824195862,-0.6340911388397217,0.7423601746559143,0.11967559903860092,-0.10967715829610825,0.07369370013475418,0.9839796423912048,0.09126345068216324,0.015271625481545925,0.018423419445753098,-0.20801104605197906,-0.623752772808075,-0.22759556770324707,-0.22360627353191376,-0.6254911422729492,-0.22759556770324707,-0.2387375384569168,-0.6296477913856506,-0.22759556770324707,-0.2530323266983032,-0.6361203193664551,-0.22759556770324707,-0.26613855361938477,-0.6447492837905884,-0.22759556770324707,-0.27773356437683105,-0.6553223133087158,-0.22759556770324707,-0.2875317931175232,-0.6675790548324585,-0.22759556770324707,-0.29529207944869995,-0.6812176704406738,-0.22759556770324707,-0.3008232116699219,-0.6959023475646973,-0.22759556770324707,-0.30398911237716675,-0.7112714648246765,-0.22759556770324707,1.5707963705062866,-0.3478207588195801,0.49773943424224854,0.021362630650401115,15.0,-14.999999999999831,-7.9385375335749995,29452.0
9.0397,0.0094,1,1,-0.17705705761909485,0.8679678440093994,1.0431782007217407,-0.3760043680667877,0.2574678957462311,0.7995012998580933,-0.6410248279571533,-0.6761525273323059,0.7084111571311951,0.9838634729385376,0.12060581147670746,-0.10944608598947525,0.07407016307115555,0.10063935124360283,-0.0681434887507804,0.04824340449575919,13.142661137705481,-13.487109748958275,7.049969570670744,0.6867814064025879,-0.19894731044769287,-0.6104999780654907,-0.24367690086364746,-0.6410248279571533,-0.6761525273323059,0.7084111571311951,0.12060581147670746,-0.10944608598947525,0.07407016307115555,0.9838634729385376,0.10063935071229935,-0.06814348697662354,0.04824340343475342,-0.19894731044769287,-0.6104999780654907,-0.24367690086364746,-0.2144816815853119,-0.6127173900604248,-0.24367690086364746,-0.2294778823852539,-0.617337703704834,-0.24367690086364746,-0.24356669187545776,-0.6242470145225525,-0.24367690086364746,-0.2564011812210083,-0.6332752704620361,-0.24367690086364746,-0.2676653265953064,-0.6442000865936279,-0.24367690086364746,-0.27708175778388977,-0.6567525267601013,-0.24367690086364746,-0.28441864252090454,-0.6706234812736511,-0.24367690086364746,-0.2894953191280365,-0.6854714155197144,-0.24367690086364746,-0.2921867370605469,-0.7009307146072388,-0.24367690086364746,1.5707963705062866,0.02662038803100586,0.45421302318573,0.021362630650401115,15.0,-6.7373820584113115,-7.871101966577001,29452.0
9.06,0.0096,1,1,-0.19087156653404236,0.8533149361610413,1.057584285736084,-0.37915298342704773,0.25721850991249084,0.7995012998580933,-0.674589991569519,-0.7193548083305359,0.6634013652801514,0.9836278557777405,0.12161845713853836,-0.1101011112332344,0.07457152754068375,0.06492364376909053,0.020067374463964817,0.025029840179596613,13.252267893049972,-13.576037119767067,7.0864965082280005,0.6763043999671936,-0.18828141689300537,-0.596096396446228,-0.2580829858779907,-0.674589991569519,-0.7193548083305359,0.6634013652801514,0.12161845713853836,-0.1101011112332344,0.07457152754068375,0.9836278557777405,0.06492364406585693,0.020067375153303146,0.02502983994781971,-0.18828141689300537,-0.596096396446228,-0.2580829858779907,-0.2037380039691925,-0.5988034009933472,-0.2580829858779907,-0.21858081221580505,-0.6038949489593506,-0.2580829858779907,-0.2324443757534027,-0.6112457513809204,-0.2580829858779907,-0.2449873387813568,-0.6206748485565186,-0.2580829858779907,-0.25590085983276367,-0.6319499611854553,-0.2580829858779907,-0.26491621136665344,-0.6447935104370117,-0.2580829858779907,-0.2718113660812378,-0.6588892340660095,-0.2580829858779907,-0.2764165997505188,-0.6738900542259216,-0.2580829858779907,-0.2786184549331665,-0.6894266605377197,-0.2580829858779907,1.5707963705062866,0.3937000036239624,0.4317570924758911,0.021362630650401115,15.0,4.131308970794345,-7.798048091462463,29452.0
9.0796,0.0109,1,1,-0.2117466777563095,0.8424665927886963,1.0511058568954468,-0.3822498023509979,0.2568751871585846,0.7995012998580933,-0.7235404253005981,-0.7460893988609314,0.5190811157226562,0.9832040071487427,0.12241671979427338,-0.11275072395801544,0.07489591836929321,-0.034091110549942114,0.29018309238110496,0.036668902762922104,13.330869256921659,-13.88954763962275,7.081169174443258,0.659767746925354,-0.17050312459468842,-0.5855914354324341,-0.2516045570373535,-0.7235404253005981,-0.7460893988609314,0.5190811157226562,0.12241671979427338,-0.11275072395801544,0.07489591836929321,0.9832040071487427,-0.03409111127257347,0.29018309712409973,0.03666890412569046,-0.17050312459468842,-0.5855914354324341,-0.2516045570373535,-0.18586786091327667,-0.5887786149978638,-0.2516045570373535,-0.20054484903812408,-0.5943301320075989,-0.2516045570373535,-0.21417270600795746,-0.6021092534065247,-0.2516045570373535,-0.22641582787036896,-0.6119245290756226,-0.2516045570373535,-0.23697276413440704,-0.6235341429710388,-0.2516045570373535,-0.24558360874652863,-0.6366523504257202,-0.2516045570373535,-0.25203627347946167,-0.6509560346603394,-0.2516045570373535,-0.25617194175720215,-0.666093111038208,-0.2516045570373535,-0.25788867473602295,-0.6816906929016113,-0.2516045570373535,1.5707963705062866,0.8649832010269165,0.49954330921173096,0.021362630650401115,15.0,9.565654485397172,-7.808702759031975,29452.0
9.1003,0.0099,1,1,-0.22655005753040314,0.8271228075027466,1.0610733032226562,-0.38542047142982483,0.25642186403274536,0.7995012998580933,-0.7568263411521912,-0.7883778214454651,0.47796544432640076,0.9835497140884399,0.12199442088603973,-0.10962140560150146,0.0756865069270134,0.006587038713364069,1.1532386336911002,0.07481881437517249,13.283309802481586,-13.538745790707434,7.216991695445108,0.647579550743103,-0.1588704138994217,-0.5707009434700012,-0.261572003364563,-0.7568263411521912,-0.7883778214454651,0.47796544432640076,0.12199442088603973,-0.10962140560150146,0.0756865069270134,0.9835497140884399,0.0065870387479662895,1.1532386541366577,0.07481881231069565,-0.1588704138994217,-0.5707009434700012,-0.261572003364563,-0.17412517964839935,-0.5743785500526428,-0.261572003364563,-0.18861685693264008,-0.5803972482681274,-0.261572003364563,-0.2019885927438736,-0.5886088609695435,-0.261572003364563,-0.21391110122203827,-0.598811149597168,-0.261572003364563,-0.2240908294916153,-0.6107528805732727,-0.261572003364563,-0.23227714002132416,-0.6241401433944702,-0.261572003364563,-0.23826844990253448,-0.6386431455612183,-0.261572003364563,-0.2419172078371048,-0.6539048552513123,-0.261572003364563,-0.24313358962535858,-0.6695494651794434,-0.261572003364563,1.5707963705062866,1.0605307817459106,0.41170966625213623,0.021362630650401115,15.0,12.282827242698586,-7.537057717028248,29452.0
9.1197,0.011,1,1,-0.25280603766441345,0.8160112500190735,1.045385479927063,-0.38845402002334595,0.255890429019928,0.7995012998580933,-0.8111328482627869,-0.8124376535415649,0.3113084137439728,0.984287440776825,0.12154404819011688,-0.10178428143262863,0.0777382105588913,0.05292758444163992,2.2474309912735086,0.026545788454069977,13.239186790692035,-12.665996568065527,7.555748400718115,0.6265738010406494,-0.1356479823589325,-0.5601208209991455,-0.24588418006896973,-0.8111328482627869,-0.8124376535415649,0.3113084137439728,0.12154404819011688,-0.10178428143262863,0.0777382105588913,0.984287440776825,0.05292758345603943,2.2474310398101807,0.02654578909277916,-0.1356479823589325,-0.5601208209991455,-0.24588418006896973,-0.1507822573184967,-0.5642664432525635,-0.24588418006896973,-0.16508173942565918,-0.5707285404205322,-0.24588418006896973,-0.17819425463676453,-0.5793479681015015,-0.24588418006896973,-0.18979695439338684,-0.5899125337600708,-0.24588418006896973,-0.1996041238307953,-0.6021621227264404,-0.24588418006896973,-0.20737430453300476,-0.6157951354980469,-0.24588418006896973,-0.21291616559028625,-0.6304757595062256,-0.24588418006896973,-0.21609321236610413,-0.6458425521850586,-0.24588418006896973,-0.21682727336883545,-0.6615172028541565,-0.24588418006896973,1.5707963705062866,1.5707963705062866,0.49156367778778076,0.021362630650401115,15.0,13.641413621349294,-6.859544306482228,29452.0
9.1398,0.0109,1,1,-0.0890597477555275,0.14632904529571533,0.6713943481445312,-0.3915458023548126,0.2552488446235657,0.7995012998580933,-0.6835864782333374,-2.323681116104126,-2.414827346801758,0.9566695094108582,0.2733234465122223,-0.09986459463834763,0.010138505138456821,0.17111011405316542,3.011355287853321,0.01840580745391836,32.093775922850796,-11.339200193318069,-2.056952957975697,0.3460819721221924,-0.3024860620498657,0.10891979932785034,0.128106951713562,-0.6835864782333374,-2.323681116104126,-2.414827346801758,0.2733234465122223,-0.09986459463834763,0.010138505138456821,0.9566695094108582,0.1711101084947586,3.011355400085449,0.01840580813586712,-0.3024860620498657,0.10891979932785034,0.128106951713562,-0.3174819350242615,0.1042984127998352,0.128106951713562,-0.33157023787498474,0.09738807380199432,0.128106951713562,-0.34440407156944275,0.08835890889167786,0.128106951713562,-0.35566744208335876,0.0774332582950592,0.128106951713562,-0.3650829792022705,0.0648801326751709,0.128106951713562,-0.3724188506603241,0.05100865662097931,0.128106951713562,-0.3774944245815277,0.036160364747047424,0.128106951713562,-0.38018473982810974,0.020700886845588684,0.128106951713562,-0.38042354583740234,0.005010887980461121,0.128106951713562,-1.5707963705062866,-1.5707963705062866,-0.12791383266448975,0.20000000298023224,0.0,-0.6792931893253531,-26.084947023869884,33452.0
9.1597,0.011,1,1,0.05553098022937775,0.22135736048221588,0.510455846786499,-0.39459630846977234,0.2545149624347687,0.7995012998580933,-0.45944058895111084,-2.0058228969573975,-2.7172021865844727,0.9633135795593262,0.2632867693901062,-0.041818201541900635,-0.03092312440276146,-0.20263127207058648,3.3407446388542454,0.1435928689318672,30.72370574832927,-3.685788384063143,-4.690129705489494,0.5359675884246826,-0.4501273036003113,0.033157601952552795,0.28904545307159424,-0.45944058895111084,-2.0058228969573975,-2.7172021865844727,0.2632867693901062,-0.041818201541900635,-0.03092312440276146,0.9633135795593262,-0.20263126492500305,3.340744733810425,0.14359286427497864,-0.4501273036003113,0.033157601952552795,0.28904545307159424,-0.46497076749801636,0.028068065643310547,0.28904545307159424,-0.4788353443145752,0.02071915566921234,0.28904545307159424,-0.49137961864471436,0.01129181683063507,0.28904545307159424,-0.5022947192192078,1.8194317817687988e-05,0.28904545307159424,-0.5113117694854736,-0.012824133038520813,0.28904545307159424,-0.5182088613510132,-0.026918917894363403,0.28904545307159424,-0.5228161811828613,-0.041919127106666565,0.28904545307159424,-0.525020182132721,-0.0574553906917572,0.28904545307159424,-0.5247666239738464,-0.07314516603946686,0.28904545307159424,-1.5707963705062866,-1.5707963705062866,0.41444969177246094,0.20000000298023224,-7.5,-7.8396465946626765,-31.351300518897457,37452.0
9.1798,0.0109,1,1,0.07102843374013901,0.1851620376110077,0.44873642921447754,-0.3976390063762665,0.25368088483810425,0.7995012998580933,-0.5193731188774109,-2.1805243492126465,-2.7754359245300293,0.964637041091919,0.2562282383441925,0.0031586119439452887,-0.06172911822795868,-1.7490785833349975,2.7425232905635997,0.24328584091497515,29.62337651932499,2.162129016825275,-6.751155854197989,0.5893895030021667,-0.4686674475669861,0.06851884722709656,0.3507648706436157,-0.5193731188774109,-2.1805243492126465,-2.7754359245300293,0.2562282383441925,0.0031586119439452887,-0.06172911822795868,0.964637041091919,-1.749078631401062,2.742523193359375,0.24328583478927612,-0.4686674475669861,0.06851884722709656,0.3507648706436157,-0.4833430051803589,0.0629635900259018,0.3507648706436157,-0.4969688653945923,0.05518096685409546,0.3507648706436157,-0.5092094540596008,0.04536260664463043,0.3507648706436157,-0.5197634696960449,0.0337502658367157,0.3507648706436157,-0.5283709764480591,0.020629897713661194,0.3507648706436157,-0.534820020198822,0.006324544548988342,0.3507648706436157,-0.5389518141746521,-0.008813545107841492,0.3507648706436157,-0.5406646132469177,-0.024411603808403015,0.3507648706436157,-0.5399162173271179,-0.040085569024086,0.3507648706436157,-1.5707963705062866,-1.5707963705062866,0.42701709270477295,0.20000000298023224,-11.25,-11.419823297331337,-35.47335281631445,41452.0
9.2,0.0106,1,1,0.13990148901939392,0.20980827510356903,0.4673924446105957,-0.40065813064575195,0.25274986028671265,0.7995012998580933,-0.3238714039325714,-2.3837497234344482,-2.414918899536133,0.9738411903381348,0.2024964988231659,0.04303591698408127,-0.09367185831069946,-3.530180080881544,0.9873274927837171,0.4359115002568362,22.906740623171412,6.9935001215951775,-9.569897887853724,0.6358813047409058,-0.5405596494674683,0.042941585183143616,0.33210885524749756,-0.3238714039325714,-2.3837497234344482,-2.414918899536133,0.2024964988231659,0.04303591698408127,-0.09367185831069946,0.9738411903381348,-3.530179977416992,0.987327516078949,0.43591150641441345,-0.5405596494674683,0.042941585183143616,0.33210885524749756,-0.5550523996353149,0.03692549467086792,0.33210885524749756,-0.5684255361557007,0.0287163108587265,0.33210885524749756,-0.5803499221801758,0.018516167998313904,0.33210885524749756,-0.5905318260192871,0.006576225161552429,0.33210885524749756,-0.5987205505371094,-0.006809517741203308,0.33210885524749756,-0.6047143936157227,-0.021311461925506592,0.33210885524749756,-0.6083659529685974,-0.03657251596450806,0.33210885524749756,-0.609585165977478,-0.05221690237522125,0.33210885524749756,-0.6083420515060425,-0.06785939633846283,0.33210885524749756,-1.5707963705062866,-1.5707963705062866,0.2834247350692749,0.20000000298023224,-13.125,-13.209911648665669,-41.11083688362591,44230.0
9.2196,0.0092,1,1,0.16871051490306854,0.17096282541751862,0.43093064427375793,-0.4035780429840088,0.25174853205680847,0.7995012998580933,0.08360837399959564,-2.4903318881988525,-2.3536500930786133,0.9847946763038635,0.1598891019821167,0.05354348197579384,-0.04178520664572716,-4.694194263817268,-1.0221644361610982,0.7118300027596907,18.219378487907708,6.824045010046374,-3.7637554571715546,0.6854814887046814,-0.5722885727882385,0.08078570663928986,0.3685706555843353,0.08360837399959564,-2.4903318881988525,-2.3536500930786133,0.1598891019821167,0.05354348197579384,-0.04178520664572716,0.9847946763038635,-4.694194316864014,-1.0221644639968872,0.7118300199508667,-0.5722885727882385,0.08078570663928986,0.3685706555843353,-0.5865887403488159,0.07432517409324646,0.3685706555843353,-0.5997021794319153,0.06570713222026825,0.3685706555843353,-0.6113060116767883,0.055143803358078,0.3685706555843353,-0.6211145520210266,0.04289528727531433,0.3685706555843353,-0.6288862228393555,0.02926318347454071,0.3685706555843353,-0.6344296932220459,0.01458314061164856,0.3685706555843353,-0.6376084089279175,-0.0007833391427993774,0.3685706555843353,-0.6383441686630249,-0.016457900404930115,0.3685706555843353,-0.6366188526153564,-0.03205457329750061,0.3685706555843353,-1.5707963705062866,-1.5707963705062866,0.13445508480072021,0.20000000298023224,-14.0625,-14.104955824332833,-29.498552022261563,44230.0
9.2395,0.0091,1,1,0.22464247047901154,0.1921253800392151,0.4695347845554352,-0.40651240944862366,0.25063905119895935,0.7995012998580933,0.20354025065898895,-2.377556562423706,-1.9267383813858032,0.9945201873779297,0.08930150419473648,0.04044529050588608,-0.03629158064723015,-4.680451287328023,-2.5667546586183696,0.7074198079945194,10.099169368264157,4.98696492646807,-3.7388314017810833,0.7146035432815552,-0.6311548948287964,0.05851367115974426,0.3299665153026581,0.20354025065898895,-2.377556562423706,-1.9267383813858032,0.08930150419473648,0.04044529050588608,-0.03629158064723015,0.9945201873779297,-4.680451393127441,-2.5667545795440674,0.7074198126792908,-0.6311548948287964,0.05851367115974426,0.3299665153026581,-0.645245373249054,0.05160777270793915,0.3299665153026581,-0.6580820679664612,0.04258264601230621,0.3299665153026581,-0.6693488359451294,0.0316605418920517,0.3299665153026581,-0.6787683367729187,0.019110381603240967,0.3299665153026581,-0.6861085891723633,0.005241215229034424,0.3299665153026581,-0.6911888122558594,-0.00960548222064972,0.3299665153026581,-0.693884015083313,-0.02506411075592041,0.3299665153026581,-0.6941277384757996,-0.040754035115242004,0.3299665153026581,-0.6919140219688416,-0.05628892779350281,0.3299665153026581,-1.5707963705062866,-1.5707963705062866,-0.12752962112426758,0.20000000298023224,-14.53125,-14.552477912166417,-29.44870391148065,44230.0
9.2608,0.0094,1,1,0.2466132640838623,0.15356303751468658,0.42539286613464355,-0.40944987535476685,0.24942107498645782,0.7995012998580933,0.36993876099586487,-2.3673322200775146,-1.9655524492263794,0.9988459348678589,0.043436791747808456,0.018505021929740906,-0.008697607554495335,-4.021392953411716,-2.7633273723670806,0.7692606721930859,4.9630341748371425,2.161877286190641,-0.9040946225171004,0.76129150390625,-0.6560631394386292,0.09585803747177124,0.3741084337234497,0.36993876099586487,-2.3673322200775146,-1.9655524492263794,0.043436791747808456,0.018505021929740906,-0.008697607554495335,0.9988459348678589,-4.021392822265625,-2.7633273601531982,0.7692606449127197,-0.6560631394386292,0.09585803747177124,0.3741084337234497,-0.6699268817901611,0.08850759267807007,0.3741084337234497,-0.6824701428413391,0.07907888293266296,0.3741084337234497,-0.6933839321136475,0.06780406832695007,0.3741084337234497,-0.7023996114730835,0.05496075749397278,0.3741084337234497,-0.7092952132225037,0.0408652126789093,0.3741084337234497,-0.7139008045196533,0.02586449682712555,0.3741084337234497,-0.7161031365394592,0.010327979922294617,0.3741084337234497,-0.7158478498458862,-0.0053617507219314575,0.3741084337234497,-0.7131413221359253,-0.020818397402763367,0.3741084337234497,-1.5707963705062866,-1.5707963705062866,-0.17835116386413574,0.20000000298023224,-14.765625,-14.776238956083208,-23.779230352952673,44230.0
9.2799,0.0109,1,1,0.25408944487571716,0.10601864755153656,0.38643762469291687,-0.41230714321136475,0.24812912940979004,0.7995012998580933,0.37672188878059387,-2.3860182762145996,-1.9304683208465576,0.9999528527259827,0.003665296360850334,-0.008767648600041866,-0.0014231387758627534,-2.883296920520752,-2.2435851203433255,0.7477208921384705,0.4214905715879036,-1.0041048144272882,-0.16678036606830782,0.796807050704956,-0.6663966178894043,0.14211048185825348,0.4130636751651764,0.37672188878059387,-2.3860182762145996,-1.9304683208465576,0.003665296360850334,-0.008767648600041866,-0.0014231387758627534,0.9999528527259827,-2.8832969665527344,-2.2435851097106934,0.7477208971977234,-0.6663966178894043,0.14211048185825348,0.4130636751651764,-0.6800230741500854,0.13432897627353668,0.4130636751651764,-0.6922644972801208,0.12451162934303284,0.4130636751651764,-0.7028194665908813,0.11290015280246735,0.4130636751651764,-0.7114280462265015,0.09978048503398895,0.4130636751651764,-0.7178782224655151,0.08547566831111908,0.4130636751651764,-0.7220112681388855,0.0703379213809967,0.4130636751651764,-0.7237253189086914,0.054739996790885925,0.4130636751651764,-0.7229782938957214,0.039065971970558167,0.4130636751651764,-0.7197884321212769,0.023701786994934082,0.4130636751651764,-1.5707963705062866,-1.5707963705062866,-0.17044711112976074,0.20000000298023224,-14.8828125,-14.888119478041604,-22.304601840055113,44230.0
9.2996,0.0093,1,1,0.3066692352294922,0.13339966535568237,0.45619869232177734,-0.41510072350502014,0.2467593401670456,0.7995012998580933,0.3741622567176819,-2.1369388103485107,-1.2050758600234985,0.9977681636810303,-0.051456600427627563,-0.04237255081534386,0.0036588057409971952,-1.8726282189420627,-1.7566820414052284,0.8344836843970258,-5.932713248448816,-4.828840269538657,0.6705773236920675,0.807253897190094,-0.7217699289321899,0.11335967481136322,0.3433026075363159,0.3741622567176819,-2.1369388103485107,-1.2050758600234985,-0.051456600427627563,-0.04237255081534386,0.0036588057409971952,0.9977681636810303,-1.8726282119750977,-1.75668203830719,0.8344836831092834,-0.7217699289321899,0.11335967481136322,0.3433026075363159,-0.7351478338241577,0.1051580160856247,0.3433026075363159,-0.7470778822898865,0.09496459364891052,0.3433026075363159,-0.7572665214538574,0.08303037285804749,0.3433026075363159,-0.7654627561569214,0.06964924931526184,0.3433026075363159,-0.7714648246765137,0.05515068769454956,0.3433026075363159,-0.7751249074935913,0.03989169001579285,0.3433026075363159,-0.7763528823852539,0.024247989058494568,0.3433026075363159,-0.7751185894012451,0.00860479474067688,0.3433026075363159,-0.7714523077011108,-0.006652712821960449,0.3433026075363159,-1.5707963705062866,-1.5707963705062866,-0.543636679649353,0.20000000298023224,-14.94140625,-14.944059739020801,-20.62988646053434,44230.0
9.3198,0.0092,1,1,0.3139355480670929,0.09091600775718689,0.43250909447669983,-0.41789138317108154,0.24528074264526367,0.7995012998580933,0.35122475028038025,-2.1105668544769287,-1.165700912475586,0.9956444501876831,-0.07067712396383286,-0.05959127098321915,0.011990508995950222,-1.146441713957,-1.247974197884053,0.8132469720744614,-8.230180305981929,-6.7171797366570205,1.863776466769457,0.8331160545349121,-0.731826901435852,0.15436473488807678,0.36699220538139343,0.35122475028038025,-2.1105668544769287,-1.165700912475586,-0.07067712396383286,-0.05959127098321915,0.011990508995950222,0.9956444501876831,-1.1464416980743408,-1.247974157333374,0.8132469654083252,-0.731826901435852,0.15436473488807678,0.36699220538139343,-0.7449390888214111,0.14574472606182098,0.36699220538139343,-0.75654137134552,0.13517965376377106,0.36699220538139343,-0.7663480043411255,0.1229296624660492,0.36699220538139343,-0.774117648601532,0.10929639637470245,0.36699220538139343,-0.7796589136123657,0.09461553394794464,0.36699220538139343,-0.7828353643417358,0.07924856245517731,0.36699220538139343,-0.7835687398910522,0.06357389688491821,0.36699220538139343,-0.7818410396575928,0.04797747731208801,0.36699220538139343,-0.777694821357727,0.032843343913555145,0.36699220538139343,-1.5707963705062866,-1.5707963705062866,-0.5244526863098145,0.20000000298023224,-14.970703125,-14.9720298695104,-18.24348817437957,44230.0
9.3396,0.0107,1,1,0.6217178106307983,0.564750611782074,0.5908865928649902,-0.420612633228302,0.24372738599777222,0.7995012998580933,0.8641459941864014,-0.07285606116056442,-0.9880592226982117,0.985527753829956,-0.1445683389902115,-0.06232118234038353,0.0628415122628212,-0.8494266812734603,-0.8198414915657156,0.5822202775131231,-17.12168658543987,-6.008080651374235,8.20220953783182,1.1104183197021484,-1.0423305034637451,-0.32102322578430176,0.20861470699310303,0.8641459941864014,-0.07285606116056442,-0.9880592226982117,-0.1445683389902115,-0.06232118234038353,0.0628415122628212,0.985527753829956,-0.8494266867637634,-0.8198415040969849,0.5822202563285828,-1.0423305034637451,-0.32102322578430176,0.20861470699310303,-1.0551661252975464,-0.3300498127937317,0.20861470699310303,-1.0664316415786743,-0.3409731984138489,0.20861470699310303,-1.0758497714996338,-0.35352441668510437,0.20861470699310303,-1.0831884145736694,-0.36739441752433777,0.20861470699310303,-1.0882669687271118,-0.3822416663169861,0.20861470699310303,-1.0909603834152222,-0.39770060777664185,0.20861470699310303,-1.0912023782730103,-0.413390576839447,0.20861470699310303,-1.088986873626709,-0.42892521619796753,0.20861470699310303,-1.0843684673309326,-0.4439220130443573,0.20861470699310303,1.5707963705062866,-1.5707963705062866,-0.581313967704773,0.20000000298023224,0.0146484375,-14.9860149347552,-5.5666220322548305,44230.0
9.3597,0.0095,1,1,0.6463108062744141,0.5845597982406616,0.5921212434768677,-0.42330479621887207,0.24207626283168793,0.7995012998580933,0.819191038608551,0.07297620177268982,-0.8710837364196777,0.9825892448425293,-0.15393592417240143,-0.07018093764781952,0.07677720487117767,-0.29077391466893904,-0.883997175383779,0.4772057104607915,-18.38219983431041,-6.562128818749426,9.998660605668528,1.1420941352844238,-1.0696156024932861,-0.3424835205078125,0.20738005638122559,0.819191038608551,0.07297620177268982,-0.8710837364196777,-0.15393592417240143,-0.07018093764781952,0.07677720487117767,0.9825892448425293,-0.2907739281654358,-0.8839972019195557,0.47720572352409363,-1.0696156024932861,-0.3424835205078125,0.20738005638122559,-1.0821597576141357,-0.35191094875335693,0.20738005638122559,-1.0930747985839844,-0.3631846010684967,0.20738005638122559,-1.1020917892456055,-0.37602698802948,0.20738005638122559,-1.108988881111145,-0.39012181758880615,0.20738005638122559,-1.1135960817337036,-0.4051220417022705,0.20738005638122559,-1.1158000230789185,-0.42065829038619995,0.20738005638122559,-1.115546464920044,-0.4363480806350708,0.20738005638122559,-1.1128414869308472,-0.4518049955368042,0.20738005638122559,-1.1077518463134766,-0.46664848923683167,0.20738005638122559,1.5707963705062866,-1.5707963705062866,-0.5203756093978882,0.20000000298023224,7.50732421875,-14.9930074673776,-1.9737198965814216,44230.0
9.3801,0.0096,1,1,0.6495794057846069,0.5738181471824646,0.60538250207901,-0.4259319603443146,0.24034875631332397,0.7995012998580933,0.6802268624305725,0.1496296525001526,-0.7297240495681763,0.9807875752449036,-0.1536106914281845,-0.08429562300443649,0.08574194461107254,0.8072884154515181,-1.040557691387785,0.3306651716106406,-18.594615251024702,-7.990588765246353,11.302537712493912,1.1426323652267456,-1.0755113363265991,-0.3334693908691406,0.19411879777908325,0.6802268624305725,0.1496296525001526,-0.7297240495681763,-0.1536106914281845,-0.08429562300443649,0.08574194461107254,0.9807875752449036,0.807288408279419,-1.0405577421188354,0.3306651711463928,-1.0755113363265991,-0.3334693908691406,0.19411879777908325,-1.0877530574798584,-0.34328651428222656,0.19411879777908325,-1.0983082056045532,-0.35489773750305176,0.19411879777908325,-1.1069170236587524,-0.3680172562599182,0.19411879777908325,-1.1133675575256348,-0.38232195377349854,0.19411879777908325,-1.117500901222229,-0.39745962619781494,0.19411879777908325,-1.1192152500152588,-0.41305750608444214,0.19411879777908325,-1.1184685230255127,-0.4287315309047699,0.19411879777908325,-1.115278959274292,-0.44409579038619995,0.19411879777908325,-1.1097252368927002,-0.4587719142436981,0.19411879777908325,1.5707963705062866,-1.5707963705062866,-0.4747953414916992,0.20000000298023224,11.253662109375,-14.996503733688801,0.6340343170693266,44230.0
9.3999,0.0096,1,1,0.6606241464614868,0.5617516040802002,0.5929954648017883,-0.4285181760787964,0.23852887749671936,0.7995012998580933,0.6792067885398865,0.19728778302669525,-0.6940037608146667,0.9809994101524353,-0.14247539639472961,-0.08772236108779907,0.09820227324962616,2.2531048559759226,-1.0068388761940736,0.2823054285871369,-17.451410047516458,-8.2868073276718,12.707034880627411,1.1547071933746338,-1.0891423225402832,-0.32322272658348083,0.20650583505630493,0.6792067885398865,0.19728778302669525,-0.6940037608146667,-0.14247539639472961,-0.08772236108779907,0.09820227324962616,0.9809994101524353,2.2531049251556396,-1.0068389177322388,0.28230541944503784,-1.0891423225402832,-0.32322272658348083,0.20650583505630493,-1.1010674238204956,-0.3334220051765442,0.20650583505630493,-1.1112501621246338,-0.34536120295524597,0.20650583505630493,-1.1194398403167725,-0.35874634981155396,0.20650583505630493,-1.1254348754882812,-0.3732478618621826,0.20650583505630493,-1.1290874481201172,-0.3885086178779602,0.20650583505630493,-1.1303077936172485,-0.40415292978286743,0.20650583505630493,-1.129065752029419,-0.41979551315307617,0.20650583505630493,-1.1253920793533325,-0.43505123257637024,0.20650583505630493,-1.1193770170211792,-0.44954442977905273,0.20650583505630493,1.5707963705062866,-1.5707963705062866,-0.5094043016433716,0.20000000298023224,13.1268310546875,-14.9982518668444,3.443028653336366,44230.0
9.4201,0.0098,1,1,0.6668088436126709,0.5494059920310974,0.6052751541137695,-0.4310486614704132,0.23662570118904114,0.7995012998580933,0.6270301938056946,0.2421162873506546,-0.588509738445282,0.9827468395233154,-0.11563930660486221,-0.09315469115972519,0.11025607585906982,3.14988840038539,-0.801108749879071,0.1651807190441585,-14.534694847614665,-9.06733378191681,13.961346426087813,1.1579492092132568,-1.0978574752807617,-0.3127802908420563,0.19422614574432373,0.6270301938056946,0.2421162873506546,-0.588509738445282,-0.11563930660486221,-0.09315469115972519,0.11025607585906982,0.9827468395233154,3.149888515472412,-0.8011087775230408,0.16518071293830872,-1.0978574752807617,-0.3127802908420563,0.19422614574432373,-1.1094536781311035,-0.32335197925567627,0.19422614574432373,-1.119253396987915,-0.3356075882911682,0.19422614574432373,-1.127015233039856,-0.3492453098297119,0.19422614574432373,-1.1325480937957764,-0.3639293313026428,0.19422614574432373,-1.1357157230377197,-0.3792980909347534,0.19422614574432373,-1.1364401578903198,-0.39497318863868713,0.19422614574432373,-1.1347036361694336,-0.41056859493255615,0.19422614574432373,-1.1305487155914307,-0.4257003664970398,0.19422614574432373,-1.1240777969360352,-0.4399958848953247,0.19422614574432373,1.5707963705062866,-1.5707963705062866,-0.5329015254974365,0.20000000298023224,14.06341552734375,-14.9991259334222,5.951651744257149,44230.0
9.4395,0.0092,1,1,0.6883466839790344,0.536493182182312,0.5862411856651306,-0.4334365129470825,0.23471055924892426,0.7995012998580933,0.5948789715766907,0.26758408546447754,-0.5688784122467041,0.9847602248191833,-0.08290907740592957,-0.09380410611629486,0.12071505934000015,3.275564303806774,-0.6633850385813045,0.0935066068960436,-10.866057472629352,-9.481686892141148,14.881084255796596,1.1810801029205322,-1.1217832565307617,-0.30178260803222656,0.21326011419296265,0.5948789715766907,0.26758408546447754,-0.5688784122467041,-0.08290907740592957,-0.09380410611629486,0.12071505934000015,0.9847602248191833,3.275564193725586,-0.6633850336074829,0.09350660443305969,-1.1217832565307617,-0.30178260803222656,0.21326011419296265,-1.1330504417419434,-0.31270426511764526,0.21326011419296265,-1.142470359802246,-0.32525408267974854,0.21326011419296265,-1.1498112678527832,-0.3391229510307312,0.21326011419296265,-1.154892086982727,-0.3539694547653198,0.21326011419296265,-1.1575878858566284,-0.36942794919013977,0.21326011419296265,-1.157832145690918,-0.38511788845062256,0.21326011419296265,-1.1556191444396973,-0.40065282583236694,0.21326011419296265,-1.1510030031204224,-0.4156503677368164,0.21326011419296265,-1.1440976858139038,-0.42974111437797546,0.21326011419296265,1.5707963705062866,-1.5707963705062866,-0.5474435091018677,0.20000000298023224,14.531707763671875,-14.9995629667111,7.791127403674705,44230.0
9.4598,0.0093,1,1,0.7053073644638062,0.5314618945121765,0.5838212370872498,-0.43585270643234253,0.23264560103416443,0.7995012998580933,0.5616126656532288,0.2820967733860016,-0.5145629644393921,0.9858016967773438,-0.046735599637031555,-0.09470213204622269,0.1305386871099472,2.8107462871564866,-0.4579709296191533,-0.025167302984331338,-6.816503548621764,-10.050344416176564,15.686366904795486,1.1991894245147705,-1.141160011291504,-0.2988162934780121,0.2156800627708435,0.5616126656532288,0.2820967733860016,-0.5145629644393921,-0.046735599637031555,-0.09470213204622269,0.1305386871099472,0.9858016967773438,2.810746192932129,-0.45797091722488403,-0.025167303159832954,-1.141160011291504,-0.2988162934780121,0.2156800627708435,-1.1520745754241943,-0.3100905120372772,0.2156800627708435,-1.1610908508300781,-0.3229333162307739,0.2156800627708435,-1.1679872274398804,-0.33702847361564636,0.2156800627708435,-1.1725937128067017,-0.3520289361476898,0.2156800627708435,-1.1747968196868896,-0.3675653338432312,0.2156800627708435,-1.1745424270629883,-0.3832550644874573,0.2156800627708435,-1.1718368530273438,-0.3987118601799011,0.2156800627708435,-1.1667464971542358,-0.4135551154613495,0.2156800627708435,-1.159396767616272,-0.4274193048477173,0.2156800627708435,1.5707963705062866,-1.5707963705062866,-0.520948052406311,0.20000000298023224,14.765853881835938,-14.99978148335555,9.401692701672497,44230.0
9.4797,0.0109,1,1,0.7177009582519531,0.5241316556930542,0.5865438580513,-0.43817391991615295,0.23053136467933655,0.7995012998580933,0.5366876125335693,0.2800180912017822,-0.48298048973083496,0.9860204458236694,-0.018773093819618225,-0.09280375391244888,0.1371012032032013,2.2402939858682056,-0.394302737438629,-0.06270503084397276,-3.639613666889645,-10.245436626665988,16.158234138951578,1.2114448547363281,-1.1558748483657837,-0.29360029101371765,0.2129574418067932,0.5366876125335693,0.2800180912017822,-0.48298048973083496,-0.018773093819618225,-0.09280375391244888,0.1371012032032013,0.9860204458236694,2.2402939796447754,-0.39430272579193115,-0.06270503252744675,-1.1558748483657837,-0.29360029101371765,0.2129574418067932,-1.1664299964904785,-0.30521160364151,0.2129574418067932,-1.1750388145446777,-0.31833112239837646,0.2129574418067932,-1.1814892292022705,-0.3326358497142792,0.2129574418067932,-1.1856224536895752,-0.3477735221385956,0.2129574418067932,-1.187336802482605,-0.36337143182754517,0.2129574418067932,-1.1865899562835693,-0.3790454566478729,0.2129574418067932,-1.1834003925323486,-0.394409716129303,0.2129574418067932,-1.1778465509414673,-0.40908581018447876,0.2129574418067932,-1.1700652837753296,-0.42271244525909424,0.2129574418067932,1.5707963705062866,-1.5707963705062866,-0.5042545795440674,0.20000000298023224,14.882926940917969,-14.999890741677774,10.345427169984696,44230.0
9.4997,0.0101,1,1,0.7279926538467407,0.5297405123710632,0.577239990234375,-0.4404338598251343,0.2283390313386917,0.7995012998580933,0.49270012974739075,0.2790370285511017,-0.4475405812263489,0.9858988523483276,0.004139002878218889,-0.09348516166210175,0.13872584700584412,1.9274516536682704,-0.19419537642262424,-0.09461454848854382,-1.0365514908293525,-10.689247031390336,16.11595437725833,1.226973295211792,-1.168426513671875,-0.3014014959335327,0.22226130962371826,0.49270012974739075,0.2790370285511017,-0.4475405812263489,0.004139002878218889,-0.09348516166210175,0.13872584700584412,0.9858988523483276,1.9274516105651855,-0.19419537484645844,-0.09461455047130585,-1.168426513671875,-0.3014014959335327,0.22226130962371826,-1.1786108016967773,-0.31333932280540466,0.22226130962371826,-1.1868023872375488,-0.3267233967781067,0.22226130962371826,-1.1927992105484009,-0.3412240743637085,0.22226130962371826,-1.1964539289474487,-0.35648438334465027,0.22226130962371826,-1.1976763010025024,-0.37212851643562317,0.22226130962371826,-1.1964364051818848,-0.38777124881744385,0.22226130962371826,-1.1927647590637207,-0.4030274748802185,0.22226130962371826,-1.1867516040802002,-0.41752147674560547,0.22226130962371826,-1.1785452365875244,-0.4308963418006897,0.22226130962371826,1.5707963705062866,-1.5707963705062866,-0.49239420890808105,0.20000000298023224,14.941463470458984,-14.999945370838887,10.260867646598182,44230.0
9.5196,0.0111,1,1,0.7303491830825806,0.5474620461463928,0.6219603419303894,-0.44260215759277344,0.22609953582286835,0.7995012998580933,0.42129600048065186,0.26107320189476013,-0.018095720559358597,0.9850189089775085,0.03142520412802696,-0.09483903646469116,0.14054834842681885,1.7020088089645011,-0.39570222859146564,-0.02083233211698185,2.0599245446067953,-11.283866334795952,16.037425013115737,1.2290685176849365,-1.172951340675354,-0.3213624954223633,0.17754095792770386,0.42129600048065186,0.26107320189476013,-0.018095720559358597,0.03142520412802696,-0.09483903646469116,0.14054834842681885,0.9850189089775085,1.702008843421936,-0.3957022428512573,-0.020832331851124763,-1.172951340675354,-0.3213624954223633,0.17754095792770386,-1.1827586889266968,-0.33361196517944336,0.17754095792770386,-1.1905289888381958,-0.34724485874176025,0.17754095792770386,-1.1960710287094116,-0.3619254231452942,0.17754095792770386,-1.1992483139038086,-0.3772922158241272,0.17754095792770386,-1.1999825239181519,-0.3929668366909027,0.17754095792770386,-1.1982556581497192,-0.4085633456707001,0.17754095792770386,-1.1941102743148804,-0.42369771003723145,0.17754095792770386,-1.1876482963562012,-0.4379972219467163,0.17754095792770386,-1.1790289878845215,-0.4511098563671112,0.17754095792770386,1.5707963705062866,-1.5707963705062866,-0.433490514755249,0.19337673485279083,14.970731735229492,-14.999972685419444,10.10380891831298,44230.0
9.5397,0.0109,1,1,0.7198578715324402,0.5126786828041077,0.631234884262085,-0.4447138011455536,0.22377748787403107,0.7995012998580933,0.2722873389720917,-0.08056911081075668,0.13926972448825836,0.9812750816345215,0.06973003596067429,-0.10554467886686325,0.14524194598197937,1.4247546978854584,-0.16520725078651843,-0.08979594132545214,6.260343578123359,-13.143586880451092,16.11686954956561,1.2116124629974365,-1.1645716428756714,-0.2889012098312378,0.1682664155960083,0.2722873389720917,-0.08056911081075668,0.13926972448825836,0.06973003596067429,-0.10554467886686325,0.14524194598197937,0.9812750816345215,1.4247547388076782,-0.16520725190639496,-0.08979593962430954,-1.1645716428756714,-0.2889012098312378,0.1682664155960083,-1.1739897727966309,-0.3014523983001709,0.1682664155960083,-1.1813284158706665,-0.3153223991394043,0.1682664155960083,-1.1864070892333984,-0.330169677734375,0.1682664155960083,-1.1891005039215088,-0.34562861919403076,0.1682664155960083,-1.1893423795700073,-0.36131855845451355,0.1682664155960083,-1.1871269941329956,-0.37685319781303406,0.1682664155960083,-1.1825085878372192,-0.39184999465942383,0.1682664155960083,-1.1756011247634888,-0.4059396982192993,0.1682664155960083,-1.1665745973587036,-0.41877537965774536,0.1682664155960083,1.5707963705062866,-1.5707963705062866,-0.5559128522872925,0.1784173548221588,14.985365867614746,-14.999986342709722,10.262697991212768,44230.0
9.56,0.0112,1,1,0.7499097585678101,0.5096725225448608,0.6334878206253052,-0.44678691029548645,0.22134746611118317,0.7995012998580933,0.4248197674751282,-0.16324861347675323,0.2131408005952835,0.9795935153961182,0.08915549516677856,-0.09352118521928787,0.1539468765258789,1.2041255168520073,-0.10416027490890456,-0.1696930959714047,8.58213083047971,-12.161965415971688,16.946392026303155,1.2420848608016968,-1.1966966390609741,-0.28832507133483887,0.16601347923278809,0.4248197674751282,-0.16324861347675323,0.2131408005952835,0.08915549516677856,-0.09352118521928787,0.1539468765258789,0.9795935153961182,1.2041255235671997,-0.10416027158498764,-0.16969309747219086,-1.1966966390609741,-0.28832507133483887,0.16601347923278809,-1.2057090997695923,-0.3011706471443176,0.16601347923278809,-1.2126010656356812,-0.31526798009872437,0.16601347923278809,-1.21720290184021,-0.33026987314224243,0.16601347923278809,-1.219401240348816,-0.34580692648887634,0.16601347923278809,-1.219141960144043,-0.36149662733078003,0.16601347923278809,-1.2164314985275269,-0.37695255875587463,0.16601347923278809,-1.2113364934921265,-0.39179420471191406,0.16601347923278809,-1.2039825916290283,-0.405656099319458,0.16601347923278809,-1.194550633430481,-0.4181969463825226,0.16601347923278809,1.5707963705062866,-1.5707963705062866,-0.5876170992851257,0.16384680569171906,14.992682933807373,-14.99999317135486,11.921742944687832,44230.0
9.5796,0.0095,1,1,0.7796991467475891,0.5041786432266235,0.6047297716140747,-0.44870874285697937,0.21894626319408417,0.7995012998580933,0.49184244871139526,-0.20773759484291077,0.10677393525838852,0.9776396751403809,0.10128786414861679,-0.08658651262521744,0.1626720279455185,0.8435056752218872,-0.17337336821605565,-0.24616663220038432,9.989085537911954,-11.668811000435491,17.87076696577618,1.2760404348373413,-1.228407859802246,-0.2852323651313782,0.19477152824401855,0.49184244871139526,-0.20773759484291077,0.10677393525838852,0.10128786414861679,-0.08658651262521744,0.1626720279455185,0.9776396751403809,0.8435056805610657,-0.17337337136268616,-0.2461666315793991,-1.228407859802246,-0.2852323651313782,0.19477152824401855,-1.2370209693908691,-0.2983490526676178,0.19477152824401855,-1.243476152420044,-0.3126516342163086,0.19477152824401855,-1.2476145029067993,-0.32778793573379517,0.19477152824401855,-1.2493339776992798,-0.3433852791786194,0.19477152824401855,-1.2485923767089844,-0.35905957221984863,0.19477152824401855,-1.2454078197479248,-0.37442484498023987,0.19477152824401855,-1.239858865737915,-0.3891027867794037,0.19477152824401855,-1.2320821285247803,-0.4027319848537445,0.19477152824401855,-1.222269058227539,-0.4149768352508545,0.19477152824401855,1.5707963705062866,-1.5707963705062866,-0.5729469656944275,0.20000000298023224,14.996341466903687,-14.99999658567743,13.770492823633866,44230.0
9.5999,0.0097,1,1,0.7826088666915894,0.5195154547691345,0.6448197364807129,-0.4506191313266754,0.2163999080657959,0.7995012998580933,0.45044633746147156,-0.1436760276556015,0.29781612753868103,0.9779303073883057,0.1027006208896637,-0.08467186987400055,0.16103902459144592,0.6063139624740972,-0.1501959771176369,-0.2237294667269531,10.20254545262019,-11.46001296114403,17.67585285862684,1.2793188095092773,-1.2332279682159424,-0.3031155467033386,0.15468156337738037,0.45044633746147156,-0.1436760276556015,0.29781612753868103,0.1027006208896637,-0.08467186987400055,0.16103902459144592,0.9779303073883057,0.606313943862915,-0.15019597113132477,-0.2237294614315033,-1.2332279682159424,-0.3031155467033386,0.15468156337738037,-1.2414193153381348,-0.3164997100830078,0.15468156337738037,-1.2474159002304077,-0.33100050687789917,0.15468156337738037,-1.2510703802108765,-0.3462608754634857,0.15468156337738037,-1.252292513847351,-0.361905038356781,0.15468156337738037,-1.2510523796081543,-0.3775477409362793,0.15468156337738037,-1.2473804950714111,-0.3928039073944092,0.15468156337738037,-1.2413671016693115,-0.4072977900505066,0.15468156337738037,-1.2331604957580566,-0.42067256569862366,0.15468156337738037,-1.2229626178741455,-0.43259885907173157,0.15468156337738037,1.5707963705062866,-1.5707963705062866,-0.5838712453842163,0.13214372098445892,14.998170733451843,-14.999998292838715,13.380664609335208,44230.0
9.6201,0.0107,1,1,0.7913112640380859,0.5161094665527344,0.6510459184646606,-0.45241427421569824,0.21384303271770477,0.7995012998580933,0.41985780000686646,-0.197269469499588,0.3243541717529297,0.9776090979576111,0.10864593833684921,-0.08474237471818924,0.15903879702091217,0.44665309419756183,-0.11680158487896775,-0.2434790532520604,10.912298642423412,-11.551442568047152,17.372910790558272,1.288509726524353,-1.2437255382537842,-0.3022664189338684,0.14845538139343262,0.41985780000686646,-0.197269469499588,0.3243541717529297,0.10864593833684921,-0.08474237471818924,0.15903879702091217,0.9776090979576111,0.4466530978679657,-0.11680158227682114,-0.24347905814647675,-1.2437255382537842,-0.3022664189338684,0.14845538139343262,-1.2514946460723877,-0.31589996814727783,0.14845538139343262,-1.257035493850708,-0.33058100938796997,0.14845538139343262,-1.26021146774292,-0.3459480404853821,0.14845538139343262,-1.2609443664550781,-0.36162275075912476,0.14845538139343262,-1.2592161893844604,-0.3772191107273102,0.14845538139343262,-1.2550694942474365,-0.3923531174659729,0.14845538139343262,-1.2486063241958618,-0.4066520929336548,0.14845538139343262,-1.2399859428405762,-0.41976398229599,0.14845538139343262,-1.2294204235076904,-0.4313659071922302,0.14845538139343262,1.5707963705062866,-1.5707963705062866,-0.6078264117240906,0.12215076386928558,14.999085366725922,-14.999999146419357,12.77478047319808,42340.0
9.6405,0.011,1,1,0.767973005771637,0.464482843875885,0.7016158103942871,-0.4541674256324768,0.21117018163204193,0.7995012998580933,0.174721360206604,-0.6553248167037964,0.7181158065795898,0.9726020097732544,0.1331210434436798,-0.10144378989934921,0.16134200990200043,0.5552533080520624,-0.01409260376729107,-0.18315099771071344,13.476166391553633,-13.903356071134295,17.18702788845281,1.2519488334655762,-1.2221404314041138,-0.2533126473426819,0.09788548946380615,0.174721360206604,-0.6553248167037964,0.7181158065795898,0.1331210434436798,-0.10144378989934921,0.16134200990200043,0.9726020097732544,0.5552533268928528,-0.014092603698372841,-0.1831509917974472,-1.2221404314041138,-0.2533126473426819,0.09788548946380615,-1.229469895362854,-0.26718753576278687,0.09788548946380615,-1.2345385551452637,-0.282038152217865,0.09788548946380615,-1.2372218370437622,-0.297498881816864,0.09788548946380615,-1.2374533414840698,-0.31318897008895874,0.09788548946380615,-1.2352275848388672,-0.32872214913368225,0.09788548946380615,-1.230599284172058,-0.3437158763408661,0.09788548946380615,-1.2236824035644531,-0.35780099034309387,0.09788548946380615,-1.2146472930908203,-0.3706306517124176,0.09788548946380615,-1.203716516494751,-0.3818889856338501,0.09788548946380615,1.5707963705062866,-1.5707963705062866,-0.9221914410591125,0.021362630650401115,14.99954268336296,-14.999999573209678,12.403014668987135,38340.0
9.6601,0.0106,1,1,0.7711130380630493,0.4507014751434326,0.7161877155303955,-0.4557792842388153,0.2085358053445816,0.7995012998580933,0.13937592506408691,-0.723089873790741,0.738717794418335,0.9721906185150146,0.1383083462715149,-0.10095853358507156,0.1597549170255661,0.37800851920411543,-0.09211577101674973,-0.2261447540985732,14.112282198515674,-13.915624987605112,16.93253532628801,1.2533355951309204,-1.226892352104187,-0.242165669798851,0.08331358432769775,0.13937592506408691,-0.723089873790741,0.738717794418335,0.1383083462715149,-0.10095853358507156,0.1597549170255661,0.9721906185150146,0.37800851464271545,-0.09211576730012894,-0.22614476084709167,-1.226892352104187,-0.242165669798851,0.08331358432769775,-1.2337899208068848,-0.2562602758407593,0.08331358432769775,-1.2383975982666016,-0.2712603211402893,0.08331358432769775,-1.2406020164489746,-0.286796510219574,0.08331358432769775,-1.2403489351272583,-0.3024863004684448,0.08331358432769775,-1.2376445531845093,-0.3179433345794678,0.08331358432769775,-1.2325555086135864,-0.3327869772911072,0.08331358432769775,-1.225206971168518,-0.3466517925262451,0.08331358432769775,-1.2157800197601318,-0.35919633507728577,0.08331358432769775,-1.204506754875183,-0.37011173367500305,0.08331358432769775,1.3441730737686157,-1.5707963705062866,-0.9648075699806213,0.021362630650401115,14.99977134168148,-14.999999786604839,11.894029544657574,34340.0
9.6802,0.0113,1,1,0.7691491842269897,0.44723138213157654,0.7668762803077698,-0.4573565125465393,0.2057664841413498,0.7995012998580933,0.06976068019866943,-0.7437958717346191,1.0303237438201904,0.9726210832595825,0.13771526515483856,-0.10007914155721664,0.1581927090883255,0.2115745831299929,0.017459480208288525,-0.21483327697408428,14.077258135089203,-13.783233745839976,16.766076708214605,1.2504743337631226,-1.2265057563781738,-0.24146489799022675,0.032625019550323486,0.06976068019866943,-0.7437958717346191,1.0303237438201904,0.13771526515483856,-0.10007914155721664,0.1581927090883255,0.9726210832595825,0.21157458424568176,0.017459480091929436,-0.21483327448368073,-1.2265057563781738,-0.24146489799022675,0.032625019550323486,-1.2329505681991577,-0.25577211380004883,0.032625019550323486,-1.2370779514312744,-0.27091139554977417,0.032625019550323486,-1.238786220550537,-0.2865099608898163,0.032625019550323486,-1.2380332946777344,-0.30218368768692017,0.032625019550323486,-1.2348377704620361,-0.31754669547080994,0.032625019550323486,-1.229278326034546,-0.3322206735610962,0.032625019550323486,-1.2214916944503784,-0.3458442687988281,0.032625019550323486,-1.2116698026657104,-0.35808202624320984,0.032625019550323486,-1.200054407119751,-0.3686326742172241,0.032625019550323486,1.3380087614059448,-1.5707963705062866,-1.002295732498169,0.021362630650401115,14.99988567084074,-14.99999989330242,11.561112308510765,30340.0
9.6997,0.0095,1,1,0.7702187895774841,0.4317087233066559,0.7875486612319946,-0.4588078558444977,0.20302076637744904,0.7995012998580933,0.037429578602313995,-0.8081309199333191,1.0353095531463623,0.9725204110145569,0.1405053585767746,-0.09965489059686661,0.15661782026290894,0.12984931819851225,0.1166872770115545,-0.21210989515385562,14.431665644015224,-13.759333218324612,16.546697831301625,1.2501789331436157,-1.2290266752243042,-0.22868795692920685,0.011952638626098633,0.037429578602313995,-0.8081309199333191,1.0353095531463623,0.1405053585767746,-0.09965489059686661,0.15661782026290894,0.9725204110145569,0.12984931468963623,0.11668727546930313,-0.21210989356040955,-1.2290266752243042,-0.22868795692920685,0.011952638626098633,-1.235024094581604,-0.24318842589855194,0.011952638626098633,-1.2386794090270996,-0.2584485709667206,0.011952638626098633,-1.2399024963378906,-0.2740926742553711,0.011952638626098633,-1.2386631965637207,-0.28973546624183655,0.011952638626098633,-1.2349921464920044,-0.30499181151390076,0.011952638626098633,-1.2289795875549316,-0.3194860517978668,0.011952638626098633,-1.220773696899414,-0.3328612744808197,0.011952638626098633,-1.2105765342712402,-0.344788134098053,0.011952638626098633,-1.198639154434204,-0.3549729883670807,0.011952638626098633,0.9493039846420288,-1.5707963705062866,-1.0332459211349487,0.021362630650401115,14.99994283542037,-14.99999994665121,11.122354554684783,29452.0
9.7197,0.0109,1,1,0.7706653475761414,0.4149317741394043,0.808189332485199,-0.46018537878990173,0.20020543038845062,0.7995012998580933,0.0075384220108389854,-0.868960976600647,1.0267975330352783,0.9727272391319275,0.14190617203712463,-0.09827841073274612,0.15493132174015045,0.11194931369522178,0.14815196769148747,-0.23829431137335327,14.637721787003677,-13.601502179272687,16.344464181111906,1.2494703531265259,-1.2308506965637207,-0.21472634375095367,-0.008688032627105713,0.0075384220108389854,-0.868960976600647,1.0267975330352783,0.14190617203712463,-0.09827841073274612,0.15493132174015045,0.9727272391319275,0.11194931715726852,0.1481519639492035,-0.238294318318367,-1.2308506965637207,-0.21472634375095367,-0.008688032627105713,-1.2363908290863037,-0.22940762341022491,-0.008688032627105713,-1.2395660877227783,-0.24477483332157135,-0.008688032627105713,-1.2402982711791992,-0.2604495584964752,-0.008688032627105713,-1.2385693788528442,-0.27604585886001587,-0.008688032627105713,-1.234421968460083,-0.2911796569824219,-0.008688032627105713,-1.2279582023620605,-0.30547836422920227,-0.008688032627105713,-1.2193372249603271,-0.31858986616134644,-0.008688032627105713,-1.2087712287902832,-0.33019131422042847,-0.008688032627105713,-1.196520447731018,-0.3399970233440399,-0.008688032627105713,0.5332976579666138,-1.5707963705062866,-1.059539556503296,0.021362630650401115,14.999971417710185,-14.999999973325604,10.717887254305356,29452.0
9.7397,0.0108,1,1,0.7692040801048279,0.4001653492450714,0.8426204323768616,-0.4614719748497009,0.19735299050807953,0.7995012998580933,-0.028315581381320953,-0.9135435223579407,1.093461513519287,0.9732547402381897,0.14151546359062195,-0.09632622450590134,0.15319225192070007,0.10142120540537966,0.045848290569396426,-0.21394291564264353,14.64187215170941,-13.347594244172557,16.167628997379044,1.2480206489562988,-1.2306760549545288,-0.20281235873699188,-0.04311913251876831,-0.028315581381320953,-0.9135435223579407,1.093461513519287,0.14151546359062195,-0.09632622450590134,0.15319225192070007,0.9732547402381897,0.10142120718955994,0.045848291367292404,-0.21394291520118713,-1.2306760549545288,-0.20281235873699188,-0.04311913251876831,-1.235754132270813,-0.21765980124473572,-0.04311913251876831,-1.2384469509124756,-0.23311883211135864,-0.04311913251876831,-1.2386884689331055,-0.24880878627300262,-0.04311913251876831,-1.2364723682403564,-0.26434335112571716,-0.04311913251876831,-1.2318534851074219,-0.2793399691581726,-0.04311913251876831,-1.2249455451965332,-0.293429434299469,-0.04311913251876831,-1.2159185409545898,-0.3062647879123688,-0.04311913251876831,-1.2049946784973145,-0.31752997636795044,-0.04311913251876831,-1.1924431324005127,-0.3269475996494293,-0.04311913251876831,0.27924180030822754,-1.5707963705062866,-1.0367709398269653,0.021362630650401115,14.999985708855093,-14.999999986662802,10.364216886839605,29452.0
9.7598,0.0098,1,1,0.7683887481689453,0.3813682198524475,0.8641523718833923,-0.4626874327659607,0.19441431760787964,0.7995012998580933,-0.05305320769548416,-0.96575528383255,1.058485746383667,0.973517894744873,0.14248809218406677,-0.09532270580530167,0.1512334793806076,-0.010521619955576957,-0.018381566446214838,-0.2312320908604107,14.795220834657073,-13.22023308655598,15.936325212225796,1.2468681335449219,-1.2310762405395508,-0.18695390224456787,-0.06465107202529907,-0.05305320769548416,-0.96575528383255,1.058485746383667,0.14248809218406677,-0.09532270580530167,0.1512334793806076,0.973517894744873,-0.010521619580686092,-0.018381565809249878,-0.23123209178447723,-1.2310762405395508,-0.18695390224456787,-0.06465107202529907,-1.2356796264648438,-0.20195530354976654,-0.06465107202529907,-1.2378795146942139,-0.21749213337898254,-0.06465107202529907,-1.2376219034194946,-0.23318184912204742,-0.06465107202529907,-1.2349131107330322,-0.2486380785703659,-0.06465107202529907,-1.229819655418396,-0.2634802758693695,-0.06465107202529907,-1.2224671840667725,-0.27734294533729553,-0.06465107202529907,-1.2130365371704102,-0.2898847460746765,-0.06465107202529907,-1.201760172843933,-0.30079689621925354,-0.06465107202529907,-1.188915491104126,-0.30981066823005676,-0.06465107202529907,-0.1692596673965454,-1.5707963705062866,-1.0499640703201294,0.021362630650401115,2.65106056262249,-14.9999999933314,9.901609316533097,29452.0
9.7797,0.0096,1,1,0.7675169110298157,0.3606041371822357,0.8791005611419678,-0.46378737688064575,0.19149821996688843,0.7995012998580933,-0.07392595708370209,-1.0189498662948608,0.9826973676681519,0.9737770557403564,0.14322540163993835,-0.09522964060306549,0.14890961349010468,-0.01561238033583142,-0.11389498589812005,-0.21521227808671617,14.913705643605285,-13.186422724051521,15.655102550446493,1.2454087734222412,-1.2313042879104614,-0.1691059172153473,-0.07959926128387451,-0.07392595708370209,-1.0189498662948608,0.9826973676681519,0.14322540163993835,-0.09522964060306549,0.14890961349010468,0.9737770557403564,-0.01561238057911396,-0.113894984126091,-0.21521228551864624,-1.2313042879104614,-0.1691059172153473,-0.07959926128387451,-1.2354379892349243,-0.18424348533153534,-0.07959926128387451,-1.2371526956558228,-0.19984133541584015,-0.07959926128387451,-1.2364063262939453,-0.2155153900384903,-0.07959926128387451,-1.2332171201705933,-0.23087970912456512,-0.07959926128387451,-1.2276636362075806,-0.24555596709251404,-0.07959926128387451,-1.2198827266693115,-0.25918278098106384,-0.07959926128387451,-1.2100658416748047,-0.27142462134361267,-0.07959926128387451,-1.1984548568725586,-0.281980037689209,-0.07959926128387451,-1.1853355169296265,-0.2905891537666321,-0.07959926128387451,-0.7141191959381104,-1.5707963705062866,-1.1025729179382324,0.021362630650401115,-6.174469718688755,-14.9999999966657,9.339163992974518,29452.0
9.7999,0.0098,1,1,0.7658063173294067,0.33972764015197754,0.8983163833618164,-0.46481311321258545,0.18849633634090424,0.7995012998580933,-0.09716004133224487,-1.0686124563217163,0.9386560916900635,0.97404944896698,0.14333805441856384,-0.09572141617536545,0.1466873735189438,-0.3027485521943713,-0.11367277839466657,-0.19877017118791915,14.95031182623764,-13.210339147648316,15.387279592778377,1.2438085079193115,-1.2306194305419922,-0.1512313038110733,-0.09881508350372314,-0.09716004133224487,-1.0686124563217163,0.9386560916900635,0.14333805441856384,-0.09572141617536545,0.1466873735189438,0.97404944896698,-0.30274856090545654,-0.11367277801036835,-0.1987701654434204,-1.2306194305419922,-0.1512313038110733,-0.09881508350372314,-1.2342708110809326,-0.16649237275123596,-0.09881508350372314,-1.2354899644851685,-0.18213675916194916,-0.09881508350372314,-1.2342467308044434,-0.19777925312519073,-0.09881508350372314,-1.2305718660354614,-0.21303468942642212,-0.09881508350372314,-1.2245557308197021,-0.2275274097919464,-0.09881508350372314,-1.2163465023040771,-0.24090057611465454,-0.09881508350372314,-1.206146240234375,-0.2528248727321625,-0.09881508350372314,-1.1942062377929688,-0.26300668716430664,-0.09881508350372314,-1.1808204650878906,-0.27119535207748413,-0.09881508350372314,-1.179876685142517,-1.5707963705062866,-1.118911623954773,0.021362630650401115,-10.587234859344377,-14.99999999833285,8.803518077638286,29452.0
9.8198,0.0094,1,1,0.764614999294281,0.31589531898498535,0.8975611329078674,-0.4657263159751892,0.18552128970623016,0.7995012998580933,-0.11377198994159698,-1.1212962865829468,0.7858538031578064,0.9744663238525391,0.14165246486663818,-0.09764492511749268,0.14426858723163605,-1.17041775377682,-0.023335241649654774,-0.18717641563263865,14.761670732438308,-13.366281411412494,15.103569383599826,1.2411094903945923,-1.2303413152694702,-0.1303740292787552,-0.09805983304977417,-0.11377198994159698,-1.1212962865829468,0.7858538031578064,0.14165246486663818,-0.09764492511749268,0.14426858723163605,0.9744663238525391,-1.1704177856445312,-0.02333524078130722,-0.1871764212846756,-1.2303413152694702,-0.1303740292787552,-0.09805983304977417,-1.2335160970687866,-0.1457413285970688,-0.09805983304977417,-1.2342478036880493,-0.16141606867313385,-0.09805983304977417,-1.2325184345245361,-0.17701230943202972,-0.09805983304977417,-1.2283706665039062,-0.19214600324630737,-0.09805983304977417,-1.2219064235687256,-0.20644450187683105,-0.09805983304977417,-1.213284969329834,-0.21955573558807373,-0.09805983304977417,-1.202718734741211,-0.2311568707227707,-0.09805983304977417,-1.1904677152633667,-0.24096223711967468,-0.09805983304977417,-1.1768336296081543,-0.24873040616512299,-0.09805983304977417,-1.5707963705062866,-1.5707963705062866,-1.1747897863388062,0.021362630650401115,-12.793617429672189,-14.999999999166425,8.236097659281159,29452.0
9.8397,0.0111,1,1,0.7621065974235535,0.2929997146129608,0.9127752184867859,-0.46655136346817017,0.18250036239624023,0.7995012998580933,-0.1372019499540329,-1.168297290802002,0.7359115481376648,0.9763703346252441,0.12963418662548065,-0.09976501017808914,0.14121215045452118,-2.2352148050372063,-0.06027080173909947,-0.18664979217183228,13.370301824162713,-13.381101959196119,14.883704811840119,1.2388064861297607,-1.2286579608917236,-0.11049935221672058,-0.11327391862869263,-0.1372019499540329,-1.168297290802002,0.7359115481376648,0.12963418662548065,-0.09976501017808914,0.14121215045452118,0.9763703346252441,-2.2352147102355957,-0.060270801186561584,-0.18664979934692383,-1.2286579608917236,-0.11049935221672058,-0.11327391862869263,-1.231350064277649,-0.12595851719379425,-0.11327391862869263,-1.2315906286239624,-0.14164850115776062,-0.11327391862869263,-1.2293736934661865,-0.15718293190002441,-0.11327391862869263,-1.2247540950775146,-0.17217932641506195,-0.11327391862869263,-1.2178453207015991,-0.1862684190273285,-0.11327391862869263,-1.2088176012039185,-0.19910326600074768,-0.11327391862869263,-1.1978931427001953,-0.2103678584098816,-0.11327391862869263,-1.1853411197662354,-0.21978482604026794,-0.11327391862869263,-1.1714705228805542,-0.22712227702140808,-0.11327391862869263,-1.5707963705062866,-1.5707963705062866,-1.1122671365737915,0.021362630650401115,-13.896808714836094,-14.999999999583213,7.796368515761763,29452.0
9.8606,0.0106,1,1,0.7598684430122375,0.2680025100708008,0.8985319137573242,-0.46729719638824463,0.179384246468544,0.7995012998580933,-0.1543552577495575,-1.2093549966812134,0.5296282768249512,0.9789055585861206,0.10974002629518509,-0.1045587956905365,0.1369907706975937,-2.9953920339632774,0.14748496235172032,-0.20845127773781838,11.04366663512346,-13.578249012211904,14.61397600006787,1.2343403100967407,-1.227165699005127,-0.08861826360225677,-0.09903061389923096,-0.1543552577495575,-1.2093549966812134,0.5296282768249512,0.10974002629518509,-0.1045587956905365,0.1369907706975937,0.9789055585861206,-2.995392084121704,0.14748495817184448,-0.2084512710571289,-1.227165699005127,-0.08861826360225677,-0.09903061389923096,-1.2293610572814941,-0.10415574908256531,-0.09903061389923096,-1.2290987968444824,-0.11984537541866302,-0.09903061389923096,-1.226385474205017,-0.13530081510543823,-0.09903061389923096,-1.221287727355957,-0.15014150738716125,-0.09903061389923096,-1.2139310836791992,-0.16400203108787537,-0.09903061389923096,-1.2044968605041504,-0.1765410602092743,-0.09903061389923096,-1.193217158317566,-0.18744990229606628,-0.09903061389923096,-1.1803698539733887,-0.19645988941192627,-0.09903061389923096,-1.1662712097167969,-0.20334918797016144,-0.09903061389923096,-1.5707963705062866,-1.5707963705062866,-1.1531651020050049,0.021362630650401115,-14.448404357418047,-14.999999999791607,7.256910892217242,29452.0
9.8797,0.0099,1,1,0.6688504219055176,0.2643471658229828,0.7027658820152283,-0.4679185748100281,0.1763736605644226,0.7995012998580933,-0.41558152437210083,-1.0975463390350342,-0.6578839421272278,0.9767555594444275,0.08846882730722427,-0.13839644193649292,0.13771824538707733,-3.1836053513663383,0.004672331479773129,-0.15709383065705115,8.103802949024905,-17.14113973126807,14.827744590636382,1.1442643404006958,-1.1367690563201904,-0.08797350525856018,0.09673541784286499,-0.41558152437210083,-1.0975463390350342,-0.6578839421272278,0.08846882730722427,-0.13839644193649292,0.13771824538707733,0.9767555594444275,-3.183605432510376,0.004672331269830465,-0.1570938378572464,-1.1367690563201904,-0.08797350525856018,0.09673541784286499,-1.1384857892990112,-0.10357111692428589,0.09673541784286499,-1.1377414464950562,-0.11924527585506439,0.09673541784286499,-1.1345542669296265,-0.13461001217365265,0.09673541784286499,-1.1290028095245361,-0.14928701519966125,0.09673541784286499,-1.1212236881256104,-0.16291485726833344,0.09673541784286499,-1.1114084720611572,-0.17515799403190613,0.09673541784286499,-1.0997987985610962,-0.1857149749994278,0.09673541784286499,-1.0866806507110596,-0.19432581961154938,0.09673541784286499,-1.0723769664764404,-0.2007785141468048,0.09673541784286499,-0.9775611162185669,-1.5707963705062866,-0.5939683318138123,0.20000000298023224,-14.724202178709024,-14.999999999895802,7.684448073354289,33452.0
9.9002,0.0112,1,1,0.8883086442947388,0.12700459361076355,0.5963335633277893,-0.46846312284469604,0.1732441931962967,0.7995012998580933,0.1649143397808075,-1.481755256652832,-1.0463415384292603,0.9887999296188354,0.09747577458620071,-0.09561166167259216,0.060246363282203674,-2.8927852308524864,0.007422191987199357,-0.026695607910143748,10.662122017700698,-11.585308138219155,5.8885485534432425,1.3726779222488403,-1.35677170753479,0.04623959958553314,0.20316773653030396,0.1649143397808075,-1.481755256652832,-1.0463415384292603,0.09747577458620071,-0.09561166167259216,0.060246363282203674,0.9887999296188354,-2.8927853107452393,0.007422192022204399,-0.026695607230067253,-1.35677170753479,0.04623959958553314,0.20316773653030396,-1.3579922914505005,0.030595317482948303,0.20316773653030396,-1.35675048828125,0.014952704310417175,0.20316773653030396,-1.3530769348144531,-0.0003030449151992798,0.20316773653030396,-1.347062110900879,-0.014796316623687744,0.20316773653030396,-1.3388540744781494,-0.02817022055387497,0.20316773653030396,-1.3286550045013428,-0.04009544849395752,0.20316773653030396,-1.3167158365249634,-0.05027835816144943,0.20316773653030396,-1.303330898284912,-0.05846821516752243,0.20316773653030396,-1.2888293266296387,-0.06446336209774017,0.20316773653030396,-1.5707963705062866,-1.5707963705062866,-0.6216228604316711,0.20000000298023224,-14.862101089354512,-14.999999999947901,-10.193944001031975,37452.0
9.9203,0.0097,1,1,0.9003794193267822,0.10086152702569962,0.5749871730804443,-0.46890175342559814,0.17014892399311066,0.7995012998580933,0.20489540696144104,-1.491028070449829,-1.074103593826294,0.9883705973625183,0.06977144628763199,-0.10007503628730774,0.09076571464538574,-2.6017312847949254,0.08522192886372743,-0.04640176202294214,7.036275383260384,-12.150961027123616,9.74406004040743,1.389294147491455,-1.3692811727523804,0.06928739696741104,0.22451412677764893,0.20489540696144104,-1.491028070449829,-1.074103593826294,0.06977144628763199,-0.10007503628730774,0.09076571464538574,0.9883705973625183,-2.601731300354004,0.08522193133831024,-0.04640176147222519,-1.3692811727523804,0.06928739696741104,0.22451412677764893,-1.3700120449066162,0.053612612187862396,0.22451412677764893,-1.3682819604873657,0.03801647573709488,0.22451412677764893,-1.364133358001709,0.022882990539073944,0.22451412677764893,-1.357668399810791,0.008584819734096527,0.22451412677764893,-1.3490463495254517,-0.004525981843471527,0.22451412677764893,-1.3384793996810913,-0.016126573085784912,0.22451412677764893,-1.3262279033660889,-0.025931313633918762,0.22451412677764893,-1.3125933408737183,-0.033698782324790955,0.22451412677764893,-1.2979116439819336,-0.03923771530389786,0.22451412677764893,-1.5707963705062866,-1.5707963705062866,-0.5996763110160828,0.20000000298023224,-14.931050544677255,-14.999999999973952,-2.4829210271035893,41452.0
9.9398,0.011,1,1,0.9126414656639099,0.06520093232393265,0.5589971542358398,-0.46924489736557007,0.16702552139759064,0.7995012998580933,0.20395256578922272,-1.5262172222137451,-1.090731143951416,0.9885023832321167,0.0436716303229332,-0.10314362496137619,0.10156401246786118,-2.42220333465494,-0.1134521271759751,-0.21996119365303185,3.8371138265282414,-12.28569083004813,11.319430238757938,1.406350016593933,-1.38188636302948,0.10182458907365799,0.24050414562225342,0.20395256578922272,-1.5262172222137451,-1.090731143951416,0.0436716303229332,-0.10314362496137619,0.10156401246786118,0.9885023832321167,-2.422203302383423,-0.11345212906599045,-0.21996119618415833,-1.38188636302948,0.10182458907365799,0.24050414562225342,-1.382124423980713,0.08613457530736923,0.24050414562225342,-1.3799052238464355,0.0706004872918129,0.24050414562225342,-1.375283122062683,0.05560482293367386,0.24050414562225342,-1.3683722019195557,0.041516825556755066,0.24050414562225342,-1.3593424558639526,0.028683386743068695,0.24050414562225342,-1.3484163284301758,0.017420515418052673,0.24050414562225342,-1.3358627557754517,0.008005529642105103,0.24050414562225342,-1.321990966796875,0.0006702691316604614,0.24050414562225342,-1.3071423768997192,-0.0044046565890312195,0.24050414562225342,-1.5707963705062866,-1.5707963705062866,-0.5396864414215088,0.20000000298023224,-14.965525272338628,-14.999999999986976,0.6678193695974112,44230.0
9.9606,0.0096,1,1,0.91635662317276,0.04664704203605652,0.5632862448692322,-0.469490110874176,0.16388723254203796,0.7995012998580933,0.19406536221504211,-1.5235036611557007,-1.008538842201233,0.9876042604446411,0.01651676930487156,-0.10751122981309891,0.11315635591745377,-2.3260086245007328,-0.10136164214312436,-0.2459465552258029,0.4866526902974392,-12.479779525053095,13.019270577559311,1.410714030265808,-1.385846734046936,0.11724019050598145,0.23621505498886108,0.19406536221504211,-1.5235036611557007,-1.008538842201233,0.01651676930487156,-0.10751122981309891,0.11315635591745377,0.9876042604446411,-2.3260085582733154,-0.10136163979768753,-0.24594655632972717,-1.385846734046936,0.11724019050598145,0.23621505498886108,-1.3855907917022705,0.10155045986175537,0.23621505498886108,-1.3828837871551514,0.08609391748905182,0.23621505498886108,-1.3777920007705688,0.07125115394592285,0.23621505498886108,-1.3704410791397095,0.05738765746355057,0.23621505498886108,-1.3610118627548218,0.04484478384256363,0.23621505498886108,-1.3497366905212402,0.033931389451026917,0.23621505498886108,-1.3368929624557495,0.024916186928749084,0.23621505498886108,-1.322797179222107,0.018021173775196075,0.23621505498886108,-1.3077962398529053,0.013416115194559097,0.23621505498886108,-1.5707963705062866,-1.5707963705062866,-0.5792326927185059,0.20000000298023224,-14.982762636169314,-14.999999999993488,4.067500047200133,44230.0
9.9795,0.01,1,1,0.9261060953140259,0.018880115821957588,0.5524865984916687,-0.4696348309516907,0.16079296171665192,0.7995012998580933,0.1789228618144989,-1.526290774345398,-0.9958094358444214,0.9866794943809509,-0.006792041007429361,-0.11063820123672485,0.11905714869499207,-2.140002135534966,-0.08148816869305793,-0.2757754574628035,-2.3334567344498387,-12.515962911490226,14.016492814261124,1.4245169162750244,-1.3957409858703613,0.14191284775733948,0.24701470136642456,0.1789228618144989,-1.526290774345398,-0.9958094358444214,-0.006792041007429361,-0.11063820123672485,0.11905714869499207,0.9866794943809509,-2.1400022506713867,-0.08148816972970963,-0.2757754623889923,-1.3957409858703613,0.14191284775733948,0.24701470136642456,-1.3949992656707764,0.12623856961727142,0.24701470136642456,-1.3918147087097168,0.11087329685688019,0.24701470136642456,-1.386265754699707,0.09619536250829697,0.24701470136642456,-1.3784888982772827,0.08256619423627853,0.24701470136642456,-1.368675708770752,0.07032138854265213,0.24701470136642456,-1.3570678234100342,0.05976245552301407,0.24701470136642456,-1.3439512252807617,0.051149383187294006,0.24701470136642456,-1.329648494720459,0.04469425976276398,0.24701470136642456,-1.3145122528076172,0.04055602848529816,0.24701470136642456,-1.5707963705062866,-1.5707963705062866,-0.5705068111419678,0.20000000298023224,-14.991381318084656,-14.999999999996744,6.061944520603757,44230.0
10.0005,0.0097,1,1,0.9181780815124512,-0.00698467344045639,0.5798632502555847,-0.4696836769580841,0.15759803354740143,0.7995012998580933,0.1391482800245285,-1.5217921733856201,-0.930853545665741,0.9859974384307861,-0.028804996982216835,-0.113319031894207,0.11889597773551941,-1.890569535731763,0.008861244085939933,-0.2672986490025949,-4.921252253644395,-12.510290355879908,14.291281641252121,1.414739727973938,-1.387861728668213,0.16458269953727722,0.21963804960250854,0.1391482800245285,-1.5217921733856201,-0.930853545665741,-0.028804996982216835,-0.113319031894207,0.11889597773551941,0.9859974384307861,-1.8905695676803589,0.008861243724822998,-0.2672986388206482,-1.387861728668213,0.16458269953727722,0.21963804960250854,-1.3866196870803833,0.14894011616706848,0.21963804960250854,-1.3829457759857178,0.1336844265460968,0.21963804960250854,-1.3769307136535645,0.11919128149747849,0.21963804960250854,-1.3687224388122559,0.1058175340294838,0.21963804960250854,-1.3585231304168701,0.09389249980449677,0.21963804960250854,-1.3465838432312012,0.08370981365442276,0.21963804960250854,-1.3331985473632812,0.07552020251750946,0.21963804960250854,-1.3186970949172974,0.0695253312587738,0.21963804960250854,-1.303436279296875,0.06587280333042145,0.21963804960250854,-1.5707963705062866,-1.5707963705062866,-0.6849794387817383,0.20000000298023224,-14.995690659042328,-14.999999999998373,6.6115221745857955,44230.0
10.02,0.0111,1,1,0.9204725027084351,-0.037347462028265,0.5613399147987366,-0.46963194012641907,0.15445087850093842,0.7995012998580933,0.08996231108903885,-1.5134164094924927,-0.9208779335021973,0.9856055974960327,-0.04687132686376572,-0.1154542863368988,0.11425012350082397,-1.5055996133067213,-0.026677175922567957,-0.22370439972319273,-6.988518661744156,-12.52553346650006,13.992143504162247,1.4233403205871582,-1.3901044130325317,0.1917983442544937,0.2381613850593567,0.08996231108903885,-1.5134164094924927,-0.9208779335021973,-0.04687132686376572,-0.1154542863368988,0.11425012350082397,0.9856055974960327,-1.5055996179580688,-0.026677176356315613,-0.22370439767837524,-1.3901044130325317,0.1917983442544937,0.2381613850593567,-1.3883706331253052,0.17620259523391724,0.2381613850593567,-1.384218454360962,0.1610700786113739,0.2381613850593567,-1.377750277519226,0.14677341282367706,0.2381613850593567,-1.3691251277923584,0.13366462290287018,0.2381613850593567,-1.358555555343628,0.12206649780273438,0.2381613850593567,-1.3463016748428345,0.11226460337638855,0.2381613850593567,-1.3326654434204102,0.10450030863285065,0.2381613850593567,-1.3179824352264404,0.09896479547023773,0.2381613850593567,-1.3026142120361328,0.09579436480998993,0.2381613850593567,-1.5707963705062866,-1.5707963705062866,-0.6844949126243591,0.20000000298023224,-14.997845329521164,-14.999999999999186,6.013245900406037,44230.0
10.0406,0.0105,1,1,0.9292424917221069,-0.0492684431374073,0.5632264614105225,-0.4694845378398895,0.15136012434959412,0.7995012998580933,0.08138605952262878,-1.4187142848968506,-0.8803695440292358,0.9841334223747253,-0.0649748146533966,-0.11599106341600418,0.11748968809843063,-1.1899500430017336,-0.11434024978762448,-0.23780993230533828,-9.136571735589179,-12.300189807277103,14.6024850120676,1.4326601028442383,-1.3987270593643188,0.20062856376171112,0.2362748384475708,0.08138605952262878,-1.4187142848968506,-0.8803695440292358,-0.0649748146533966,-0.11599106341600418,0.11748968809843063,0.9841334223747253,-1.1899499893188477,-0.11434025317430496,-0.2378099262714386,-1.3987270593643188,0.20062856376171112,0.2362748384475708,-1.3965115547180176,0.1850939244031906,0.2362748384475708,-1.3918932676315308,0.17009712755680084,0.2362748384475708,-1.3849856853485107,0.15600742399692535,0.2362748384475708,-1.3759591579437256,0.1431717574596405,0.2362748384475708,-1.3650357723236084,0.131906196475029,0.2362748384475708,-1.3524845838546753,0.1224881112575531,0.2362748384475708,-1.338614583015442,0.11514942348003387,0.2362748384475708,-1.3237673044204712,0.1100708395242691,0.2362748384475708,-1.3083083629608154,0.10737740993499756,0.2362748384475708,-1.5707963705062866,-1.5707963705062866,-0.6877365112304688,0.20000000298023224,-14.998922664760581,-14.999999999999593,7.233928916216706,44230.0
10.0611,0.0108,1,1,0.9303264617919922,-0.0774107426404953,0.545802891254425,-0.4692336916923523,0.14819180965423584,0.7995012998580933,0.02685725688934326,-1.3947116136550903,-0.8621429800987244,0.9834954142570496,-0.07601099461317062,-0.11826521903276443,0.1138882264494896,-0.920000117265424,-0.23935454909282744,-0.22598418212959825,-10.409896045681299,-12.433896039988312,14.347860304710242,1.4401487112045288,-1.3995602130889893,0.22560255229473114,0.2536984086036682,0.02685725688934326,-1.3947116136550903,-0.8621429800987244,-0.07601099461317062,-0.11826521903276443,0.1138882264494896,0.9834954142570496,-0.9200001358985901,-0.23935455083847046,-0.22598418593406677,-1.3995602130889893,0.22560255229473114,0.2536984086036682,-1.3968521356582642,0.21014615893363953,0.2536984086036682,-1.3917596340179443,0.19530369341373444,0.2536984086036682,-1.3844077587127686,0.18144062161445618,0.2536984086036682,-1.374977946281433,0.16889828443527222,0.2536984086036682,-1.3637020587921143,0.15798553824424744,0.2536984086036682,-1.3508578538894653,0.1489710658788681,0.2536984086036682,-1.336761713027954,0.14207684993743896,0.2536984086036682,-1.3217605352401733,0.13747265934944153,0.2536984086036682,-1.3062238693237305,0.1352718323469162,0.2536984086036682,-1.5707963705062866,-1.5707963705062866,-0.6668789982795715,0.20000000298023224,-14.99946133238029,-14.999999999999797,6.724679501502017,44230.0
10.0804,0.0103,1,1,0.9347745180130005,-0.09164661169052124,0.5540856719017029,-0.46888142824172974,0.1450263410806656,0.7995012998580933,0.0004598899104166776,-1.298336148262024,-0.7120184898376465,0.982287585735321,-0.0883105993270874,-0.11872453987598419,0.11495588719844818,-0.533705704961745,-0.004025398676425143,-0.2668559484056397,-11.858894031142315,-12.294678328827507,14.631545809155272,1.4444698095321655,-1.403656005859375,0.23667295277118683,0.24541562795639038,0.0004598899104166776,-1.298336148262024,-0.7120184898376465,-0.0883105993270874,-0.11872453987598419,0.11495588719844818,0.982287585735321,-0.5337057113647461,-0.004025398753583431,-0.26685595512390137,-1.403656005859375,0.23667295277118683,0.24541562795639038,-1.4004571437835693,0.22131064534187317,0.24541562795639038,-1.3948943614959717,0.2066378891468048,0.24541562795639038,-1.3871049880981445,0.1930159628391266,0.24541562795639038,-1.377280354499817,0.180780291557312,0.24541562795639038,-1.365662693977356,0.17023217678070068,0.24541562795639038,-1.352537989616394,0.16163131594657898,0.24541562795639038,-1.3382294178009033,0.15518951416015625,0.24541562795639038,-1.3230892419815063,0.15106536448001862,0.24541562795639038,-1.307490348815918,0.14936044812202454,0.24541562795639038,-1.5707963705062866,-1.5707963705062866,-0.7152344584465027,0.20000000298023224,-14.999730666190146,-14.999999999999899,7.292050510392076,44230.0
10.1002,0.0096,1,1,0.9341968894004822,-0.11727065593004227,0.5400918126106262,-0.4684440493583679,0.14197099208831787,0.7995012998580933,-0.058216217905282974,-1.2636346817016602,-0.6877911686897278,0.9820235967636108,-0.09349676966667175,-0.12004900723695755,0.1116882711648941,-0.3861395161967772,0.004519345878864337,-0.25747969057677045,-12.44384178592399,-12.40948052342391,14.335186431515575,1.4497934579849243,-1.40264093875885,0.25924164056777954,0.25940948724746704,-0.058216217905282974,-1.2636346817016602,-0.6877911686897278,-0.09349676966667175,-0.12004900723695755,0.1116882711648941,0.9820235967636108,-0.38613951206207275,0.0045193457044661045,-0.2574796974658966,-1.40264093875885,0.25924164056777954,0.25940948724746704,-1.3989695310592651,0.2439853847026825,0.25940948724746704,-1.3929567337036133,0.22949129343032837,0.25940948724746704,-1.384750485420227,0.21611624956130981,0.25940948724746704,-1.3745529651641846,0.20418959856033325,0.25940948724746704,-1.3626153469085693,0.19400504231452942,0.25940948724746704,-1.349231481552124,0.1858133226633072,0.25940948724746704,-1.334730863571167,0.17981615662574768,0.25940948724746704,-1.3194706439971924,0.17616122961044312,0.25940948724746704,-1.3038264513015747,0.17493852972984314,0.25940948724746704,-1.5707963705062866,-1.5707963705062866,-0.6951483488082886,0.20000000298023224,-14.999865333095073,-14.99999999999995,6.699331755112653,44230.0
10.1201,0.0098,1,1,0.923262357711792,-0.13826055824756622,0.5687806010246277,-0.4679013192653656,0.13887163996696472,0.7995012998580933,-0.16435247659683228,-1.1971920728683472,-0.33958399295806885,0.9816001057624817,-0.10047508031129837,-0.12039581686258316,0.10894406586885452,-0.2659964298085734,-0.21086163826142185,-0.17902832447472988,-13.22700693796493,-12.384362825370562,14.107639229853895,1.4371397495269775,-1.39116370677948,0.27713221311569214,0.23072069883346558,-0.16435247659683228,-1.1971920728683472,-0.33958399295806885,-0.10047508031129837,-0.12039581686258316,0.10894406586885452,0.9816001057624817,-0.26599642634391785,-0.21086163818836212,-0.17902831733226776,-1.39116370677948,0.27713221311569214,0.23072069883346558,-1.3870140314102173,0.2619989812374115,0.23072069883346558,-1.3805482387542725,0.2477012276649475,0.23072069883346558,-1.3719253540039062,0.23459099233150482,0.23072069883346558,-1.3613576889038086,0.22299107909202576,0.23072069883346558,-1.3491054773330688,0.21318712830543518,0.23072069883346558,-1.33547043800354,0.20542055368423462,0.23072069883346558,-1.3207883834838867,0.19988256692886353,0.23072069883346558,-1.3054206371307373,0.1967095583677292,0.23072069883346558,-1.289745807647705,0.19597963988780975,0.23072069883346558,-1.5707963705062866,-1.5707963705062866,-0.8824595212936401,0.20000000298023224,-14.999932666547537,-14.999999999999975,6.244237351789301,44230.0
10.1398,0.0095,1,1,0.9276629686355591,-0.145137220621109,0.5478444695472717,-0.46727004647254944,0.13582976162433624,0.7995012998580933,-0.14026892185211182,-1.0540647506713867,-0.4400694668292999,0.9811618328094482,-0.1074168011546135,-0.11861755698919296,0.10821694880723953,-0.35301089079014114,-0.008708360434166621,-0.24416871210585003,-13.994383653533632,-12.094072293861768,14.077754886542035,1.4450299739837646,-1.3949329853057861,0.28096699714660645,0.25165683031082153,-0.14026892185211182,-1.0540647506713867,-0.4400694668292999,-0.1074168011546135,-0.11861755698919296,0.10821694880723953,0.9811618328094482,-0.353010892868042,-0.008708360604941845,-0.2441687136888504,-1.3949329853057861,0.28096699714660645,0.25165683031082153,-1.390315294265747,0.26596999168395996,0.25165683031082153,-1.3834084272384644,0.2518799602985382,0.25165683031082153,-1.374382495880127,0.2390439212322235,0.25165683031082153,-1.363459587097168,0.2277778685092926,0.25165683031082153,-1.3509087562561035,0.21835923194885254,0.25165683031082153,-1.3370391130447388,0.21101994812488556,0.25165683031082153,-1.3221920728683472,0.20594070851802826,0.25165683031082153,-1.306733250617981,0.2032465934753418,0.25165683031082153,-1.2910432815551758,0.20300394296646118,0.25165683031082153,-1.5707963705062866,-1.5707963705062866,-0.734393298625946,0.20000000298023224,-14.999966333273768,-14.999999999999988,6.184468665165614,44230.0
10.1604,0.0113,1,1,0.9242526292800903,-0.16577820479869843,0.5393207669258118,-0.466525673866272,0.13273540139198303,0.7995012998580933,-0.20079675316810608,-1.009724497795105,-0.41236498951911926,0.9810478687286377,-0.11016961187124252,-0.11947347223758698,0.10550741851329803,-0.21796889948630038,-0.17968204729856027,-0.20245944824600592,-14.296676309140848,-12.190982778309731,13.811230253864968,1.4460527896881104,-1.3907783031463623,0.29851359128952026,0.2601805329322815,-0.20079675316810608,-1.009724497795105,-0.41236498951911926,-0.11016961187124252,-0.11947347223758698,0.10550741851329803,0.9810478687286377,-0.2179688960313797,-0.17968204617500305,-0.202459454536438,-1.3907783031463623,0.29851359128952026,0.2601805329322815,-1.385685682296753,0.28367114067077637,0.2601805329322815,-1.3783340454101562,0.2698080539703369,0.2601805329322815,-1.3689041137695312,0.25726574659347534,0.2601805329322815,-1.3576282262802124,0.24635298550128937,0.2601805329322815,-1.3447840213775635,0.23733851313591003,0.2601805329322815,-1.3306877613067627,0.2304443120956421,0.2601805329322815,-1.3156867027282715,0.22584012150764465,0.2601805329322815,-1.300149917602539,0.22363929450511932,0.2601805329322815,-1.2844603061676025,0.2238960564136505,0.2601805329322815,-1.5707963705062866,-1.5707963705062866,-0.7314584851264954,0.20000000298023224,-14.999983166636884,-14.999999999999993,5.651419399811441,44230.0
10.18,0.0097,1,1,0.908897876739502,-0.1800738424062729,0.5702923536300659,-0.46569257974624634,0.12969832122325897,0.7995012998580933,-0.32160913944244385,-0.9265029430389404,-0.09557287395000458,0.9806764721870422,-0.11423153430223465,-0.12079393118619919,0.10311007499694824,-0.060480575609213647,0.04945078602664944,-0.22437942783574374,-14.763298703834304,-12.31948754428697,13.606318378055887,1.4275833368301392,-1.3745903968811035,0.30977216362953186,0.22920894622802734,-0.32160913944244385,-0.9265029430389404,-0.09557287395000458,-0.11423153430223465,-0.12079393118619919,0.10311007499694824,0.9806764721870422,-0.06048057600855827,0.04945078492164612,-0.22437943518161774,-1.3745903968811035,0.30977216362953186,0.22920894622802734,-1.3690329790115356,0.2950974106788635,0.22920894622802734,-1.3612483739852905,0.28147271275520325,0.22920894622802734,-1.3514281511306763,0.2692335247993469,0.22920894622802734,-1.339814305305481,0.2586812674999237,0.22920894622802734,-1.3266925811767578,0.25007572770118713,0.22920894622802734,-1.3123862743377686,0.24362879991531372,0.22920894622802734,-1.2972476482391357,0.2394992560148239,0.22920894622802734,-1.2816493511199951,0.23778876662254333,0.22920894622802734,-1.2659754753112793,0.238539457321167,0.22920894622802734,-1.5707963705062866,-1.5707963705062866,-0.8715131878852844,0.20000000298023224,-14.999991583318442,-14.999999999999996,5.24159564819328,44230.0
10.1998,0.0099,1,1,0.9018495082855225,-0.19813096523284912,0.5686555504798889,-0.4647686779499054,0.12670265138149261,0.7995012998580933,-0.38318586349487305,-0.8790647387504578,-0.06805066764354706,0.9808745384216309,-0.11469744890928268,-0.1207742989063263,0.10070314258337021,-0.01254580443606482,-0.05380452593790018,-0.20392465289874026,-14.7875468081546,-12.346782555058837,13.33196517264459,1.4235349893569946,-1.3666181564331055,0.32483363151550293,0.23084574937820435,-0.38318586349487305,-0.8790647387504578,-0.06805066764354706,-0.11469744890928268,-0.1207742989063263,0.10070314258337021,0.9808745384216309,-0.012545804493129253,-0.05380452424287796,-0.20392465591430664,-1.3666181564331055,0.32483363151550293,0.23084574937820435,-1.3606035709381104,0.3103402853012085,0.23084574937820435,-1.3523956537246704,0.2969662845134735,0.23084574937820435,-1.3421967029571533,0.285040944814682,0.23084574937820435,-1.3302576541900635,0.27485787868499756,0.23084574937820435,-1.3168727159500122,0.2666678726673126,0.23084574937820435,-1.3023713827133179,0.26067256927490234,0.23084574937820435,-1.287110686302185,0.257019579410553,0.23084574937820435,-1.2714663743972778,0.2557988464832306,0.23084574937820435,-1.2558238506317139,0.25704047083854675,0.23084574937820435,-1.5707963705062866,-1.5707963705062866,-0.8752437233924866,0.20000000298023224,-14.99999579165922,-14.999999999999998,4.692889237370711,44230.0
10.2203,0.0113,1,1,0.9186403155326843,-0.21366381645202637,0.5553316473960876,-0.4637390971183777,0.1237034872174263,0.7995012998580933,-0.23103585839271545,-0.79087233543396,-0.1896904706954956,0.9817395210266113,-0.11682645231485367,-0.11109009385108948,0.10097573697566986,-0.04715610240170709,-0.13041473226507128,-0.22310743552009465,-14.875850402862904,-11.217256946563634,13.213901241250865,1.4437479972839355,-1.382379412651062,0.33736729621887207,0.24416965246200562,-0.23103585839271545,-0.79087233543396,-0.1896904706954956,-0.11682645231485367,-0.11109009385108948,0.10097573697566986,0.9817395210266113,-0.04715610295534134,-0.13041473925113678,-0.2231074422597885,-1.382379412651062,0.33736729621887207,0.24416965246200562,-1.3759082555770874,0.3230719566345215,0.24416965246200562,-1.3672804832458496,0.3099649250507355,0.24416965246200562,-1.3567085266113281,0.2983689308166504,0.24416965246200562,-1.3444526195526123,0.28856953978538513,0.24416965246200562,-1.3308148384094238,0.2808080315589905,0.24416965246200562,-1.3161306381225586,0.27527549862861633,0.24416965246200562,-1.3007618188858032,0.27210819721221924,0.24416965246200562,-1.2850866317749023,0.2713840901851654,0.24416965246200562,-1.2694913148880005,0.27312102913856506,0.24416965246200562,-1.5707963705062866,-1.5707963705062866,-0.7994149327278137,0.20000000298023224,-14.99999789582961,-15.0,4.456761374583257,44230.0
10.2394,0.0092,1,1,0.9134436845779419,-0.22898828983306885,0.5518306493759155,-0.46265724301338196,0.12084504961967468,0.7995012998580933,-0.2887001931667328,-0.7415409684181213,-0.16053304076194763,0.9817405343055725,-0.11677294969558716,-0.11287079006433487,0.09903427958488464,0.06763917758648186,-0.1559114370673264,-0.22247884627905187,-14.877079867268336,-11.448707855977394,13.020238187640663,1.4413111209869385,-1.3761008977890015,0.34983333945274353,0.24767065048217773,-0.2887001931667328,-0.7415409684181213,-0.16053304076194763,-0.11677294969558716,-0.11287079006433487,0.09903427958488464,0.9817405343055725,0.06763917952775955,-0.1559114307165146,-0.22247885167598724,-1.3761008977890015,0.34983333945274353,0.24767065048217773,-1.3691959381103516,0.33574241399765015,0.24767065048217773,-1.3601715564727783,0.32290518283843994,0.24767065048217773,-1.3492501974105835,0.31163766980171204,0.24767065048217773,-1.336700677871704,0.30221739411354065,0.24767065048217773,-1.3228318691253662,0.2948762774467468,0.24767065048217773,-1.307985544204712,0.28979507088661194,0.24767065048217773,-1.2925270795822144,0.2870989143848419,0.24767065048217773,-1.2768372297286987,0.28685417771339417,0.24767065048217773,-1.2613022327423096,0.2890669107437134,0.24767065048217773,-1.5707963705062866,-1.5707963705062866,-0.7933569550514221,0.20000000298023224,-14.999998947914804,-15.0,4.069435267362852,44230.0
10.2602,0.0111,1,1,0.9051837921142578,-0.21922603249549866,0.5646070837974548,-0.46143293380737305,0.1178925484418869,0.7995012998580933,-0.3338923454284668,-0.5431374907493591,-0.056154437363147736,0.9813085794448853,-0.12413251399993896,-0.11173857748508453,0.09558790177106857,0.05161727589580731,-0.17652536916897574,-0.23941638436438772,-15.676406118981276,-11.277960012547247,12.68456651949082,1.427047848701477,-1.3666167259216309,0.33711856603622437,0.23489421606063843,-0.3338923454284668,-0.5431374907493591,-0.056154437363147736,-0.12413251399993896,-0.11173857748508453,0.09558790177106857,0.9813085794448853,0.051617275923490524,-0.17652536928653717,-0.23941639065742493,-1.3666167259216309,0.33711856603622437,0.23489421606063843,-1.359264850616455,0.3232555389404297,0.23489421606063843,-1.34983491897583,0.3107132315635681,0.23489421606063843,-1.3385590314865112,0.2998005449771881,0.23489421606063843,-1.3257148265838623,0.29078614711761475,0.23489421606063843,-1.3116185665130615,0.2838919758796692,0.23489421606063843,-1.2966173887252808,0.27928784489631653,0.23489421606063843,-1.281080722808838,0.27708709239959717,0.23489421606063843,-1.2653909921646118,0.2773439288139343,0.23489421606063843,-1.2499346733093262,0.2800520062446594,0.23489421606063843,-1.5707963705062866,-1.5707963705062866,-0.7654452919960022,0.20000000298023224,-14.999999473957402,-15.0,3.3980919310631617,44230.0
10.2799,0.0102,1,1,0.9104241132736206,-0.23570005595684052,0.533841609954834,-0.4601435661315918,0.11504147201776505,0.7995012998580933,-0.3199065923690796,-0.5322736501693726,-0.16867007315158844,0.9818007946014404,-0.12185124307870865,-0.1113869845867157,0.0938635915517807,0.06028938977127038,-0.16162593162112074,-0.22209368660639917,-15.385703931327477,-11.294082726445108,12.452592374818582,1.4394619464874268,-1.3705676794052124,0.35074153542518616,0.2656596899032593,-0.3199065923690796,-0.5322736501693726,-0.16867007315158844,-0.12185124307870865,-0.1113869845867157,0.0938635915517807,0.9818007946014404,0.06028939038515091,-0.161625936627388,-0.22209368646144867,-1.3705676794052124,0.35074153542518616,0.2656596899032593,-1.3627856969833374,0.3371152877807617,0.2656596899032593,-1.3529679775238037,0.3248741626739502,0.2656596899032593,-1.3413561582565308,0.3143196105957031,0.2656596899032593,-1.3282362222671509,0.30571144819259644,0.2656596899032593,-1.3139312267303467,0.2992617189884186,0.2656596899032593,-1.2987933158874512,0.2951291799545288,0.2656596899032593,-1.2831953763961792,0.2934156060218811,0.2656596899032593,-1.2675213813781738,0.29416316747665405,0.2656596899032593,-1.252157211303711,0.29735350608825684,0.2656596899032593,-1.5707963705062866,-1.5707963705062866,-0.6689844727516174,0.20000000298023224,-14.999999736978701,-15.0,2.934143641718678,44230.0
10.3002,0.0103,1,1,0.9003506898880005,-0.2383401244878769,0.5438992381095886,-0.45874685049057007,0.11219530552625656,0.7995012998580933,-0.37289679050445557,-0.43046748638153076,-0.08598704636096954,0.9819216132164001,-0.12293997406959534,-0.11227720230817795,0.09004136919975281,0.12074735763954278,-0.20288602007360937,-0.2005008763565776,-15.48335839430386,-11.440807031844562,12.039049007346179,1.4266581535339355,-1.3590974807739258,0.35053542256355286,0.25560206174850464,-0.37289679050445557,-0.43046748638153076,-0.08598704636096954,-0.12293997406959534,-0.11227720230817795,0.09004136919975281,0.9819216132164001,0.12074735760688782,-0.20288601517677307,-0.20050087571144104,-1.3590974807739258,0.35053542256355286,0.25560206174850464,-1.3508875370025635,0.33716273307800293,0.25560206174850464,-1.3406866788864136,0.32523900270462036,0.25560206174850464,-1.3287460803985596,0.31505781412124634,0.25560206174850464,-1.3153598308563232,0.30686989426612854,0.25560206174850464,-1.3008575439453125,0.3008768558502197,0.25560206174850464,-1.2855963706970215,0.29722627997398376,0.25560206174850464,-1.2699518203735352,0.29600802063941956,0.25560206174850464,-1.2543094158172607,0.2972520887851715,0.25560206174850464,-1.2390542030334473,0.30092787742614746,0.25560206174850464,-1.5707963705062866,-1.5707963705062866,-0.6908655166625977,0.20000000298023224,-14.99999986848935,-15.0,2.107056906773884,44230.0
10.3198,0.0095,1,1,0.8929391503334045,-0.24636398255825043,0.5345659852027893,-0.45730364322662354,0.10947301983833313,0.7995012998580933,-0.4289521872997284,-0.3790667951107025,-0.08902869373559952,0.9819626808166504,-0.12174136191606522,-0.11499659717082977,0.08776145428419113,0.15665966882034096,-0.19490675668405483,-0.19417054244545925,-15.35933881398628,-11.798845965697895,11.810840649241575,1.4212552309036255,-1.3502428531646729,0.35583698749542236,0.26493531465530396,-0.4289521872997284,-0.3790667951107025,-0.08902869373559952,-0.12174136191606522,-0.11499659717082977,0.08776145428419113,0.9819626808166504,0.15665966272354126,-0.19490675628185272,-0.19417054951190948,-1.3502428531646729,0.35583698749542236,0.26493531465530396,-1.3416247367858887,0.3427235782146454,0.26493531465530396,-1.3310613632202148,0.3311197757720947,0.26493531465530396,-1.3188128471374512,0.3213112950325012,0.26493531465530396,-1.3051806688308716,0.31353968381881714,0.26493531465530396,-1.2905006408691406,0.3079962730407715,0.26493531465530396,-1.2751340866088867,0.3048175871372223,0.26493531465530396,-1.2594594955444336,0.30408188700675964,0.26493531465530396,-1.2438628673553467,0.30580729246139526,0.26493531465530396,-1.228728175163269,0.3099513053894043,0.26493531465530396,-1.5707963705062866,-1.5707963705062866,-0.6488913297653198,0.20000000298023224,-14.999999934244675,-15.0,1.6506401905646746,44230.0
10.3396,0.0095,1,1,0.8741384744644165,-0.24629683792591095,0.5647619962692261,-0.45573756098747253,0.10672934353351593,0.7995012998580933,-0.5319806337356567,-0.27896758913993835,0.06442438066005707,0.9819223880767822,-0.12103003263473511,-0.11800680309534073,0.08516158163547516,0.1419829880529143,-0.20072553063928258,-0.19136425309154506,-15.291423006154204,-12.188746985863812,11.555948623257505,1.3958152532577515,-1.3298760652542114,0.3530261814594269,0.2347393035888672,-0.5319806337356567,-0.27896758913993835,0.06442438066005707,-0.12103003263473511,-0.11800680309534073,0.08516158163547516,0.9819223880767822,0.14198298752307892,-0.2007255256175995,-0.19136425852775574,-1.3298760652542114,0.3530261814594269,0.2347393035888672,-1.320847988128662,0.3401915431022644,0.2347393035888672,-1.3099234104156494,0.3289271891117096,0.2347393035888672,-1.2973711490631104,0.3195105195045471,0.2347393035888672,-1.28350031375885,0.31217336654663086,0.2347393035888672,-1.2686524391174316,0.3070964515209198,0.2347393035888672,-1.2531932592391968,0.30440473556518555,0.2347393035888672,-1.2375032901763916,0.3041645288467407,0.2347393035888672,-1.2219688892364502,0.3063817322254181,0.2347393035888672,-1.206972599029541,0.3110017776489258,0.2347393035888672,-1.5707963705062866,-1.5707963705062866,-0.7248544692993164,0.20000000298023224,-14.999999967122339,-15.0,1.1408561385965184,44230.0
10.3598,0.0097,1,1,0.863278865814209,-0.25097420811653137,0.550968587398529,-0.454079806804657,0.10402745008468628,0.7995012998580933,-0.59006667137146,-0.22743922472000122,0.008210374973714352,0.9817438125610352,-0.12048075348138809,-0.12158232927322388,0.08294147998094559,0.17665514833784665,-0.22102301262440327,-0.20577668169980862,-15.254228831219608,-12.635020003464,11.35690715684269,1.3868051767349243,-1.3173587322235107,0.35500165820121765,0.2485327124595642,-0.59006667137146,-0.22743922472000122,0.008210374973714352,-0.12048075348138809,-0.12158232927322388,0.08294147998094559,0.9817438125610352,0.1766551434993744,-0.22102300822734833,-0.20577667653560638,-1.3173587322235107,0.35500165820121765,0.2485327124595642,-1.307928442955017,0.3424595892429352,0.2485327124595642,-1.2966521978378296,0.33154717087745667,0.2485327124595642,-1.2838077545166016,0.3225330710411072,0.2485327124595642,-1.2697113752365112,0.3156392574310303,0.2485327124595642,-1.2547101974487305,0.31103548407554626,0.2485327124595642,-1.239173412322998,0.30883511900901794,0.2485327124595642,-1.2234835624694824,0.30909234285354614,0.2485327124595642,-1.2080273628234863,0.3118007779121399,0.2485327124595642,-1.1931849718093872,0.3168937861919403,0.2485327124595642,-1.5707963705062866,-1.5707963705062866,-0.6453225612640381,0.20000000298023224,-14.99999998356117,-15.0,0.7427732057669293,44230.0
10.3796,0.0107,1,1,0.8710264563560486,-0.2694214880466461,0.5324891805648804,-0.452377587556839,0.10143868625164032,0.7995012998580933,-0.536733090877533,-0.25268346071243286,-0.025012319907546043,0.9831635355949402,-0.11410043388605118,-0.11768344044685364,0.08074191212654114,0.1431459905009519,-0.18026181746787054,-0.1526391777464324,-14.42292391856539,-12.296972577747004,10.951571002534477,1.4000824689865112,-1.32340407371521,0.37086015939712524,0.2670121192932129,-0.536733090877533,-0.25268346071243286,-0.025012319907546043,-0.11410043388605118,-0.11768344044685364,0.08074191212654114,0.9831635355949402,0.14314599335193634,-0.18026182055473328,-0.15263918042182922,-1.32340407371521,0.37086015939712524,0.2670121192932129,-1.3135898113250732,0.35861626267433167,0.2670121192932129,-1.301980972290039,0.34805840253829956,0.2670121192932129,-1.2888634204864502,0.3394465446472168,0.2670121192932129,-1.2745602130889893,0.3329927325248718,0.2670121192932129,-1.2594234943389893,0.3288559019565582,0.2670121192932129,-1.2438260316848755,0.32713788747787476,0.2670121192932129,-1.228151798248291,0.3278810381889343,0.2670121192932129,-1.2127869129180908,0.3310670256614685,0.2670121192932129,-1.1981093883514404,0.3366173803806305,0.2670121192932129,-1.5707963705062866,-1.5707963705062866,-0.6350803971290588,0.20000000298023224,-14.999999991780584,-15.0,-0.06789910284952902,44230.0
10.3996,0.0102,1,1,0.8506132364273071,-0.26762205362319946,0.5582149028778076,-0.45057040452957153,0.09886869788169861,0.7995012998580933,-0.6252370476722717,-0.17197652161121368,0.07530467957258224,0.9830622673034668,-0.11359009146690369,-0.12050074338912964,0.07850787043571472,0.14787163669724301,-0.2067284288943757,-0.1636606199834549,-14.376028917565637,-12.65523970829179,10.734401681581048,1.3731764554977417,-1.3011837005615234,0.36649075150489807,0.24128639698028564,-0.6252370476722717,-0.17197652161121368,0.07530467957258224,-0.11359009146690369,-0.12050074338912964,0.07850787043571472,0.9830622673034668,0.14787164330482483,-0.20672842860221863,-0.16366061568260193,-1.3011837005615234,0.36649075150489807,0.24128639698028564,-1.290989637374878,0.3545612096786499,0.24128639698028564,-1.279054880142212,0.3443732261657715,0.24128639698028564,-1.265673279762268,0.33617767691612244,0.24128639698028564,-1.2511743307113647,0.33017638325691223,0.24128639698028564,-1.235915184020996,0.32651710510253906,0.24128639698028564,-1.220271348953247,0.32528990507125854,0.24128639698028564,-1.2046282291412354,0.3265250623226166,0.24128639698028564,-1.1893709897994995,0.3301921486854553,0.24128639698028564,-1.1748751401901245,0.3362008333206177,0.24128639698028564,-1.5707963705062866,-1.5707963705062866,-0.6846746802330017,0.20000000298023224,-14.999999995890292,-15.0,-0.502237744756379,44230.0
10.4197,0.0109,1,1,0.8384341597557068,-0.27035680413246155,0.5487015247344971,-0.44867321848869324,0.09634369611740112,0.7995012998580933,-0.6808136105537415,-0.12387697398662567,0.025792451575398445,0.9828847646713257,-0.11300451308488846,-0.12396663427352905,0.07614336162805557,0.10756839705728462,-0.21507690627955608,-0.1409788098743863,-14.326616389976886,-13.089966598873565,10.511824354357252,1.3616222143173218,-1.2871073484420776,0.36670050024986267,0.2507997751235962,-0.6808136105537415,-0.12387697398662567,0.025792451575398445,-0.11300451308488846,-0.12396663427352905,0.07614336162805557,0.9828847646713257,0.1075683981180191,-0.21507690846920013,-0.14097881317138672,-1.2871073484420776,0.36670050024986267,0.2507997751235962,-1.2765417098999023,0.35509881377220154,0.2507997751235962,-1.2642911672592163,0.3452928066253662,0.2507997751235962,-1.2506574392318726,0.3375239372253418,0.2507997751235962,-1.235976219177246,0.3319834768772125,0.2507997751235962,-1.220609188079834,0.32880789041519165,0.2507997751235962,-1.2049344778060913,0.3280753493309021,0.2507997751235962,-1.1893380880355835,0.3298038840293884,0.2507997751235962,-1.1742042303085327,0.333950936794281,0.2507997751235962,-1.1599054336547852,0.3404144048690796,0.2507997751235962,-1.5707963705062866,-1.5707963705062866,-0.6269500851631165,0.20000000298023224,-14.999999997945146,-15.0,-0.9473923992039469,44230.0
10.4398,0.0108,1,1,0.812910258769989,-0.2650930881500244,0.591688334941864,-0.44669967889785767,0.09388276189565659,0.7995012998580933,-0.8089550733566284,-0.03122895024716854,0.3091278374195099,0.9829564094543457,-0.11078012734651566,-0.1259872168302536,0.07516425848007202,0.14149799312889724,-0.24896972576099038,-0.11356090898412642,-14.081722382500448,-13.35751198748308,10.402664967046768,1.326147437095642,-1.2596099376678467,0.3589758574962616,0.20781296491622925,-0.8089550733566284,-0.03122895024716854,0.3091278374195099,-0.11078012734651566,-0.1259872168302536,0.07516425848007202,0.9829564094543457,0.14149799942970276,-0.24896971881389618,-0.11356090754270554,-1.2596099376678467,0.3589758574962616,0.20781296491622925,-1.2486835718154907,0.3477132022380829,0.20781296491622925,-1.2361297607421875,0.3382984697818756,0.20781296491622925,-1.2222578525543213,0.33096349239349365,0.20781296491622925,-1.2074092626571655,0.32588887214660645,0.20781296491622925,-1.1919496059417725,0.3231995403766632,0.20781296491622925,-1.1762595176696777,0.3229617774486542,0.20781296491622925,-1.1607255935668945,0.32518136501312256,0.20781296491622925,-1.1457300186157227,0.3298037052154541,0.20781296491622925,-1.1316421031951904,0.3367149829864502,0.20781296491622925,-1.5707963705062866,-1.5707963705062866,-0.7599532604217529,0.20000000298023224,-14.999999998972573,-15.0,-1.1657111738249375,44230.0
10.4597,0.0096,1,1,0.7972038984298706,-0.2638050317764282,0.5732809901237488,-0.4446708559989929,0.09150952100753784,0.7995012998580933,-0.8622074127197266,0.023737015202641487,0.1363838165998459,0.9822688698768616,-0.1131107434630394,-0.13031573593616486,0.07327767461538315,0.1587357027585986,-0.1492946635362132,-0.12521653310048084,-14.391020754888633,-13.853089605275507,10.290141241702607,1.3113645315170288,-1.2418746948242188,0.35531455278396606,0.22622030973434448,-0.8622074127197266,0.023737015202641487,0.1363838165998459,-0.1131107434630394,-0.13031573593616486,0.07327767461538315,0.9822688698768616,0.1587357074022293,-0.1492946594953537,-0.1252165287733078,-1.2418746948242188,0.35531455278396606,0.22622030973434448,-1.2306020259857178,0.34439849853515625,0.22622030973434448,-1.2177605628967285,0.3353802561759949,0.22622030973434448,-1.2036664485931396,0.32848191261291504,0.22622030973434448,-1.188666582107544,0.3238733112812042,0.22622030973434448,-1.1731305122375488,0.32166793942451477,0.22622030973434448,-1.1574406623840332,0.32192009687423706,0.22622030973434448,-1.1419835090637207,0.32462358474731445,0.22622030973434448,-1.1271395683288574,0.32971182465553284,0.22622030973434448,-1.113274335861206,0.33705949783325195,0.22622030973434448,-1.5707963705062866,-1.5707963705062866,-0.6423911452293396,0.20000000298023224,-14.999999999486286,-15.0,-1.39075862451327,44230.0
10.4796,0.0109,1,1,0.7655525803565979,-0.25354644656181335,0.6167726516723633,-0.44255685806274414,0.08918792009353638,0.7995012998580933,-1.014272689819336,0.1266879439353943,0.44090738892555237,0.9823281168937683,-0.11079877614974976,-0.1321726143360138,0.07268749922513962,0.07360104235484173,-0.08057621911203074,-0.1446607133052049,-14.137631586481174,-14.097126993676452,10.220612510306218,1.2690094709396362,-1.2081093788146973,0.34273436665534973,0.18272864818572998,-1.014272689819336,0.1266879439353943,0.44090738892555237,-0.11079877614974976,-0.1321726143360138,0.07268749922513962,0.9823281168937683,0.07360104471445084,-0.08057621866464615,-0.14466071128845215,-1.2081093788146973,0.34273436665534973,0.18272864818572998,-1.1964995861053467,0.3321775794029236,0.18272864818572998,-1.1833813190460205,0.3235669732093811,0.18272864818572998,-1.1690775156021118,0.3171145021915436,0.18272864818572998,-1.1539404392242432,0.3129791021347046,0.18272864818572998,-1.1383427381515503,0.3112625777721405,0.18272864818572998,-1.1226686239242554,0.31200718879699707,0.18272864818572998,-1.1073038578033447,0.31519460678100586,0.18272864818572998,-1.0926270484924316,0.32074636220932007,0.18272864818572998,-1.0789992809295654,0.32852572202682495,0.18272864818572998,-1.5707963705062866,-1.5707963705062866,-0.7359854578971863,0.20000000298023224,-14.999999999743142,-15.0,-1.529816087306014,44230.0
10.4996,0.011,1,1,0.7446144819259644,-0.25054365396499634,0.6258532404899597,-0.4403795599937439,0.0869423896074295,0.7995012998580933,-1.0794830322265625,0.17348356544971466,0.4668923020362854,0.9824566841125488,-0.10958200693130493,-0.13282866775989532,0.07159058004617691,0.11013917974705174,0.0279624216258294,-0.15124045225240917,-13.988283870489507,-14.199962187294831,10.086317971451836,1.2442914247512817,-1.1849939823150635,0.33748602867126465,0.17364805936813354,-1.0794830322265625,0.17348356544971466,0.4668923020362854,-0.10958200693130493,-0.13282866775989532,0.07159058004617691,0.9824566841125488,0.11013917624950409,0.027962421998381615,-0.15124045312404633,-1.1849939823150635,0.33748602867126465,0.17364805936813354,-1.1730597019195557,0.32729750871658325,0.17364805936813354,-1.15967857837677,0.31910136342048645,0.17364805936813354,-1.1451799869537354,0.31309938430786133,0.17364805936813354,-1.1299209594726562,0.30943942070007324,0.17364805936813354,-1.1142772436141968,0.3082115054130554,0.17364805936813354,-1.0986340045928955,0.30944594740867615,0.17364805936813354,-1.0833766460418701,0.3131123185157776,0.17364805936813354,-1.0688804388046265,0.3191203474998474,0.17364805936813354,-1.0555026531219482,0.3273221254348755,0.17364805936813354,-1.5707963705062866,-1.5707963705062866,-0.7340093851089478,0.20000000298023224,-14.999999999871571,-15.0,-1.798405165014778,44230.0
10.5198,0.011,1,1,0.7278503775596619,-0.22238637506961823,0.6676816940307617,-0.43809276819229126,0.0847281739115715,0.7995012998580933,-1.0297627449035645,0.41562050580978394,0.7211180925369263,0.9834871888160706,-0.1183827817440033,-0.11997120082378387,0.06590468436479568,0.09910398061852331,-0.08417969244874651,-0.08585909015452889,-14.769846099894737,-12.731136935191792,9.32423279989616,1.2128970623016357,-1.1659431457519531,0.30711454153060913,0.13181960582733154,-1.0297627449035645,0.41562050580978394,0.7211180925369263,-0.1183827817440033,-0.11997120082378387,0.06590468436479568,0.9834871888160706,0.09910397976636887,-0.08417969197034836,-0.08585909008979797,-1.1659431457519531,0.30711454153060913,0.13181960582733154,-1.1536905765533447,0.297311007976532,0.13181960582733154,-1.1400554180145264,0.2895449101924896,0.13181960582733154,-1.125373125076294,0.2840074300765991,0.13181960582733154,-1.110005259513855,0.28083494305610657,0.13181960582733154,-1.0943304300308228,0.2801055610179901,0.13181960582733154,-1.0787343978881836,0.28183725476264954,0.13181960582733154,-1.0636013746261597,0.28598737716674805,0.13181960582733154,-1.0493038892745972,0.29245373606681824,0.13181960582733154,-1.0361939668655396,0.30107709765434265,0.13181960582733154,-1.2048461437225342,-1.5707963705062866,-0.8867458701133728,0.12389039248228073,-14.999999999935785,-15.0,-3.3225755081261545,42753.0
10.5398,0.0108,1,1,0.7561161518096924,-0.28242939710617065,0.5778939127922058,-0.4357829988002777,0.08262865990400314,0.7995012998580933,-0.8154948353767395,0.08908987790346146,0.16413678228855133,0.9859654903411865,-0.09982596337795258,-0.11703565716743469,0.06486490368843079,0.15898156246148337,-0.07928141515716942,0.00765120927678396,-12.547570098672022,-12.58195291044421,8.916664232864614,1.2660967111587524,-1.1918991804122925,0.3650580644607544,0.22160738706588745,-0.8154948353767395,0.08908987790346146,0.16413678228855133,-0.09982596337795258,-0.11703565716743469,0.06486490368843079,0.9859654903411865,0.1589815616607666,-0.07928141206502914,0.007651209365576506,-1.1918991804122925,0.3650580644607544,0.22160738706588745,-1.1793466806411743,0.3556417226791382,0.22160738706588745,-1.165475606918335,0.3483049273490906,0.22160738706588745,-1.150627613067627,0.34322839975357056,0.22160738706588745,-1.1351683139801025,0.34053707122802734,0.22160738706588745,-1.1194783449172974,0.34029725193977356,0.22160738706588745,-1.1039440631866455,0.34251487255096436,0.22160738706588745,-1.0889478921890259,0.3471352458000183,0.22160738706588745,-1.0748591423034668,0.35404467582702637,0.22160738706588745,-1.062024712562561,0.3630730211734772,0.22160738706588745,-1.5707963705062866,-1.5707963705062866,-0.7010872960090637,0.20000000298023224,-14.999999999967892,-15.0,-4.137712642189265,44230.0
10.5595,0.011,1,1,0.7499566674232483,-0.280824214220047,0.6043841242790222,-0.4334118962287903,0.08060479909181595,0.7995012998580933,-0.853193998336792,0.12628145515918732,0.2506009638309479,0.9863590002059937,-0.09741634130477905,-0.11648426949977875,0.06352583318948746,0.006848720297896875,-0.2412026164417743,-0.010636550961073387,-12.242324875772809,-12.557172811924593,8.722026745782854,1.252622365951538,-1.1833685636520386,0.36142900586128235,0.19511717557907104,-0.853193998336792,0.12628145515918732,0.2506009638309479,-0.09741634130477905,-0.11648426949977875,0.06352583318948746,0.9863590002059937,0.006848720367997885,-0.24120262265205383,-0.010636551305651665,-1.1833685636520386,0.36142900586128235,0.19511717557907104,-1.1705286502838135,0.3524084985256195,0.19511717557907104,-1.1564357280731201,0.3455076515674591,0.19511717557907104,-1.1414366960525513,0.3408963680267334,0.19511717557907104,-1.1259009838104248,0.3386882543563843,0.19511717557907104,-1.1102111339569092,0.3389376103878021,0.19511717557907104,-1.0947535037994385,0.34163832664489746,0.19511717557907104,-1.0799086093902588,0.34672391414642334,0.19511717557907104,-1.066042184829712,0.35406914353370667,0.19511717557907104,-1.0534954071044922,0.3634931445121765,0.19511717557907104,-1.5707963705062866,-1.5707963705062866,-0.7503177523612976,0.20000000298023224,-14.999999999983945,-15.0,-4.526987616352764,44230.0
10.5804,0.0113,1,1,0.7335191965103149,-0.28797686100006104,0.5707981586456299,-0.4309042990207672,0.0785980299115181,0.7995012998580933,-0.8937417268753052,0.1119224801659584,0.15683306753635406,0.9864168763160706,-0.09417884051799774,-0.12010210007429123,0.060709476470947266,-0.05219185706218111,-0.4100623926633364,0.056668747367902,-11.869299756770342,-13.032656940341806,8.404261944069793,1.2420001029968262,-1.1644234657287598,0.36657488346099854,0.22870314121246338,-0.8937417268753052,0.1119224801659584,0.15683306753635406,-0.09417884051799774,-0.12010210007429123,0.060709476470947266,0.9864168763160706,-0.05219185724854469,-0.41006240248680115,0.05666874721646309,-1.1644234657287598,0.36657488346099854,0.22870314121246338,-1.1513005495071411,0.3579713702201843,0.22870314121246338,-1.136993169784546,0.3515266478061676,0.22870314121246338,-1.1218538284301758,0.34739941358566284,0.22870314121246338,-1.106255292892456,0.3456913232803345,0.22870314121246338,-1.0905815362930298,0.34644439816474915,0.22870314121246338,-1.075218677520752,0.3496401309967041,0.22870314121246338,-1.060544729232788,0.35519981384277344,0.22870314121246338,-1.0469212532043457,0.36298656463623047,0.22870314121246338,-1.0346835851669312,0.3728086054325104,0.22870314121246338,-1.5707963705062866,-1.5707963705062866,-0.6669869422912598,0.20000000298023224,-14.999999999991973,-15.0,-5.162517219778912,44230.0
10.6001,0.01,1,1,0.7228209376335144,-0.29499006271362305,0.5651547908782959,-0.428401380777359,0.07672199606895447,0.7995012998580933,-0.9359843730926514,0.10826800018548965,0.15028990805149078,0.9864221215248108,-0.09161107987165451,-0.1230911910533905,0.05852581560611725,-0.09067869600302934,-0.3268724973232315,0.050154043646755304,-11.573323858166226,-13.421712296859411,8.157266769484522,1.2322341203689575,-1.1512223482131958,0.3717120587825775,0.23434650897979736,-0.9359843730926514,0.10826800018548965,0.15028990805149078,-0.09161107987165451,-0.1230911910533905,0.05852581560611725,0.9864221215248108,-0.09067869931459427,-0.32687249779701233,0.05015404522418976,-1.1512223482131958,0.3717120587825775,0.23434650897979736,-1.1378366947174072,0.3635231554508209,0.23434650897979736,-1.1233348846435547,0.35752907395362854,0.23434650897979736,-1.1080738306045532,0.35387736558914185,0.23434650897979736,-1.0924293994903564,0.3526579439640045,0.23434650897979736,-1.076786994934082,0.35390087962150574,0.23434650897979736,-1.0615314245224,0.35757553577423096,0.23434650897979736,-1.0470385551452637,0.36359143257141113,0.23434650897979736,-1.0336652994155884,0.37180042266845703,0.23434650897979736,-1.0217407941818237,0.3820004165172577,0.23434650897979736,-1.5707963705062866,-1.5707963705062866,-0.6464749574661255,0.20000000298023224,-14.999999999995985,-15.0,-5.656507568949436,44230.0
10.6202,0.0108,1,1,0.7036806344985962,-0.2900760769844055,0.585273265838623,-0.4258134663105011,0.07490646094083786,0.7995012998580933,-0.9902588725090027,0.16093406081199646,0.26621586084365845,0.9862541556358337,-0.09240210056304932,-0.12440301477909088,0.05732722952961922,-0.12240480923346721,-0.22713503390516235,0.0636856774975564,-11.664413736825454,-13.579342622974073,8.046789447043594,1.2061768770217896,-1.129494071006775,0.364982545375824,0.21422803401947021,-0.9902588725090027,0.16093406081199646,0.26621586084365845,-0.09240210056304932,-0.12440301477909088,0.05732722952961922,0.9862541556358337,-0.1224048063158989,-0.22713503241539001,0.06368567794561386,-1.129494071006775,0.364982545375824,0.21422803401947021,-1.1158562898635864,0.3572208285331726,0.21422803401947021,-1.1011722087860107,0.35168811678886414,0.21422803401947021,-1.0858033895492554,0.3485206067562103,0.21422803401947021,-1.070128321647644,0.34779632091522217,0.21422803401947021,-1.0545328855514526,0.3495330512523651,0.21422803401947021,-1.0394011735916138,0.3536880612373352,0.21422803401947021,-1.0251057147979736,0.3601590692996979,0.21422803401947021,-1.0119986534118652,0.36878669261932373,0.21422803401947021,-1.0004024505615234,0.3793584704399109,0.21422803401947021,-1.5707963705062866,-1.5707963705062866,-0.6975475549697876,0.20000000298023224,-14.999999999997993,-15.0,-5.877462213831267,44230.0
10.6399,0.0113,1,1,0.6818418502807617,-0.28888168931007385,0.585432767868042,-0.4231995642185211,0.07319271564483643,0.7995012998580933,-1.0517570972442627,0.19063404202461243,0.25812724232673645,0.9861776828765869,-0.09170754998922348,-0.1262151449918747,0.05577675998210907,-0.14469175577666113,0.01160891268695335,0.0015229628691355765,-11.581614467749851,-13.810464317757905,7.881549344702304,1.1823872327804565,-1.1050413846969604,0.3620744049549103,0.21406853199005127,-1.0517570972442627,0.19063404202461243,0.25812724232673645,-0.09170754998922348,-0.1262151449918747,0.05577675998210907,0.9861776828765869,-0.14469175040721893,0.011608912609517574,0.0015229628188535571,-1.1050413846969604,0.3620744049549103,0.21406853199005127,-1.091167688369751,0.35474270582199097,0.21406853199005127,-1.0763179063796997,0.3496716022491455,0.21406853199005127,-1.0608576536178589,0.34698593616485596,0.21406853199005127,-1.0451675653457642,0.346751868724823,0.21406853199005127,-1.0296339988708496,0.34897515177726746,0.21406853199005127,-1.0146396160125732,0.35360103845596313,0.21406853199005127,-1.0005533695220947,0.36051562428474426,0.21406853199005127,-0.9877222180366516,0.3695486783981323,0.21406853199005127,-0.9764621257781982,0.3804777264595032,0.21406853199005127,-1.5707963705062866,-1.5707963705062866,-0.648373007774353,0.20000000298023224,-14.999999999998996,-15.0,-6.207942418513848,44230.0
10.66,0.0111,1,1,0.6590253710746765,-0.2848914563655853,0.6097675561904907,-0.4205436408519745,0.07156753540039062,0.7995012998580933,-1.083629846572876,0.2278391271829605,0.28789547085762024,0.9862157702445984,-0.0929364562034607,-0.1260598748922348,0.05336840823292732,-0.10696703863838791,-0.03126056354356759,0.05613247827052251,-11.69047315868976,-13.811285224564621,7.615724289638383,1.1526192426681519,-1.0795689821243286,0.35645899176597595,0.18973374366760254,-1.083629846572876,0.2278391271829605,0.28789547085762024,-0.0929364562034607,-0.1260598748922348,0.05336840823292732,0.9862157702445984,-0.10696703940629959,-0.03126056492328644,0.0561324767768383,-1.0795689821243286,0.35645899176597595,0.18973374366760254,-1.0654737949371338,0.34956279397010803,0.18973374366760254,-1.0504732131958008,0.3449564576148987,0.18973374366760254,-1.0349369049072266,0.34275344014167786,0.18973374366760254,-1.019247055053711,0.3430079519748688,0.18973374366760254,-1.0037903785705566,0.3457137942314148,0.18973374366760254,-0.9889471530914307,0.35080426931381226,0.18973374366760254,-0.97508305311203,0.3581540584564209,0.18973374366760254,-0.9625393748283386,0.36758217215538025,0.18973374366760254,-0.9516249895095825,0.37885648012161255,0.18973374366760254,-1.5707963705062866,-1.5707963705062866,-0.7100965976715088,0.20000000298023224,-14.999999999999499,-15.0,-6.739592528641727,44230.0
10.6797,0.0092,1,1,0.6458480358123779,-0.28445538878440857,0.5953032374382019,-0.41781988739967346,0.07001566141843796,0.7995012998580933,-1.1127569675445557,0.24587777256965637,0.2436569482088089,0.9859693646430969,-0.09396275877952576,-0.1268598735332489,0.054222241044044495,-0.07601842696582028,-0.03267734027635453,0.09825111992418224,-11.831677266908391,-13.884778899914817,7.741216292919096,1.1396210193634033,-1.063667893409729,0.3544710576534271,0.20419806241989136,-1.1127569675445557,0.24587777256965637,0.2436569482088089,-0.09396275877952576,-0.1268598735332489,0.054222241044044495,0.9859693646430969,-0.07601843029260635,-0.032677341252565384,0.09825111925601959,-1.063667893409729,0.3544710576534271,0.20419806241989136,-1.0493634939193726,0.3480200469493866,0.20419806241989136,-1.0342259407043457,0.3438861668109894,0.20419806241989136,-1.0186281204223633,0.34217119216918945,0.20419806241989136,-1.0029540061950684,0.34291738271713257,0.20419806241989136,-0.9875897169113159,0.3461063504219055,0.20419806241989136,-0.972913384437561,0.3516595959663391,0.20419806241989136,-0.9592864513397217,0.35944032669067383,0.20419806241989136,-0.9470444321632385,0.36925700306892395,0.20419806241989136,-0.9364888668060303,0.3808678686618805,0.20419806241989136,-1.5707963705062866,-1.5707963705062866,-0.6662346124649048,0.20000000298023224,-14.99999999999975,-15.0,-6.48860852208026,44230.0
10.6998,0.0108,1,1,0.61307692527771,-0.273343026638031,0.6338104605674744,-0.4150518476963043,0.06855148077011108,0.7995012998580933,-1.211003065109253,0.32266950607299805,0.5076853036880493,0.9860072135925293,-0.0948122963309288,-0.12609855830669403,0.05382959917187691,-0.11504066115431533,-0.04745521284282581,0.08096784527270529,-11.917562369719887,-13.795710992156126,7.696616912701103,1.0960811376571655,-1.028128743171692,0.3418945074081421,0.1656908392906189,-1.211003065109253,0.32266950607299805,0.5076853036880493,-0.0948122963309288,-0.12609855830669403,0.05382959917187691,0.9860072135925293,-0.11504065990447998,-0.04745521396398544,0.08096784353256226,-1.028128743171692,0.3418945074081421,0.1656908392906189,-1.0136293172836304,0.33589452505111694,0.1656908392906189,-0.9983698129653931,0.332236647605896,0.1656908392906189,-0.982725977897644,0.3310108780860901,0.1656908392906189,-0.9670829772949219,0.3322474956512451,0.1656908392906189,-0.9518259763717651,0.3359159529209137,0.1656908392906189,-0.9373307228088379,0.3419259786605835,0.1656908392906189,-0.9239540696144104,0.35012954473495483,0.1656908392906189,-0.9120254516601562,0.3603247106075287,0.1656908392906189,-0.9018385410308838,0.3722603917121887,0.1656908392906189,-1.5707963705062866,-1.5707963705062866,-0.7539554238319397,0.20000000298023224,-14.999999999999876,-15.0,-6.577807282516258,44230.0
10.7207,0.0111,1,1,0.5896798968315125,-0.2657899558544159,0.6277679204940796,-0.4121939539909363,0.06715334206819534,0.7995012998580933,-1.262244701385498,0.3638136386871338,0.42713311314582825,0.9854815006256104,-0.09722428768873215,-0.1285381317138672,0.053381212055683136,-0.13081902508568052,-0.20978002867419981,0.11575732612603405,-12.221515682324327,-14.061544393441514,7.714014776382373,1.069623589515686,-1.0018738508224487,0.33294329047203064,0.17173337936401367,-1.262244701385498,0.3638136386871338,0.42713311314582825,-0.09722428768873215,-0.1285381317138672,0.053381212055683136,0.9854815006256104,-0.13081902265548706,-0.2097800225019455,0.11575732380151749,-1.0018738508224487,0.33294329047203064,0.17173337936401367,-0.9871909022331238,0.3274075984954834,0.17173337936401367,-0.9718227386474609,0.32423698902130127,0.17173337936401367,-0.9561477899551392,0.32350954413414,0.17173337936401367,-0.9405519962310791,0.32524311542510986,0.17173337936401367,-0.9254194498062134,0.3293950855731964,0.17173337936401367,-0.9111226797103882,0.3358632028102875,0.17173337936401367,-0.8980138301849365,0.3444881737232208,0.17173337936401367,-0.8864156007766724,0.35505762696266174,0.17173337936401367,-0.8766134977340698,0.3673113286495209,0.17173337936401367,-1.5707963705062866,-1.5707963705062866,-0.6883677840232849,0.20000000298023224,-14.999999999999938,-15.0,-6.543011555153732,44230.0
10.7404,0.0109,1,1,0.5716538429260254,-0.26259666681289673,0.6660497188568115,-0.40932291746139526,0.06585973501205444,0.7995012998580933,-1.241296410560608,0.380813866853714,0.5564939975738525,0.9861944317817688,-0.09568380564451218,-0.12412267178297043,0.053448405116796494,-0.16773312592240408,-0.19806208658833752,0.11635612125238155,-11.993023131724426,-13.567448958165357,7.636179193383433,1.0430763959884644,-0.9809767603874207,0.32845640182495117,0.13345158100128174,-1.241296410560608,0.380813866853714,0.5564939975738525,-0.09568380564451218,-0.12412267178297043,0.053448405116796494,0.9861944317817688,-0.16773313283920288,-0.19806209206581116,0.11635611951351166,-0.9809767603874207,0.32845640182495117,0.13345158100128174,-0.9661267995834351,0.3233857750892639,0.13345158100128174,-0.9506664276123047,0.32070061564445496,0.13345158100128174,-0.93497633934021,0.3204670548439026,0.13345158100128174,-0.919442892074585,0.32269084453582764,0.13345158100128174,-0.9044485092163086,0.3273172080516815,0.13345158100128174,-0.890362560749054,0.33423227071762085,0.13345158100128174,-0.8775317072868347,0.34326571226119995,0.13345158100128174,-0.86627197265625,0.35419511795043945,0.13345158100128174,-0.8568606376647949,0.36675137281417847,0.13345158100128174,-1.5707963705062866,-1.5707963705062866,-0.8376704454421997,0.20000000298023224,-14.999999999999968,-15.0,-6.69868272115161,44230.0
10.7603,0.011,1,1,0.546235978603363,-0.2568509876728058,0.6516969799995422,-0.406415730714798,0.06465841829776764,0.7995012998580933,-1.2959877252578735,0.41159942746162415,0.42482122778892517,0.9853924512863159,-0.09787838160991669,-0.1286441832780838,0.05357479676604271,-0.10081597708052394,-0.19117555148355614,0.11692680338447191,-12.302334668967108,-14.066174254022846,7.747607487214513,1.0162478685379028,-0.9526517391204834,0.3215094208717346,0.14780431985855103,-1.2959877252578735,0.41159942746162415,0.42482122778892517,-0.09787838160991669,-0.1286441832780838,0.05357479676604271,0.9853924512863159,-0.10081597417593002,-0.19117555022239685,0.11692680418491364,-0.9526517391204834,0.3215094208717346,0.14780431985855103,-0.9376496076583862,0.3169083595275879,0.14780431985855103,-0.9221124649047852,0.314710795879364,0.14780431985855103,-0.9064227342605591,0.31497082114219666,0.14780431985855103,-0.8909669518470764,0.31768205761909485,0.14780431985855103,-0.8761255741119385,0.32277774810791016,0.14780431985855103,-0.8622640371322632,0.3301324248313904,0.14780431985855103,-0.8497236967086792,0.3395649492740631,0.14780431985855103,-0.838813304901123,0.35084307193756104,0.14780431985855103,-0.8298014998435974,0.363689124584198,0.14780431985855103,-1.5707963705062866,-1.5707963705062866,-0.7079905867576599,0.20000000298023224,-14.999999999999984,-15.0,-6.475826133489446,44230.0
10.7802,0.0093,1,1,0.5232776403427124,-0.24795317649841309,0.6873345375061035,-0.4035341143608093,0.06357137113809586,0.7995012998580933,-1.3196752071380615,0.4536283314228058,0.630936861038208,0.9859940409660339,-0.09636582434177399,-0.12556466460227966,0.05254434049129486,-0.06405194537122635,-0.08233357253634677,0.13993894533725124,-12.076238352769332,-13.738154242740693,7.560990604316744,0.9841793179512024,-0.9268117547035217,0.31152454018592834,0.11216676235198975,-1.3196752071380615,0.4536283314228058,0.630936861038208,-0.09636582434177399,-0.12556466460227966,0.05254434049129486,0.9859940409660339,-0.06405194848775864,-0.08233357220888138,0.13993895053863525,-0.9268117547035217,0.31152454018592834,0.11216676235198975,-0.9116750955581665,0.30738765001296997,0.11216676235198975,-0.896077573299408,0.3056696057319641,0.11216676235198975,-0.8804033994674683,0.3064126968383789,0.11216676235198975,-0.8650383949279785,0.3095985949039459,0.11216676235198975,-0.8503609299659729,0.31514889001846313,0.11216676235198975,-0.8367324471473694,0.32292693853378296,0.11216676235198975,-0.8244885206222534,0.3327411711215973,0.11216676235198975,-0.8139306306838989,0.3443499505519867,0.11216676235198975,-0.8053187131881714,0.3574674427509308,0.11216676235198975,-1.5707963705062866,-1.5707963705062866,-0.8971995115280151,0.1441647857427597,-14.999999999999993,-15.0,-6.849059899284993,44230.0
10.8001,0.0094,1,1,0.5057419538497925,-0.23841607570648193,0.6552932858467102,-0.4005604088306427,0.06255409121513367,0.7995012998580933,-1.3353182077407837,0.49107053875923157,0.48978912830352783,0.9856932163238525,-0.09836629778146744,-0.12703002989292145,0.05093485116958618,-0.0756009015635447,-0.1542162684544637,0.17481017691366701,-12.304575172026304,-13.910429195230156,7.422908322618825,0.9657964706420898,-0.9063023328781128,0.3009701669216156,0.14420801401138306,-1.3353182077407837,0.49107053875923157,0.48978912830352783,-0.09836629778146744,-0.12703002989292145,0.05093485116958618,0.9856932163238525,-0.07560089975595474,-0.15421627461910248,0.17481017112731934,-0.9063023328781128,0.3009701669216156,0.14420801401138306,-0.8910431265830994,0.297311007976532,0.14420801401138306,-0.8753993511199951,0.296083927154541,0.14420801401138306,-0.8597562313079834,0.2973192036151886,0.14420801401138306,-0.8444989919662476,0.3009864091873169,0.14420801401138306,-0.8300031423568726,0.3069952130317688,0.14420801401138306,-0.8166258335113525,0.3151976764202118,0.14420801401138306,-0.8046963810920715,0.32539182901382446,0.14420801401138306,-0.7945084571838379,0.33732667565345764,0.14420801401138306,-0.7863130569458008,0.3507083058357239,0.14420801401138306,-1.5707963705062866,-1.5707963705062866,-0.6790745854377747,0.20000000298023224,-14.999999999999996,-15.0,-7.125224462680847,44230.0
10.8202,0.0106,1,1,0.4784526824951172,-0.2281906008720398,0.6652438044548035,-0.39751914143562317,0.06162002310156822,0.7995012998580933,-1.3936949968338013,0.5314675569534302,0.5050552487373352,0.9861866235733032,-0.10097362101078033,-0.12226472795009613,0.04785004258155823,-0.12393195734868112,-0.23001880460204105,0.14492368381809342,-12.517967496477933,-13.384721478366146,7.030268754117663,0.9323850274085999,-0.875971794128418,0.2898106276988983,0.1342574954032898,-1.3936949968338013,0.5314675569534302,0.5050552487373352,-0.10097362101078033,-0.12226472795009613,0.04785004258155823,0.9861866235733032,-0.12393195927143097,-0.23001880943775177,0.14492368698120117,-0.875971794128418,0.2898106276988983,0.1342574954032898,-0.860603928565979,0.28663870692253113,0.1342574954032898,-0.8449290990829468,0.2859099209308624,0.1342574954032898,-0.8293331861495972,0.2876421809196472,0.1342574954032898,-0.814200222492218,0.2917928695678711,0.1342574954032898,-0.7999029159545898,0.2982597351074219,0.1342574954032898,-0.7867933511734009,0.3068836033344269,0.1342574954032898,-0.7751941680908203,0.317452073097229,0.1342574954032898,-0.7653911113739014,0.3297049403190613,0.1342574954032898,-0.7576254606246948,0.34334051609039307,0.1342574954032898,-1.5707963705062866,-1.5707963705062866,-0.6366520524024963,0.20000000298023224,-14.999999999999998,-15.0,-7.910503599683149,44230.0
10.8402,0.0111,1,1,0.4451029896736145,-0.22103798389434814,0.6707842946052551,-0.3944721519947052,0.060788899660110474,0.7995012998580933,-1.4068565368652344,0.5397263765335083,0.6191346049308777,0.9860246777534485,-0.09690551459789276,-0.1264050304889679,0.04883018136024475,-0.1891957242396776,-0.22038167349964174,0.1870887643432614,-12.096713067662817,-13.875511481605256,7.147555276069916,0.8949195146560669,-0.8395751714706421,0.2818268835544586,0.12871700525283813,-1.4068565368652344,0.5397263765335083,0.6191346049308777,-0.09690551459789276,-0.1264050304889679,0.04883018136024475,0.9860246777534485,-0.18919572234153748,-0.22038167715072632,0.1870887577533722,-0.8395751714706421,0.2818268835544586,0.12871700525283813,-0.8241147398948669,0.2791418433189392,0.12871700525283813,-0.8084246516227722,0.2789084315299988,0.12871700525283813,-0.792891263961792,0.2811323404312134,0.12871700525283813,-0.7778969407081604,0.2857588529586792,0.12871700525283813,-0.7638109922409058,0.2926740050315857,0.12871700525283813,-0.7509802579879761,0.30170753598213196,0.12871700525283813,-0.7397205829620361,0.3126370310783386,0.12871700525283813,-0.7303093671798706,0.3251933753490448,0.12871700525283813,-0.7229782342910767,0.33906736969947815,0.12871700525283813,-1.5707963705062866,-1.5707963705062866,-0.6707381010055542,0.19523577392101288,-15.0,-15.0,-7.675930555778643,44230.0
10.8601,0.0112,1,1,0.42759931087493896,-0.2181282937526703,0.6668503880500793,-0.3914167881011963,0.06005806475877762,0.7995012998580933,-1.4295871257781982,0.530798077583313,0.5816173553466797,0.9861069321632385,-0.09559433162212372,-0.12738913297653198,0.047167882323265076,-0.14725937596263378,-0.12856784669385815,0.1963379228091066,-11.92934257210159,-14.017642059659792,6.948852481730791,0.8750836253166199,-0.8190160989761353,0.2781863510608673,0.13265091180801392,-1.4295871257781982,0.530798077583313,0.5816173553466797,-0.09559433162212372,-0.12738913297653198,0.047167882323265076,0.9861069321632385,-0.14725936949253082,-0.12856784462928772,0.19633792340755463,-0.8190160989761353,0.2781863510608673,0.13265091180801392,-0.8034789562225342,0.27598828077316284,0.13265091180801392,-0.7877893447875977,0.2762478291988373,0.13265091180801392,-0.7723333835601807,0.2789585590362549,0.13265091180801392,-0.7574918270111084,0.284053772687912,0.13265091180801392,-0.743630051612854,0.291407972574234,0.13265091180801392,-0.7310894131660461,0.3008401095867157,0.13265091180801392,-0.7201786637306213,0.31211790442466736,0.13265091180801392,-0.711166501045227,0.32496365904808044,0.13265091180801392,-0.7042747735977173,0.33906108140945435,0.13265091180801392,-1.5707963705062866,-1.5707963705062866,-0.6210194826126099,0.20000000298023224,-15.0,-15.0,-8.073336144456892,44230.0
10.8797,0.0106,1,1,0.3888401389122009,-0.20559115707874298,0.7001515626907349,-0.3884034752845764,0.0594356395304203,0.7995012998580933,-1.4709864854812622,0.5804285407066345,0.5878539681434631,0.9860219955444336,-0.09716327488422394,-0.12802575528621674,0.043901048600673676,-0.1432868883673739,-0.25393094520045584,0.2681284234192364,-12.073730449402964,-14.119275432776345,6.5993286268115545,0.8271742463111877,-0.7772436141967773,0.2650268077850342,0.0993497371673584,-1.4709864854812622,0.5804285407066345,0.5878539681434631,-0.09716327488422394,-0.12802575528621674,0.043901048600673676,0.9860219955444336,-0.14328688383102417,-0.2539309561252594,0.2681284248828888,-0.7772436141967773,0.2650268077850342,0.0993497371673584,-0.7616462707519531,0.2633077800273895,0.0993497371673584,-0.7459719777107239,0.2640498876571655,0.0993497371673584,-0.7306067943572998,0.2672348618507385,0.0993497371673584,-0.7159290313720703,0.2727842628955841,0.0993497371673584,-0.7023000717163086,0.2805614471435547,0.0993497371673584,-0.6900554895401001,0.2903749346733093,0.0993497371673584,-0.6794968843460083,0.3019830584526062,0.0993497371673584,-0.6708841323852539,0.3151000142097473,0.0993497371673584,-0.6644294261932373,0.32940277457237244,0.0993497371673584,-1.5707963705062866,-1.5707963705062866,-0.6567760109901428,0.14451192319393158,-15.0,-15.0,-8.772383854295356,44230.0
10.9001,0.011,1,1,0.36819568276405334,-0.20027104020118713,0.6866298913955688,-0.38524654507637024,0.058886293321847916,0.7995012998580933,-1.4962384700775146,0.5862497687339783,0.5290108323097229,0.9857791066169739,-0.0971330851316452,-0.13022243976593018,0.04295146465301514,-0.25196613152722264,-0.34325979303784326,0.26528137105588717,-12.078300942900661,-14.38268131985465,6.519283193786332,0.8047220706939697,-0.7534422278404236,0.25915732979774475,0.11287140846252441,-1.4962384700775146,0.5862497687339783,0.5290108323097229,-0.0971330851316452,-0.13022243976593018,0.04295146465301514,0.9857791066169739,-0.25196611881256104,-0.3432597815990448,0.2652813792228699,-0.7534422278404236,0.25915732979774475,0.11287140846252441,-0.737797737121582,0.2579389214515686,0.11287140846252441,-0.7221553325653076,0.259182870388031,0.11287140846252441,-0.7069000601768494,0.262858510017395,0.11287140846252441,-0.6924076080322266,0.2688753306865692,0.11287140846252441,-0.6790348291397095,0.27708518505096436,0.11287140846252441,-0.6671110391616821,0.2872859537601471,0.11287140846252441,-0.6569297313690186,0.29922640323638916,0.11287140846252441,-0.6487417221069336,0.3126125633716583,0.11287140846252441,-0.6427485346794128,0.3271148204803467,0.11287140846252441,-1.5707963705062866,-1.5707963705062866,-0.5064114332199097,0.20000000298023224,-15.0,-15.0,-8.93247472034583,44230.0
10.92,0.0109,1,1,0.32961305975914,-0.18502995371818542,0.7197767496109009,-0.38216373324394226,0.058449674397706985,0.7995012998580933,-1.5436171293258667,0.646533727645874,0.6610377430915833,0.9858378171920776,-0.09866894781589508,-0.12977421283721924,0.039305321872234344,-0.1825964609927317,-0.21873509093191618,0.3010862403314575,-12.201699793917308,-14.366067976985448,6.109844413852341,0.7564816474914551,-0.7117767930030823,0.2434796243906021,0.07972455024719238,-1.5436171293258667,0.646533727645874,0.6610377430915833,-0.09866894781589508,-0.12977421283721924,0.039305321872234344,0.9858378171920776,-0.18259645998477936,-0.21873508393764496,0.3010862469673157,-0.7117767930030823,0.2434796243906021,0.07972455024719238,-0.6961020231246948,0.24274885654449463,0.07972455024719238,-0.6805058717727661,0.24447916448116302,0.07972455024719238,-0.6653724312782288,0.2486279457807541,0.07972455024719238,-0.6510742902755737,0.2550930380821228,0.07972455024719238,-0.6379636526107788,0.2637152373790741,0.07972455024719238,-0.6263631582260132,0.2742822766304016,0.07972455024719238,-0.6165585517883301,0.2865338921546936,0.07972455024719238,-0.6087912321090698,0.3001684844493866,0.07972455024719238,-0.6032524108886719,0.3148502707481384,0.07972455024719238,-1.3973480463027954,-1.5707963705062866,-0.43259763717651367,0.04809679090976715,-15.0,-15.0,-9.751352280213794,40230.0
10.9397,0.0097,1,1,0.3051207661628723,-0.17891374230384827,0.7045081853866577,-0.37905848026275635,0.058108262717723846,0.7995012998580933,-1.5702309608459473,0.6580305099487305,0.5917234420776367,0.9857032299041748,-0.09881117939949036,-0.13143908977508545,0.03670528903603554,-0.21495811265018175,-0.061000004373887584,0.28652850299621646,-12.195996939144237,-14.58796499082533,5.832010863522071,0.730276882648468,-0.6841792464256287,0.2370220124721527,0.09499311447143555,-1.5702309608459473,0.6580305099487305,0.5917234420776367,-0.09881117939949036,-0.13143908977508545,0.03670528903603554,0.9857032299041748,-0.21495811641216278,-0.06100000441074371,0.28652849793434143,-0.6841792464256287,0.2370220124721527,0.09499311447143555,-0.6684892773628235,0.23678120970726013,0.09499311447143555,-0.6529548168182373,0.23899783194065094,0.09499311447143555,-0.6379583477973938,0.24361729621887207,0.09499311447143555,-0.6238691806793213,0.2505258321762085,0.09499311447143555,-0.6110341548919678,0.25955337285995483,0.09499311447143555,-0.5997694134712219,0.2704775929450989,0.09499311447143555,-0.5903522968292236,0.2830294966697693,0.09499311447143555,-0.5830146074295044,0.29690003395080566,0.09499311447143555,-0.577937126159668,0.311747670173645,0.09499311447143555,-1.0862213373184204,-1.5707963705062866,-0.23950910568237305,0.1371903419494629,-15.0,-15.0,-10.307019380874339,44230.0
10.9598,0.0097,1,1,0.2679106891155243,-0.1636732965707779,0.7385432124137878,-0.3759167194366455,0.0578623041510582,0.7995012998580933,-1.6165579557418823,0.7094484567642212,0.7218375205993652,0.9858847260475159,-0.09945949912071228,-0.13026969134807587,0.034159038215875626,-0.1818967653505838,-0.11844580389122586,0.3433943825414332,-12.224236471130082,-14.481471980009847,5.527720646190512,0.683599054813385,-0.6438274383544922,0.2215355932712555,0.06095808744430542,-1.6165579557418823,0.7094484567642212,0.7218375205993652,-0.09945949912071228,-0.13026969134807587,0.034159038215875626,0.9858847260475159,-0.18189676105976105,-0.11844580620527267,0.34339436888694763,-0.6438274383544922,0.2215355932712555,0.06095808744430542,-0.6281376481056213,0.22178930044174194,0.06095808744430542,-0.6126807332038879,0.2244943082332611,0.06095808744430542,-0.5978372693061829,0.2295840084552765,0.06095808744430542,-0.5839728116989136,0.23693308234214783,0.06095808744430542,-0.571428656578064,0.24636054039001465,0.06095808744430542,-0.5605136752128601,0.2576342821121216,0.06095808744430542,-0.5514967441558838,0.27047669887542725,0.06095808744430542,-0.5445997714996338,0.2845715880393982,0.06095808744430542,-0.5399926900863647,0.29957181215286255,0.06095808744430542,-0.07591128349304199,-1.5707963705062866,0.02544987201690674,0.021362630650401115,-9.67469808078621,-15.0,-10.915599815537435,40230.0
10.9801,0.0107,1,1,0.23502789437770844,-0.14909377694129944,0.7529903650283813,-0.37274229526519775,0.05771464481949806,0.7995012998580933,-1.671822190284729,0.7484782338142395,0.7225350737571716,0.9853298664093018,-0.10180996358394623,-0.13172681629657745,0.03749438375234604,-0.26223642917878826,-0.1368569771986218,0.2929979870742914,-12.563911278562992,-14.593177649061806,5.973484881443413,0.6436750888824463,-0.6077702045440674,0.2068084180355072,0.046510934829711914,-1.671822190284729,0.7484782338142395,0.7225350737571716,-0.10180996358394623,-0.13172681629657745,0.03749438375234604,0.9853298664093018,-0.26223641633987427,-0.13685697317123413,0.29299798607826233,-0.6077702045440674,0.2068084180355072,0.046510934829711914,-0.5920963883399963,0.20756053924560547,0.046510934829711914,-0.5767332315444946,0.21075531840324402,0.046510934829711914,-0.5620589852333069,0.21631409227848053,0.046510934829711914,-0.5484350323677063,0.2240999937057495,0.046510934829711914,-0.536196768283844,0.23392128944396973,0.046510934829711914,-0.5256455540657043,0.24553614854812622,0.046510934829711914,-0.5170412063598633,0.25865858793258667,0.046510934829711914,-0.5105955600738525,0.2729654908180237,0.046510934829711914,-0.5064674019813538,0.2881045639514923,0.046510934829711914,1.0277103185653687,-1.5707963705062866,0.3987652063369751,0.021362630650401115,2.6626509596068946,-15.0,-10.024071345031638,36230.0
11.0001,0.0117,1,1,0.19150032103061676,-0.128957599401474,0.8527929186820984,-0.36958035826683044,0.057667914777994156,0.7995012998580933,-1.7621033191680908,0.8161917328834534,1.3985586166381836,0.9864985942840576,-0.0989498496055603,-0.12409200519323349,0.04035783186554909,-0.04324032349290908,-0.20753430144023366,0.26778900353830576,-12.195895226476974,-13.700485266051917,6.155938640110628,0.5937007665634155,-0.5610806941986084,0.18662551045417786,-0.05329161882400513,-1.7621033191680908,0.8161917328834534,1.3985586166381836,-0.0989498496055603,-0.12409200519323349,0.04035783186554909,0.9864985942840576,-0.043240323662757874,-0.2075342983007431,0.26778900623321533,-0.5610806941986084,0.18662551045417786,-0.05329161882400513,-0.5454385280609131,0.18787284195423126,-0.05329161882400513,-0.5301840305328369,0.1915517896413803,-0.05329161882400513,-0.5156928896903992,0.1975717544555664,-0.05329161882400513,-0.5023218989372253,0.20578452944755554,-0.05329161882400513,-0.4904003143310547,0.215987890958786,-0.05329161882400513,-0.48022162914276123,0.22793056070804596,-0.05329161882400513,-0.4720364809036255,0.2413184940814972,-0.05329161882400513,-0.46604645252227783,0.2558220624923706,-0.05329161882400513,-0.46239906549453735,0.2710840702056885,-0.05329161882400513,1.3461295366287231,0.6969245672225952,0.11826252937316895,0.021362630650401115,8.831325479803446,0.0,-9.659163827697203,32230.0
11.0207,0.0115,1,1,0.15574252605438232,-0.11225778609514236,0.8807332515716553,-0.3664519190788269,0.05772009491920471,0.7995012998580933,-1.813508152961731,0.8534563183784485,1.3942524194717407,0.98637455701828,-0.09736789017915726,-0.12530392408370972,0.04337722435593605,0.894029170052053,-0.32717629742458226,0.3152014601620682,-12.06357341251804,-13.812546437706311,6.502609385152748,0.5551379323005676,-0.5221944451332092,0.16997787356376648,-0.08123195171356201,-1.813508152961731,0.8534563183784485,1.3942524194717407,-0.09736789017915726,-0.12530392408370972,0.04337722435593605,0.98637455701828,0.8940291404724121,-0.3271763026714325,0.31520146131515503,-0.5221944451332092,0.16997787356376648,-0.08123195171356201,-0.506598949432373,0.1717139631509781,-0.08123195171356201,-0.49146705865859985,0.17586833238601685,-0.08123195171356201,-0.4771713614463806,0.18233871459960938,-0.08123195171356201,-0.4640638530254364,0.19096578657627106,-0.08123195171356201,-0.45246726274490356,0.2015371024608612,-0.08123195171356201,-0.4426671862602234,0.2137923687696457,-0.08123195171356201,-0.43490490317344666,0.2274298369884491,-0.08123195171356201,-0.42937156558036804,0.24211367964744568,-0.08123195171356201,-0.4262033998966217,0.2574823498725891,-0.08123195171356201,1.3739405870437622,1.5707963705062866,0.09953391551971436,0.021362630650401115,11.915662739901723,7.5,-8.965822337613,29452.0
11.0404,0.0099,1,1,0.19855496287345886,-0.11291465163230896,0.8604151606559753,-0.3633621335029602,0.0578678697347641,0.7995012998580933,-1.2678873538970947,0.8300411105155945,0.9819437861442566,0.9908751249313354,-0.08534134924411774,-0.09914574772119522,0.032426103949546814,1.9347310050338384,0.11996654377506676,0.4089923345373426,-10.3025376953047,-11.008086437943462,4.7440463120463265,0.5904472470283508,-0.5619170665740967,0.17078252136707306,-0.06091386079788208,-1.2678873538970947,0.8300411105155945,0.9819437861442566,-0.08534134924411774,-0.09914574772119522,0.032426103949546814,0.9908751249313354,1.9347310066223145,0.1199665442109108,0.40899232029914856,-0.5619170665740967,0.17078252136707306,-0.06091386079788208,-0.5463827848434448,0.17300012707710266,-0.06091386079788208,-0.5313866138458252,0.1776205450296402,-0.06091386079788208,-0.5172978639602661,0.18452998995780945,-0.06091386079788208,-0.5044634342193604,0.19355833530426025,-0.06091386079788208,-0.4931993782520294,0.2044832706451416,-0.06091386079788208,-0.4837830364704132,0.21703580021858215,-0.06091386079788208,-0.476446270942688,0.23090681433677673,-0.06091386079788208,-0.47136974334716797,0.24575477838516235,-0.06091386079788208,-0.46867844462394714,0.26121407747268677,-0.06091386079788208,1.5707963705062866,-1.5707963705062866,-0.04593658447265625,0.021362630650401115,13.457831369950862,-3.75,-12.482948483825815,29452.0
11.06,0.0092,1,1,0.10670159012079239,-0.08228444308042526,0.8285467624664307,-0.3602432310581207,0.058114469051361084,0.7995012998580933,-1.66441011428833,0.8974834084510803,0.378609299659729,0.9890397191047668,-0.0711621642112732,-0.12667404115200043,0.026229286566376686,2.447545176639807,0.93560644099037,0.5527112542125545,-8.749604057842333,-14.290494686201892,4.137187614186514,0.4884597659111023,-0.4669448137283325,0.14039891958236694,-0.029045462608337402,-1.66441011428833,0.8974834084510803,0.378609299659729,-0.0711621642112732,-0.12667404115200043,0.026229286566376686,0.9890397191047668,2.447545289993286,0.9356064200401306,0.5527112483978271,-0.4669448137283325,0.14039891958236694,-0.029045462608337402,-0.4514874517917633,0.14310139417648315,-0.029045462608337402,-0.43664315342903137,0.14818866550922394,-0.029045462608337402,-0.4227774739265442,0.15553545951843262,-0.029045462608337402,-0.4102317690849304,0.16496089100837708,-0.029045462608337402,-0.3993149697780609,0.17623284459114075,-0.029045462608337402,-0.39029592275619507,0.18907378613948822,-0.029045462608337402,-0.3833966553211212,0.20316752791404724,-0.029045462608337402,-0.378787100315094,0.2181670367717743,-0.029045462608337402,-0.37658074498176575,0.23370295763015747,-0.029045462608337402,1.5707963705062866,1.5707963705062866,0.8153504133224487,0.021362630650401115,14.22891568497543,5.625,-13.696665879545433,29452.0
11.0797,0.0099,1,1,0.07298420369625092,-0.06411316990852356,0.8357740640640259,-0.3571375608444214,0.058458007872104645,0.7995012998580933,-1.7076503038406372,0.9194356799125671,0.34447672963142395,0.9919682741165161,-0.04661760851740837,-0.11264466494321823,0.03368871286511421,2.804268946753196,1.8211963198640708,0.4378766468252057,-5.8887711792412265,-12.72893860054908,4.54760306903555,0.44871386885643005,-0.4301217794418335,0.1225711777806282,-0.03627276420593262,-1.7076503038406372,0.9194356799125671,0.34447672963142395,-0.04661760851740837,-0.11264466494321823,0.03368871286511421,0.9919682741165161,2.8042688369750977,1.8211963176727295,0.4378766417503357,-0.4301217794418335,0.1225711777806282,-0.03627276420593262,-0.4147564172744751,0.12575526535511017,-0.03627276420593262,-0.40007829666137695,0.1313038170337677,-0.03627276420593262,-0.38644886016845703,0.1390802264213562,-0.03627276420593262,-0.37420380115509033,0.14889299869537354,-0.03627276420593262,-0.36364448070526123,0.16050052642822266,-0.03627276420593262,-0.35503101348876953,0.17361696064472198,-0.03627276420593262,-0.3485754728317261,0.18791937828063965,-0.03627276420593262,-0.34443676471710205,0.20305556058883667,-0.03627276420593262,-0.3427168130874634,0.2186528444290161,-0.03627276420593262,1.5707963705062866,1.5707963705062866,0.884809136390686,0.021362630650401115,14.614457842487715,10.3125,-12.875834969847382,29452.0
11.0997,0.0095,1,1,0.04055878147482872,-0.033870015293359756,0.9176238775253296,-0.3540017306804657,0.05890513211488724,0.7995012998580933,-1.7236369848251343,0.994880199432373,0.7553907632827759,0.9953930377960205,-0.018195629119873047,-0.08537530899047852,0.03963259980082512,2.820177872157002,1.8281212044885493,0.4951146365537337,-2.49972984887275,-9.701878465432657,4.772343604637245,0.4221826493740082,-0.3945605158805847,0.09277515113353729,-0.11812257766723633,-1.7236369848251343,0.994880199432373,0.7553907632827759,-0.018195629119873047,-0.08537530899047852,0.03963259980082512,0.9953930377960205,2.8201777935028076,1.8281211853027344,0.49511462450027466,-0.3945605158805847,0.09277515113353729,-0.11812257766723633,-0.3793036937713623,0.0964442789554596,-0.11812257766723633,-0.36480867862701416,0.10245493054389954,-0.11812257766723633,-0.3514324128627777,0.11065909266471863,-0.11812257766723633,-0.3395042419433594,0.12085476517677307,-0.11812257766723633,-0.3293178677558899,0.13279089331626892,-0.11812257766723633,-0.3211241364479065,0.14617356657981873,-0.11812257766723633,-0.3151247799396515,0.16067326068878174,-0.11812257766723633,-0.31146755814552307,0.17593292891979218,-0.11812257766723633,-0.3102424740791321,0.19157685339450836,-0.11812257766723633,1.5707963705062866,1.5707963705062866,0.32367706298828125,0.021362630650401115,14.807228921243858,12.65625,-12.426353898643992,29452.0
11.1199,0.0092,1,1,-0.008550187572836876,-0.03482202813029289,0.8149591684341431,-0.3508959412574768,0.059448614716529846,0.7995012998580933,-1.7908846139907837,0.902086615562439,0.04073840379714966,0.9957562685012817,0.006702098064124584,-0.07936511188745499,0.04608406499028206,2.548009732969738,2.0952057686290155,0.4821263000488764,0.35006698754600035,-9.129958273339835,5.271608229840886,0.3554244041442871,-0.3423457443714142,0.09427064657211304,-0.015457868576049805,-1.7908846139907837,0.902086615562439,0.04073840379714966,0.006702098064124584,-0.07936511188745499,0.04608406499028206,0.9957562685012817,2.5480096340179443,2.095205783843994,0.48212629556655884,-0.3423457443714142,0.09427064657211304,-0.015457868576049805,-0.3272121846675873,0.0984189361333847,-0.015457868576049805,-0.3129138648509979,0.10488356649875641,-0.015457868576049805,-0.29980286955833435,0.11350536346435547,-0.015457868576049805,-0.28820204734802246,0.12407201528549194,-0.015457868576049805,-0.2783970534801483,0.13632333278656006,-0.015457868576049805,-0.27062928676605225,0.14995767176151276,-0.015457868576049805,-0.26509004831314087,0.16463929414749146,-0.015457868576049805,-0.2619157135486603,0.18000668287277222,-0.015457868576049805,-0.261184424161911,0.19568145275115967,-0.015457868576049805,1.5707963705062866,1.5707963705062866,1.1240280866622925,0.05924826115369797,14.90361446062193,13.828125,-11.427824648236685,29452.0
11.1408,0.0113,1,1,-0.05778542906045914,-0.016030218452215195,0.8132399320602417,-0.347774863243103,0.060097359120845795,0.7995012998580933,-1.8772724866867065,0.9026750922203064,0.1047484278678894,0.996472954750061,0.030621590092778206,-0.057754818350076675,0.05259599909186363,2.1432254925603433,2.2702484228610897,0.5189920728341935,3.172402952497447,-6.795349666703294,5.854376173350309,0.30013003945350647,-0.2899894416332245,0.07612757384777069,-0.013738632202148438,-1.8772724866867065,0.9026750922203064,0.1047484278678894,0.030621590092778206,-0.057754818350076675,0.05259599909186363,0.996472954750061,2.1432254314422607,2.2702484130859375,0.5189920663833618,-0.2899894416332245,0.07612757384777069,-0.013738632202148438,-0.2749957740306854,0.08075612783432007,-0.013738632202148438,-0.2609107792377472,0.08767321705818176,-0.013738632202148438,-0.2480812668800354,0.0967085212469101,-0.013738632202148438,-0.23682314157485962,0.10763958096504211,-0.013738632202148438,-0.2274136245250702,0.12019720673561096,-0.013738632202148438,-0.22008436918258667,0.1340721994638443,-0.013738632202148438,-0.21501591801643372,0.14892292022705078,-0.013738632202148438,-0.21233299374580383,0.1643836796283722,-0.013738632202148438,-0.21210172772407532,0.1800737977027893,-0.013738632202148438,1.5707963705062866,1.5707963705062866,1.1755224466323853,0.043839529156684875,14.951807230310965,14.4140625,-10.262288761217837,29452.0
11.1599,0.0081,1,1,-0.09551351517438889,0.0019158534705638885,0.8149731159210205,-0.3447714149951935,0.060820672661066055,0.7995012998580933,-1.8958334922790527,0.8918434381484985,0.06929793208837509,0.9964559078216553,0.04913628473877907,-0.033318281173706055,0.059574324637651443,1.7081726953074896,2.512742023286037,0.47603531774072894,5.405315696136626,-4.143512598508933,6.647154839827378,0.25659042596817017,-0.249257892370224,0.05890481919050217,-0.015471816062927246,-1.8958334922790527,0.8918434381484985,0.06929793208837509,0.04913628473877907,-0.033318281173706055,0.059574324637651443,0.9964559078216553,1.7081726789474487,2.512742042541504,0.47603532671928406,-0.249257892370224,0.05890481919050217,-0.015471816062927246,-0.23441433906555176,0.06399430334568024,-0.015471816062927246,-0.22054973244667053,0.07134318351745605,-0.015471816062927246,-0.20800545811653137,0.08077047765254974,-0.015471816062927246,-0.19709035754203796,0.09204405546188354,-0.015471816062927246,-0.18807321786880493,0.10488635301589966,-0.015471816062927246,-0.1811760663986206,0.11898112297058105,-0.015471816062927246,-0.17656874656677246,0.13398130238056183,-0.015471816062927246,-0.17436468601226807,0.14951756596565247,-0.015471816062927246,-0.1746181845664978,0.16520734131336212,-0.015471816062927246,1.5707963705062866,1.5707963705062866,1.2450913190841675,0.06017940491437912,14.975903615155483,14.70703125,-8.676731428263718,29452.0
11.1799,0.0108,1,1,-0.13378089666366577,0.029151353985071182,0.8519116044044495,-0.3417557179927826,0.06164688244462013,0.7995012998580933,-1.8985726833343506,0.9384761452674866,0.1387142688035965,0.9960018992424011,0.061450812965631485,-0.006311291828751564,0.06451505422592163,1.4882331398383146,2.3473788943519645,0.5221259809364578,6.9856914190147235,-1.174710083836402,7.34048347753292,0.21692469716072083,-0.20797482132911682,0.03249552845954895,-0.0524103045463562,-1.8985726833343506,0.9384761452674866,0.1387142688035965,0.061450812965631485,-0.006311291828751564,0.06451505422592163,0.9960018992424011,1.4882330894470215,2.347378969192505,0.5221259593963623,-0.20797482132911682,0.03249552845954895,-0.0524103045463562,-0.19329765439033508,0.03804660961031914,-0.0524103045463562,-0.179669588804245,0.045825351029634476,-0.0524103045463562,-0.16742616891860962,0.05564022436738014,-0.0524103045463562,-0.15686887502670288,0.06724956631660461,-0.0524103045463562,-0.14825764298439026,0.08036749064922333,-0.0524103045463562,-0.1418045461177826,0.09467101097106934,-0.0524103045463562,-0.1376684308052063,0.10980790853500366,-0.0524103045463562,-0.1359511911869049,0.12540549039840698,-0.0524103045463562,-0.13669508695602417,0.14107966423034668,-0.0524103045463562,1.5707963705062866,1.5707963705062866,1.1984323263168335,0.021362630650401115,14.98795180757774,14.853515625,-7.290074152852616,29452.0
11.1998,0.0097,1,1,-0.17176012694835663,0.04771522805094719,0.8543820381164551,-0.3387478291988373,0.06257331371307373,0.7995012998580933,-1.8993021249771118,0.9178814888000488,0.10838183760643005,0.9945686459541321,0.07417458295822144,0.017656704410910606,0.0708346739411354,1.3256069415565168,2.1249532780052007,0.4601598150086031,8.632160590508823,1.41038318382485,8.25405978156647,0.17640167474746704,-0.16698770225048065,0.014858085662126541,-0.054880738258361816,-1.8993021249771118,0.9178814888000488,0.10838183760643005,0.07417458295822144,0.017656704410910606,0.0708346739411354,0.9945686459541321,1.3256069421768188,2.124953269958496,0.4601598083972931,-0.16698770225048065,0.014858085662126541,-0.054880738258361816,-0.15249250829219818,0.020868290215730667,-0.054880738258361816,-0.13911600410938263,0.029072042554616928,-0.054880738258361816,-0.12718750536441803,0.03926734998822212,-0.054880738258361816,-0.1170007735490799,0.051203157752752304,-0.054880738258361816,-0.10880662500858307,0.06458558142185211,-0.054880738258361816,-0.10280682146549225,0.0790850818157196,-0.054880738258361816,-0.09914912283420563,0.09434464573860168,-0.054880738258361816,-0.09792356193065643,0.10998854041099548,-0.054880738258361816,-0.09916035830974579,0.12563154101371765,-0.054880738258361816,1.5707963705062866,1.5707963705062866,1.252254605293274,0.021362630650401115,14.99397590378887,14.9267578125,-5.462921544785547,29452.0
11.2205,0.0113,1,1,-0.21835069358348846,0.07502872496843338,0.9223613739013672,-0.33572104573249817,0.06361182034015656,0.7995012998580933,-1.9346179962158203,0.9283270835876465,0.5412893295288086,0.9924002885818481,0.08707287162542343,0.04312257096171379,0.07548847794532776,1.24368930484817,1.8390513502344525,0.4250265616704371,10.35841606608035,4.154357801355777,9.076536256645916,0.17029604315757751,-0.1173703521490097,-0.011416904628276825,-0.12286007404327393,-1.9346179962158203,0.9283270835876465,0.5412893295288086,0.08707287162542343,0.04312257096171379,0.07548847794532776,0.9924002885818481,1.2436892986297607,1.839051365852356,0.4250265657901764,-0.1173703521490097,-0.011416904628276825,-0.12286007404327393,-0.10307489335536957,-0.004945993423461914,-0.12286007404327393,-0.08996768295764923,0.003681562840938568,-0.12286007404327393,-0.07837150990962982,0.014253310859203339,-0.12286007404327393,-0.06857188045978546,0.026508942246437073,-0.12286007404327393,-0.06081010401248932,0.040146686136722565,-0.12286007404327393,-0.05527733266353607,0.05483073741197586,-0.12286007404327393,-0.0521097332239151,0.07019952684640884,-0.12286007404327393,-0.05138535797595978,0.08587460964918137,-0.12286007404327393,-0.05312199890613556,0.10147003084421158,-0.12286007404327393,1.5707963705062866,1.5707963705062866,0.8374322652816772,0.021362630650401115,14.996987951894436,14.96337890625,-3.8179685946266537,29452.0
11.2397,0.0099,1,1,-0.2568717300891876,0.09330997616052628,0.9329057931900024,-0.3328266739845276,0.06470786780118942,0.7995012998580933,-1.9171180725097656,0.899682343006134,0.5132541656494141,0.9901483058929443,0.09730897843837738,0.06032842397689819,0.08059574663639069,0.9996526023086039,1.5018287103612236,0.3890413298100412,11.743115682524385,5.957042655510326,9.920105534508776,0.15615373849868774,-0.07595494389533997,-0.028602108359336853,-0.13340449333190918,-1.9171180725097656,0.899682343006134,0.5132541656494141,0.09730897843837738,0.06032842397689819,0.08059574663639069,0.9901483058929443,0.999652624130249,1.501828670501709,0.38904133439064026,-0.07595494389533997,-0.028602108359336853,-0.13340449333190918,-0.061866551637649536,-0.021691903471946716,-0.13340449333190918,-0.049032628536224365,-0.012662872672080994,-0.13340449333190918,-0.037769168615341187,-0.0017373338341712952,-0.13340449333190918,-0.028353482484817505,0.010815687477588654,-0.13340449333190918,-0.021017462015151978,0.02468709647655487,-0.13340449333190918,-0.015941739082336426,0.03953533619642258,-0.13340449333190918,-0.013251274824142456,0.05499478429555893,-0.13340449333190918,-0.013012319803237915,0.07068478316068649,-0.13340449333190918,-0.015230745077133179,0.08621899038553238,-0.13340449333190918,1.5707963705062866,1.5707963705062866,0.8561104536056519,0.021362630650401115,14.998493975947218,14.981689453125,-2.130830038900926,29452.0
11.2598,0.0094,1,1,-0.2949744760990143,0.11098291724920273,0.9429120421409607,-0.3299407958984375,0.06590456515550613,0.7995012998580933,-1.892884373664856,0.8676542639732361,0.48660534620285034,0.9871861338615417,0.10856611281633377,0.0812305212020874,0.08412174880504608,0.7392964480831956,1.273200591835665,0.34739182062715573,13.317941653542734,8.17017812165365,10.696657677975773,0.15434163808822632,-0.03496631979942322,-0.045078352093696594,-0.14341074228286743,-1.892884373664856,0.8676542639732361,0.48660534620285034,0.10856611281633377,0.0812305212020874,0.08412174880504608,0.9871861338615417,0.7392964363098145,1.2732006311416626,0.347391813993454,-0.03496631979942322,-0.045078352093696594,-0.14341074228286743,-0.021100670099258423,-0.03773143142461777,-0.14341074228286743,-0.008555054664611816,-0.02830590307712555,-0.14341074228286743,0.0023616254329681396,-0.017033852636814117,-0.14341074228286743,0.011380583047866821,-0.004192829132080078,-0.14341074228286743,0.018279701471328735,0.009900972247123718,-0.14341074228286743,0.022889137268066406,0.024900518357753754,-0.14341074228286743,0.025095373392105103,0.04043646901845932,-0.14341074228286743,0.024844110012054443,0.056126274168491364,-0.14341074228286743,0.022141486406326294,0.07158360630273819,-0.14341074228286743,1.5707963705062866,1.5707963705062866,0.8695982694625854,0.021362630650401115,14.99924698797361,14.9908447265625,-0.577725751966942,29452.0
11.2798,0.0108,1,1,-0.3401157855987549,0.13456301391124725,1.0356756448745728,-0.3270570933818817,0.06720806658267975,0.7995012998580933,-1.8758660554885864,0.8385564684867859,1.0142508745193481,0.9850587844848633,0.1141802966594696,0.0938984751701355,0.0883348137140274,0.49655507380833036,1.2240743244714094,0.31650654225426156,14.175140884966392,9.486710980763801,11.430730232072204,0.24593807756900787,0.013058692216873169,-0.0673549473285675,-0.2361743450164795,-1.8758660554885864,0.8385564684867859,1.0142508745193481,0.1141802966594696,0.0938984751701355,0.0883348137140274,0.9850587844848633,0.49655506014823914,1.224074363708496,0.3165065348148346,0.013058692216873169,-0.0673549473285675,-0.2361743450164795,0.02668491005897522,-0.059572964906692505,-0.2361743450164795,0.038926005363464355,-0.04975518584251404,-0.2361743450164795,0.049480557441711426,-0.038143351674079895,-0.2361743450164795,0.05808866024017334,-0.025023385882377625,-0.2361743450164795,0.0645383894443512,-0.010718338191509247,-0.2361743450164795,0.06867089867591858,0.00441955029964447,-0.2361743450164795,0.07038441300392151,0.020017534494400024,-0.2361743450164795,0.06963682174682617,0.035691529512405396,-0.2361743450164795,0.066446453332901,0.05105559527873993,-0.2361743450164795,0.7846342325210571,1.5707963705062866,0.28665196895599365,0.021362630650401115,14.999623493986805,14.99542236328125,0.8904193562259394,29452.0
11.3,0.0097,1,1,-0.3772779107093811,0.1509767472743988,1.0556391477584839,-0.32423776388168335,0.06859111040830612,0.7995012998580933,-1.840075969696045,0.80286705493927,0.9817231297492981,0.9831148982048035,0.11744209378957748,0.10557688027620316,0.09243384748697281,0.28025779060400224,1.076359564607129,0.3185811780329469,14.766337222284385,10.712276945897825,12.134532197629108,0.2742393910884857,0.053040146827697754,-0.08238563686609268,-0.2561378479003906,-1.840075969696045,0.80286705493927,0.9817231297492981,0.11744209378957748,0.10557688027620316,0.09243384748697281,0.9831148982048035,0.28025779128074646,1.076359510421753,0.31858116388320923,0.053040146827697754,-0.08238563686609268,-0.2561378479003906,0.06641530990600586,-0.07417964190244675,-0.2561378479003906,0.07834210991859436,-0.06398234516382217,-0.2561378479003906,0.08852684497833252,-0.0520448312163353,-0.2561378479003906,0.09671875834465027,-0.03866104781627655,-0.2561378479003906,0.1027161180973053,-0.024160534143447876,-0.2561378479003906,0.10637128353118896,-0.008900359272956848,-0.2561378479003906,0.10759422183036804,0.006743729114532471,-0.2561378479003906,0.10635480284690857,0.02238653600215912,-0.2561378479003906,0.10268360376358032,0.03764285147190094,-0.2561378479003906,0.6642113924026489,1.5707963705062866,0.25897908210754395,0.021362630650401115,14.999811746993402,14.997711181640625,2.2980232873397615,29452.0
11.3198,0.0098,1,1,-0.4170245826244354,0.16907429695129395,1.1309585571289062,-0.32145556807518005,0.07006621360778809,0.7995012998580933,-1.7927629947662354,0.7580880522727966,1.2899036407470703,0.980879545211792,0.12093183398246765,0.11854222416877747,0.09589844942092896,0.12882440065299525,0.8300530498704882,0.2609447960500998,15.418475787994737,12.0846696724054,12.8097288503337,0.35888710618019104,0.09556901454925537,-0.09900808334350586,-0.331457257270813,-1.7927629947662354,0.7580880522727966,1.2899036407470703,0.12093183398246765,0.11854222416877747,0.09589844942092896,0.980879545211792,0.1288243979215622,0.8300530314445496,0.26094478368759155,0.09556901454925537,-0.09900808334350586,-0.331457257270813,0.10867917537689209,-0.09038501977920532,-0.331457257270813,0.12027895450592041,-0.07981724292039871,-0.331457257270813,0.13008278608322144,-0.0675649642944336,-0.331457257270813,0.13784921169281006,-0.053929880261421204,-0.331457257270813,0.1433870494365692,-0.039247721433639526,-0.331457257270813,0.14655989408493042,-0.023880019783973694,-0.331457257270813,0.14728963375091553,-0.008205175399780273,-0.331457257270813,0.14555832743644714,0.007390826940536499,-0.331457257270813,0.14140856266021729,0.022523999214172363,-0.331457257270813,0.20035982131958008,1.5707963705062866,0.027657508850097656,0.021362630650401115,13.239791946300317,14.998855590820312,3.6484165927489056,29452.0
11.3401,0.0113,1,1,-0.45243939757347107,0.18386968970298767,1.1564074754714966,-0.31870099902153015,0.07164016366004944,0.7995012998580933,-1.7484643459320068,0.7215633988380432,1.2547928094863892,0.9795170426368713,0.12176260352134705,0.12600918114185333,0.0991964265704155,0.11480547906292611,0.7317415927028589,0.19441368905298348,15.683611833646356,12.867634364968929,13.344880116005152,0.39732033014297485,0.13373839855194092,-0.11222952604293823,-0.3569061756134033,-1.7484643459320068,0.7215633988380432,1.2547928094863892,0.12176260352134705,0.12600918114185333,0.0991964265704155,0.9795170426368713,0.11480548232793808,0.7317416071891785,0.1944136917591095,0.13373839855194092,-0.11222952604293823,-0.3569061756134033,0.1465684175491333,-0.10319492965936661,-0.3569061756134033,0.15782716870307922,-0.09226451069116592,-0.3569061756134033,0.16723737120628357,-0.07970740646123886,-0.3569061756134033,0.17456740140914917,-0.06583281606435776,-0.3569061756134033,0.17963668704032898,-0.050982385873794556,-0.3569061756134033,0.18232044577598572,-0.03552176058292389,-0.3569061756134033,0.18255260586738586,-0.019831672310829163,-0.3569061756134033,0.1803274154663086,-0.004298418760299683,-0.3569061756134033,0.17569971084594727,0.010695487260818481,-0.3569061756134033,0.0744396448135376,1.5707963705062866,0.017607808113098145,0.021362630650401115,8.752434711284465,14.999427795410156,4.718719124091819,29452.0
11.3597,0.0094,1,1,-0.4874994456768036,0.19818828999996185,1.196922779083252,-0.31607455015182495,0.073251873254776,0.7995012998580933,-1.6971572637557983,0.680758535861969,1.3095314502716064,0.9782112836837769,0.12373581528663635,0.13194645941257477,0.10188349336385727,0.22354379446470413,0.35817099842876504,0.24736492153286546,16.055804202093796,13.469620370286892,13.800482111971206,0.45048800110816956,0.17142489552497864,-0.12493641674518585,-0.3974214792251587,-1.6971572637557983,0.680758535861969,1.3095314502716064,0.12373581528663635,0.13194645941257477,0.10188349336385727,0.9782112836837769,0.22354379296302795,0.3581709861755371,0.24736492335796356,0.17142489552497864,-0.12493641674518585,-0.3974214792251587,0.18397045135498047,-0.11551079899072647,-0.3974214792251587,0.19488707184791565,-0.10423866659402847,-0.3974214792251587,0.20390591025352478,-0.09139758348464966,-0.3974214792251587,0.21080493927001953,-0.07730372995138168,-0.3974214792251587,0.21541425585746765,-0.06230415403842926,-0.3974214792251587,0.21762040257453918,-0.0467681884765625,-0.3974214792251587,0.2173689901828766,-0.031078383326530457,-0.3974214792251587,0.21466627717018127,-0.015621080994606018,-0.3974214792251587,0.2095787525177002,-0.0007768720388412476,-0.3974214792251587,-0.15999507904052734,1.5707963705062866,-0.0664052963256836,0.021362630650401115,-0.2073040302998841,14.999713897705078,5.629923116023919,29452.0
11.3802,0.0109,1,1,-0.5209656953811646,0.21144282817840576,1.2227188348770142,-0.3134402930736542,0.07498364895582199,0.7995012998580933,-1.6493399143218994,0.6447240710258484,1.2699520587921143,0.9773337841033936,0.12497908622026443,0.1353560984134674,0.10428670048713684,-0.10873872319831994,0.39764157578677495,0.16427985487116878,16.297389307241925,13.79854893351188,14.166611467546934,0.49071475863456726,0.20752540230751038,-0.13645917177200317,-0.4232175350189209,-1.6493399143218994,0.6447240710258484,1.2699520587921143,0.12497908622026443,0.1353560984134674,0.10428670048713684,0.9773337841033936,-0.1087387204170227,0.3976415693759918,0.16427984833717346,0.20752540230751038,-0.13645917177200317,-0.4232175350189209,0.21976763010025024,-0.12664279341697693,-0.4232175350189209,0.23032349348068237,-0.11503215879201889,-0.4232175350189209,0.23893308639526367,-0.10191316902637482,-0.4232175350189209,0.24538445472717285,-0.08760885149240494,-0.4232175350189209,0.24951866269111633,-0.07247143983840942,-0.4232175350189209,0.2512339949607849,-0.05687364935874939,-0.4232175350189209,0.25048816204071045,-0.041199564933776855,-0.4232175350189209,0.24729952216148376,-0.025835126638412476,-0.4232175350189209,0.24174663424491882,-0.011158660054206848,-0.4232175350189209,-0.23091304302215576,1.5707963705062866,-0.06393575668334961,0.021362630650401115,-6.718823414996106,14.999856948852539,6.362181827175415,29452.0
11.4003,0.0096,1,1,-0.5532518625259399,0.22397752106189728,1.2365654706954956,-0.31086474657058716,0.0767955482006073,0.7995012998580933,-1.604475975036621,0.6126455068588257,1.1690161228179932,0.9770787358283997,0.12199321389198303,0.13788312673568726,0.10686930269002914,-0.7497156663739671,0.1815943634088053,0.2261020935868615,16.031654888869443,14.08556658021155,14.477374961309676,0.5209982395172119,0.24238711595535278,-0.14718197286128998,-0.43706417083740234,-1.604475975036621,0.6126455068588257,1.1690161228179932,0.12199321389198303,0.13788312673568726,0.10686930269002914,0.9770787358283997,-0.7497156858444214,0.1815943568944931,0.2261020988225937,0.24238711595535278,-0.14718197286128998,-0.43706417083740234,0.2543141841888428,-0.13698498904705048,-0.43706417083740234,0.2644992470741272,-0.1250477433204651,-0.43706417083740234,0.2726915180683136,-0.11166416853666306,-0.43706417083740234,0.27868926525115967,-0.09716382622718811,-0.43706417083740234,0.2823448181152344,-0.08190374076366425,-0.43706417083740234,0.2835681736469269,-0.06625968217849731,-0.43706417083740234,0.28232917189598083,-0.05061684548854828,-0.43706417083740234,0.27865836024284363,-0.0353604257106781,-0.43706417083740234,0.27264612913131714,-0.02086608111858368,-0.43706417083740234,-0.22636854648590088,1.5707963705062866,-0.05680990219116211,0.021362630650401115,-9.844392871574605,14.99992847442627,6.983708814700892,29452.0
11.4198,0.0111,1,1,-0.5848478674888611,0.23588569462299347,1.2595391273498535,-0.3083595931529999,0.07867827266454697,0.7995012998580933,-1.5548280477523804,0.5783955454826355,1.129135251045227,0.9777949452400208,0.11135846376419067,0.13889376819133759,0.11055693030357361,-1.7820712876574987,0.33986113343371144,0.1774549455474679,14.858212274435667,14.299842505367753,14.775961270619854,0.5592805743217468,0.2764882743358612,-0.1572074294090271,-0.46003782749176025,-1.5548280477523804,0.5783955454826355,1.129135251045227,0.11135846376419067,0.13889376819133759,0.11055693030357361,0.9777949452400208,-1.7820712327957153,0.339861124753952,0.17745494842529297,0.2764882743358612,-0.1572074294090271,-0.46003782749176025,0.28808996081352234,-0.14664173126220703,-0.46003782749176025,0.29789599776268005,-0.1343912035226822,-0.46003782749176025,0.30566486716270447,-0.12075751274824142,-0.46003782749176025,0.31120532751083374,-0.10607634484767914,-0.46003782749176025,0.314380943775177,-0.09070922434329987,-0.46003782749176025,0.31511348485946655,-0.07503451406955719,-0.46003782749176025,0.3133849799633026,-0.05943818390369415,-0.46003782749176025,0.30923792719841003,-0.04430428147315979,-0.46003782749176025,0.30277448892593384,-0.030005425214767456,-0.46003782749176025,-0.10881257057189941,1.5707963705062866,-0.032811641693115234,0.021362630650401115,-8.039446961656932,14.999964237213135,7.580881433321247,29452.0
11.4399,0.0097,1,1,-0.41572263836860657,-0.08751362562179565,1.207425832748413,-0.3058972656726837,0.08065298199653625,0.7995012998580933,-0.9661220908164978,-0.48753824830055237,0.6329624056816101,0.9710671901702881,0.14044032990932465,0.16445493698120117,0.10127957910299301,-2.7103014382186217,0.24764798226722726,0.005324369021976202,18.657191133803344,16.91460686144166,14.706845835563097,0.4546911418437958,0.10982537269592285,0.1681666076183319,-0.4079245328903198,-0.9661220908164978,-0.48753824830055237,0.6329624056816101,0.14044032990932465,0.16445493698120117,0.10127957910299301,0.9710671901702881,-2.710301399230957,0.2476479858160019,0.005324368830770254,0.10982537269592285,0.1681666076183319,-0.4079245328903198,0.12108784914016724,0.17909318208694458,-0.4079245328903198,0.1305023431777954,0.19164708256721497,-0.4079245328903198,0.13783711194992065,0.2055191695690155,-0.4079245328903198,0.14291146397590637,0.22036786377429962,-0.4079245328903198,0.14560049772262573,0.23582756519317627,-0.4079245328903198,0.14583802223205566,0.2515175938606262,-0.4079245328903198,0.1436181366443634,0.2670515775680542,-0.4079245328903198,0.13899552822113037,0.2820470929145813,-0.4079245328903198,0.13208404183387756,0.2961348295211792,-0.4079245328903198,-1.5707963705062866,1.5707963705062866,-0.5295850038528442,0.021362630650401115,-11.519723480828466,14.999982118606567,7.442650563207728,29452.0
11.4604,0.0097,1,1,-0.6054750084877014,0.15997695922851562,0.9119158983230591,-0.3034840524196625,0.0827171579003334,0.7995012998580933,-1.5520429611206055,0.4348800778388977,-0.9212039709091187,0.9838727116584778,0.0792783722281456,0.13685716688632965,0.08353129774332047,-3.1804308633469636,-0.04301430850133462,0.26184757437012307,10.66299653960136,14.836144186524482,11.097843519947004,0.3313678503036499,0.30199095606803894,-0.07725980132818222,-0.11241459846496582,-1.5520429611206055,0.4348800778388977,-0.9212039709091187,0.0792783722281456,0.13685716688632965,0.08353129774332047,0.9838727116584778,-3.1804308891296387,-0.04301431030035019,0.261847585439682,0.30199095606803894,-0.07725980132818222,-0.11241459846496582,0.3129008114337921,-0.06598112732172012,-0.11241459846496582,0.3219119608402252,-0.05313463509082794,-0.11241459846496582,0.32880252599716187,-0.03903665393590927,-0.11241459846496582,0.3334028720855713,-0.024034321308135986,-0.11241459846496582,0.3355996906757355,-0.008497029542922974,-0.11241459846496582,0.33533889055252075,0.0071926116943359375,-0.11241459846496582,0.3326268792152405,0.02264830470085144,-0.11241459846496582,0.32753047347068787,0.03748945891857147,-0.11241459846496582,0.3201751708984375,0.05135063827037811,-0.11241459846496582,1.5707963705062866,1.5707963705062866,1.5707963705062866,0.20000000298023224,1.740138259585768,14.999991059303284,0.22464593197555444,33452.0
11.4797,0.0093,1,1,-0.6208767294883728,0.1642698347568512,0.9026123881340027,-0.3011941909790039,0.08480368554592133,0.7995012998580933,-1.5283681154251099,0.4237312972545624,-0.9396458268165588,0.9849289655685425,0.06390956044197083,0.13517732918262482,0.08692281693220139,-2.958546933965922,-0.24721888043658824,0.3743185430662425,8.888235867108161,14.783643032928873,11.242252244597182,0.3451719582080841,0.3196825385093689,-0.07946614921092987,-0.10311108827590942,-1.5283681154251099,0.4237312972545624,-0.9396458268165588,0.06390956044197083,0.13517732918262482,0.08692281693220139,0.9849289655685425,-2.9585468769073486,-0.24721887707710266,0.37431854009628296,0.3196825385093689,-0.07946614921092987,-0.10311108827590942,0.3302377760410309,-0.06785495579242706,-0.10311108827590942,0.33884668350219727,-0.05473550409078598,-0.10311108827590942,0.34529727697372437,-0.04043085128068924,-0.10311108827590942,0.34943071007728577,-0.025293216109275818,-0.10311108827590942,0.3511451780796051,-0.00969533622264862,-0.10311108827590942,0.3503985106945038,0.005978703498840332,-0.10311108827590942,0.34720906615257263,0.02134297788143158,-0.10311108827590942,0.3416554033756256,0.03601914644241333,-0.10311108827590942,0.33387425541877747,0.049645841121673584,-0.10311108827590942,1.5707963705062866,1.5707963705062866,1.5707963705062866,0.20000000298023224,8.370069129792885,14.999995529651642,0.5134633812758852,37452.0
11.4998,0.01,1,1,-0.6743162870407104,0.23119278252124786,0.8474996089935303,-0.2989329397678375,0.08699727803468704,0.7995012998580933,-1.4488533735275269,0.5629116892814636,-1.12639582157135,0.9863911867141724,0.014404050074517727,0.1316862404346466,0.09737388044595718,-2.040214288438024,-0.1263401873434125,0.343783270639612,3.206821023064694,14.891127198132008,11.694809180625493,0.40498003363609314,0.3753833472728729,-0.14419549703598022,-0.04799830913543701,-1.4488533735275269,0.5629116892814636,-1.12639582157135,0.014404050074517727,0.1316862404346466,0.09737388044595718,0.9863911867141724,-2.0402143001556396,-0.12634018063545227,0.34378325939178467,0.3753833472728729,-0.14419549703598022,-0.04799830913543701,0.3855676054954529,-0.1322575807571411,-0.04799830913543701,0.39375898241996765,-0.11887345463037491,-0.04799830913543701,0.3997557461261749,-0.10437269508838654,-0.04799830913543701,0.40341028571128845,-0.08911237120628357,-0.04799830913543701,0.404632568359375,-0.07346823811531067,-0.04799830913543701,0.4033925533294678,-0.057825490832328796,-0.04799830913543701,0.3997207283973694,-0.04256930947303772,-0.04799830913543701,0.3937075138092041,-0.028075367212295532,-0.04799830913543701,0.385500967502594,-0.014700546860694885,-0.04799830913543701,1.5707963705062866,1.5707963705062866,1.5707963705062866,0.20000000298023224,11.685034564896442,14.999997764825821,1.4185772533325136,41452.0
11.5196,0.0109,1,1,-0.6860747933387756,0.23958227038383484,0.8502334952354431,-0.2967667877674103,0.08923449367284775,0.7995012998580933,-1.411518931388855,0.5642635226249695,-1.11293625831604,0.9868897795677185,0.0011941296979784966,0.12920932471752167,0.0966961458325386,-0.3531701478233279,-0.04345672197623483,0.2388283417509414,1.6204489767446555,14.761722006894136,11.401937446771985,0.42040330171585083,0.38930800557136536,-0.1503477692604065,-0.050732195377349854,-1.411518931388855,0.5642635226249695,-1.11293625831604,0.0011941296979784966,0.12920932471752167,0.0966961458325386,0.9868897795677185,-0.35317015647888184,-0.04345672205090523,0.23882834613323212,0.38930800557136536,-0.1503477692604065,-0.050732195377349854,0.3991156220436096,-0.13809853792190552,-0.050732195377349854,0.4068862795829773,-0.12446584552526474,-0.050732195377349854,0.4124286472797394,-0.10978540778160095,-0.050732195377349854,0.41560623049736023,-0.09441868960857391,-0.050732195377349854,0.41634082794189453,-0.0787440687417984,-0.050732195377349854,0.41461434960365295,-0.06314751505851746,-0.050732195377349854,0.41046926379203796,-0.048013076186180115,-0.050732195377349854,0.4040076732635498,-0.033713385462760925,-0.050732195377349854,0.395388662815094,-0.0206005722284317,-0.050732195377349854,1.5707963705062866,1.5707963705062866,1.5707963705062866,0.20000000298023224,13.34251728244822,14.99999888241291,0.832833785625484,44230.0
11.5397,0.0092,1,1,-0.7269219756126404,0.2634240984916687,0.8397924900054932,-0.29465630650520325,0.09155512601137161,0.7995012998580933,-1.3220770359039307,0.5706260800361633,-1.098332166671753,0.9871988296508789,0.005914733745157719,0.1290224939584732,0.09356608986854553,1.5291896279265342,0.0445352730893925,0.24902202358689682,2.122336350308336,14.692710020774472,11.10220037121753,0.46692174673080444,0.43226566910743713,-0.17186897993087769,-0.0402911901473999,-1.3220770359039307,0.5706260800361633,-1.098332166671753,0.005914733745157719,0.1290224939584732,0.09356608986854553,0.9871988296508789,1.5291895866394043,0.04453527182340622,0.24902202188968658,0.43226566910743713,-0.17186897993087769,-0.0402911901473999,0.4416842460632324,-0.15931814908981323,-0.0402911901473999,0.4490235149860382,-0.1454484462738037,-0.0402911901473999,0.4541027247905731,-0.1306014060974121,-0.0402911901473999,0.456796795129776,-0.1151425838470459,-0.0402911901473999,0.45703941583633423,-0.09945262968540192,-0.0402911901473999,0.4548245966434479,-0.08391790091991425,-0.0402911901473999,0.4502068758010864,-0.06892091035842896,-0.0402911901473999,0.4432999789714813,-0.054830923676490784,-0.0402911901473999,0.43427392840385437,-0.041994884610176086,-0.0402911901473999,1.5707963705062866,1.5707963705062866,1.5707963705062866,0.20000000298023224,14.17125864122411,14.999999441206455,0.23335963451659847,44230.0
11.56,0.0109,1,1,-0.7400102615356445,0.26913681626319885,0.8288192749023438,-0.2926020622253418,0.09396209567785263,0.7995012998580933,-1.2956056594848633,0.5719600915908813,-1.0965461730957031,0.9866626858711243,0.025084396824240685,0.13049791753292084,0.09399864822626114,2.2542100678283057,-0.044935779227826794,0.2668307482438248,4.388467828067111,14.643207745381169,11.448313000419141,0.4813728630542755,0.44740819931030273,-0.17517471313476562,-0.02931797504425049,-1.2956056594848633,0.5719600915908813,-1.0965461730957031,0.025084396824240685,0.13049791753292084,0.09399864822626114,0.9866626858711243,2.2542099952697754,-0.04493577778339386,0.2668307423591614,0.44740819931030273,-0.17517471313476562,-0.02931797504425049,0.4564249515533447,-0.1623321771621704,-0.02931797504425049,0.463321715593338,-0.1482372134923935,-0.02931797504425049,0.46792861819267273,-0.13323688507080078,-0.02931797504425049,0.4701322317123413,-0.11770056188106537,-0.02931797504425049,0.46987828612327576,-0.1020108014345169,-0.02931797504425049,0.4671730697154999,-0.08655393123626709,-0.02931797504425049,0.4620831608772278,-0.07171054184436798,-0.02931797504425049,0.45473387837409973,-0.05784614384174347,-0.02931797504425049,0.4453062415122986,-0.045302122831344604,-0.02931797504425049,1.5707963705062866,1.5707963705062866,1.5707963705062866,0.20000000298023224,14.585629320612055,14.999999720603228,0.9255848929197985,44230.0
11.5798,0.0095,1,1,-0.7685769200325012,0.28151118755340576,0.851914644241333,-0.2906590700149536,0.09638890624046326,0.7995012998580933,-1.186293363571167,0.5567674040794373,-0.8452016711235046,0.9856954216957092,0.047937434166669846,0.13334861397743225,0.09122858196496964,1.952040886329081,0.0073885565747208466,0.2385507571415711,7.057638428304007,14.722377852847481,11.488489350377401,0.5151920914649963,0.4779178500175476,-0.1851222813129425,-0.052413344383239746,-1.186293363571167,0.5567674040794373,-0.8452016711235046,0.047937434166669846,0.13334861397743225,0.09122858196496964,0.9856954216957092,1.9520409107208252,0.0073885563760995865,0.23855075240135193,0.4779178500175476,-0.1851222813129425,-0.052413344383239746,0.4865310788154602,-0.17200565338134766,-0.052413344383239746,0.4929863512516022,-0.15770313143730164,-0.052413344383239746,0.49712473154067993,-0.14256684482097626,-0.052413344383239746,0.49884435534477234,-0.12696953117847443,-0.052413344383239746,0.4981028437614441,-0.11129525303840637,-0.052413344383239746,0.49491843581199646,-0.09592993557453156,-0.052413344383239746,0.48936960101127625,-0.08125193417072296,-0.052413344383239746,0.48159292340278625,-0.06762269139289856,-0.052413344383239746,0.4717799127101898,-0.055377766489982605,-0.052413344383239746,1.5707963705062866,1.5707963705062866,1.5707963705062866,0.20000000298023224,14.792814660306028,14.999999860301614,1.0059375928363385,44230.0
11.5999,0.0112,1,1,-0.794098973274231,0.29179441928863525,0.8473082184791565,-0.2887442708015442,0.09894129633903503,0.7995012998580933,-1.1148256063461304,0.5388641357421875,-0.7963272333145142,0.9845013618469238,0.06492681056261063,0.13525794446468353,0.0908009260892868,1.306535911832405,0.04522240194014657,0.2263368678817088,9.067310082345488,14.745881325329211,11.714683937160267,0.5430112481117249,0.5053547024726868,-0.19285312294960022,-0.04780691862106323,-1.1148256063461304,0.5388641357421875,-0.7963272333145142,0.06492681056261063,0.13525794446468353,0.0908009260892868,0.9845013618469238,1.3065359592437744,0.04522240161895752,0.22633686661720276,0.5053547024726868,-0.19285312294960022,-0.04780691862106323,0.513545036315918,-0.17946839332580566,-0.04780691862106323,0.5195407867431641,-0.16496717929840088,-0.04780691862106323,0.5231941342353821,-0.14970657229423523,-0.04780691862106323,0.5244152545928955,-0.13406234979629517,-0.04780691862106323,0.5231740474700928,-0.11841969192028046,-0.04780691862106323,0.5195010900497437,-0.10316379368305206,-0.04780691862106323,0.5134867429733276,-0.08867029845714569,-0.04780691862106323,0.5052791833877563,-0.07529608905315399,-0.04780691862106323,0.49508053064346313,-0.06337049603462219,-0.04780691862106323,1.5707963705062866,1.5707963705062866,1.5707963705062866,0.20000000298023224,14.896407330153014,14.999999930150807,1.4583267664020865,44230.0
11.6198,0.011,1,1,-0.8248380422592163,0.3058933913707733,0.8974540829658508,-0.28694143891334534,0.10150986164808273,0.7995012998580933,-1.0389593839645386,0.5329581499099731,-0.7167522311210632,0.9832723140716553,0.07613523304462433,0.13654428720474243,0.09344875067472458,0.8908110061908012,0.012482328615661162,0.19809193063730324,10.439639317246082,14.731574661623908,12.211198112761933,0.5836952328681946,0.5378966331481934,-0.20438352227210999,-0.09795278310775757,-1.0389593839645386,0.5329581499099731,-0.7167522311210632,0.07613523304462433,0.13654428720474243,0.09344875067472458,0.9832723140716553,0.890811026096344,0.012482328340411186,0.19809192419052124,0.5378966331481934,-0.20438352227210999,-0.09795278310775757,0.5456629395484924,-0.190748393535614,-0.09795278310775757,0.5512006878852844,-0.17606620490550995,-0.09795278310775757,0.5543734431266785,-0.16069847345352173,-0.09795278310775757,0.555103063583374,-0.1450236290693283,-0.09795278310775757,0.5533716678619385,-0.12942762672901154,-0.09795278310775757,0.5492218136787415,-0.11429448425769806,-0.09795278310775757,0.5427557229995728,-0.09999684989452362,-0.09795278310775757,0.5341325402259827,-0.08688674867153168,-0.09795278310775757,0.5235646963119507,-0.07528702914714813,-0.09795278310775757,1.5707963705062866,1.5707963705062866,1.5707963705062866,0.18934649229049683,14.948203665076507,14.999999965075403,2.4513551176054005,44230.0
11.6396,0.0092,1,1,-0.8437556028366089,0.31411176919937134,0.8507876396179199,-0.28523606061935425,0.1041085496544838,0.7995012998580933,-0.9737657308578491,0.49814704060554504,-0.8010404706001282,0.9824233651161194,0.0839645266532898,0.1383221298456192,0.09305480122566223,0.6680638797214374,0.01481982463572114,0.20679345995924406,11.379314515596727,14.842045763201696,12.308734889774925,0.5988954305648804,0.5585195422172546,-0.21000322699546814,-0.05128633975982666,-0.9737657308578491,0.49814704060554504,-0.8010404706001282,0.0839645266532898,0.1383221298456192,0.09305480122566223,0.9824233651161194,0.6680638790130615,0.014819825068116188,0.20679345726966858,0.5585195422172546,-0.21000322699546814,-0.05128633975982666,0.5658583641052246,-0.19613328576087952,-0.05128633975982666,0.5709370970726013,-0.18128608167171478,-0.05128633975982666,0.573630690574646,-0.1658271849155426,-0.05128633975982666,0.5738728046417236,-0.15013723075389862,-0.05128633975982666,0.5716575384140015,-0.13460257649421692,-0.05128633975982666,0.5670393705368042,-0.11960572004318237,-0.05128633975982666,0.5601320266723633,-0.10551594197750092,-0.05128633975982666,0.5511056184768677,-0.0926801860332489,-0.05128633975982666,0.54018235206604,-0.08141450583934784,-0.05128633975982666,1.5707963705062866,1.5707963705062866,1.5707963705062866,0.20000000298023224,14.974101832538253,14.999999982537702,2.6464286716313823,44230.0
11.6597,0.0109,1,1,-0.8722798228263855,0.33544856309890747,0.8669431805610657,-0.2835971415042877,0.10678461939096451,0.7995012998580933,-0.8970701694488525,0.5206125378608704,-0.7347800135612488,0.9820834994316101,0.08843084424734116,0.13966432213783264,0.09046537429094315,0.5735648042332838,0.05542743133905925,0.1810780430524662,11.885288574440022,14.970648929289025,12.09312429817648,0.6351243257522583,0.5886826515197754,-0.22866395115852356,-0.06744188070297241,-0.8970701694488525,0.5206125378608704,-0.7347800135612488,0.08843084424734116,0.13966432213783264,0.09046537429094315,0.9820834994316101,0.5735648274421692,0.0554274320602417,0.18107804656028748,0.5886826515197754,-0.22866395115852356,-0.06744188070297241,0.5955827236175537,-0.21457058191299438,-0.06744188070297241,0.6001931428909302,-0.19957132637500763,-0.06744188070297241,0.6024003028869629,-0.184035524725914,-0.06744188070297241,0.6021500825881958,-0.16834568977355957,-0.06744188070297241,0.5994484424591064,-0.1528881937265396,-0.06744188070297241,0.5943619608879089,-0.1380436271429062,-0.06744188070297241,0.5870158672332764,-0.12417751550674438,-0.06744188070297241,0.5775911808013916,-0.11163130402565002,-0.06744188070297241,0.5663198232650757,-0.10071389377117157,-0.06744188070297241,1.5707963705062866,1.5707963705062866,1.5707963705062866,0.20000000298023224,14.987050916269126,14.99999999126885,2.2152074884344937,44230.0
11.6797,0.0098,1,1,-0.8920400142669678,0.3555113673210144,0.8490086197853088,-0.28203052282333374,0.10953345149755478,0.7995012998580933,-0.8222784996032715,0.5155192613601685,-0.7288640737533569,0.981252133846283,0.09293480217456818,0.14147897064685822,0.09213600307703018,0.5096632192727276,0.07435688908409825,0.1835608082682062,12.469026647542224,15.101382299309417,12.387497392536426,0.6595966219902039,0.610009491443634,-0.24597790837287903,-0.049507319927215576,-0.8222784996032715,0.5155192613601685,-0.7288640737533569,0.09293480217456818,0.14147897064685822,0.09213600307703018,0.981252133846283,0.5096632242202759,0.07435689121484756,0.1835608035326004,0.610009491443634,-0.24597790837287903,-0.049507319927215576,0.6164602041244507,-0.23167333006858826,-0.049507319927215576,0.620593786239624,-0.21653573215007782,-0.049507319927215576,0.6223084330558777,-0.20093786716461182,-0.049507319927215576,0.6215618848800659,-0.18526382744312286,-0.049507319927215576,0.6183726787567139,-0.16989952325820923,-0.049507319927215576,0.6128191351890564,-0.1552232950925827,-0.049507319927215576,0.6050381064414978,-0.14159652590751648,-0.049507319927215576,0.5952211618423462,-0.12935474514961243,-0.049507319927215576,0.5836100578308105,-0.1187993735074997,-0.049507319927215576,1.5707963705062866,1.5707963705062866,1.5707963705062866,0.20000000298023224,14.993525458134563,14.999999995634425,2.8039536771544027,44230.0
11.6997,0.0093,1,1,-0.913544774055481,0.3766038417816162,0.8922368884086609,-0.28056907653808594,0.1122962012887001,0.7995012998580933,-0.6727558970451355,0.45709994435310364,-0.3900180160999298,0.9808855652809143,0.0983453318476677,0.14075911045074463,0.09152380377054214,0.5837678404225681,-0.09410736610369505,0.12931869999607076,13.083368985320192,14.959445069322019,12.386465266679124,0.6921825408935547,0.632975697517395,-0.2643076479434967,-0.09273558855056763,-0.6727558970451355,0.45709994435310364,-0.3900180160999298,0.0983453318476677,0.14075911045074463,0.09152380377054214,0.9808855652809143,0.583767831325531,-0.09410736709833145,0.1293186992406845,0.632975697517395,-0.2643076479434967,-0.09273558855056763,0.6389762163162231,-0.2498084455728531,-0.09273558855056763,0.6426347494125366,-0.23454906046390533,-0.09273558855056763,0.6438610553741455,-0.2189052402973175,-0.09273558855056763,0.642625093460083,-0.20326218008995056,-0.09273558855056763,0.6389572620391846,-0.18800504505634308,-0.09273558855056763,0.6329478025436401,-0.17350953817367554,-0.09273558855056763,0.624744713306427,-0.16013258695602417,-0.09273558855056763,0.614549994468689,-0.14820356667041779,-0.09273558855056763,0.6026147603988647,-0.1380162239074707,-0.09273558855056763,1.5707963705062866,1.5707963705062866,1.5337878465652466,0.10614471137523651,14.996762729067282,14.999999997817213,2.8018894254397906,40230.0
11.7199,0.0097,1,1,-0.9329962730407715,0.38676121830940247,0.8532292246818542,-0.27916979789733887,0.11515628546476364,0.7995012998580933,-0.6597030162811279,0.4531523287296295,-0.5358044505119324,0.9806714653968811,0.10322191566228867,0.1404297947883606,0.08891663700342178,0.525581399161322,-0.2519252686492467,0.14728998567041288,13.611428180444554,14.896555372360385,12.149319495390232,0.7100316882133484,0.6538264751434326,-0.2716049253940582,-0.053727924823760986,-0.6597030162811279,0.4531523287296295,-0.5358044505119324,0.10322191566228867,0.1404297947883606,0.08891663700342178,0.9806714653968811,0.525581419467926,-0.2519252598285675,0.14728999137878418,0.6538264751434326,-0.2716049253940582,-0.053727924823760986,0.6593623757362366,-0.25692206621170044,-0.053727924823760986,0.6625332236289978,-0.24155393242835999,-0.053727924823760986,0.6632609367370605,-0.2258789986371994,-0.053727924823760986,0.6615275144577026,-0.21028320491313934,-0.053727924823760986,0.6573758125305176,-0.19515058398246765,-0.053727924823760986,0.6509078741073608,-0.18085375428199768,-0.053727924823760986,0.6422830820083618,-0.1677447259426117,-0.053727924823760986,0.6317138671875,-0.1561463177204132,-0.053727924823760986,0.6194602251052856,-0.1463441103696823,-0.053727924823760986,1.5707963705062866,1.5707963705062866,1.5707963705062866,0.20000000298023224,14.99838136453364,14.999999998908606,2.3275978828619786,44230.0
11.7406,0.0095,1,1,-0.953908383846283,0.4009416103363037,0.8542524576187134,-0.27789002656936646,0.11799512803554535,0.7995012998580933,-0.5863023996353149,0.41682425141334534,-0.47743239998817444,0.9802981615066528,0.10770022869110107,0.13871894776821136,0.09039446711540222,0.33816023902450504,-0.14851745326158722,0.13544299678497945,14.13141323394743,14.625549057134586,12.359383138420943,0.7348858714103699,0.6760183572769165,-0.28294646739959717,-0.05475115776062012,-0.5863023996353149,0.41682425141334534,-0.47743239998817444,0.10770022869110107,0.13871894776821136,0.09039446711540222,0.9802981615066528,0.3381602466106415,-0.1485174596309662,0.13544300198554993,0.6760183572769165,-0.28294646739959717,-0.05475115776062012,0.6810944080352783,-0.2680983543395996,-0.05475115776062012,0.6837852001190186,-0.25263896584510803,-0.05475115776062012,0.684024453163147,-0.23694896697998047,-0.05475115776062012,0.6818063259124756,-0.221414715051651,-0.05475115776062012,0.6771854758262634,-0.2064186930656433,-0.05475115776062012,0.6702755689620972,-0.19233018159866333,-0.05475115776062012,0.6612467765808105,-0.17949604988098145,-0.05475115776062012,0.6503214836120605,-0.16823235154151917,-0.05475115776062012,0.6377686858177185,-0.1588164120912552,-0.05475115776062012,1.5707963705062866,1.5707963705062866,1.5707963705062866,0.18916809558868408,14.999190682266821,14.999999999454303,2.7477251689234,44230.0
11.7599,0.0097,1,1,-0.9647729396820068,0.4069558382034302,0.8983761668205261,-0.27668461203575134,0.12090956419706345,0.7995012998580933,-0.4949837028980255,0.361224889755249,-0.30256718397140503,0.9802044630050659,0.11071235686540604,0.1367441713809967,0.09078029543161392,0.13448280237632979,-0.11180343072413429,0.0600455524063384,14.457793876788507,14.357626296022557,12.413116941946761,0.7517074942588806,0.6880882978439331,-0.28604626655578613,-0.09887486696243286,-0.4949837028980255,0.361224889755249,-0.30256718397140503,0.11071235686540604,0.1367441713809967,0.09078029543161392,0.9802044630050659,0.13448280096054077,-0.11180342733860016,0.060045551508665085,0.6880882978439331,-0.28604626655578613,-0.09887486696243286,0.6926935911178589,-0.271045446395874,-0.09887486696243286,0.6948955655097961,-0.2555088996887207,-0.09887486696243286,0.6946399211883545,-0.23981915414333344,-0.09887486696243286,0.6919330358505249,-0.2243625819683075,-0.09887486696243286,0.686841607093811,-0.20951974391937256,-0.09887486696243286,0.6794908046722412,-0.19565613567829132,-0.09887486696243286,0.6700618267059326,-0.18311311304569244,-0.09887486696243286,0.6587867736816406,-0.1721995323896408,-0.09887486696243286,0.645943284034729,-0.16318413615226746,-0.09887486696243286,1.5707963705062866,1.5707963705062866,1.4990674257278442,0.07177025079727173,14.99959534113341,14.999999999727152,2.855192775975036,40230.0
11.7799,0.0098,1,1,-0.9763263463973999,0.43063220381736755,0.8731949329376221,-0.27557244896888733,0.12385846674442291,0.7995012998580933,-0.48557770252227783,0.3952350616455078,-0.4342583417892456,0.9806666374206543,0.1071205660700798,0.13515983521938324,0.09245540201663971,0.12512863213975142,-0.06947134503148311,0.05642023698749477,14.03413020026996,14.198720238575701,12.52815770689325,0.7685030102729797,0.700753927230835,-0.30677372217178345,-0.07369363307952881,-0.48557770252227783,0.3952350616455078,-0.4342583417892456,0.1071205660700798,0.13515983521938324,0.09245540201663971,0.9806666374206543,0.1251286268234253,-0.0694713443517685,0.05642023682594299,0.700753927230835,-0.30677372217178345,-0.07369363307952881,0.7048841714859009,-0.2916352450847626,-0.07369363307952881,0.7065954208374023,-0.2760370075702667,-0.07369363307952881,0.7058455348014832,-0.2603631019592285,-0.07369363307952881,0.7026529312133789,-0.24499951303005219,-0.07369363307952881,0.6970962285995483,-0.23032449185848236,-0.07369363307952881,0.689312219619751,-0.21669940650463104,-0.07369363307952881,0.6794926524162292,-0.2044597566127777,-0.07369363307952881,0.6678792834281921,-0.19390691816806793,-0.07369363307952881,0.6547580361366272,-0.18530072271823883,-0.07369363307952881,1.5707963705062866,1.5707963705062866,1.5707963705062866,0.14756044745445251,14.999797670566705,14.999999999863576,3.0852743058680416,44230.0
11.7999,0.0096,1,1,-0.9824820160865784,0.43527382612228394,0.9222435355186462,-0.2745559513568878,0.12683424353599548,0.7995012998580933,-0.36926543712615967,0.32426655292510986,-0.07033871114253998,0.9808105230331421,0.10859696567058563,0.13282066583633423,0.0925961583852768,0.10743639581337916,-0.025462587211977677,0.05218999701060725,14.170287841758222,13.912067657005847,12.523937089608713,0.7818950414657593,0.7079260349273682,-0.30843958258628845,-0.12274223566055298,-0.36926543712615967,0.32426655292510986,-0.07033871114253998,0.10859696567058563,0.13282066583633423,0.0925961583852768,0.9808105230331421,0.1074363961815834,-0.02546258643269539,0.05218999832868576,0.7079260349273682,-0.30843958258628845,-0.12274223566055298,0.711578369140625,-0.2931787073612213,-0.12274223566055298,0.7127982974052429,-0.2775343656539917,-0.12274223566055298,0.7115559577941895,-0.26189184188842773,-0.12274223566055298,0.7078818082809448,-0.24663619697093964,-0.12274223566055298,0.7018664479255676,-0.23214314877986908,-0.12274223566055298,0.6936579346656799,-0.21876955032348633,-0.12274223566055298,0.6834583282470703,-0.20684468746185303,-0.12274223566055298,0.6715189218521118,-0.19666221737861633,-0.12274223566055298,0.6581336259841919,-0.18847283720970154,-0.12274223566055298,1.5707963705062866,1.5707963705062866,1.2968019247055054,0.021362630650401115,14.999898835283354,14.999999999931788,3.0768330712989607,40230.0
11.8197,0.0105,1,1,-0.9892174005508423,0.4413242042064667,0.9210543632507324,-0.2736424207687378,0.12980972230434418,0.7995012998580933,-0.3045330345630646,0.280890554189682,-0.049475230276584625,0.9807145595550537,0.10959621518850327,0.1325787901878357,0.09278181195259094,0.06789718380065089,0.07699436731441503,-0.02759496573264191,14.285944130307342,13.869237813064725,12.55536854393982,0.7898505926132202,0.7155749797821045,-0.3115144968032837,-0.12155306339263916,-0.3045330345630646,0.280890554189682,-0.049475230276584625,0.10959621518850327,0.1325787901878357,0.09278181195259094,0.9807145595550537,0.06789718568325043,0.07699436694383621,-0.02759496495127678,0.7155749797821045,-0.3115144968032837,-0.12155306339263916,0.7187504768371582,-0.29614734649658203,-0.12155306339263916,0.7194830179214478,-0.28047263622283936,-0.12155306339263916,0.7177544236183167,-0.2648763060569763,-0.12155306339263916,0.7136073112487793,-0.24974241852760315,-0.12155306339263916,0.7071437835693359,-0.2354435920715332,-0.12155306339263916,0.6985230445861816,-0.2223319411277771,-0.12155306339263916,0.6879572868347168,-0.21073028445243835,-0.12155306339263916,0.6757067441940308,-0.20092430710792542,-0.12155306339263916,0.662073016166687,-0.19315548241138458,-0.12155306339263916,1.5707963705062866,1.5707963705062866,1.3017865419387817,0.021362630650401115,14.999949417641677,14.999999999965894,3.139695979961159,36230.0
11.8395,0.0091,1,1,-0.9851973652839661,0.44210970401763916,1.0069395303726196,-0.2728218138217926,0.13281269371509552,0.7995012998580933,-0.15377689898014069,0.1900087296962738,0.7513449788093567,0.981561005115509,0.10930699110031128,0.12643425166606903,0.09274901449680328,0.032282478791074445,0.004898549329321247,0.00853134760664962,14.150595114728407,13.175211042721472,12.438259823905577,0.8038496375083923,0.7123755216598511,-0.30929702520370483,-0.20743823051452637,-0.15377689898014069,0.1900087296962738,0.7513449788093567,0.10930699110031128,0.12643425166606903,0.09274901449680328,0.981561005115509,0.03228247910737991,0.004898549523204565,0.00853134784847498,0.7123755216598511,-0.30929702520370483,-0.20743823051452637,0.7150712013244629,-0.2938384711742401,-0.20743823051452637,0.7153154611587524,-0.2781485617160797,-0.20743823051452637,0.7131022214889526,-0.26261359453201294,-0.20743823051452637,0.7084860801696777,-0.24761612713336945,-0.20743823051452637,0.7015806436538696,-0.23352542519569397,-0.20743823051452637,0.6925559043884277,-0.22068846225738525,-0.20743823051452637,0.6816341876983643,-0.209421306848526,-0.20743823051452637,0.6690843105316162,-0.20000140368938446,-0.20743823051452637,0.6552153825759888,-0.19266071915626526,-0.20743823051452637,1.5707963705062866,1.5707963705062866,0.5311287641525269,0.021362630650401115,14.999974708820838,14.999999999982947,2.905478539892699,32230.0
11.8599,0.0114,1,1,-0.9876609444618225,0.44547605514526367,1.0221527814865112,-0.27207741141319275,0.1359190046787262,0.7995012998580933,-0.09293162822723389,0.14681605994701385,0.768867015838623,0.9815843105316162,0.10965696722269058,0.1257874071598053,0.09296832978725433,0.011110376212971623,-0.09965640345238981,0.000837780479649908,14.183890575843916,13.094195817999383,12.457073506225559,0.810838520526886,0.7155835628509521,-0.3095570504665375,-0.22265148162841797,-0.09293162822723389,0.14681605994701385,0.768867015838623,0.10965696722269058,0.1257874071598053,0.09296832978725433,0.9815843105316162,0.011110376566648483,-0.09965640306472778,0.0008377804770134389,0.7155835628509521,-0.3095570504665375,-0.22265148162841797,0.7177841067314148,-0.29402029514312744,-0.22265148162841797,0.7175271511077881,-0.27833059430122375,-0.22265148162841797,0.7148188352584839,-0.2628742456436157,-0.22265148162841797,0.709726095199585,-0.2480318546295166,-0.22265148162841797,0.7023741006851196,-0.2341689020395279,-0.22265148162841797,0.6929439902305603,-0.22162671387195587,-0.22265148162841797,0.6816679239273071,-0.21071413159370422,-0.22265148162841797,0.6688236594200134,-0.2016998678445816,-0.22265148162841797,0.6547273397445679,-0.19480589032173157,-0.22265148162841797,1.4678653478622437,1.5707963705062866,0.4519909620285034,0.021362630650401115,14.999987354410418,14.999999999991473,2.943105904532661,29452.0
11.8797,0.0092,1,1,-0.98040372133255,0.44444704055786133,1.1126075983047485,-0.2714523375034332,0.13894350826740265,0.7995012998580933,0.00916967075318098,0.0770081952214241,1.3772143125534058,0.9825267791748047,0.10840588063001633,0.11942118406295776,0.09287584573030472,0.11957024876010616,-0.151543003996999,0.04307654324705841,13.934526557097245,12.388098451677457,12.319668414849332,0.8330546021461487,0.7089513540267944,-0.3055035471916199,-0.3131062984466553,0.00916967075318098,0.0770081952214241,1.3772143125534058,0.10840588063001633,0.11942118406295776,0.09287584573030472,0.9825267791748047,0.11957024782896042,-0.1515430063009262,0.043076545000076294,0.7089513540267944,-0.3055035471916199,-0.3131062984466553,0.7106711268424988,-0.28990623354911804,-0.3131062984466553,0.7099297046661377,-0.2742319405078888,-0.3131062984466553,0.7067455053329468,-0.2588666081428528,-0.3131062984466553,0.7011967897415161,-0.2441885620355606,-0.3131062984466553,0.6934201717376709,-0.23055924475193024,-0.3131062984466553,0.683607280254364,-0.2183142453432083,-0.3131062984466553,0.6719996929168701,-0.20775508880615234,-0.3131062984466553,0.6588830947875977,-0.1991417557001114,-0.3131062984466553,0.644580602645874,-0.19268634915351868,-0.3131062984466553,0.3737372159957886,1.5707963705062866,-0.022852540016174316,0.021362630650401115,14.99999367720521,14.999999999995737,2.6682957217802077,29452.0
11.8997,0.011,1,1,-0.9797008037567139,0.44559988379478455,1.1401182413101196,-0.27090707421302795,0.1420736163854599,0.7995012998580933,0.06058773025870323,0.03861171007156372,1.3720208406448364,0.982492983341217,0.1099453717470169,0.11841083317995071,0.09271732717752457,0.18536225365331985,-0.04193072651043023,-0.010793334167278795,14.096147711876673,12.2564653689486,12.303054127142143,0.8429334163665771,0.7087937593460083,-0.30352628231048584,-0.34061694145202637,0.06058773025870323,0.03861171007156372,1.3720208406448364,0.1099453717470169,0.11841083317995071,0.09271732717752457,0.982492983341217,0.18536224961280823,-0.041930727660655975,-0.010793333873152733,0.7087937593460083,-0.30352628231048584,-0.34061694145202637,0.7100170850753784,-0.2878822088241577,-0.34061694145202637,0.7087781429290771,-0.2722393870353699,-0.34061694145202637,0.7051073312759399,-0.2569829523563385,-0.34061694145202637,0.6990951299667358,-0.24248859286308289,-0.34061694145202637,0.6908895373344421,-0.22911320626735687,-0.34061694145202637,0.6806925535202026,-0.21718613803386688,-0.34061694145202637,0.668755292892456,-0.20700106024742126,-0.34061694145202637,0.6553717851638794,-0.19880877435207367,-0.34061694145202637,0.6408714056015015,-0.19281098246574402,-0.34061694145202637,0.11854398250579834,1.5707963705062866,-0.07035171985626221,0.021362630650401115,10.896031780730059,14.999999999997868,2.635067146365818,29452.0
11.9198,0.0105,1,1,-0.9683574438095093,0.3611885905265808,1.098507046699524,-0.27046504616737366,0.14519144594669342,0.7995012998580933,0.22421914339065552,-0.5873950123786926,0.8091009259223938,0.9731179475784302,0.1703149825334549,0.12807829678058624,0.08733979612588882,0.1748175838304488,0.0749206469973544,-0.03002804842988972,21.265654208551197,12.68084343717963,12.647477463950088,0.7893750667572021,0.697892427444458,-0.2159971445798874,-0.29900574684143066,0.22421914339065552,-0.5873950123786926,0.8091009259223938,0.1703149825334549,0.12807829678058624,0.08733979612588882,0.9731179475784302,0.17481757700443268,0.0749206468462944,-0.030028048902750015,0.697892427444458,-0.2159971445798874,-0.29900574684143066,0.6986225843429565,-0.20032231509685516,-0.29900574684143066,0.696891725063324,-0.18472625315189362,-0.29900574684143066,0.6927423477172852,-0.1695929765701294,-0.29900574684143066,0.6862767934799194,-0.15529510378837585,-0.29900574684143066,0.6776540875434875,-0.14218470454216003,-0.29900574684143066,0.6670866012573242,-0.13058461248874664,-0.29900574684143066,0.6548346281051636,-0.12078043818473816,-0.29900574684143066,0.6411997675895691,-0.1130136102437973,-0.29900574684143066,0.6265177726745605,-0.10747537016868591,-0.29900574684143066,-1.5707963705062866,1.5707963705062866,-0.10180020332336426,0.021362630650401115,-2.0519841096349705,14.999999999998934,3.3239138199816765,29452.0
11.9401,0.0113,1,1,-0.9508667588233948,0.30503934621810913,1.1579023599624634,-0.27012017369270325,0.14833466708660126,0.7995012998580933,0.3544245958328247,-0.9367203712463379,1.0020701885223389,0.9729773998260498,0.17096731066703796,0.1286989450454712,0.0867168977856636,-0.17682395946144405,0.12466902879225258,-0.10247095692806164,21.345963101257002,12.755485905045383,12.599643915089585,0.7851264476776123,0.6807465553283691,-0.15670467913150787,-0.3584010601043701,0.3544245958328247,-0.9367203712463379,1.0020701885223389,0.17096731066703796,0.1286989450454712,0.0867168977856636,0.9729773998260498,-0.1768239587545395,0.12466903030872345,-0.10247095674276352,0.6807465553283691,-0.15670467913150787,-0.3584010601043701,0.6809808015823364,-0.14101462066173553,-0.3584010601043701,0.6787576675415039,-0.12548106908798218,-0.3584010601043701,0.6741319894790649,-0.11048653721809387,-0.3584010601043701,0.6672175526618958,-0.09640024602413177,-0.3584010601043701,0.6581846475601196,-0.08356902003288269,-0.3584010601043701,0.6472557783126831,-0.07230883836746216,-0.3584010601043701,0.6346999406814575,-0.06289693713188171,-0.3584010601043701,0.620826244354248,-0.055565088987350464,-0.3584010601043701,0.6059765219688416,-0.05049380660057068,-0.3584010601043701,-1.5707963705062866,1.5707963705062866,-0.3672516345977783,0.021362630650401115,-8.525992054817486,14.999999999999467,3.228246722260701,29452.0
11.9603,0.0115,1,1,-0.9432975053787231,0.28577086329460144,1.177544116973877,-0.26987558603286743,0.15147548913955688,0.7995012998580933,0.4023190438747406,-0.9899671077728271,0.9615266919136047,0.9738898873329163,0.1652473509311676,0.12917503714561462,0.08685464411973953,-1.2992339235975712,0.19172707550055473,-0.10113439127835654,20.68256500102695,12.879393356237625,12.552447041397862,0.7838677763938904,0.6734219193458557,-0.13429537415504456,-0.3780428171157837,0.4023190438747406,-0.9899671077728271,0.9615266919136047,0.1652473509311676,0.12917503714561462,0.08685464411973953,0.9738898873329163,-1.2992339134216309,0.19172707200050354,-0.10113438963890076,0.6734219193458557,-0.13429537415504456,-0.3780428171157837,0.6731618046760559,-0.11860571801662445,-0.3780428171157837,0.6704505085945129,-0.1031499058008194,-0.3780428171157837,0.6653547286987305,-0.08830852806568146,-0.3780428171157837,0.6580000519752502,-0.07444702088832855,-0.3780428171157837,0.6485674381256104,-0.06190669536590576,-0.3780428171157837,0.63728928565979,-0.05099634826183319,-0.3780428171157837,0.6244431734085083,-0.041984617710113525,-0.3780428171157837,0.6103454828262329,-0.03509342670440674,-0.3780428171157837,0.5953433513641357,-0.030492424964904785,-0.3780428171157837,-1.5707963705062866,1.5707963705062866,-0.4067840576171875,0.021362630650401115,-11.762996027408743,14.999999999999734,3.1338529748772337,29452.0
11.9796,0.01,1,1,-0.9287920594215393,0.24346774816513062,1.2193602323532104,-0.2697324752807617,0.1545441448688507,0.7995012998580933,0.4817681908607483,-1.166077971458435,1.0411772727966309,0.9763085842132568,0.151016503572464,0.12760694324970245,0.0879208967089653,-2.741997582564418,-0.11627299733685746,-0.02627250027255201,18.99486755884185,12.862523910530713,12.452381302676365,0.7864785194396973,0.6590595841407776,-0.08892360329627991,-0.4198589324951172,0.4817681908607483,-1.166077971458435,1.0411772727966309,0.151016503572464,0.12760694324970245,0.0879208967089653,0.9763085842132568,-2.741997480392456,-0.11627300083637238,-0.026272499933838844,0.6590595841407776,-0.08892360329627991,-0.4198589324951172,0.6583176851272583,-0.07324932515621185,-0.4198589324951172,0.6551328897476196,-0.0578840970993042,-0.4198589324951172,0.6495836973190308,-0.043206244707107544,-0.4198589324951172,0.6418066620826721,-0.029577180743217468,-0.4198589324951172,0.6319933533668518,-0.01733250916004181,-0.4198589324951172,0.6203853487968445,-0.00677374005317688,-0.4198589324951172,0.6072685122489929,0.0018391460180282593,-0.4198589324951172,0.592965841293335,0.008294075727462769,-0.4198589324951172,0.5778294801712036,0.012432098388671875,-0.4198589324951172,-1.5707963705062866,1.5707963705062866,-0.5295020341873169,0.021362630650401115,-13.381498013704372,14.999999999999867,2.933721497434276,29452.0
11.9998,0.0109,1,1,-0.9186960458755493,0.2196648120880127,1.2397390604019165,-0.26968368887901306,0.15771642327308655,0.7995012998580933,0.5282087326049805,-1.2143197059631348,0.9981711506843567,0.9808517098426819,0.11909608542919159,0.12407807260751724,0.09137090295553207,-3.797344673012767,-0.020700387049130634,-0.06167606030017181,15.238810502102032,12.805408420904412,12.364058673563433,0.7866790294647217,0.6490123271942139,-0.06194838881492615,-0.44023776054382324,0.5282087326049805,-1.2143197059631348,0.9981711506843567,0.11909608542919159,0.12407807260751724,0.09137090295553207,0.9808517098426819,-3.79734468460083,-0.02070038765668869,-0.061676058918237686,0.6490123271942139,-0.06194838881492615,-0.44023776054382324,0.6477736234664917,-0.04630553722381592,-0.44023776054382324,0.6441029906272888,-0.031049057841300964,-0.44023776054382324,0.638090968132019,-0.016554638743400574,-0.44023776054382324,0.6298854947090149,-0.0031791329383850098,-0.44023776054382324,0.6196886897087097,0.008748054504394531,-0.44023776054382324,0.6077516078948975,0.018933281302452087,-0.44023776054382324,0.5943681001663208,0.02712574601173401,-0.44023776054382324,0.5798678398132324,0.03312370181083679,-0.44023776054382324,0.5646078586578369,0.03677946329116821,-0.44023776054382324,-1.5707963705062866,1.5707963705062866,-0.5404900312423706,0.021362630650401115,-14.190749006852187,14.999999999999932,2.757076239208369,29452.0
12.0199,0.0102,1,1,-0.9586148262023926,0.18087883293628693,1.2760194540023804,-0.26973435282707214,0.16085109114646912,0.7995012998580933,0.308154821395874,-1.2966705560684204,1.0761133432388306,0.9885749220848083,0.07692576199769974,0.11033956706523895,0.06800960004329681,-3.9426584599962866,-0.0742813801448161,0.07996121199254737,9.835915990989513,11.987276839375147,8.906187148381013,0.8378704786300659,0.688880443572998,-0.02002774178981781,-0.4765181541442871,0.308154821395874,-1.2966705560684204,1.0761133432388306,0.07692576199769974,0.11033956706523895,0.06800960004329681,0.9885749220848083,-3.9426584243774414,-0.07428137958049774,0.07996121048927307,0.688880443572998,-0.02002774178981781,-0.4765181541442871,0.6871519088745117,-0.004431411623954773,-0.4765181541442871,0.6830049157142639,0.010702505707740784,-0.4765181541442871,0.6765414476394653,0.025001347064971924,-0.4765181541442871,0.6679207682609558,0.0381130576133728,-0.4765181541442871,0.6573550701141357,0.04971475899219513,-0.4765181541442871,0.6451045870780945,0.05952078104019165,-0.4765181541442871,0.6314709186553955,0.06728968024253845,-0.4765181541442871,0.6167897582054138,0.07283015549182892,-0.4765181541442871,0.6014226078987122,0.07600577175617218,-0.4765181541442871,-1.5707963705062866,1.5707963705062866,-0.5146760940551758,0.021362630650401115,-14.595374503426093,14.999999999999966,-4.158666811156466,29452.0
12.0401,0.0097,1,1,-1.3209466934204102,0.28698626160621643,0.9583439230918884,-0.2698855996131897,0.1640191376209259,0.7995012998580933,-0.9096435308456421,-0.5558189749717712,-0.8344734907150269,0.9960921406745911,0.04861379414796829,0.0599735789000988,0.042875975370407104,-3.588696654249419,-0.08887459577920401,0.21920758564356668,5.893251544138111,6.621488011709845,5.270659766421701,1.070084810256958,1.0510611534118652,-0.12296712398529053,-0.15884262323379517,-0.9096435308456421,-0.5558189749717712,-0.8344734907150269,0.04861379414796829,0.0599735789000988,0.042875975370407104,0.9960921406745911,-3.5886967182159424,-0.08887459337711334,0.21920758485794067,1.0510611534118652,-0.12296712398529053,-0.15884262323379517,1.0488388538360596,-0.10743345320224762,-0.15884262323379517,1.0442140102386475,-0.09243866801261902,-0.15884262323379517,1.0373003482818604,-0.07835198938846588,-0.15884262323379517,1.0282682180404663,-0.0655202567577362,-0.15884262323379517,1.0173399448394775,-0.054259464144706726,-0.15884262323379517,1.0047845840454102,-0.04484684765338898,-0.15884262323379517,0.9909113645553589,-0.03751422464847565,-0.15884262323379517,0.9760618805885315,-0.0324421226978302,-0.15884262323379517,0.960601806640625,-0.02975541353225708,-0.15884262323379517,-1.5707963705062866,1.5707963705062866,0.9796582460403442,0.1775934100151062,-14.797687251713047,14.999999999999982,-11.429721575075067,33452.0
12.0595,0.0111,1,1,-1.344772219657898,0.2959946393966675,0.9759629964828491,-0.2701285779476166,0.1670900136232376,0.7995012998580933,-0.9186856746673584,-0.44672802090644836,-0.8427459001541138,0.9977642893791199,0.012116038240492344,0.06280504912137985,0.01931733265519142,-2.9919443056160606,0.13472021486513194,0.47451881394749695,1.5365243683426577,7.172738674420169,2.314590627242632,1.0966376066207886,1.074643611907959,-0.12890462577342987,-0.17646169662475586,-0.9186856746673584,-0.44672802090644836,-0.8427459001541138,0.012116038240492344,0.06280504912137985,0.01931733265519142,0.9977642893791199,-2.9919443130493164,0.13472022116184235,0.4745188057422638,1.074643611907959,-0.12890462577342987,-0.17646169662475586,1.071943998336792,-0.11344677209854126,-0.17646169662475586,1.066859483718872,-0.09860154986381531,-0.17646169662475586,1.0595152378082275,-0.08473449945449829,-0.17646169662475586,1.050092101097107,-0.07218706607818604,-0.17646169662475586,1.0388221740722656,-0.06126821041107178,-0.17646169662475586,1.0259828567504883,-0.05224679410457611,-0.17646169662475586,1.0118904113769531,-0.04534494876861572,-0.17646169662475586,0.9968917369842529,-0.040732622146606445,-0.17646169662475586,0.9813562631607056,-0.03852340579032898,-0.17646169662475586,-1.5707963705062866,1.5707963705062866,0.9332529306411743,0.1470634788274765,-14.898843625856523,14.999999999999991,-17.34185985343319,37452.0
12.0795,0.0096,1,1,-1.3633947372436523,0.3082146644592285,0.9257015585899353,-0.2704753279685974,0.17022570967674255,0.7995012998580933,-0.9550801515579224,-0.3146734833717346,-0.9707382917404175,0.9976270198822021,-0.017716484144330025,0.06607034802436829,0.007690028287470341,-2.369369148104967,0.7099231128401666,0.6164801804613111,-1.9849084222149402,7.590937601195367,0.7515959146487742,1.108801245689392,1.0929193496704102,-0.13798895478248596,-0.12620025873184204,-0.9550801515579224,-0.3146734833717346,-0.9707382917404175,-0.017716484144330025,0.06607034802436829,0.007690028287470341,0.9976270198822021,-2.3693690299987793,0.7099230885505676,0.6164801716804504,1.0929193496704102,-0.13798895478248596,-0.12620025873184204,1.0897334814071655,-0.12262395024299622,-0.12620025873184204,1.0841832160949707,-0.1079465001821518,-0.12620025873184204,1.0764051675796509,-0.09431801736354828,-0.12620025873184204,1.0665910243988037,-0.08207407593727112,-0.12620025873184204,1.0549821853637695,-0.07151615619659424,-0.12620025873184204,1.0418647527694702,-0.0629042237997055,-0.12620025873184204,1.0275615453720093,-0.05645036697387695,-0.12620025873184204,1.0124249458312988,-0.05231344699859619,-0.12620025873184204,0.9968274235725403,-0.050595372915267944,-0.12620025873184204,-1.4226797819137573,1.5707963705062866,1.10918390750885,0.20000000298023224,-14.94942181292826,14.999999999999996,-20.467849278620932,41452.0
12.1,0.0108,1,1,-1.3882615566253662,0.3135159909725189,0.9819715619087219,-0.27092668414115906,0.17338572442531586,0.7995012998580933,-1.0365736484527588,-0.2178874909877777,-0.8929604291915894,0.9963076114654541,-0.03653508052229881,0.07752133160829544,0.004983637947589159,-1.8281671440173533,0.8110952710717318,0.7620181390295881,-4.180967646867169,8.907188686076681,0.2474068391309822,1.1407756805419922,1.1173348426818848,-0.14013026654720306,-0.18247026205062866,-1.0365736484527588,-0.2178874909877777,-0.8929604291915894,-0.03653508052229881,0.07752133160829544,0.004983637947589159,0.9963076114654541,-1.828167200088501,0.8110952973365784,0.7620181441307068,1.1173348426818848,-0.14013026654720306,-0.18247026205062866,1.113660216331482,-0.1248747706413269,-0.18247026205062866,1.1076443195343018,-0.11038196086883545,-0.18247026205062866,1.0994352102279663,-0.09700866043567657,-0.18247026205062866,1.0892353057861328,-0.08508418500423431,-0.18247026205062866,1.0772954225540161,-0.07490216195583344,-0.18247026205062866,1.0639097690582275,-0.06671328842639923,-0.18247026205062866,1.049407958984375,-0.06071922183036804,-0.18247026205062866,1.0341469049453735,-0.057067543268203735,-0.18247026205062866,1.0185024738311768,-0.055848151445388794,-0.18247026205062866,-1.3086453676223755,1.5707963705062866,0.9334651231765747,0.1372680515050888,-14.97471090646413,14.999999999999998,-21.476227429656504,44230.0
12.1199,0.0098,1,1,-1.4087308645248413,0.30926212668418884,0.9639145731925964,-0.2714593708515167,0.17642904818058014,0.7995012998580933,-1.0100802183151245,-0.20658066868782043,-0.9119142293930054,0.9949350953102112,-0.05174889788031578,0.08508177101612091,0.013612042181193829,-1.3840813038211142,0.6708159903919253,0.6937774989944795,-5.863385484033416,9.829131369369799,1.0630554572152962,1.1567466259002686,1.137271523475647,-0.1328330785036087,-0.16441327333450317,-1.0100802183151245,-0.20658066868782043,-0.9119142293930054,-0.05174889788031578,0.08508177101612091,0.013612042181193829,0.9949350953102112,-1.384081244468689,0.6708160042762756,0.6937775015830994,1.137271523475647,-0.1328330785036087,-0.16441327333450317,1.1331273317337036,-0.11769840121269226,-0.16441327333450317,1.12666654586792,-0.10339833796024323,-0.16441327333450317,1.1180483102798462,-0.09028501808643341,-0.16441327333450317,1.1074848175048828,-0.0786813348531723,-0.16441327333450317,1.09523606300354,-0.06887301802635193,-0.16441327333450317,1.0816038846969604,-0.06110157072544098,-0.16441327333450317,1.06692373752594,-0.055558353662490845,-0.16441327333450317,1.051557183265686,-0.05237984657287598,-0.16441327333450317,1.0358827114105225,-0.051644355058670044,-0.16441327333450317,-1.1831413507461548,1.5707963705062866,0.9737530946731567,0.16692878305912018,-14.987355453232066,15.0,-19.84493019348789,44230.0
12.1399,0.0092,1,1,-1.4322664737701416,0.3431414067745209,0.9271459579467773,-0.27210184931755066,0.17952609062194824,0.7995012998580933,-1.1543864011764526,0.03368860110640526,-1.0699009895324707,0.9937101006507874,-0.0604010708630085,0.09291495382785797,0.01602366380393505,-1.2472374343684827,0.4596841411484013,0.7478394693860063,-6.843479106542804,10.754240606123414,1.202731666017483,1.1785775423049927,1.1601645946502686,-0.16361531615257263,-0.12764465808868408,-1.1543864011764526,0.03368860110640526,-1.0699009895324707,-0.0604010708630085,0.09291495382785797,0.01602366380393505,0.9937101006507874,-1.2472374439239502,0.4596841335296631,0.7478394508361816,1.1601645946502686,-0.16361531615257263,-0.12764465808868408,1.1555438041687012,-0.14861926436424255,-0.12764465808868408,1.1486340761184692,-0.1345306932926178,-0.12764465808868408,1.1396054029464722,-0.12169648706912994,-0.12764465808868408,1.1286802291870117,-0.1104326993227005,-0.12764465808868408,1.1161274909973145,-0.10101665556430817,-0.12764465808868408,1.1022562980651855,-0.0936802327632904,-0.12764465808868408,1.087408185005188,-0.08860406279563904,-0.12764465808868408,1.071948766708374,-0.08591312170028687,-0.12764465808868408,1.0562587976455688,-0.08567371964454651,-0.12764465808868408,0.07254207134246826,1.5707963705062866,1.2608460187911987,0.20000000298023224,-5.415500464085859,15.0,-19.565577775883487,44230.0
12.1598,0.0099,1,1,-1.4729080200195312,0.3368355929851532,0.9345192909240723,-0.27283716201782227,0.18258273601531982,0.7995012998580933,-1.2590376138687134,0.08793321996927261,-0.9216306209564209,0.9927130341529846,-0.073929063975811,0.09236548840999603,0.022847039625048637,-1.0667050730233736,0.14754453393635403,0.7957700439998436,-8.343846724130664,10.76393471746474,1.8493673953931058,1.2174538373947144,1.200070858001709,-0.15425285696983337,-0.135017991065979,-1.2590376138687134,0.08793321996927261,-0.9216306209564209,-0.073929063975811,0.09236548840999603,0.022847039625048637,0.9927130341529846,-1.0667051076889038,0.14754453301429749,0.7957700490951538,1.200070858001709,-0.15425285696983337,-0.135017991065979,1.1949809789657593,-0.13940946757793427,-0.135017991065979,1.1876317262649536,-0.12554505467414856,-0.135017991065979,1.17820405960083,-0.1130010187625885,-0.135017991065979,1.1669301986694336,-0.10208621621131897,-0.135017991065979,1.1540876626968384,-0.0930694192647934,-0.135017991065979,1.1399927139282227,-0.08617264032363892,-0.135017991065979,1.1249923706054688,-0.0815657377243042,-0.135017991065979,1.1094560623168945,-0.07936209440231323,-0.135017991065979,1.0937663316726685,-0.0796160101890564,-0.135017991065979,-0.08456885814666748,1.5707963705062866,1.1696981191635132,0.19298070669174194,-5.1304695570652274,15.0,-18.272306317132283,44230.0
12.1799,0.0111,1,1,-1.494835376739502,0.36394786834716797,0.9256590008735657,-0.27366870641708374,0.1856164038181305,0.7995012998580933,-1.2821699380874634,0.25177550315856934,-0.9266328811645508,0.9914360642433167,-0.08728087693452835,0.09213601797819138,0.030749956145882607,-0.4992186010830595,0.06158748522679146,0.8027762881956241,-9.813497087097781,10.839689276550777,2.6196344233737863,1.2405506372451782,1.2211666107177734,-0.17833146452903748,-0.1261577010154724,-1.2821699380874634,0.25177550315856934,-0.9266328811645508,-0.08728087693452835,0.09213601797819138,0.030749956145882607,0.9914360642433167,-0.499218612909317,0.061587486416101456,0.8027762770652771,1.2211666107177734,-0.17833146452903748,-0.1261577010154724,1.2156124114990234,-0.16365550458431244,-0.1261577010154724,1.207830786705017,-0.15002910792827606,-0.1261577010154724,1.1980133056640625,-0.13778778910636902,-0.1261577010154724,1.1864017248153687,-0.12723296880722046,-0.1261577010154724,1.1732819080352783,-0.11862455308437347,-0.1261577010154724,1.1589770317077637,-0.11217451095581055,-0.1261577010154724,1.1438392400741577,-0.10804164409637451,-0.1261577010154724,1.1282413005828857,-0.10632774233818054,-0.1261577010154724,1.1125673055648804,-0.10707500576972961,-0.1261577010154724,0.7263597249984741,1.5707963705062866,1.2719825506210327,0.19619220495224,4.934765221467385,15.0,-16.731772261170878,44230.0
12.1998,0.0108,1,1,-1.5273327827453613,0.37704548239707947,0.9915382862091064,-0.27459555864334106,0.18862347304821014,0.7995012998580933,-1.3358269929885864,0.36632952094078064,-0.8540675640106201,0.9908759593963623,-0.09109877794981003,0.09070582687854767,0.04045172780752182,0.2432735903739608,0.22478521036208776,0.7282652353739238,-10.154969203510776,10.78514619041328,3.7144084220274345,1.2813007831573486,1.252737283706665,-0.18842200934886932,-0.19203698635101318,-1.3358269929885864,0.36632952094078064,-0.8540675640106201,-0.09109877794981003,0.09070582687854767,0.04045172780752182,0.9908759593963623,0.24327358603477478,0.2247852087020874,0.7282652258872986,1.252737283706665,-0.18842200934886932,-0.19203698635101318,1.246724009513855,-0.17392806708812714,-0.19203698635101318,1.2385175228118896,-0.1605532467365265,-0.19203698635101318,1.2283196449279785,-0.14862686395645142,-0.19203698635101318,1.2163817882537842,-0.13844262063503265,-0.19203698635101318,1.2029976844787598,-0.13025124371051788,-0.19203698635101318,1.1884968280792236,-0.12425446510314941,-0.19203698635101318,1.173236608505249,-0.12059992551803589,-0.19203698635101318,1.1575924158096313,-0.11937764286994934,-0.19203698635101318,1.1419496536254883,-0.12061765789985657,-0.19203698635101318,0.5979012250900269,1.5707963705062866,1.0913468599319458,0.10680264234542847,9.967382610733694,15.0,-14.542224263863602,40230.0
12.2199,0.0096,1,1,-1.5536601543426514,0.38479992747306824,0.9746999740600586,-0.2756010890007019,0.1915568858385086,0.7995012998580933,-1.2968645095825195,0.409361869096756,-0.8293614387512207,0.9908262491226196,-0.08537577837705612,0.09363885968923569,0.04694746062159538,0.9746491149402314,0.19276793872309858,0.729471181294539,-9.409247913354166,11.16155135431083,4.504072063241805,1.304404854774475,1.2780590057373047,-0.19324304163455963,-0.17519867420196533,-1.2968645095825195,0.409361869096756,-0.8293614387512207,-0.08537577837705612,0.09363885968923569,0.04694746062159538,0.9908262491226196,0.9746491312980652,0.192767933011055,0.7294712066650391,1.2780590057373047,-0.19324304163455963,-0.17519867420196533,1.271599292755127,-0.1789425015449524,-0.17519867420196533,1.2629820108413696,-0.16582857072353363,-0.17519867420196533,1.252419352531433,-0.15422411262989044,-0.17519867420196533,1.2401714324951172,-0.14441490173339844,-0.17519867420196533,1.2265397310256958,-0.1366424709558487,-0.17519867420196533,1.2118600606918335,-0.1310981810092926,-0.17519867420196533,1.1964937448501587,-0.1279185712337494,-0.17519867420196533,1.1808192729949951,-0.12718191742897034,-0.17519867420196533,1.165222406387329,-0.12890636920928955,-0.17519867420196533,0.6722418069839478,1.5707963705062866,1.0821408033370972,0.11974439769983292,12.483691305366847,15.0,-12.962896981434861,41765.0
12.2399,0.0093,1,1,-1.5906124114990234,0.3738354444503784,1.0509083271026611,-0.27671951055526733,0.19451434910297394,0.7995012998580933,-1.2412999868392944,0.3900800049304962,-0.1698838323354721,0.9911324977874756,-0.06048706918954849,0.10595923662185669,0.05261525511741638,1.7295506883258827,0.19261369176171256,0.7290076581068108,-6.395495215014007,12.497931701912277,5.376465488631735,1.3496947288513184,1.3138928413391113,-0.17932109534740448,-0.25140702724456787,-1.2412999868392944,0.3900800049304962,-0.1698838323354721,-0.06048706918954849,0.10595923662185669,0.05261525511741638,0.9911324977874756,1.7295507192611694,0.19261369109153748,0.7290076613426208,1.3138928413391113,-0.17932109534740448,-0.25140702724456787,1.306984305381775,-0.16523194313049316,-0.25140702724456787,1.2979567050933838,-0.15239699184894562,-0.25140702724456787,1.2870324850082397,-0.14113228023052216,-0.25140702724456787,1.2744804620742798,-0.13171519339084625,-0.25140702724456787,1.2606098651885986,-0.12437759339809418,-0.25140702724456787,1.2457622289657593,-0.11930018663406372,-0.25140702724456787,1.2303030490875244,-0.11660796403884888,-0.25140702724456787,1.2146131992340088,-0.11636722087860107,-0.25140702724456787,1.1990786790847778,-0.11858388781547546,-0.25140702724456787,-0.2990071773529053,1.5707963705062866,0.6848284006118774,0.021362630650401115,-1.2581543473165766,15.0,-11.21811013065502,37765.0
12.2602,0.0102,1,1,-1.6149778366088867,0.3819613754749298,1.0477657318115234,-0.2779156565666199,0.19739983975887299,0.7995012998580933,-1.1952537298202515,0.4215625822544098,-0.1447056084871292,0.9915743470191956,-0.04079010710120201,0.10840735584497452,0.057985514402389526,2.1331072114727507,0.04830612610061976,0.738092233217289,-4.0158303108832785,12.692492456429392,6.246660470953189,1.372382402420044,1.337062120437622,-0.18456153571605682,-0.24826443195343018,-1.1952537298202515,0.4215625822544098,-0.1447056084871292,-0.04079010710120201,0.10840735584497452,0.057985514402389526,0.9915743470191956,2.1331071853637695,0.04830612614750862,0.7380922436714172,1.337062120437622,-0.18456153571605682,-0.24826443195343018,1.3297169208526611,-0.1706950068473816,-0.24826443195343018,1.3202928304672241,-0.15814827382564545,-0.24826443195343018,1.309022068977356,-0.14723025262355804,-0.24826443195343018,1.2961821556091309,-0.1382097750902176,-0.24826443195343018,1.2820892333984375,-0.13130897283554077,-0.24826443195343018,1.2670902013778687,-0.12669774889945984,-0.24826443195343018,1.2515544891357422,-0.1244896650314331,-0.24826443195343018,1.2358646392822266,-0.12473908066749573,-0.24826443195343018,1.2204070091247559,-0.12743985652923584,-0.24826443195343018,-0.286218523979187,1.5707963705062866,0.6707338094711304,0.021362630650401115,-8.129077173658288,15.0,-9.477720166012093,33765.0
12.28,0.0104,1,1,-1.639272928237915,0.3771909475326538,1.1565495729446411,-0.27922195196151733,0.20029029250144958,0.7995012998580933,-1.0302860736846924,0.36798447370529175,0.7952650785446167,0.9904264211654663,-0.00760222040116787,0.12290186434984207,0.062376540154218674,1.538566618124703,-0.06384697351345273,0.6956765325887878,0.016160836771553357,14.146313837144474,7.209387943776755,1.417221188545227,1.360050916671753,-0.17690065503120422,-0.35704827308654785,-1.0302860736846924,0.36798447370529175,0.7952650785446167,-0.00760222040116787,0.12290186434984207,0.062376540154218674,0.9904264211654663,1.5385665893554688,-0.06384697556495667,0.6956765055656433,1.360050916671753,-0.17690065503120422,-0.35704827308654785,1.3522696495056152,-0.16327406466007233,-0.35704827308654785,1.3424524068832397,-0.15103252232074738,-0.35704827308654785,1.330841064453125,-0.14047744870185852,-0.35704827308654785,1.3177214860916138,-0.13186873495578766,-0.35704827308654785,1.3034167289733887,-0.12541836500167847,-0.35704827308654785,1.2882790565490723,-0.12128514051437378,-0.35704827308654785,1.2726811170578003,-0.11957091093063354,-0.35704827308654785,1.257007122039795,-0.12031778693199158,-0.35704827308654785,1.241642951965332,-0.12350746989250183,-0.35704827308654785,-0.547200083732605,1.5707963705062866,0.25766611099243164,0.021362630650401115,-11.564538586829144,15.0,-7.552265220364974,29765.0
12.2999,0.0108,1,1,-1.6593544483184814,0.38464683294296265,1.1726053953170776,-0.2806073725223541,0.20311464369297028,0.7995012998580933,-0.9780886769294739,0.37661924958229065,0.8092980980873108,0.9901601076126099,0.002874016296118498,0.12221753597259521,0.06808500736951828,0.08082346032973096,-0.15719416525111987,0.6751846398440913,1.3188293839106633,13.983266288170348,8.028844728538866,1.439827799797058,1.3787471055984497,-0.18153218924999237,-0.3731040954589844,-0.9780886769294739,0.37661924958229065,0.8092980980873108,0.002874016296118498,0.12221753597259521,0.06808500736951828,0.9901601076126099,0.08082345873117447,-0.15719416737556458,0.6751846671104431,1.3787471055984497,-0.18153218924999237,-0.3731040954589844,1.370540976524353,-0.16815711557865143,-0.3731040954589844,1.3603435754776,-0.15623041987419128,-0.3731040954589844,1.3484059572219849,-0.14604578912258148,-0.3731040954589844,1.3350220918655396,-0.13785400986671448,-0.3731040954589844,1.3205214738845825,-0.131856769323349,-0.3731040954589844,1.305261254310608,-0.12820178270339966,-0.3731040954589844,1.2896171808242798,-0.12697899341583252,-0.3731040954589844,1.2739744186401367,-0.12821853160858154,-0.3731040954589844,1.2587181329727173,-0.13188987970352173,-0.3731040954589844,-0.4629058837890625,1.5707963705062866,0.2801973819732666,0.021362630650401115,-13.282269293414572,15.0,-5.913351650840754,29452.0
12.3199,0.0101,1,1,-1.6739553213119507,0.3858564496040344,1.2643215656280518,-0.2820766866207123,0.20588625967502594,0.7995012998580933,-0.8322640061378479,0.3269878625869751,1.3578578233718872,0.9891844987869263,0.005030350759625435,0.12591049075126648,0.07505558431148529,-1.2688705582193052,-0.1889380301146988,0.6387745672108005,1.7068401894499754,14.37943967260789,8.893458123237842,1.47843599319458,1.391878604888916,-0.17997018992900848,-0.4648202657699585,-0.8322640061378479,0.3269878625869751,1.3578578233718872,0.005030350759625435,0.12591049075126648,0.07505558431148529,0.9891844987869263,-1.2688705921173096,-0.18893803656101227,0.638774573802948,1.391878604888916,-0.17997018992900848,-0.4648202657699585,1.3832570314407349,-0.16685907542705536,-0.4648202657699585,1.3726905584335327,-0.15525810420513153,-0.4648202657699585,1.3604393005371094,-0.14545293152332306,-0.4648202657699585,1.3468050956726074,-0.13768498599529266,-0.4648202657699585,1.3321235179901123,-0.13214552402496338,-0.4648202657699585,1.316756248474121,-0.12897098064422607,-0.4648202657699585,1.3010814189910889,-0.1282394826412201,-0.4648202657699585,1.2854852676391602,-0.12996909022331238,-0.4648202657699585,1.2703516483306885,-0.13411715626716614,-0.4648202657699585,-0.403775691986084,1.5707963705062866,-0.0007942914962768555,0.021362630650401115,-14.141134646707286,15.0,-4.184124861442768,29452.0
