controller,trajectory,rmse_3d,rmse_xy,max_err,warmup_excluded_s,wall_time_s
pid,normal,0.04315875572826324,0.04233501003940656,0.07792609772660264,1.0,2.6
pid,fast,0.14609311916278525,0.14356439783026892,0.25318314959323995,1.0,0.9
adrc,normal,0.0556457008441361,0.05443660282151979,0.1253931838913135,1.0,1.4
adrc,fast,0.18121145493692983,0.173435619078368,0.42247694609354436,1.0,1.0
